
================================================================================
TRAINING ATTEMPT 1/999999
================================================================================
Loading project configuration... 
Success
[92mINFO [0m:      Starting Flower ServerApp, config: num_rounds=5, no round_timeout
[92mINFO [0m:      
[92mINFO [0m:      [INIT]
[92mINFO [0m:      Requesting initial parameters from one random client
[92mINFO [0m:      Received initial parameters from one random client
[92mINFO [0m:      Starting evaluation of initial global parameters
[92mINFO [0m:      Evaluation returned no results (`None`)
[92mINFO [0m:      
[92mINFO [0m:      [ROUND 1]
[92mINFO [0m:      configure_fit: strategy sampled 5 clients (out of 5)
[36m(ClientAppActor pid=31292)[0m 
Epoch 1/1:   0%|          | 0/4 [00:00<?, ?it/s]
[36m(ClientAppActor pid=31292)[0m 
Epoch 1/1:   0%|          | 0/4 [00:01<?, ?it/s, loss=0.7464, acc=46.88%, img/s=24.5, eta=0.1m]
Epoch 1/1:  25%|██▌       | 1/4 [00:01<00:03,  1.30s/it, loss=0.7464, acc=46.88%, img/s=24.5, eta=0.1m]
[36m(ClientAppActor pid=31292)[0m 
Epoch 1/1:  25%|██▌       | 1/4 [00:01<00:03,  1.30s/it, loss=1.2535, acc=42.19%, img/s=42.3, eta=0.0m]
Epoch 1/1:  50%|█████     | 2/4 [00:01<00:01,  1.51it/s, loss=1.2535, acc=42.19%, img/s=42.3, eta=0.0m]
[36m(ClientAppActor pid=31292)[0m 
Epoch 1/1:  50%|█████     | 2/4 [00:01<00:01,  1.51it/s, loss=1.0693, acc=43.75%, img/s=54.9, eta=0.0m]
Epoch 1/1:  75%|███████▌  | 3/4 [00:01<00:00,  2.15it/s, loss=1.0693, acc=43.75%, img/s=54.9, eta=0.0m]
[36m(ClientAppActor pid=31292)[0m 
Epoch 1/1:  75%|███████▌  | 3/4 [00:02<00:00,  2.15it/s, loss=0.6976, acc=44.00%, img/s=7.5, eta=0.0m] 
Epoch 1/1: 100%|██████████| 4/4 [00:02<00:00,  2.30it/s, loss=0.6976, acc=44.00%, img/s=7.5, eta=0.0m]
Epoch 1/1: 100%|██████████| 4/4 [00:02<00:00,  1.87it/s, loss=0.6976, acc=44.00%, img/s=7.5, eta=0.0m]
[36m(ClientAppActor pid=31292)[0m 
Epoch 1/1:   0%|          | 0/4 [00:00<?, ?it/s]
[36m(ClientAppActor pid=31292)[0m 
Epoch 1/1:   0%|          | 0/4 [00:00<?, ?it/s, loss=0.7464, acc=43.75%, img/s=132.8, eta=0.0m]
Epoch 1/1:  25%|██▌       | 1/4 [00:00<00:00,  4.15it/s, loss=0.7464, acc=43.75%, img/s=132.8, eta=0.0m]
[36m(ClientAppActor pid=31292)[0m 
Epoch 1/1:  25%|██▌       | 1/4 [00:00<00:00,  4.15it/s, loss=0.8787, acc=51.56%, img/s=135.9, eta=0.0m]
Epoch 1/1:  50%|█████     | 2/4 [00:00<00:00,  4.26it/s, loss=0.8787, acc=51.56%, img/s=135.9, eta=0.0m]
[36m(ClientAppActor pid=31292)[0m 
Epoch 1/1:  50%|█████     | 2/4 [00:00<00:00,  4.26it/s, loss=0.5853, acc=58.33%, img/s=136.0, eta=0.0m]
Epoch 1/1:  75%|███████▌  | 3/4 [00:00<00:00,  4.26it/s, loss=0.5853, acc=58.33%, img/s=136.0, eta=0.0m]
[36m(ClientAppActor pid=31292)[0m 
Epoch 1/1:  75%|███████▌  | 3/4 [00:00<00:00,  4.26it/s, loss=0.5828, acc=59.00%, img/s=20.5, eta=0.0m] 
Epoch 1/1: 100%|██████████| 4/4 [00:00<00:00,  5.13it/s, loss=0.5828, acc=59.00%, img/s=20.5, eta=0.0m]
[36m(ClientAppActor pid=31292)[0m 
Epoch 1/1:   0%|          | 0/4 [00:00<?, ?it/s]
[36m(ClientAppActor pid=31292)[0m 
Epoch 1/1:   0%|          | 0/4 [00:00<?, ?it/s, loss=0.6562, acc=68.75%, img/s=133.4, eta=0.0m]
Epoch 1/1:  25%|██▌       | 1/4 [00:00<00:00,  4.17it/s, loss=0.6562, acc=68.75%, img/s=133.4, eta=0.0m]
[36m(ClientAppActor pid=31292)[0m 
Epoch 1/1:  25%|██▌       | 1/4 [00:00<00:00,  4.17it/s, loss=1.1233, acc=59.38%, img/s=135.7, eta=0.0m]
Epoch 1/1:  50%|█████     | 2/4 [00:00<00:00,  4.25it/s, loss=1.1233, acc=59.38%, img/s=135.7, eta=0.0m]
[36m(ClientAppActor pid=31292)[0m 
Epoch 1/1:  50%|█████     | 2/4 [00:00<00:00,  4.25it/s, loss=0.7246, acc=54.17%, img/s=136.7, eta=0.0m]
Epoch 1/1:  75%|███████▌  | 3/4 [00:00<00:00,  4.29it/s, loss=0.7246, acc=54.17%, img/s=136.7, eta=0.0m]
[36m(ClientAppActor pid=31292)[0m 
Epoch 1/1:  75%|███████▌  | 3/4 [00:00<00:00,  4.29it/s, loss=0.5569, acc=55.00%, img/s=20.6, eta=0.0m] 
Epoch 1/1: 100%|██████████| 4/4 [00:00<00:00,  5.15it/s, loss=0.5569, acc=55.00%, img/s=20.6, eta=0.0m]
Using device: cuda
GPU Enabled
GPU Count: 1
NVIDIA GeForce RTX 3060

===== RUN CONFIG =====
{'num-server-rounds': 5, 'local-epochs': 1, 'model-name': 'faft', 'dataset-name': '140k'}
======================

[36m(ClientAppActor pid=31292)[0m Using device: cuda
[36m(ClientAppActor pid=31292)[0m GPU Enabled
[36m(ClientAppActor pid=31292)[0m GPU Count: 1
[36m(ClientAppActor pid=31292)[0m NVIDIA GeForce RTX 3060
[36m(ClientAppActor pid=31292)[0m Client 3 using cuda
[36m(ClientAppActor pid=31292)[0m {'fake': 0, 'real': 1}
[36m(ClientAppActor pid=31292)[0m [DEBUG MODE] Train=100, Val=10, Test=10
[36m(ClientAppActor pid=31292)[0m 
[36m(ClientAppActor pid=31292)[0m Client 3 Class Distribution
[36m(ClientAppActor pid=31292)[0m Train: Counter({1: 55, 0: 45})
[36m(ClientAppActor pid=31292)[0m Val  : Counter({0: 6, 1: 4})
[36m(ClientAppActor pid=31292)[0m Test : Counter({0: 7, 1: 3})
[36m(ClientAppActor pid=31292)[0m Client 3
[36m(ClientAppActor pid=31292)[0m Train Images: 100
[36m(ClientAppActor pid=31292)[0m Test Images : 10
[36m(ClientAppActor pid=31292)[0m Validate Images : 10
[36m(ClientAppActor pid=31292)[0m Client 5 using cuda
[36m(ClientAppActor pid=31292)[0m {'fake': 0, 'real': 1}
[36m(ClientAppActor pid=31292)[0m [DEBUG MODE] Train=100, Val=10, Test=10
[36m(ClientAppActor pid=31292)[0m 
[36m(ClientAppActor pid=31292)[0m Client 5 Class Distribution
[36m(ClientAppActor pid=31292)[0m Train: Counter({0: 55, 1: 45})
[36m(ClientAppActor pid=31292)[0m Val  : Counter({0: 6, 1: 4})
[36m(ClientAppActor pid=31292)[0m Test : Counter({0: 6, 1: 4})
[36m(ClientAppActor pid=31292)[0m Client 5
[36m(ClientAppActor pid=31292)[0m Train Images: 100
[36m(ClientAppActor pid=31292)[0m Test Images : 10
[36m(ClientAppActor pid=31292)[0m Validate Images : 10
[36m(ClientAppActor pid=31292)[0m Client 5 starting fit...
[36m(ClientAppActor pid=31292)[0m Client 5 received class memories
[36m(ClientAppActor pid=31292)[0m Real memory norm=0.0000
[36m(ClientAppActor pid=31292)[0m Fake memory norm=0.0000
[36m(ClientAppActor pid=31292)[0m Client 5 starting training...
[36m(ClientAppActor pid=31292)[0m START classifier norm: 13.059510231018066
[36m(ClientAppActor pid=31292)[0m Artifact bias shape: torch.Size([32, 8, 197, 197])
[36m(ClientAppActor pid=31292)[0m 
[36m(ClientAppActor pid=31292)[0m Batch 0/4
[36m(ClientAppActor pid=31292)[0m GPU Allocated: 1.83 GB
[36m(ClientAppActor pid=31292)[0m GPU Reserved : 2.31 GB
[36m(ClientAppActor pid=31292)[0m 
[36m(ClientAppActor pid=31292)[0m ==================================================
[36m(ClientAppActor pid=31292)[0m Epoch 1 Complete
[36m(ClientAppActor pid=31292)[0m Average Loss : 0.9417
[36m(ClientAppActor pid=31292)[0m Accuracy     : 44.00%
[36m(ClientAppActor pid=31292)[0m Time         : 2.14s
[36m(ClientAppActor pid=31292)[0m Images       : 100
[36m(ClientAppActor pid=31292)[0m Images/sec   : 46.77
[36m(ClientAppActor pid=31292)[0m GPU Allocated: 1.81 GB
[36m(ClientAppActor pid=31292)[0m GPU Reserved : 2.34 GB
[36m(ClientAppActor pid=31292)[0m ==================================================
[36m(ClientAppActor pid=31292)[0m END classifier norm: 13.059220314025879
[36m(ClientAppActor pid=31292)[0m Client 5 finished training
[36m(ClientAppActor pid=31292)[0m Client 5 extracting parameters...
[36m(ClientAppActor pid=31292)[0m Client 5 parameter extraction complete
[36m(ClientAppActor pid=31292)[0m Client 5 returning results
[36m(ClientAppActor pid=31292)[0m Client 2 using cuda
[36m(ClientAppActor pid=31292)[0m {'fake': 0, 'real': 1}
[36m(ClientAppActor pid=31292)[0m [DEBUG MODE] Train=100, Val=10, Test=10
[36m(ClientAppActor pid=31292)[0m 
[36m(ClientAppActor pid=31292)[0m Client 2 Class Distribution
[36m(ClientAppActor pid=31292)[0m Train: Counter({1: 64, 0: 36})
[36m(ClientAppActor pid=31292)[0m Val  : Counter({1: 6, 0: 4})
[36m(ClientAppActor pid=31292)[0m Test : Counter({1: 6, 0: 4})
[36m(ClientAppActor pid=31292)[0m Client 2
[36m(ClientAppActor pid=31292)[0m Train Images: 100
[36m(ClientAppActor pid=31292)[0m Test Images : 10
[36m(ClientAppActor pid=31292)[0m Validate Images : 10
[36m(ClientAppActor pid=31292)[0m Client 2 starting fit...
[36m(ClientAppActor pid=31292)[0m Client 2 received class memories
[36m(ClientAppActor pid=31292)[0m Real memory norm=0.0000
[36m(ClientAppActor pid=31292)[0m Fake memory norm=0.0000
[36m(ClientAppActor pid=31292)[0m Client 2 starting training...
[36m(ClientAppActor pid=31292)[0m START classifier norm: 13.059510231018066
[36m(ClientAppActor pid=31292)[0m Artifact bias shape: torch.Size([32, 8, 197, 197])
[36m(ClientAppActor pid=31292)[0m 
[36m(ClientAppActor pid=31292)[0m Batch 0/4
[36m(ClientAppActor pid=31292)[0m GPU Allocated: 1.83 GB
[36m(ClientAppActor pid=31292)[0m GPU Reserved : 3.14 GB
[36m(ClientAppActor pid=31292)[0m 
[36m(ClientAppActor pid=31292)[0m ==================================================
[36m(ClientAppActor pid=31292)[0m Epoch 1 Complete
[36m(ClientAppActor pid=31292)[0m Average Loss : 0.6983
[36m(ClientAppActor pid=31292)[0m Accuracy     : 59.00%
[36m(ClientAppActor pid=31292)[0m Time         : 0.78s
[36m(ClientAppActor pid=31292)[0m Images       : 100
[36m(ClientAppActor pid=31292)[0m Images/sec   : 127.92
[36m(ClientAppActor pid=31292)[0m GPU Allocated: 1.81 GB
[36m(ClientAppActor pid=31292)[0m GPU Reserved : 3.90 GB
[36m(ClientAppActor pid=31292)[0m ==================================================
[36m(ClientAppActor pid=31292)[0m END classifier norm: 13.05923843383789
[36m(ClientAppActor pid=31292)[0m Client 2 finished training
[36m(ClientAppActor pid=31292)[0m Client 2 extracting parameters...
[36m(ClientAppActor pid=31292)[0m Client 2 parameter extraction complete
[36m(ClientAppActor pid=31292)[0m Client 2 returning results
[36m(ClientAppActor pid=31292)[0m Client 4 using cuda
[36m(ClientAppActor pid=31292)[0m {'fake': 0, 'real': 1}
[36m(ClientAppActor pid=31292)[0m [DEBUG MODE] Train=100, Val=10, Test=10
[36m(ClientAppActor pid=31292)[0m 
[36m(ClientAppActor pid=31292)[0m Client 4 Class Distribution
[36m(ClientAppActor pid=31292)[0m Train: Counter({0: 59, 1: 41})
[36m(ClientAppActor pid=31292)[0m Val  : Counter({0: 6, 1: 4})
[36m(ClientAppActor pid=31292)[0m Test : Counter({1: 7, 0: 3})
[36m(ClientAppActor pid=31292)[0m Client 4
[36m(ClientAppActor pid=31292)[0m Train Images: 100
[36m(ClientAppActor pid=31292)[0m Test Images : 10
[36m(ClientAppActor pid=31292)[0m Validate Images : 10
[36m(ClientAppActor pid=31292)[0m Client 4 starting fit...
[36m(ClientAppActor pid=31292)[0m Client 4 received class memories
[36m(ClientAppActor pid=31292)[0m Real memory norm=0.0000
[36m(ClientAppActor pid=31292)[0m Fake memory norm=0.0000
[36m(ClientAppActor pid=31292)[0m Client 4 starting training...
[36m(ClientAppActor pid=31292)[0m START classifier norm: 13.059510231018066
[36m(ClientAppActor pid=31292)[0m Artifact bias shape: torch.Size([32, 8, 197, 197])
[36m(ClientAppActor pid=31292)[0m 
[36m(ClientAppActor pid=31292)[0m Batch 0/4
[36m(ClientAppActor pid=31292)[0m GPU Allocated: 1.83 GB
[36m(ClientAppActor pid=31292)[0m GPU Reserved : 3.90 GB
[36m(ClientAppActor pid=31292)[0m 
[36m(ClientAppActor pid=31292)[0m ==================================================
[36m(ClientAppActor pid=31292)[0m Epoch 1 Complete
[36m(ClientAppActor pid=31292)[0m Average Loss : 0.7653
[36m(ClientAppActor pid=31292)[0m Accuracy     : 55.00%
[36m(ClientAppActor pid=31292)[0m Time         : 0.78s
[36m(ClientAppActor pid=31292)[0m Images       : 100
[36m(ClientAppActor pid=31292)[0m Images/sec   : 128.60
[36m(ClientAppActor pid=31292)[0m GPU Allocated: 1.81 GB
[36m(ClientAppActor pid=31292)[0m GPU Reserved : 3.90 GB
[36m(ClientAppActor pid=31292)[0m ==================================================
[36m(ClientAppActor pid=31292)[0m END classifier norm: 13.059142112731934
[36m(ClientAppActor pid=31292)[0m Client 4 finished training
[36m(ClientAppActor pid=31292)[0m Client 4 extracting parameters...
[36m(ClientAppActor pid=31292)[0m 
Epoch 1/1:   0%|          | 0/4 [00:00<?, ?it/s]
[36m(ClientAppActor pid=31292)[0m 
Epoch 1/1:   0%|          | 0/4 [00:00<?, ?it/s, loss=0.7451, acc=53.12%, img/s=134.8, eta=0.0m]
Epoch 1/1:  25%|██▌       | 1/4 [00:00<00:00,  4.21it/s, loss=0.7451, acc=53.12%, img/s=134.8, eta=0.0m]
[36m(ClientAppActor pid=31292)[0m 
Epoch 1/1:  25%|██▌       | 1/4 [00:00<00:00,  4.21it/s, loss=0.7445, acc=56.25%, img/s=137.0, eta=0.0m]
Epoch 1/1:  50%|█████     | 2/4 [00:00<00:00,  4.30it/s, loss=0.7445, acc=56.25%, img/s=137.0, eta=0.0m]
[36m(ClientAppActor pid=31292)[0m 
Epoch 1/1:  50%|█████     | 2/4 [00:00<00:00,  4.30it/s, loss=0.7215, acc=54.17%, img/s=137.7, eta=0.0m]
Epoch 1/1:  75%|███████▌  | 3/4 [00:00<00:00,  4.32it/s, loss=0.7215, acc=54.17%, img/s=137.7, eta=0.0m]
[36m(ClientAppActor pid=31292)[0m 
Epoch 1/1:  75%|███████▌  | 3/4 [00:00<00:00,  4.32it/s, loss=0.6460, acc=55.00%, img/s=20.8, eta=0.0m] 
Epoch 1/1: 100%|██████████| 4/4 [00:00<00:00,  5.20it/s, loss=0.6460, acc=55.00%, img/s=20.8, eta=0.0m]
[36m(ClientAppActor pid=31292)[0m 
Epoch 1/1:   0%|          | 0/4 [00:00<?, ?it/s]
[36m(ClientAppActor pid=31292)[0m 
Epoch 1/1:   0%|          | 0/4 [00:00<?, ?it/s, loss=0.8420, acc=28.12%, img/s=133.9, eta=0.0m]
Epoch 1/1:  25%|██▌       | 1/4 [00:00<00:00,  4.18it/s, loss=0.8420, acc=28.12%, img/s=133.9, eta=0.0m]
[36m(ClientAppActor pid=31292)[0m 
Epoch 1/1:  25%|██▌       | 1/4 [00:00<00:00,  4.18it/s, loss=1.2934, acc=34.38%, img/s=144.9, eta=0.0m]
Epoch 1/1:  50%|█████     | 2/4 [00:00<00:00,  4.60it/s, loss=1.2934, acc=34.38%, img/s=144.9, eta=0.0m]
[36m(ClientAppActor pid=31292)[0m 
Epoch 1/1:  50%|█████     | 2/4 [00:00<00:00,  4.60it/s, loss=1.0046, acc=40.62%, img/s=142.9, eta=0.0m]
Epoch 1/1:  75%|███████▌  | 3/4 [00:00<00:00,  4.48it/s, loss=1.0046, acc=40.62%, img/s=142.9, eta=0.0m]
Epoch 1/1:  75%|███████▌  | 3/4 [00:00<00:00,  4.48it/s, loss=0.7806, acc=42.00%, img/s=21.5, eta=0.0m] 
Epoch 1/1: 100%|██████████| 4/4 [00:00<00:00,  5.38it/s, loss=0.7806, acc=42.00%, img/s=21.5, eta=0.0m]
[92mINFO [0m:      aggregate_fit: received 5 results and 0 failures
[92mINFO [0m:      configure_evaluate: strategy sampled 5 clients (out of 5)
[36m(ClientAppActor pid=31292)[0m 
Testing:   0%|          | 0/1 [00:00<?, ?it/s]
[36m(ClientAppActor pid=31292)[0m 
Testing: 100%|██████████| 1/1 [00:00<00:00,  3.51it/s]
Testing: 100%|██████████| 1/1 [00:00<00:00,  3.51it/s]
[36m(ClientAppActor pid=31292)[0m 
Testing:   0%|          | 0/1 [00:00<?, ?it/s]
Testing: 100%|██████████| 1/1 [00:00<00:00, 21.38it/s]
[36m(ClientAppActor pid=31292)[0m Client 4 parameter extraction complete
[36m(ClientAppActor pid=31292)[0m Client 4 returning results
[36m(ClientAppActor pid=31292)[0m Client 3 using cuda
[36m(ClientAppActor pid=31292)[0m {'fake': 0, 'real': 1}
[36m(ClientAppActor pid=31292)[0m [DEBUG MODE] Train=100, Val=10, Test=10
[36m(ClientAppActor pid=31292)[0m 
[36m(ClientAppActor pid=31292)[0m Client 3 Class Distribution
[36m(ClientAppActor pid=31292)[0m Train: Counter({1: 55, 0: 45})
[36m(ClientAppActor pid=31292)[0m Val  : Counter({0: 6, 1: 4})
[36m(ClientAppActor pid=31292)[0m Test : Counter({0: 7, 1: 3})
[36m(ClientAppActor pid=31292)[0m Client 3
[36m(ClientAppActor pid=31292)[0m Train Images: 100
[36m(ClientAppActor pid=31292)[0m Test Images : 10
[36m(ClientAppActor pid=31292)[0m Validate Images : 10
[36m(ClientAppActor pid=31292)[0m Client 3 starting fit...
[36m(ClientAppActor pid=31292)[0m Client 3 received class memories
[36m(ClientAppActor pid=31292)[0m Real memory norm=0.0000
[36m(ClientAppActor pid=31292)[0m Fake memory norm=0.0000
[36m(ClientAppActor pid=31292)[0m Client 3 starting training...
[36m(ClientAppActor pid=31292)[0m START classifier norm: 13.059510231018066
[36m(ClientAppActor pid=31292)[0m Artifact bias shape: torch.Size([32, 8, 197, 197])
[36m(ClientAppActor pid=31292)[0m 
[36m(ClientAppActor pid=31292)[0m Batch 0/4
[36m(ClientAppActor pid=31292)[0m GPU Allocated: 1.83 GB
[36m(ClientAppActor pid=31292)[0m GPU Reserved : 3.90 GB
[36m(ClientAppActor pid=31292)[0m 
[36m(ClientAppActor pid=31292)[0m ==================================================
[36m(ClientAppActor pid=31292)[0m Epoch 1 Complete
[36m(ClientAppActor pid=31292)[0m Average Loss : 0.7143
[36m(ClientAppActor pid=31292)[0m Accuracy     : 55.00%
[36m(ClientAppActor pid=31292)[0m Time         : 0.77s
[36m(ClientAppActor pid=31292)[0m Images       : 100
[36m(ClientAppActor pid=31292)[0m Images/sec   : 130.00
[36m(ClientAppActor pid=31292)[0m GPU Allocated: 1.81 GB
[36m(ClientAppActor pid=31292)[0m GPU Reserved : 3.90 GB
[36m(ClientAppActor pid=31292)[0m ==================================================
[36m(ClientAppActor pid=31292)[0m END classifier norm: 13.059252738952637
[36m(ClientAppActor pid=31292)[0m Client 3 finished training
[36m(ClientAppActor pid=31292)[0m Client 3 extracting parameters...
[36m(ClientAppActor pid=31292)[0m Client 3 parameter extraction complete
[36m(ClientAppActor pid=31292)[0m Client 3 returning results
[36m(ClientAppActor pid=31292)[0m Client 1 using cuda
[36m(ClientAppActor pid=31292)[0m {'fake': 0, 'real': 1}
[36m(ClientAppActor pid=31292)[0m [DEBUG MODE] Train=100, Val=10, Test=10
[36m(ClientAppActor pid=31292)[0m 
[36m(ClientAppActor pid=31292)[0m Client 1 Class Distribution
[36m(ClientAppActor pid=31292)[0m Train: Counter({1: 56, 0: 44})
[36m(ClientAppActor pid=31292)[0m Val  : Counter({1: 6, 0: 4})
[36m(ClientAppActor pid=31292)[0m Test : Counter({1: 9, 0: 1})
[36m(ClientAppActor pid=31292)[0m Client 1
[36m(ClientAppActor pid=31292)[0m Train Images: 100
[36m(ClientAppActor pid=31292)[0m Test Images : 10
[36m(ClientAppActor pid=31292)[0m Validate Images : 10
[36m(ClientAppActor pid=31292)[0m Client 1 starting fit...
[36m(ClientAppActor pid=31292)[0m Client 1 received class memories
[36m(ClientAppActor pid=31292)[0m Real memory norm=0.0000
[36m(ClientAppActor pid=31292)[0m Fake memory norm=0.0000
[36m(ClientAppActor pid=31292)[0m Client 1 starting training...
[36m(ClientAppActor pid=31292)[0m START classifier norm: 13.059510231018066
[36m(ClientAppActor pid=31292)[0m Artifact bias shape: torch.Size([32, 8, 197, 197])
[36m(ClientAppActor pid=31292)[0m 
[36m(ClientAppActor pid=31292)[0m Batch 0/4
[36m(ClientAppActor pid=31292)[0m GPU Allocated: 1.83 GB
[36m(ClientAppActor pid=31292)[0m GPU Reserved : 3.90 GB
[36m(ClientAppActor pid=31292)[0m 
[36m(ClientAppActor pid=31292)[0m ==================================================
[36m(ClientAppActor pid=31292)[0m Epoch 1 Complete
[36m(ClientAppActor pid=31292)[0m Average Loss : 0.9802
[36m(ClientAppActor pid=31292)[0m Accuracy     : 42.00%
[36m(ClientAppActor pid=31292)[0m Time         : 0.74s
[36m(ClientAppActor pid=31292)[0m Images       : 100
[36m(ClientAppActor pid=31292)[0m Images/sec   : 134.54
[36m(ClientAppActor pid=31292)[0m GPU Allocated: 1.81 GB
[36m(ClientAppActor pid=31292)[0m GPU Reserved : 3.90 GB
[36m(ClientAppActor pid=31292)[0m ==================================================
[36m(ClientAppActor pid=31292)[0m END classifier norm: 13.059186935424805
[36m(ClientAppActor pid=31292)[0m Client 1 finished training
[36m(ClientAppActor pid=31292)[0m Client 1 extracting parameters...
[36m(ClientAppActor pid=31292)[0m Client 1 parameter extraction complete
[36m(ClientAppActor pid=31292)[0m Client 1 returning results

FAFT Round 1: results=5, failures=0

Round 1 Prototype Aggregated

Real memory norm = 0.9913
Fake memory norm = 0.9893
Saved: saved_models/global_model_round_1.pth
Round 1: model saved successfully
Broadcasting 205 tensors (203 weights + memory)
[36m(ClientAppActor pid=31292)[0m Client 1 using cuda
[36m(ClientAppActor pid=31292)[0m {'fake': 0, 'real': 1}
[36m(ClientAppActor pid=31292)[0m [DEBUG MODE] Train=100, Val=10, Test=10
[36m(ClientAppActor pid=31292)[0m 
[36m(ClientAppActor pid=31292)[0m Client 1 Class Distribution
[36m(ClientAppActor pid=31292)[0m Train: Counter({1: 56, 0: 44})
[36m(ClientAppActor pid=31292)[0m Val  : Counter({1: 6, 0: 4})
[36m(ClientAppActor pid=31292)[0m Test : Counter({1: 9, 0: 1})
[36m(ClientAppActor pid=31292)[0m Client 1
[36m(ClientAppActor pid=31292)[0m Train Images: 100
[36m(ClientAppActor pid=31292)[0m Test Images : 10
[36m(ClientAppActor pid=31292)[0m Validate Images : 10
[36m(ClientAppActor pid=31292)[0m 
[36m(ClientAppActor pid=31292)[0m CLIENT 1 STARTING EVALUATION
[36m(ClientAppActor pid=31292)[0m Client 1 received class memories
[36m(ClientAppActor pid=31292)[0m Real memory norm=0.9913
[36m(ClientAppActor pid=31292)[0m Fake memory norm=0.9893
[36m(ClientAppActor pid=31292)[0m Artifact bias shape: torch.Size([10, 8, 197, 197])
[36m(ClientAppActor pid=31292)[0m Accuracy: 0.9000
[36m(ClientAppActor pid=31292)[0m 
[36m(ClientAppActor pid=31292)[0m CLIENT 1 EVALUATION COMPLETE
[36m(ClientAppActor pid=31292)[0m Client 4 using cuda
[36m(ClientAppActor pid=31292)[0m {'fake': 0, 'real': 1}
[36m(ClientAppActor pid=31292)[0m [DEBUG MODE] Train=100, Val=10, Test=10
[36m(ClientAppActor pid=31292)[0m 
[36m(ClientAppActor pid=31292)[0m Client 4 Class Distribution
[36m(ClientAppActor pid=31292)[0m Train: Counter({0: 59, 1: 41})
[36m(ClientAppActor pid=31292)[0m Val  : Counter({0: 6, 1: 4})
[36m(ClientAppActor pid=31292)[0m Test : Counter({1: 7, 0: 3})
[36m(ClientAppActor pid=31292)[0m Client 4
[36m(ClientAppActor pid=31292)[0m Train Images: 100
[36m(ClientAppActor pid=31292)[0m Test Images : 10
[36m(ClientAppActor pid=31292)[0m Validate Images : 10
[36m(ClientAppActor pid=31292)[0m 
[36m(ClientAppActor pid=31292)[0m CLIENT 4 STARTING EVALUATION
[36m(ClientAppActor pid=31292)[0m Client 4 received class memories
[36m(ClientAppActor pid=31292)[0m Real memory norm=0.9913
[36m(ClientAppActor pid=31292)[0m Fake memory norm=0.9893
[36m(ClientAppActor pid=31292)[0m Artifact bias shape: torch.Size([10, 8, 197, 197])
[36m(ClientAppActor pid=31292)[0m Accuracy: 0.7000
[36m(ClientAppActor pid=31292)[0m 
[36m(ClientAppActor pid=31292)[0m CLIENT 4 EVALUATION COMPLETE
[36m(ClientAppActor pid=31292)[0m Client 2 using cuda
[36m(ClientAppActor pid=31292)[0m {'fake': 0, 'real': 1}
[36m(ClientAppActor pid=31292)[0m [DEBUG MODE] Train=100, Val=10, Test=10
[36m(ClientAppActor pid=31292)[0m 
[36m(ClientAppActor pid=31292)[0m Client 2 Class Distribution
[36m(ClientAppActor pid=31292)[0m Train: Counter({1: 64, 0: 36})
[36m(ClientAppActor pid=31292)[0m Val  : Counter({1: 6, 0: 4})
[36m(ClientAppActor pid=31292)[0m Test : Counter({1: 6, 0: 4})
[36m(ClientAppActor pid=31292)[0m Client 2
[36m(ClientAppActor pid=31292)[0m 
Testing:   0%|          | 0/1 [00:00<?, ?it/s]
Testing: 100%|██████████| 1/1 [00:00<00:00, 21.21it/s]
[36m(ClientAppActor pid=31292)[0m 
Testing:   0%|          | 0/1 [00:00<?, ?it/s]
[36m(ClientAppActor pid=31292)[0m 
Testing: 100%|██████████| 1/1 [00:00<00:00, 19.84it/s]
[36m(ClientAppActor pid=31292)[0m 
Testing:   0%|          | 0/1 [00:00<?, ?it/s]
[92mINFO [0m:      aggregate_evaluate: received 5 results and 0 failures
[92mINFO [0m:      
[92mINFO [0m:      [ROUND 2]
[92mINFO [0m:      configure_fit: strategy sampled 5 clients (out of 5)
[36m(ClientAppActor pid=31292)[0m 
Testing: 100%|██████████| 1/1 [00:00<00:00, 21.15it/s]
[36m(ClientAppActor pid=31292)[0m 
Epoch 1/1:   0%|          | 0/4 [00:00<?, ?it/s]
[36m(ClientAppActor pid=31292)[0m 
Epoch 1/1:   0%|          | 0/4 [00:00<?, ?it/s, loss=0.8531, acc=37.50%, img/s=132.5, eta=0.0m]
Epoch 1/1:  25%|██▌       | 1/4 [00:00<00:00,  4.14it/s, loss=0.8531, acc=37.50%, img/s=132.5, eta=0.0m]
[36m(ClientAppActor pid=31292)[0m 
Epoch 1/1:  25%|██▌       | 1/4 [00:00<00:00,  4.14it/s, loss=0.9151, acc=42.19%, img/s=135.1, eta=0.0m]
Epoch 1/1:  50%|█████     | 2/4 [00:00<00:00,  4.24it/s, loss=0.9151, acc=42.19%, img/s=135.1, eta=0.0m]
[36m(ClientAppActor pid=31292)[0m 
Epoch 1/1:  50%|█████     | 2/4 [00:00<00:00,  4.24it/s, loss=0.7271, acc=45.83%, img/s=136.4, eta=0.0m]
Epoch 1/1:  75%|███████▌  | 3/4 [00:00<00:00,  4.29it/s, loss=0.7271, acc=45.83%, img/s=136.4, eta=0.0m]
[36m(ClientAppActor pid=31292)[0m 
Epoch 1/1:  75%|███████▌  | 3/4 [00:00<00:00,  4.29it/s, loss=0.5497, acc=47.00%, img/s=20.6, eta=0.0m] 
Epoch 1/1: 100%|██████████| 4/4 [00:00<00:00,  5.14it/s, loss=0.5497, acc=47.00%, img/s=20.6, eta=0.0m]
[36m(ClientAppActor pid=31292)[0m 
Epoch 1/1:   0%|          | 0/4 [00:00<?, ?it/s]
[36m(ClientAppActor pid=31292)[0m 
Epoch 1/1:   0%|          | 0/4 [00:00<?, ?it/s, loss=0.8073, acc=46.88%, img/s=133.1, eta=0.0m]
Epoch 1/1:  25%|██▌       | 1/4 [00:00<00:00,  4.15it/s, loss=0.8073, acc=46.88%, img/s=133.1, eta=0.0m]
[36m(ClientAppActor pid=31292)[0m 
Epoch 1/1:  25%|██▌       | 1/4 [00:00<00:00,  4.15it/s, loss=0.6271, acc=56.25%, img/s=135.6, eta=0.0m]
Epoch 1/1:  50%|█████     | 2/4 [00:00<00:00,  4.26it/s, loss=0.6271, acc=56.25%, img/s=135.6, eta=0.0m]
[36m(ClientAppActor pid=31292)[0m 
Epoch 1/1:  50%|█████     | 2/4 [00:00<00:00,  4.26it/s, loss=0.8608, acc=55.21%, img/s=136.5, eta=0.0m]
Epoch 1/1:  75%|███████▌  | 3/4 [00:00<00:00,  4.28it/s, loss=0.8608, acc=55.21%, img/s=136.5, eta=0.0m]
[36m(ClientAppActor pid=31292)[0m 
Epoch 1/1:  75%|███████▌  | 3/4 [00:00<00:00,  4.28it/s, loss=0.3939, acc=57.00%, img/s=20.7, eta=0.0m] 
Epoch 1/1: 100%|██████████| 4/4 [00:00<00:00,  5.16it/s, loss=0.3939, acc=57.00%, img/s=20.7, eta=0.0m]
[36m(ClientAppActor pid=31292)[0m Train Images: 100
[36m(ClientAppActor pid=31292)[0m Test Images : 10
[36m(ClientAppActor pid=31292)[0m Validate Images : 10
[36m(ClientAppActor pid=31292)[0m 
[36m(ClientAppActor pid=31292)[0m CLIENT 2 STARTING EVALUATION
[36m(ClientAppActor pid=31292)[0m Client 2 received class memories
[36m(ClientAppActor pid=31292)[0m Real memory norm=0.9913
[36m(ClientAppActor pid=31292)[0m Fake memory norm=0.9893
[36m(ClientAppActor pid=31292)[0m Artifact bias shape: torch.Size([10, 8, 197, 197])
[36m(ClientAppActor pid=31292)[0m Accuracy: 0.6000
[36m(ClientAppActor pid=31292)[0m 
[36m(ClientAppActor pid=31292)[0m CLIENT 2 EVALUATION COMPLETE
[36m(ClientAppActor pid=31292)[0m Client 3 using cuda
[36m(ClientAppActor pid=31292)[0m {'fake': 0, 'real': 1}
[36m(ClientAppActor pid=31292)[0m [DEBUG MODE] Train=100, Val=10, Test=10
[36m(ClientAppActor pid=31292)[0m 
[36m(ClientAppActor pid=31292)[0m Client 3 Class Distribution
[36m(ClientAppActor pid=31292)[0m Train: Counter({1: 55, 0: 45})
[36m(ClientAppActor pid=31292)[0m Val  : Counter({0: 6, 1: 4})
[36m(ClientAppActor pid=31292)[0m Test : Counter({0: 7, 1: 3})
[36m(ClientAppActor pid=31292)[0m Client 3
[36m(ClientAppActor pid=31292)[0m Train Images: 100
[36m(ClientAppActor pid=31292)[0m Test Images : 10
[36m(ClientAppActor pid=31292)[0m Validate Images : 10
[36m(ClientAppActor pid=31292)[0m 
[36m(ClientAppActor pid=31292)[0m CLIENT 3 STARTING EVALUATION
[36m(ClientAppActor pid=31292)[0m Client 3 received class memories
[36m(ClientAppActor pid=31292)[0m Real memory norm=0.9913
[36m(ClientAppActor pid=31292)[0m Fake memory norm=0.9893
[36m(ClientAppActor pid=31292)[0m Artifact bias shape: torch.Size([10, 8, 197, 197])
[36m(ClientAppActor pid=31292)[0m Accuracy: 0.3000
[36m(ClientAppActor pid=31292)[0m 
[36m(ClientAppActor pid=31292)[0m CLIENT 3 EVALUATION COMPLETE
[36m(ClientAppActor pid=31292)[0m Client 5 using cuda
[36m(ClientAppActor pid=31292)[0m {'fake': 0, 'real': 1}
[36m(ClientAppActor pid=31292)[0m [DEBUG MODE] Train=100, Val=10, Test=10
[36m(ClientAppActor pid=31292)[0m 
[36m(ClientAppActor pid=31292)[0m Client 5 Class Distribution
[36m(ClientAppActor pid=31292)[0m Train: Counter({0: 55, 1: 45})
[36m(ClientAppActor pid=31292)[0m Val  : Counter({0: 6, 1: 4})
[36m(ClientAppActor pid=31292)[0m Test : Counter({0: 6, 1: 4})
[36m(ClientAppActor pid=31292)[0m Client 5
[36m(ClientAppActor pid=31292)[0m Train Images: 100
[36m(ClientAppActor pid=31292)[0m Test Images : 10
[36m(ClientAppActor pid=31292)[0m Validate Images : 10
[36m(ClientAppActor pid=31292)[0m 
[36m(ClientAppActor pid=31292)[0m CLIENT 5 STARTING EVALUATION
[36m(ClientAppActor pid=31292)[0m Client 5 received class memories
[36m(ClientAppActor pid=31292)[0m Real memory norm=0.9913
[36m(ClientAppActor pid=31292)[0m Fake memory norm=0.9893
[36m(ClientAppActor pid=31292)[0m Artifact bias shape: torch.Size([10, 8, 197, 197])
[36m(ClientAppActor pid=31292)[0m Accuracy: 0.4000
[36m(ClientAppActor pid=31292)[0m 
[36m(ClientAppActor pid=31292)[0m CLIENT 5 EVALUATION COMPLETE
[36m(ClientAppActor pid=31292)[0m Client 5 using cuda
[36m(ClientAppActor pid=31292)[0m {'fake': 0, 'real': 1}
[36m(ClientAppActor pid=31292)[0m [DEBUG MODE] Train=100, Val=10, Test=10
[36m(ClientAppActor pid=31292)[0m 
[36m(ClientAppActor pid=31292)[0m Client 5 Class Distribution
[36m(ClientAppActor pid=31292)[0m Train: Counter({0: 55, 1: 45})
[36m(ClientAppActor pid=31292)[0m Val  : Counter({0: 6, 1: 4})
[36m(ClientAppActor pid=31292)[0m Test : Counter({0: 6, 1: 4})
[36m(ClientAppActor pid=31292)[0m Client 5
[36m(ClientAppActor pid=31292)[0m Train Images: 100
[36m(ClientAppActor pid=31292)[0m Test Images : 10
[36m(ClientAppActor pid=31292)[0m Validate Images : 10
[36m(ClientAppActor pid=31292)[0m Client 5 starting fit...
[36m(ClientAppActor pid=31292)[0m Client 5 received class memories
[36m(ClientAppActor pid=31292)[0m Real memory norm=0.9913
[36m(ClientAppActor pid=31292)[0m Fake memory norm=0.9893
[36m(ClientAppActor pid=31292)[0m Client 5 starting training...
[36m(ClientAppActor pid=31292)[0m START classifier norm: 13.059033393859863
[36m(ClientAppActor pid=31292)[0m Artifact bias shape: torch.Size([32, 8, 197, 197])
[36m(ClientAppActor pid=31292)[0m 
[36m(ClientAppActor pid=31292)[0m Batch 0/4
[36m(ClientAppActor pid=31292)[0m GPU Allocated: 1.83 GB
[36m(ClientAppActor pid=31292)[0m GPU Reserved : 4.07 GB
[36m(ClientAppActor pid=31292)[0m 
[36m(ClientAppActor pid=31292)[0m ==================================================
[36m(ClientAppActor pid=31292)[0m Epoch 1 Complete
[36m(ClientAppActor pid=31292)[0m Average Loss : 0.7613
[36m(ClientAppActor pid=31292)[0m Accuracy     : 47.00%
[36m(ClientAppActor pid=31292)[0m Time         : 0.78s
[36m(ClientAppActor pid=31292)[0m Images       : 100
[36m(ClientAppActor pid=31292)[0m Images/sec   : 128.56
[36m(ClientAppActor pid=31292)[0m GPU Allocated: 1.81 GB
[36m(ClientAppActor pid=31292)[0m GPU Reserved : 4.23 GB
[36m(ClientAppActor pid=31292)[0m ==================================================
[36m(ClientAppActor pid=31292)[0m END classifier norm: 13.058381080627441
[36m(ClientAppActor pid=31292)[0m Client 5 finished training
[36m(ClientAppActor pid=31292)[0m Client 5 extracting parameters...
[36m(ClientAppActor pid=31292)[0m Client 5 parameter extraction complete
[36m(ClientAppActor pid=31292)[0m Client 5 returning results
[36m(ClientAppActor pid=31292)[0m Client 4 using cuda
[36m(ClientAppActor pid=31292)[0m {'fake': 0, 'real': 1}
[36m(ClientAppActor pid=31292)[0m [DEBUG MODE] Train=100, Val=10, Test=10
[36m(ClientAppActor pid=31292)[0m 
[36m(ClientAppActor pid=31292)[0m Client 4 Class Distribution
[36m(ClientAppActor pid=31292)[0m Train: Counter({0: 59, 1: 41})
[36m(ClientAppActor pid=31292)[0m Val  : Counter({0: 6, 1: 4})
[36m(ClientAppActor pid=31292)[0m Test : Counter({1: 7, 0: 3})
[36m(ClientAppActor pid=31292)[0m Client 4
[36m(ClientAppActor pid=31292)[0m Train Images: 100
[36m(ClientAppActor pid=31292)[0m Test Images : 10
[36m(ClientAppActor pid=31292)[0m Validate Images : 10
[36m(ClientAppActor pid=31292)[0m Client 4 starting fit...
[36m(ClientAppActor pid=31292)[0m Client 4 received class memories
[36m(ClientAppActor pid=31292)[0m Real memory norm=0.9913
[36m(ClientAppActor pid=31292)[0m Fake memory norm=0.9893
[36m(ClientAppActor pid=31292)[0m Client 4 starting training...
[36m(ClientAppActor pid=31292)[0m START classifier norm: 13.059033393859863
[36m(ClientAppActor pid=31292)[0m Artifact bias shape: torch.Size([32, 8, 197, 197])
[36m(ClientAppActor pid=31292)[0m 
[36m(ClientAppActor pid=31292)[0m Batch 0/4
[36m(ClientAppActor pid=31292)[0m GPU Allocated: 1.83 GB
[36m(ClientAppActor pid=31292)[0m GPU Reserved : 4.23 GB
[36m(ClientAppActor pid=31292)[0m 
[36m(ClientAppActor pid=31292)[0m ==================================================
[36m(ClientAppActor pid=31292)[0m Epoch 1 Complete
[36m(ClientAppActor pid=31292)[0m Average Loss : 0.6723
[36m(ClientAppActor pid=31292)[0m Accuracy     : 57.00%
[36m(ClientAppActor pid=31292)[0m Time         : 0.77s
[36m(ClientAppActor pid=31292)[0m Images       : 100
[36m(ClientAppActor pid=31292)[0m Images/sec   : 129.07
[36m(ClientAppActor pid=31292)[0m GPU Allocated: 1.81 GB
[36m(ClientAppActor pid=31292)[0m GPU Reserved : 4.23 GB
[36m(ClientAppActor pid=31292)[0m ==================================================
[36m(ClientAppActor pid=31292)[0m END classifier norm: 13.058637619018555
[36m(ClientAppActor pid=31292)[0m Client 4 finished training
[36m(ClientAppActor pid=31292)[0m Client 4 extracting parameters...
[36m(ClientAppActor pid=31292)[0m Client 4 parameter extraction complete
[36m(ClientAppActor pid=31292)[0m Client 4 returning results
[36m(ClientAppActor pid=31292)[0m Client 1 using cuda
[36m(ClientAppActor pid=31292)[0m {'fake': 0, 'real': 1}
[36m(ClientAppActor pid=31292)[0m [DEBUG MODE] Train=100, Val=10, Test=10
[36m(ClientAppActor pid=31292)[0m 
[36m(ClientAppActor pid=31292)[0m 
Epoch 1/1:   0%|          | 0/4 [00:00<?, ?it/s]
[36m(ClientAppActor pid=31292)[0m 
Epoch 1/1:   0%|          | 0/4 [00:00<?, ?it/s, loss=0.7081, acc=56.25%, img/s=134.6, eta=0.0m]
Epoch 1/1:  25%|██▌       | 1/4 [00:00<00:00,  4.20it/s, loss=0.7081, acc=56.25%, img/s=134.6, eta=0.0m]
[36m(ClientAppActor pid=31292)[0m 
Epoch 1/1:  25%|██▌       | 1/4 [00:00<00:00,  4.20it/s, loss=0.8074, acc=51.56%, img/s=136.5, eta=0.0m]
Epoch 1/1:  50%|█████     | 2/4 [00:00<00:00,  4.28it/s, loss=0.8074, acc=51.56%, img/s=136.5, eta=0.0m]
[36m(ClientAppActor pid=31292)[0m 
Epoch 1/1:  50%|█████     | 2/4 [00:00<00:00,  4.28it/s, loss=0.6918, acc=53.12%, img/s=137.1, eta=0.0m]
Epoch 1/1:  75%|███████▌  | 3/4 [00:00<00:00,  4.30it/s, loss=0.6918, acc=53.12%, img/s=137.1, eta=0.0m]
[36m(ClientAppActor pid=31292)[0m 
Epoch 1/1:  75%|███████▌  | 3/4 [00:00<00:00,  4.30it/s, loss=0.6138, acc=53.00%, img/s=20.7, eta=0.0m] 
Epoch 1/1: 100%|██████████| 4/4 [00:00<00:00,  5.18it/s, loss=0.6138, acc=53.00%, img/s=20.7, eta=0.0m]
[36m(ClientAppActor pid=31292)[0m 
Epoch 1/1:   0%|          | 0/4 [00:00<?, ?it/s]
[36m(ClientAppActor pid=31292)[0m 
Epoch 1/1:   0%|          | 0/4 [00:00<?, ?it/s, loss=0.6072, acc=68.75%, img/s=133.1, eta=0.0m]
Epoch 1/1:  25%|██▌       | 1/4 [00:00<00:00,  4.16it/s, loss=0.6072, acc=68.75%, img/s=133.1, eta=0.0m]
[36m(ClientAppActor pid=31292)[0m 
Epoch 1/1:  25%|██▌       | 1/4 [00:00<00:00,  4.16it/s, loss=0.6654, acc=65.62%, img/s=136.0, eta=0.0m]
Epoch 1/1:  50%|█████     | 2/4 [00:00<00:00,  4.27it/s, loss=0.6654, acc=65.62%, img/s=136.0, eta=0.0m]
[36m(ClientAppActor pid=31292)[0m 
Epoch 1/1:  50%|█████     | 2/4 [00:00<00:00,  4.27it/s, loss=0.6816, acc=62.50%, img/s=136.8, eta=0.0m]
Epoch 1/1:  75%|███████▌  | 3/4 [00:00<00:00,  4.30it/s, loss=0.6816, acc=62.50%, img/s=136.8, eta=0.0m]
Epoch 1/1:  75%|███████▌  | 3/4 [00:00<00:00,  4.30it/s, loss=0.8416, acc=61.00%, img/s=21.4, eta=0.0m] 
Epoch 1/1: 100%|██████████| 4/4 [00:00<00:00,  5.36it/s, loss=0.8416, acc=61.00%, img/s=21.4, eta=0.0m]
[36m(ClientAppActor pid=31292)[0m 
Epoch 1/1:   0%|          | 0/4 [00:00<?, ?it/s]
[36m(ClientAppActor pid=31292)[0m 
Epoch 1/1:   0%|          | 0/4 [00:00<?, ?it/s, loss=0.7014, acc=62.50%, img/s=132.7, eta=0.0m]
Epoch 1/1:  25%|██▌       | 1/4 [00:00<00:00,  4.14it/s, loss=0.7014, acc=62.50%, img/s=132.7, eta=0.0m]
[36m(ClientAppActor pid=31292)[0m 
Epoch 1/1:  25%|██▌       | 1/4 [00:00<00:00,  4.14it/s, loss=0.7450, acc=50.00%, img/s=135.4, eta=0.0m]
Epoch 1/1:  50%|█████     | 2/4 [00:00<00:00,  4.25it/s, loss=0.7450, acc=50.00%, img/s=135.4, eta=0.0m]
[36m(ClientAppActor pid=31292)[0m 
Epoch 1/1:  50%|█████     | 2/4 [00:00<00:00,  4.25it/s, loss=0.6693, acc=53.12%, img/s=136.4, eta=0.0m]
Epoch 1/1:  75%|███████▌  | 3/4 [00:00<00:00,  4.28it/s, loss=0.6693, acc=53.12%, img/s=136.4, eta=0.0m]
Epoch 1/1:  75%|███████▌  | 3/4 [00:00<00:00,  4.28it/s, loss=0.8439, acc=52.00%, img/s=21.4, eta=0.0m] 
Epoch 1/1: 100%|██████████| 4/4 [00:00<00:00,  5.34it/s, loss=0.8439, acc=52.00%, img/s=21.4, eta=0.0m]
[92mINFO [0m:      aggregate_fit: received 5 results and 0 failures
[92mINFO [0m:      configure_evaluate: strategy sampled 5 clients (out of 5)
[36m(ClientAppActor pid=31292)[0m Client 1 Class Distribution
[36m(ClientAppActor pid=31292)[0m Train: Counter({1: 56, 0: 44})
[36m(ClientAppActor pid=31292)[0m Val  : Counter({1: 6, 0: 4})
[36m(ClientAppActor pid=31292)[0m Test : Counter({1: 9, 0: 1})
[36m(ClientAppActor pid=31292)[0m Client 1
[36m(ClientAppActor pid=31292)[0m Train Images: 100
[36m(ClientAppActor pid=31292)[0m Test Images : 10
[36m(ClientAppActor pid=31292)[0m Validate Images : 10
[36m(ClientAppActor pid=31292)[0m Client 1 starting fit...
[36m(ClientAppActor pid=31292)[0m Client 1 received class memories
[36m(ClientAppActor pid=31292)[0m Real memory norm=0.9913
[36m(ClientAppActor pid=31292)[0m Fake memory norm=0.9893
[36m(ClientAppActor pid=31292)[0m Client 1 starting training...
[36m(ClientAppActor pid=31292)[0m START classifier norm: 13.059033393859863
[36m(ClientAppActor pid=31292)[0m Artifact bias shape: torch.Size([32, 8, 197, 197])
[36m(ClientAppActor pid=31292)[0m 
[36m(ClientAppActor pid=31292)[0m Batch 0/4
[36m(ClientAppActor pid=31292)[0m GPU Allocated: 1.83 GB
[36m(ClientAppActor pid=31292)[0m GPU Reserved : 4.23 GB
[36m(ClientAppActor pid=31292)[0m 
[36m(ClientAppActor pid=31292)[0m ==================================================
[36m(ClientAppActor pid=31292)[0m Epoch 1 Complete
[36m(ClientAppActor pid=31292)[0m Average Loss : 0.7053
[36m(ClientAppActor pid=31292)[0m Accuracy     : 53.00%
[36m(ClientAppActor pid=31292)[0m Time         : 0.77s
[36m(ClientAppActor pid=31292)[0m Images       : 100
[36m(ClientAppActor pid=31292)[0m Images/sec   : 129.56
[36m(ClientAppActor pid=31292)[0m GPU Allocated: 1.81 GB
[36m(ClientAppActor pid=31292)[0m GPU Reserved : 4.23 GB
[36m(ClientAppActor pid=31292)[0m ==================================================
[36m(ClientAppActor pid=31292)[0m END classifier norm: 13.058704376220703
[36m(ClientAppActor pid=31292)[0m Client 1 finished training
[36m(ClientAppActor pid=31292)[0m Client 1 extracting parameters...
[36m(ClientAppActor pid=31292)[0m Client 1 parameter extraction complete
[36m(ClientAppActor pid=31292)[0m Client 1 returning results
[36m(ClientAppActor pid=31292)[0m Client 2 using cuda
[36m(ClientAppActor pid=31292)[0m {'fake': 0, 'real': 1}
[36m(ClientAppActor pid=31292)[0m [DEBUG MODE] Train=100, Val=10, Test=10
[36m(ClientAppActor pid=31292)[0m 
[36m(ClientAppActor pid=31292)[0m Client 2 Class Distribution
[36m(ClientAppActor pid=31292)[0m Train: Counter({1: 64, 0: 36})
[36m(ClientAppActor pid=31292)[0m Val  : Counter({1: 6, 0: 4})
[36m(ClientAppActor pid=31292)[0m Test : Counter({1: 6, 0: 4})
[36m(ClientAppActor pid=31292)[0m Client 2
[36m(ClientAppActor pid=31292)[0m Train Images: 100
[36m(ClientAppActor pid=31292)[0m Test Images : 10
[36m(ClientAppActor pid=31292)[0m Validate Images : 10
[36m(ClientAppActor pid=31292)[0m Client 2 starting fit...
[36m(ClientAppActor pid=31292)[0m Client 2 received class memories
[36m(ClientAppActor pid=31292)[0m Real memory norm=0.9913
[36m(ClientAppActor pid=31292)[0m Fake memory norm=0.9893
[36m(ClientAppActor pid=31292)[0m Client 2 starting training...
[36m(ClientAppActor pid=31292)[0m START classifier norm: 13.059033393859863
[36m(ClientAppActor pid=31292)[0m Artifact bias shape: torch.Size([32, 8, 197, 197])
[36m(ClientAppActor pid=31292)[0m 
[36m(ClientAppActor pid=31292)[0m Batch 0/4
[36m(ClientAppActor pid=31292)[0m GPU Allocated: 1.83 GB
[36m(ClientAppActor pid=31292)[0m GPU Reserved : 4.23 GB
[36m(ClientAppActor pid=31292)[0m 
[36m(ClientAppActor pid=31292)[0m ==================================================
[36m(ClientAppActor pid=31292)[0m Epoch 1 Complete
[36m(ClientAppActor pid=31292)[0m Average Loss : 0.6989
[36m(ClientAppActor pid=31292)[0m Accuracy     : 61.00%
[36m(ClientAppActor pid=31292)[0m Time         : 0.75s
[36m(ClientAppActor pid=31292)[0m Images       : 100
[36m(ClientAppActor pid=31292)[0m Images/sec   : 134.00
[36m(ClientAppActor pid=31292)[0m GPU Allocated: 1.81 GB
[36m(ClientAppActor pid=31292)[0m GPU Reserved : 4.23 GB
[36m(ClientAppActor pid=31292)[0m ==================================================
[36m(ClientAppActor pid=31292)[0m END classifier norm: 13.059146881103516
[36m(ClientAppActor pid=31292)[0m Client 2 finished training
[36m(ClientAppActor pid=31292)[0m Client 2 extracting parameters...
[36m(ClientAppActor pid=31292)[0m Client 2 parameter extraction complete
[36m(ClientAppActor pid=31292)[0m Client 2 returning results
[36m(ClientAppActor pid=31292)[0m Client 3 using cuda
[36m(ClientAppActor pid=31292)[0m {'fake': 0, 'real': 1}
[36m(ClientAppActor pid=31292)[0m [DEBUG MODE] Train=100, Val=10, Test=10
[36m(ClientAppActor pid=31292)[0m 
[36m(ClientAppActor pid=31292)[0m Client 3 Class Distribution
[36m(ClientAppActor pid=31292)[0m Train: Counter({1: 55, 0: 45})
[36m(ClientAppActor pid=31292)[0m Val  : Counter({0: 6, 1: 4})
[36m(ClientAppActor pid=31292)[0m Test : Counter({0: 7, 1: 3})
[36m(ClientAppActor pid=31292)[0m Client 3
[36m(ClientAppActor pid=31292)[0m Train Images: 100
[36m(ClientAppActor pid=31292)[0m Test Images : 10
[36m(ClientAppActor pid=31292)[0m Validate Images : 10
[36m(ClientAppActor pid=31292)[0m Client 3 starting fit...
[36m(ClientAppActor pid=31292)[0m Client 3 received class memories
[36m(ClientAppActor pid=31292)[0m Real memory norm=0.9913
[36m(ClientAppActor pid=31292)[0m Fake memory norm=0.9893
[36m(ClientAppActor pid=31292)[0m Client 3 starting training...
[36m(ClientAppActor pid=31292)[0m START classifier norm: 13.059033393859863
[36m(ClientAppActor pid=31292)[0m Artifact bias shape: torch.Size([32, 8, 197, 197])
[36m(ClientAppActor pid=31292)[0m 
[36m(ClientAppActor pid=31292)[0m Batch 0/4
[36m(ClientAppActor pid=31292)[0m GPU Allocated: 1.83 GB
[36m(ClientAppActor pid=31292)[0m GPU Reserved : 4.23 GB
[36m(ClientAppActor pid=31292)[0m 
[36m(ClientAppActor pid=31292)[0m ==================================================
[36m(ClientAppActor pid=31292)[0m Epoch 1 Complete
[36m(ClientAppActor pid=31292)[0m Average Loss : 0.7399
[36m(ClientAppActor pid=31292)[0m Accuracy     : 52.00%
[36m(ClientAppActor pid=31292)[0m Time         : 0.75s
[36m(ClientAppActor pid=31292)[0m Images       : 100
[36m(ClientAppActor pid=31292)[0m Images/sec   : 133.56
[36m(ClientAppActor pid=31292)[0m GPU Allocated: 1.81 GB
[36m(ClientAppActor pid=31292)[0m GPU Reserved : 4.23 GB
[36m(ClientAppActor pid=31292)[0m ==================================================
[36m(ClientAppActor pid=31292)[0m END classifier norm: 13.058923721313477
[36m(ClientAppActor pid=31292)[0m Client 3 finished training
[36m(ClientAppActor pid=31292)[0m Client 3 extracting parameters...
[36m(ClientAppActor pid=31292)[0m Client 3 parameter extraction complete
[36m(ClientAppActor pid=31292)[0m Client 3 returning results

FAFT Round 2: results=5, failures=0

Round 2 Prototype Aggregated

Real memory norm = 0.9906
Fake memory norm = 0.9889
Saved: saved_models/global_model_round_2.pth
Round 2: model saved successfully
Broadcasting 205 tensors (203 weights + memory)
[36m(ClientAppActor pid=31292)[0m Client 3 using cuda
[36m(ClientAppActor pid=31292)[0m {'fake': 0, 'real': 1}
[36m(ClientAppActor pid=31292)[0m [DEBUG MODE] Train=100, Val=10, Test=10
[36m(ClientAppActor pid=31292)[0m 
[36m(ClientAppActor pid=31292)[0m Client 3 Class Distribution
[36m(ClientAppActor pid=31292)[0m Train: Counter({1: 55, 0: 45})
[36m(ClientAppActor pid=31292)[0m Val  : Counter({0: 6, 1: 4})
[36m(ClientAppActor pid=31292)[0m Test : Counter({0: 7, 1: 3})
[36m(ClientAppActor pid=31292)[0m Client 3
[36m(ClientAppActor pid=31292)[0m Train Images: 100
[36m(ClientAppActor pid=31292)[0m Test Images : 10
[36m(ClientAppActor pid=31292)[0m Validate Images : 10
[36m(ClientAppActor pid=31292)[0m 
[36m(ClientAppActor pid=31292)[0m CLIENT 3 STARTING EVALUATION
[36m(ClientAppActor pid=31292)[0m Client 3 received class memories
[36m(ClientAppActor pid=31292)[0m Real memory norm=0.9906
[36m(ClientAppActor pid=31292)[0m Fake memory norm=0.9889[36m(ClientAppActor pid=31292)[0m 
Testing:   0%|          | 0/1 [00:00<?, ?it/s]
Testing: 100%|██████████| 1/1 [00:00<00:00, 21.23it/s]
[36m(ClientAppActor pid=31292)[0m 
Testing:   0%|          | 0/1 [00:00<?, ?it/s]
[36m(ClientAppActor pid=31292)[0m 
Testing: 100%|██████████| 1/1 [00:00<00:00, 20.87it/s]
[36m(ClientAppActor pid=31292)[0m 
Testing:   0%|          | 0/1 [00:00<?, ?it/s]
[36m(ClientAppActor pid=31292)[0m 
Testing: 100%|██████████| 1/1 [00:00<00:00, 20.27it/s]
[36m(ClientAppActor pid=31292)[0m 
Testing:   0%|          | 0/1 [00:00<?, ?it/s]
[36m(ClientAppActor pid=31292)[0m 
Testing: 100%|██████████| 1/1 [00:00<00:00, 20.31it/s]
[36m(ClientAppActor pid=31292)[0m 
Testing:   0%|          | 0/1 [00:00<?, ?it/s]
Testing: 100%|██████████| 1/1 [00:00<00:00, 21.18it/s]
[92mINFO [0m:      aggregate_evaluate: received 5 results and 0 failures
[92mINFO [0m:      
[92mINFO [0m:      [ROUND 3]
[92mINFO [0m:      configure_fit: strategy sampled 5 clients (out of 5)
[36m(ClientAppActor pid=31292)[0m 
Epoch 1/1:   0%|          | 0/4 [00:00<?, ?it/s]
[36m(ClientAppActor pid=31292)[0m 
Epoch 1/1:   0%|          | 0/4 [00:00<?, ?it/s, loss=0.7274, acc=50.00%, img/s=133.9, eta=0.0m]
Epoch 1/1:  25%|██▌       | 1/4 [00:00<00:00,  4.18it/s, loss=0.7274, acc=50.00%, img/s=133.9, eta=0.0m]
[36m(ClientAppActor pid=31292)[0m 
Epoch 1/1:  25%|██▌       | 1/4 [00:00<00:00,  4.18it/s, loss=0.6935, acc=56.25%, img/s=136.3, eta=0.0m]
Epoch 1/1:  50%|█████     | 2/4 [00:00<00:00,  4.27it/s, loss=0.6935, acc=56.25%, img/s=136.3, eta=0.0m]
[36m(ClientAppActor pid=31292)[0m 
Epoch 1/1:  50%|█████     | 2/4 [00:00<00:00,  4.27it/s, loss=0.7639, acc=54.17%, img/s=137.0, eta=0.0m]
Epoch 1/1:  75%|███████▌  | 3/4 [00:00<00:00,  4.30it/s, loss=0.7639, acc=54.17%, img/s=137.0, eta=0.0m]
Epoch 1/1:  75%|███████▌  | 3/4 [00:00<00:00,  4.30it/s, loss=0.7257, acc=54.00%, img/s=20.7, eta=0.0m] 
Epoch 1/1: 100%|██████████| 4/4 [00:00<00:00,  5.18it/s, loss=0.7257, acc=54.00%, img/s=20.7, eta=0.0m]

[36m(ClientAppActor pid=31292)[0m Artifact bias shape: torch.Size([10, 8, 197, 197])
[36m(ClientAppActor pid=31292)[0m Accuracy: 0.7000
[36m(ClientAppActor pid=31292)[0m 
[36m(ClientAppActor pid=31292)[0m CLIENT 3 EVALUATION COMPLETE
[36m(ClientAppActor pid=31292)[0m Client 4 using cuda
[36m(ClientAppActor pid=31292)[0m {'fake': 0, 'real': 1}
[36m(ClientAppActor pid=31292)[0m [DEBUG MODE] Train=100, Val=10, Test=10
[36m(ClientAppActor pid=31292)[0m 
[36m(ClientAppActor pid=31292)[0m Client 4 Class Distribution
[36m(ClientAppActor pid=31292)[0m Train: Counter({0: 59, 1: 41})
[36m(ClientAppActor pid=31292)[0m Val  : Counter({0: 6, 1: 4})
[36m(ClientAppActor pid=31292)[0m Test : Counter({1: 7, 0: 3})
[36m(ClientAppActor pid=31292)[0m Client 4
[36m(ClientAppActor pid=31292)[0m Train Images: 100
[36m(ClientAppActor pid=31292)[0m Test Images : 10
[36m(ClientAppActor pid=31292)[0m Validate Images : 10
[36m(ClientAppActor pid=31292)[0m 
[36m(ClientAppActor pid=31292)[0m CLIENT 4 STARTING EVALUATION
[36m(ClientAppActor pid=31292)[0m Client 4 received class memories
[36m(ClientAppActor pid=31292)[0m Real memory norm=0.9906
[36m(ClientAppActor pid=31292)[0m Fake memory norm=0.9889
[36m(ClientAppActor pid=31292)[0m Artifact bias shape: torch.Size([10, 8, 197, 197])
[36m(ClientAppActor pid=31292)[0m Accuracy: 0.3000
[36m(ClientAppActor pid=31292)[0m 
[36m(ClientAppActor pid=31292)[0m CLIENT 4 EVALUATION COMPLETE
[36m(ClientAppActor pid=31292)[0m Client 5 using cuda
[36m(ClientAppActor pid=31292)[0m {'fake': 0, 'real': 1}
[36m(ClientAppActor pid=31292)[0m [DEBUG MODE] Train=100, Val=10, Test=10
[36m(ClientAppActor pid=31292)[0m 
[36m(ClientAppActor pid=31292)[0m Client 5 Class Distribution
[36m(ClientAppActor pid=31292)[0m Train: Counter({0: 55, 1: 45})
[36m(ClientAppActor pid=31292)[0m Val  : Counter({0: 6, 1: 4})
[36m(ClientAppActor pid=31292)[0m Test : Counter({0: 6, 1: 4})
[36m(ClientAppActor pid=31292)[0m Client 5
[36m(ClientAppActor pid=31292)[0m Train Images: 100
[36m(ClientAppActor pid=31292)[0m Test Images : 10
[36m(ClientAppActor pid=31292)[0m Validate Images : 10
[36m(ClientAppActor pid=31292)[0m 
[36m(ClientAppActor pid=31292)[0m CLIENT 5 STARTING EVALUATION
[36m(ClientAppActor pid=31292)[0m Client 5 received class memories
[36m(ClientAppActor pid=31292)[0m Real memory norm=0.9906
[36m(ClientAppActor pid=31292)[0m Fake memory norm=0.9889
[36m(ClientAppActor pid=31292)[0m Artifact bias shape: torch.Size([10, 8, 197, 197])
[36m(ClientAppActor pid=31292)[0m Accuracy: 0.6000
[36m(ClientAppActor pid=31292)[0m 
[36m(ClientAppActor pid=31292)[0m CLIENT 5 EVALUATION COMPLETE
[36m(ClientAppActor pid=31292)[0m Client 1 using cuda
[36m(ClientAppActor pid=31292)[0m {'fake': 0, 'real': 1}
[36m(ClientAppActor pid=31292)[0m [DEBUG MODE] Train=100, Val=10, Test=10
[36m(ClientAppActor pid=31292)[0m 
[36m(ClientAppActor pid=31292)[0m Client 1 Class Distribution
[36m(ClientAppActor pid=31292)[0m Train: Counter({1: 56, 0: 44})
[36m(ClientAppActor pid=31292)[0m Val  : Counter({1: 6, 0: 4})
[36m(ClientAppActor pid=31292)[0m Test : Counter({1: 9, 0: 1})
[36m(ClientAppActor pid=31292)[0m Client 1
[36m(ClientAppActor pid=31292)[0m Train Images: 100
[36m(ClientAppActor pid=31292)[0m Test Images : 10
[36m(ClientAppActor pid=31292)[0m Validate Images : 10
[36m(ClientAppActor pid=31292)[0m 
[36m(ClientAppActor pid=31292)[0m CLIENT 1 STARTING EVALUATION
[36m(ClientAppActor pid=31292)[0m Client 1 received class memories
[36m(ClientAppActor pid=31292)[0m Real memory norm=0.9906
[36m(ClientAppActor pid=31292)[0m Fake memory norm=0.9889
[36m(ClientAppActor pid=31292)[0m Artifact bias shape: torch.Size([10, 8, 197, 197])
[36m(ClientAppActor pid=31292)[0m Accuracy: 0.1000
[36m(ClientAppActor pid=31292)[0m 
[36m(ClientAppActor pid=31292)[0m CLIENT 1 EVALUATION COMPLETE
[36m(ClientAppActor pid=31292)[0m Client 2 using cuda
[36m(ClientAppActor pid=31292)[0m {'fake': 0, 'real': 1}
[36m(ClientAppActor pid=31292)[0m [DEBUG MODE] Train=100, Val=10, Test=10
[36m(ClientAppActor pid=31292)[0m 
[36m(ClientAppActor pid=31292)[0m Client 2 Class Distribution
[36m(ClientAppActor pid=31292)[0m Train: Counter({1: 64, 0: 36})
[36m(ClientAppActor pid=31292)[0m Val  : Counter({1: 6, 0: 4})
[36m(ClientAppActor pid=31292)[0m Test : Counter({1: 6, 0: 4})
[36m(ClientAppActor pid=31292)[0m Client 2
[36m(ClientAppActor pid=31292)[0m Train Images: 100
[36m(ClientAppActor pid=31292)[0m Test Images : 10
[36m(ClientAppActor pid=31292)[0m Validate Images : 10
[36m(ClientAppActor pid=31292)[0m 
[36m(ClientAppActor pid=31292)[0m CLIENT 2 STARTING EVALUATION
[36m(ClientAppActor pid=31292)[0m Client 2 received class memories
[36m(ClientAppActor pid=31292)[0m Real memory norm=0.9906
[36m(ClientAppActor pid=31292)[0m Fake memory norm=0.9889
[36m(ClientAppActor pid=31292)[0m Artifact bias shape: torch.Size([10, 8, 197, 197])
[36m(ClientAppActor pid=31292)[0m Accuracy: 0.4000
[36m(ClientAppActor pid=31292)[0m 
[36m(ClientAppActor pid=31292)[0m CLIENT 2 EVALUATION COMPLETE
[36m(ClientAppActor pid=31292)[0m Client 1 using cuda
[36m(ClientAppActor pid=31292)[0m {'fake': 0, 'real': 1}
[36m(ClientAppActor pid=31292)[0m [DEBUG MODE] Train=100, Val=10, Test=10
[36m(ClientAppActor pid=31292)[0m 
[36m(ClientAppActor pid=31292)[0m Client 1 Class Distribution
[36m(ClientAppActor pid=31292)[0m Train: Counter({1: 56, 0: 44})
[36m(ClientAppActor pid=31292)[0m Val  : Counter({1: 6, 0: 4})
[36m(ClientAppActor pid=31292)[0m Test : Counter({1: 9, 0: 1})
[36m(ClientAppActor pid=31292)[0m Client 1
[36m(ClientAppActor pid=31292)[0m Train Images: 100
[36m(ClientAppActor pid=31292)[0m Test Images : 10
[36m(ClientAppActor pid=31292)[0m Validate Images : 10
[36m(ClientAppActor pid=31292)[0m Client 1 starting fit...
[36m(ClientAppActor pid=31292)[0m Client 1 received class memories
[36m(ClientAppActor pid=31292)[0m Real memory norm=0.9906
[36m(ClientAppActor pid=31292)[0m Fake memory norm=0.9889
[36m(ClientAppActor pid=31292)[0m Client 1 starting training...
[36m(ClientAppActor pid=31292)[0m START classifier norm: 13.058565139770508
[36m(ClientAppActor pid=31292)[0m Artifact bias shape: torch.Size([32, 8, 197, 197])
[36m(ClientAppActor pid=31292)[0m 
[36m(ClientAppActor pid=31292)[0m Batch 0/4
[36m(ClientAppActor pid=31292)[0m GPU Allocated: 1.83 GB
[36m(ClientAppActor pid=31292)[0m GPU Reserved : 4.23 GB
[36m(ClientAppActor pid=31292)[0m 
[36m(ClientAppActor pid=31292)[0m ==================================================
[36m(ClientAppActor pid=31292)[0m Epoch 1 Complete
[36m(ClientAppActor pid=31292)[0m Average Loss : 0.7276
[36m(ClientAppActor pid=31292)[0m Accuracy     : 54.00%
[36m(ClientAppActor pid=31292)[0m Time         : 0.77s
[36m(ClientAppActor pid=31292)[0m Images       : 100
[36m(ClientAppActor pid=31292)[0m Images/sec   : 129.49
[36m(ClientAppActor pid=31292)[0m GPU Allocated: 1.81 GB
[36m(ClientAppActor pid=31292)[0m GPU Reserved : 4.23 GB
[36m(ClientAppActor pid=31292)[0m ==================================================
[36m(ClientAppActor pid=31292)[0m END classifier norm: 13.058405876159668
[36m(ClientAppActor pid=31292)[0m Client 1 finished training
[36m(ClientAppActor pid=31292)[0m Client 1 extracting parameters...
[36m(ClientAppActor pid=31292)[0m Client 1 parameter extraction complete
[36m(ClientAppActor pid=31292)[0m Client 1 returning results
[36m(ClientAppActor pid=31292)[0m Client 4 using cuda
[36m(ClientAppActor pid=31292)[0m {'fake': 0, 'real': 1}
[36m(ClientAppActor pid=31292)[0m [DEBUG MODE] Train=100, Val=10, Test=10
[36m(ClientAppActor pid=31292)[0m 
[36m(ClientAppActor pid=31292)[0m Client 4 Class Distribution
[36m(ClientAppActor pid=31292)[0m Train: Counter({0: 59, 1: 41})
[36m(ClientAppActor pid=31292)[0m Val  : Counter({0: 6, 1: 4})
[36m(ClientAppActor pid=31292)[0m Test : Counter({1: 7, 0: 3})
[36m(ClientAppActor pid=31292)[0m Client 4
[36m(ClientAppActor pid=31292)[0m Train Images: 100
[36m(ClientAppActor pid=31292)[0m 
Epoch 1/1:   0%|          | 0/4 [00:00<?, ?it/s]
[36m(ClientAppActor pid=31292)[0m 
Epoch 1/1:   0%|          | 0/4 [00:00<?, ?it/s, loss=0.6739, acc=62.50%, img/s=134.2, eta=0.0m]
Epoch 1/1:  25%|██▌       | 1/4 [00:00<00:00,  4.19it/s, loss=0.6739, acc=62.50%, img/s=134.2, eta=0.0m]
[36m(ClientAppActor pid=31292)[0m 
Epoch 1/1:  25%|██▌       | 1/4 [00:00<00:00,  4.19it/s, loss=0.8921, acc=56.25%, img/s=136.2, eta=0.0m]
Epoch 1/1:  50%|█████     | 2/4 [00:00<00:00,  4.27it/s, loss=0.8921, acc=56.25%, img/s=136.2, eta=0.0m]
[36m(ClientAppActor pid=31292)[0m 
Epoch 1/1:  50%|█████     | 2/4 [00:00<00:00,  4.27it/s, loss=0.6977, acc=56.25%, img/s=137.2, eta=0.0m]
Epoch 1/1:  75%|███████▌  | 3/4 [00:00<00:00,  4.31it/s, loss=0.6977, acc=56.25%, img/s=137.2, eta=0.0m]
[36m(ClientAppActor pid=31292)[0m 
Epoch 1/1:  75%|███████▌  | 3/4 [00:00<00:00,  4.31it/s, loss=0.6677, acc=57.00%, img/s=20.7, eta=0.0m] 
Epoch 1/1: 100%|██████████| 4/4 [00:00<00:00,  5.17it/s, loss=0.6677, acc=57.00%, img/s=20.7, eta=0.0m]
[36m(ClientAppActor pid=31292)[0m 
Epoch 1/1:   0%|          | 0/4 [00:00<?, ?it/s]
[36m(ClientAppActor pid=31292)[0m 
Epoch 1/1:   0%|          | 0/4 [00:00<?, ?it/s, loss=0.7197, acc=37.50%, img/s=132.1, eta=0.0m]
Epoch 1/1:  25%|██▌       | 1/4 [00:00<00:00,  4.13it/s, loss=0.7197, acc=37.50%, img/s=132.1, eta=0.0m]
[36m(ClientAppActor pid=31292)[0m 
Epoch 1/1:  25%|██▌       | 1/4 [00:00<00:00,  4.13it/s, loss=0.7835, acc=39.06%, img/s=135.3, eta=0.0m]
Epoch 1/1:  50%|█████     | 2/4 [00:00<00:00,  4.25it/s, loss=0.7835, acc=39.06%, img/s=135.3, eta=0.0m]
[36m(ClientAppActor pid=31292)[0m 
Epoch 1/1:  50%|█████     | 2/4 [00:00<00:00,  4.25it/s, loss=0.7231, acc=40.62%, img/s=136.6, eta=0.0m]
Epoch 1/1:  75%|███████▌  | 3/4 [00:00<00:00,  4.29it/s, loss=0.7231, acc=40.62%, img/s=136.6, eta=0.0m]
[36m(ClientAppActor pid=31292)[0m 
Epoch 1/1:  75%|███████▌  | 3/4 [00:00<00:00,  4.29it/s, loss=0.8395, acc=41.00%, img/s=20.6, eta=0.0m] 
Epoch 1/1: 100%|██████████| 4/4 [00:00<00:00,  5.15it/s, loss=0.8395, acc=41.00%, img/s=20.6, eta=0.0m]
[36m(ClientAppActor pid=31292)[0m 
Epoch 1/1:   0%|          | 0/4 [00:00<?, ?it/s]
[36m(ClientAppActor pid=31292)[0m 
Epoch 1/1:   0%|          | 0/4 [00:00<?, ?it/s, loss=0.7294, acc=40.62%, img/s=133.7, eta=0.0m]
Epoch 1/1:  25%|██▌       | 1/4 [00:00<00:00,  4.18it/s, loss=0.7294, acc=40.62%, img/s=133.7, eta=0.0m]
[36m(ClientAppActor pid=31292)[0m 
Epoch 1/1:  25%|██▌       | 1/4 [00:00<00:00,  4.18it/s, loss=0.6893, acc=50.00%, img/s=136.0, eta=0.0m]
Epoch 1/1:  50%|█████     | 2/4 [00:00<00:00,  4.26it/s, loss=0.6893, acc=50.00%, img/s=136.0, eta=0.0m]
[36m(ClientAppActor pid=31292)[0m 
Epoch 1/1:  50%|█████     | 2/4 [00:00<00:00,  4.26it/s, loss=0.5927, acc=59.38%, img/s=137.3, eta=0.0m]
Epoch 1/1:  75%|███████▌  | 3/4 [00:00<00:00,  4.31it/s, loss=0.5927, acc=59.38%, img/s=137.3, eta=0.0m]
Epoch 1/1:  75%|███████▌  | 3/4 [00:00<00:00,  4.31it/s, loss=0.3606, acc=61.00%, img/s=20.8, eta=0.0m] 
Epoch 1/1: 100%|██████████| 4/4 [00:00<00:00,  5.19it/s, loss=0.3606, acc=61.00%, img/s=20.8, eta=0.0m]
[36m(ClientAppActor pid=31292)[0m 
Epoch 1/1:   0%|          | 0/4 [00:00<?, ?it/s]
[36m(ClientAppActor pid=31292)[0m 
Epoch 1/1:   0%|          | 0/4 [00:00<?, ?it/s, loss=0.7033, acc=50.00%, img/s=132.7, eta=0.0m]
Epoch 1/1:  25%|██▌       | 1/4 [00:00<00:00,  4.14it/s, loss=0.7033, acc=50.00%, img/s=132.7, eta=0.0m]
[36m(ClientAppActor pid=31292)[0m 
Epoch 1/1:  25%|██▌       | 1/4 [00:00<00:00,  4.14it/s, loss=0.8255, acc=46.88%, img/s=135.4, eta=0.0m]
Epoch 1/1:  50%|█████     | 2/4 [00:00<00:00,  4.25it/s, loss=0.8255, acc=46.88%, img/s=135.4, eta=0.0m]
[36m(ClientAppActor pid=31292)[0m 
Epoch 1/1:  50%|█████     | 2/4 [00:00<00:00,  4.25it/s, loss=0.6906, acc=51.04%, img/s=136.9, eta=0.0m]
Epoch 1/1:  75%|███████▌  | 3/4 [00:00<00:00,  4.30it/s, loss=0.6906, acc=51.04%, img/s=136.9, eta=0.0m]
[36m(ClientAppActor pid=31292)[0m Test Images : 10
[36m(ClientAppActor pid=31292)[0m Validate Images : 10
[36m(ClientAppActor pid=31292)[0m Client 4 starting fit...
[36m(ClientAppActor pid=31292)[0m Client 4 received class memories
[36m(ClientAppActor pid=31292)[0m Real memory norm=0.9906
[36m(ClientAppActor pid=31292)[0m Fake memory norm=0.9889
[36m(ClientAppActor pid=31292)[0m Client 4 starting training...
[36m(ClientAppActor pid=31292)[0m START classifier norm: 13.058565139770508
[36m(ClientAppActor pid=31292)[0m Artifact bias shape: torch.Size([32, 8, 197, 197])
[36m(ClientAppActor pid=31292)[0m 
[36m(ClientAppActor pid=31292)[0m Batch 0/4
[36m(ClientAppActor pid=31292)[0m GPU Allocated: 1.83 GB
[36m(ClientAppActor pid=31292)[0m GPU Reserved : 4.23 GB
[36m(ClientAppActor pid=31292)[0m 
[36m(ClientAppActor pid=31292)[0m ==================================================
[36m(ClientAppActor pid=31292)[0m Epoch 1 Complete
[36m(ClientAppActor pid=31292)[0m Average Loss : 0.7329
[36m(ClientAppActor pid=31292)[0m Accuracy     : 57.00%
[36m(ClientAppActor pid=31292)[0m Time         : 0.77s
[36m(ClientAppActor pid=31292)[0m Images       : 100
[36m(ClientAppActor pid=31292)[0m Images/sec   : 129.23
[36m(ClientAppActor pid=31292)[0m GPU Allocated: 1.81 GB
[36m(ClientAppActor pid=31292)[0m GPU Reserved : 4.23 GB
[36m(ClientAppActor pid=31292)[0m ==================================================
[36m(ClientAppActor pid=31292)[0m END classifier norm: 13.058144569396973
[36m(ClientAppActor pid=31292)[0m Client 4 finished training
[36m(ClientAppActor pid=31292)[0m Client 4 extracting parameters...
[36m(ClientAppActor pid=31292)[0m Client 4 parameter extraction complete
[36m(ClientAppActor pid=31292)[0m Client 4 returning results
[36m(ClientAppActor pid=31292)[0m Client 5 using cuda
[36m(ClientAppActor pid=31292)[0m {'fake': 0, 'real': 1}
[36m(ClientAppActor pid=31292)[0m [DEBUG MODE] Train=100, Val=10, Test=10
[36m(ClientAppActor pid=31292)[0m 
[36m(ClientAppActor pid=31292)[0m Client 5 Class Distribution
[36m(ClientAppActor pid=31292)[0m Train: Counter({0: 55, 1: 45})
[36m(ClientAppActor pid=31292)[0m Val  : Counter({0: 6, 1: 4})
[36m(ClientAppActor pid=31292)[0m Test : Counter({0: 6, 1: 4})
[36m(ClientAppActor pid=31292)[0m Client 5
[36m(ClientAppActor pid=31292)[0m Train Images: 100
[36m(ClientAppActor pid=31292)[0m Test Images : 10
[36m(ClientAppActor pid=31292)[0m Validate Images : 10
[36m(ClientAppActor pid=31292)[0m Client 5 starting fit...
[36m(ClientAppActor pid=31292)[0m Client 5 received class memories
[36m(ClientAppActor pid=31292)[0m Real memory norm=0.9906
[36m(ClientAppActor pid=31292)[0m Fake memory norm=0.9889
[36m(ClientAppActor pid=31292)[0m Client 5 starting training...
[36m(ClientAppActor pid=31292)[0m START classifier norm: 13.058565139770508
[36m(ClientAppActor pid=31292)[0m Artifact bias shape: torch.Size([32, 8, 197, 197])
[36m(ClientAppActor pid=31292)[0m 
[36m(ClientAppActor pid=31292)[0m Batch 0/4
[36m(ClientAppActor pid=31292)[0m GPU Allocated: 1.83 GB
[36m(ClientAppActor pid=31292)[0m GPU Reserved : 4.23 GB
[36m(ClientAppActor pid=31292)[0m 
[36m(ClientAppActor pid=31292)[0m ==================================================
[36m(ClientAppActor pid=31292)[0m Epoch 1 Complete
[36m(ClientAppActor pid=31292)[0m Average Loss : 0.7664
[36m(ClientAppActor pid=31292)[0m Accuracy     : 41.00%
[36m(ClientAppActor pid=31292)[0m Time         : 0.78s
[36m(ClientAppActor pid=31292)[0m Images       : 100
[36m(ClientAppActor pid=31292)[0m Images/sec   : 128.76
[36m(ClientAppActor pid=31292)[0m GPU Allocated: 1.81 GB
[36m(ClientAppActor pid=31292)[0m GPU Reserved : 4.23 GB
[36m(ClientAppActor pid=31292)[0m ==================================================
[36m(ClientAppActor pid=31292)[0m END classifier norm: 13.058441162109375
[36m(ClientAppActor pid=31292)[0m Client 5 finished training
[36m(ClientAppActor pid=31292)[0m Client 5 extracting parameters...
[36m(ClientAppActor pid=31292)[0m Client 5 parameter extraction complete
[36m(ClientAppActor pid=31292)[0m Client 5 returning results
[36m(ClientAppActor pid=31292)[0m Client 2 using cuda
[36m(ClientAppActor pid=31292)[0m {'fake': 0, 'real': 1}
[36m(ClientAppActor pid=31292)[0m [DEBUG MODE] Train=100, Val=10, Test=10
[36m(ClientAppActor pid=31292)[0m 
[36m(ClientAppActor pid=31292)[0m Client 2 Class Distribution
[36m(ClientAppActor pid=31292)[0m Train: Counter({1: 64, 0: 36})
[36m(ClientAppActor pid=31292)[0m Val  : Counter({1: 6, 0: 4})
[36m(ClientAppActor pid=31292)[0m Test : Counter({1: 6, 0: 4})
[36m(ClientAppActor pid=31292)[0m Client 2
[36m(ClientAppActor pid=31292)[0m Train Images: 100
[36m(ClientAppActor pid=31292)[0m Test Images : 10
[36m(ClientAppActor pid=31292)[0m Validate Images : 10
[36m(ClientAppActor pid=31292)[0m Client 2 starting fit...
[36m(ClientAppActor pid=31292)[0m Client 2 received class memories
[36m(ClientAppActor pid=31292)[0m Real memory norm=0.9906
[36m(ClientAppActor pid=31292)[0m Fake memory norm=0.9889
[36m(ClientAppActor pid=31292)[0m Client 2 starting training...
[36m(ClientAppActor pid=31292)[0m START classifier norm: 13.058565139770508
[36m(ClientAppActor pid=31292)[0m Artifact bias shape: torch.Size([32, 8, 197, 197])
[36m(ClientAppActor pid=31292)[0m 
[36m(ClientAppActor pid=31292)[0m Batch 0/4
[36m(ClientAppActor pid=31292)[0m GPU Allocated: 1.83 GB
[36m(ClientAppActor pid=31292)[0m GPU Reserved : 4.23 GB
[36m(ClientAppActor pid=31292)[0m 
[36m(ClientAppActor pid=31292)[0m ==================================================
[36m(ClientAppActor pid=31292)[0m Epoch 1 Complete
[36m(ClientAppActor pid=31292)[0m Average Loss : 0.5930
[36m(ClientAppActor pid=31292)[0m Accuracy     : 61.00%
[36m(ClientAppActor pid=31292)[0m Time         : 0.77s
[36m(ClientAppActor pid=31292)[0m Images       : 100
[36m(ClientAppActor pid=31292)[0m Images/sec   : 129.77
[36m(ClientAppActor pid=31292)[0m GPU Allocated: 1.81 GB
[36m(ClientAppActor pid=31292)[0m GPU Reserved : 4.23 GB
[36m(ClientAppActor pid=31292)[0m ==================================================
[36m(ClientAppActor pid=31292)[0m END classifier norm: 13.058854103088379
[36m(ClientAppActor pid=31292)[0m Client 2 finished training
[36m(ClientAppActor pid=31292)[0m Client 2 extracting parameters...
[36m(ClientAppActor pid=31292)[0m Client 2 parameter extraction complete
[36m(ClientAppActor pid=31292)[0m Client 2 returning results
[36m(ClientAppActor pid=31292)[0m Client 3 using cuda
[36m(ClientAppActor pid=31292)[0m {'fake': 0, 'real': 1}
[36m(ClientAppActor pid=31292)[0m [DEBUG MODE] Train=100, Val=10, Test=10
[36m(ClientAppActor pid=31292)[0m 
[36m(ClientAppActor pid=31292)[0m Client 3 Class Distribution
[36m(ClientAppActor pid=31292)[0m Train: Counter({1: 55, 0: 45})
[36m(ClientAppActor pid=31292)[0m Val  : Counter({0: 6, 1: 4})
[36m(ClientAppActor pid=31292)[0m Test : Counter({0: 7, 1: 3})
[36m(ClientAppActor pid=31292)[0m Client 3
[36m(ClientAppActor pid=31292)[0m Train Images: 100
[36m(ClientAppActor pid=31292)[0m Test Images : 10
[36m(ClientAppActor pid=31292)[0m Validate Images : 10
[36m(ClientAppActor pid=31292)[0m Client 3 starting fit...
[36m(ClientAppActor pid=31292)[0m Client 3 received class memories
[36m(ClientAppActor pid=31292)[0m Real memory norm=0.9906
[36m(ClientAppActor pid=31292)[0m Fake memory norm=0.9889
[36m(ClientAppActor pid=31292)[0m Client 3 starting training...
[36m(ClientAppActor pid=31292)[0m START classifier norm: 13.058565139770508
[36m(ClientAppActor pid=31292)[0m Artifact bias shape: torch.Size([32, 8, 197, 197])
[36m(ClientAppActor pid=31292)[0m 
[36m(ClientAppActor pid=31292)[0m Batch 0/4
[36m(ClientAppActor pid=31292)[0m GPU Allocated: 1.83 GB
[36m(ClientAppActor pid=31292)[0m GPU Reserved : 4.23 GB
[36m(ClientAppActor pid=31292)[0m 
[36m(ClientAppActor pid=31292)[0m ==================================================
[36m(ClientAppActor pid=31292)[0m Epoch 1 Complete
[36m(ClientAppActor pid=31292)[0m 
Epoch 1/1:  75%|███████▌  | 3/4 [00:00<00:00,  4.30it/s, loss=0.2852, acc=53.00%, img/s=20.7, eta=0.0m] 
Epoch 1/1: 100%|██████████| 4/4 [00:00<00:00,  5.17it/s, loss=0.2852, acc=53.00%, img/s=20.7, eta=0.0m]
[92mINFO [0m:      aggregate_fit: received 5 results and 0 failures
[92mINFO [0m:      configure_evaluate: strategy sampled 5 clients (out of 5)
[36m(ClientAppActor pid=31292)[0m 
Testing:   0%|          | 0/1 [00:00<?, ?it/s]
[36m(ClientAppActor pid=31292)[0m 
Testing: 100%|██████████| 1/1 [00:00<00:00, 19.00it/s]
[36m(ClientAppActor pid=31292)[0m 
Testing:   0%|          | 0/1 [00:00<?, ?it/s]
[36m(ClientAppActor pid=31292)[0m 
Testing: 100%|██████████| 1/1 [00:00<00:00, 20.25it/s]
[36m(ClientAppActor pid=31292)[0m 
Testing:   0%|          | 0/1 [00:00<?, ?it/s]
[36m(ClientAppActor pid=31292)[0m 
Testing: 100%|██████████| 1/1 [00:00<00:00, 20.66it/s]
[36m(ClientAppActor pid=31292)[0m 
Testing:   0%|          | 0/1 [00:00<?, ?it/s]
Testing: 100%|██████████| 1/1 [00:00<00:00, 21.15it/s]
[92mINFO [0m:      aggregate_evaluate: received 5 results and 0 failures
[92mINFO [0m:      
[92mINFO [0m:      [ROUND 4]
[92mINFO [0m:      configure_fit: strategy sampled 5 clients (out of 5)
[36m(ClientAppActor pid=31292)[0m 
Testing:   0%|          | 0/1 [00:00<?, ?it/s]
Testing: 100%|██████████| 1/1 [00:00<00:00, 21.19it/s]
[36m(ClientAppActor pid=31292)[0m Average Loss : 0.6261
[36m(ClientAppActor pid=31292)[0m Accuracy     : 53.00%
[36m(ClientAppActor pid=31292)[0m Time         : 0.77s
[36m(ClientAppActor pid=31292)[0m Images       : 100
[36m(ClientAppActor pid=31292)[0m Images/sec   : 129.21
[36m(ClientAppActor pid=31292)[0m GPU Allocated: 1.81 GB
[36m(ClientAppActor pid=31292)[0m GPU Reserved : 4.23 GB
[36m(ClientAppActor pid=31292)[0m ==================================================
[36m(ClientAppActor pid=31292)[0m END classifier norm: 13.058989524841309
[36m(ClientAppActor pid=31292)[0m Client 3 finished training
[36m(ClientAppActor pid=31292)[0m Client 3 extracting parameters...
[36m(ClientAppActor pid=31292)[0m Client 3 parameter extraction complete
[36m(ClientAppActor pid=31292)[0m Client 3 returning results

FAFT Round 3: results=5, failures=0

Round 3 Prototype Aggregated

Real memory norm = 0.9898
Fake memory norm = 0.9883
Saved: saved_models/global_model_round_3.pth
Round 3: model saved successfully
Broadcasting 205 tensors (203 weights + memory)
[36m(ClientAppActor pid=31292)[0m Client 5 using cuda
[36m(ClientAppActor pid=31292)[0m {'fake': 0, 'real': 1}
[36m(ClientAppActor pid=31292)[0m [DEBUG MODE] Train=100, Val=10, Test=10
[36m(ClientAppActor pid=31292)[0m 
[36m(ClientAppActor pid=31292)[0m Client 5 Class Distribution
[36m(ClientAppActor pid=31292)[0m Train: Counter({0: 55, 1: 45})
[36m(ClientAppActor pid=31292)[0m Val  : Counter({0: 6, 1: 4})
[36m(ClientAppActor pid=31292)[0m Test : Counter({0: 6, 1: 4})
[36m(ClientAppActor pid=31292)[0m Client 5
[36m(ClientAppActor pid=31292)[0m Train Images: 100
[36m(ClientAppActor pid=31292)[0m Test Images : 10
[36m(ClientAppActor pid=31292)[0m Validate Images : 10
[36m(ClientAppActor pid=31292)[0m 
[36m(ClientAppActor pid=31292)[0m CLIENT 5 STARTING EVALUATION
[36m(ClientAppActor pid=31292)[0m Client 5 received class memories
[36m(ClientAppActor pid=31292)[0m Real memory norm=0.9898
[36m(ClientAppActor pid=31292)[0m Fake memory norm=0.9883
[36m(ClientAppActor pid=31292)[0m Artifact bias shape: torch.Size([10, 8, 197, 197])
[36m(ClientAppActor pid=31292)[0m Accuracy: 0.4000
[36m(ClientAppActor pid=31292)[0m 
[36m(ClientAppActor pid=31292)[0m CLIENT 5 EVALUATION COMPLETE
[36m(ClientAppActor pid=31292)[0m Client 4 using cuda
[36m(ClientAppActor pid=31292)[0m {'fake': 0, 'real': 1}
[36m(ClientAppActor pid=31292)[0m [DEBUG MODE] Train=100, Val=10, Test=10
[36m(ClientAppActor pid=31292)[0m 
[36m(ClientAppActor pid=31292)[0m Client 4 Class Distribution
[36m(ClientAppActor pid=31292)[0m Train: Counter({0: 59, 1: 41})
[36m(ClientAppActor pid=31292)[0m Val  : Counter({0: 6, 1: 4})
[36m(ClientAppActor pid=31292)[0m Test : Counter({1: 7, 0: 3})
[36m(ClientAppActor pid=31292)[0m Client 4
[36m(ClientAppActor pid=31292)[0m Train Images: 100
[36m(ClientAppActor pid=31292)[0m Test Images : 10
[36m(ClientAppActor pid=31292)[0m Validate Images : 10
[36m(ClientAppActor pid=31292)[0m 
[36m(ClientAppActor pid=31292)[0m CLIENT 4 STARTING EVALUATION
[36m(ClientAppActor pid=31292)[0m Client 4 received class memories
[36m(ClientAppActor pid=31292)[0m Real memory norm=0.9898
[36m(ClientAppActor pid=31292)[0m Fake memory norm=0.9883
[36m(ClientAppActor pid=31292)[0m Artifact bias shape: torch.Size([10, 8, 197, 197])
[36m(ClientAppActor pid=31292)[0m Accuracy: 0.7000
[36m(ClientAppActor pid=31292)[0m 
[36m(ClientAppActor pid=31292)[0m CLIENT 4 EVALUATION COMPLETE
[36m(ClientAppActor pid=31292)[0m Client 1 using cuda
[36m(ClientAppActor pid=31292)[0m {'fake': 0, 'real': 1}
[36m(ClientAppActor pid=31292)[0m [DEBUG MODE] Train=100, Val=10, Test=10
[36m(ClientAppActor pid=31292)[0m 
[36m(ClientAppActor pid=31292)[0m Client 1 Class Distribution
[36m(ClientAppActor pid=31292)[0m Train: Counter({1: 56, 0: 44})
[36m(ClientAppActor pid=31292)[0m Val  : Counter({1: 6, 0: 4})
[36m(ClientAppActor pid=31292)[0m Test : Counter({1: 9, 0: 1})
[36m(ClientAppActor pid=31292)[0m Client 1
[36m(ClientAppActor pid=31292)[0m Train Images: 100
[36m(ClientAppActor pid=31292)[0m Test Images : 10
[36m(ClientAppActor pid=31292)[0m Validate Images : 10
[36m(ClientAppActor pid=31292)[0m 
[36m(ClientAppActor pid=31292)[0m CLIENT 1 STARTING EVALUATION
[36m(ClientAppActor pid=31292)[0m Client 1 received class memories
[36m(ClientAppActor pid=31292)[0m Real memory norm=0.9898
[36m(ClientAppActor pid=31292)[0m Fake memory norm=0.9883
[36m(ClientAppActor pid=31292)[0m Artifact bias shape: torch.Size([10, 8, 197, 197])
[36m(ClientAppActor pid=31292)[0m Accuracy: 0.9000
[36m(ClientAppActor pid=31292)[0m 
[36m(ClientAppActor pid=31292)[0m CLIENT 1 EVALUATION COMPLETE
[36m(ClientAppActor pid=31292)[0m Client 2 using cuda
[36m(ClientAppActor pid=31292)[0m {'fake': 0, 'real': 1}
[36m(ClientAppActor pid=31292)[0m [DEBUG MODE] Train=100, Val=10, Test=10
[36m(ClientAppActor pid=31292)[0m 
[36m(ClientAppActor pid=31292)[0m Client 2 Class Distribution
[36m(ClientAppActor pid=31292)[0m Train: Counter({1: 64, 0: 36})
[36m(ClientAppActor pid=31292)[0m Val  : Counter({1: 6, 0: 4})
[36m(ClientAppActor pid=31292)[0m Test : Counter({1: 6, 0: 4})
[36m(ClientAppActor pid=31292)[0m Client 2
[36m(ClientAppActor pid=31292)[0m Train Images: 100
[36m(ClientAppActor pid=31292)[0m Test Images : 10
[36m(ClientAppActor pid=31292)[0m Validate Images : 10
[36m(ClientAppActor pid=31292)[0m 
[36m(ClientAppActor pid=31292)[0m CLIENT 2 STARTING EVALUATION
[36m(ClientAppActor pid=31292)[0m Client 2 received class memories
[36m(ClientAppActor pid=31292)[0m Real memory norm=0.9898
[36m(ClientAppActor pid=31292)[0m Fake memory norm=0.9883
[36m(ClientAppActor pid=31292)[0m Artifact bias shape: torch.Size([10, 8, 197, 197])
[36m(ClientAppActor pid=31292)[0m Accuracy: 0.6000
[36m(ClientAppActor pid=31292)[0m 
[36m(ClientAppActor pid=31292)[0m CLIENT 2 EVALUATION COMPLETE
[36m(ClientAppActor pid=31292)[0m Client 3 using cuda
[36m(ClientAppActor pid=31292)[0m {'fake': 0, 'real': 1}
[36m(ClientAppActor pid=31292)[0m [DEBUG MODE] Train=100, Val=10, Test=10
[36m(ClientAppActor pid=31292)[0m 
[36m(ClientAppActor pid=31292)[0m Client 3 Class Distribution
[36m(ClientAppActor pid=31292)[0m Train: Counter({1: 55, 0: 45})
[36m(ClientAppActor pid=31292)[0m Val  : Counter({0: 6, 1: 4})
[36m(ClientAppActor pid=31292)[0m Test : Counter({0: 7, 1: 3})
[36m(ClientAppActor pid=31292)[0m Client 3
[36m(ClientAppActor pid=31292)[0m Train Images: 100
[36m(ClientAppActor pid=31292)[0m Test Images : 10
[36m(ClientAppActor pid=31292)[0m Validate Images : 10
[36m(ClientAppActor pid=31292)[0m 
[36m(ClientAppActor pid=31292)[0m CLIENT 3 STARTING EVALUATION
[36m(ClientAppActor pid=31292)[0m Client 3 received class memories
[36m(ClientAppActor pid=31292)[0m Real memory norm=0.9898
[36m(ClientAppActor pid=31292)[0m Fake memory norm=0.9883
[36m(ClientAppActor pid=31292)[0m Artifact bias shape: torch.Size([10, 8, 197, 197])
[36m(ClientAppActor pid=31292)[0m Accuracy: 0.3000
[36m(ClientAppActor pid=31292)[0m 
[36m(ClientAppActor pid=31292)[0m CLIENT 3 EVALUATION COMPLETE
[36m(ClientAppActor pid=31292)[0m Client 5 using cuda
[36m(ClientAppActor pid=31292)[0m {'fake': 0, 'real': 1}
[36m(ClientAppActor pid=31292)[0m [DEBUG MODE] Train=100, Val=10, Test=10
[36m(ClientAppActor pid=31292)[0m 
[36m(ClientAppActor pid=31292)[0m Client 5 Class Distribution
[36m(ClientAppActor pid=31292)[0m Train: Counter({0: 55, 1: 45})
[36m(ClientAppActor pid=31292)[0m Val  : Counter({0: 6, 1: 4})
[36m(ClientAppActor pid=31292)[0m Test : Counter({0: 6, 1: 4})
[36m(ClientAppActor pid=31292)[0m Client 5
[36m(ClientAppActor pid=31292)[0m Train Images: 100
[36m(ClientAppActor pid=31292)[0m Test Images : 10
[36m(ClientAppActor pid=31292)[0m Validate Images : 10
[36m(ClientAppActor pid=31292)[0m Client 5 starting fit...
[36m(ClientAppActor pid=31292)[0m Client 5 received class memories
[36m(ClientAppActor pid=31292)[0m Real memory norm=0.9898
[36m(ClientAppActor pid=31292)[0m Fake memory norm=0.9883
[36m(ClientAppActor pid=31292)[0m 
Epoch 1/1:   0%|          | 0/4 [00:00<?, ?it/s]
[36m(ClientAppActor pid=31292)[0m 
Epoch 1/1:   0%|          | 0/4 [00:00<?, ?it/s, loss=0.7438, acc=40.62%, img/s=132.5, eta=0.0m]
Epoch 1/1:  25%|██▌       | 1/4 [00:00<00:00,  4.14it/s, loss=0.7438, acc=40.62%, img/s=132.5, eta=0.0m]
[36m(ClientAppActor pid=31292)[0m 
Epoch 1/1:  25%|██▌       | 1/4 [00:00<00:00,  4.14it/s, loss=0.8043, acc=43.75%, img/s=135.3, eta=0.0m]
Epoch 1/1:  50%|█████     | 2/4 [00:00<00:00,  4.24it/s, loss=0.8043, acc=43.75%, img/s=135.3, eta=0.0m]
[36m(ClientAppActor pid=31292)[0m 
Epoch 1/1:  50%|█████     | 2/4 [00:00<00:00,  4.24it/s, loss=0.6343, acc=51.04%, img/s=136.2, eta=0.0m]
Epoch 1/1:  75%|███████▌  | 3/4 [00:00<00:00,  4.27it/s, loss=0.6343, acc=51.04%, img/s=136.2, eta=0.0m]
[36m(ClientAppActor pid=31292)[0m 
Epoch 1/1:  75%|███████▌  | 3/4 [00:00<00:00,  4.27it/s, loss=0.7640, acc=51.00%, img/s=20.5, eta=0.0m] 
Epoch 1/1: 100%|██████████| 4/4 [00:00<00:00,  5.13it/s, loss=0.7640, acc=51.00%, img/s=20.5, eta=0.0m]
[36m(ClientAppActor pid=31292)[0m 
Epoch 1/1:   0%|          | 0/4 [00:00<?, ?it/s]
[36m(ClientAppActor pid=31292)[0m 
Epoch 1/1:   0%|          | 0/4 [00:00<?, ?it/s, loss=0.6722, acc=59.38%, img/s=132.9, eta=0.0m]
Epoch 1/1:  25%|██▌       | 1/4 [00:00<00:00,  4.15it/s, loss=0.6722, acc=59.38%, img/s=132.9, eta=0.0m]
[36m(ClientAppActor pid=31292)[0m 
Epoch 1/1:  25%|██▌       | 1/4 [00:00<00:00,  4.15it/s, loss=0.7374, acc=51.56%, img/s=135.4, eta=0.0m]
Epoch 1/1:  50%|█████     | 2/4 [00:00<00:00,  4.24it/s, loss=0.7374, acc=51.56%, img/s=135.4, eta=0.0m]
[36m(ClientAppActor pid=31292)[0m 
Epoch 1/1:  50%|█████     | 2/4 [00:00<00:00,  4.24it/s, loss=0.7387, acc=48.96%, img/s=136.6, eta=0.0m]
Epoch 1/1:  75%|███████▌  | 3/4 [00:00<00:00,  4.29it/s, loss=0.7387, acc=48.96%, img/s=136.6, eta=0.0m]
[36m(ClientAppActor pid=31292)[0m 
Epoch 1/1:  75%|███████▌  | 3/4 [00:00<00:00,  4.29it/s, loss=0.7263, acc=48.00%, img/s=21.4, eta=0.0m] 
Epoch 1/1: 100%|██████████| 4/4 [00:00<00:00,  5.34it/s, loss=0.7263, acc=48.00%, img/s=21.4, eta=0.0m]
[36m(ClientAppActor pid=31292)[0m 
Epoch 1/1:   0%|          | 0/4 [00:00<?, ?it/s]
[36m(ClientAppActor pid=31292)[0m 
Epoch 1/1:   0%|          | 0/4 [00:00<?, ?it/s, loss=0.6140, acc=65.62%, img/s=134.7, eta=0.0m]
Epoch 1/1:  25%|██▌       | 1/4 [00:00<00:00,  4.20it/s, loss=0.6140, acc=65.62%, img/s=134.7, eta=0.0m]
[36m(ClientAppActor pid=31292)[0m 
Epoch 1/1:  25%|██▌       | 1/4 [00:00<00:00,  4.20it/s, loss=0.6610, acc=67.19%, img/s=136.5, eta=0.0m]
Epoch 1/1:  50%|█████     | 2/4 [00:00<00:00,  4.28it/s, loss=0.6610, acc=67.19%, img/s=136.5, eta=0.0m]
[36m(ClientAppActor pid=31292)[0m 
Epoch 1/1:  50%|█████     | 2/4 [00:00<00:00,  4.28it/s, loss=0.7090, acc=62.50%, img/s=137.6, eta=0.0m]
Epoch 1/1:  75%|███████▌  | 3/4 [00:00<00:00,  4.32it/s, loss=0.7090, acc=62.50%, img/s=137.6, eta=0.0m]
Epoch 1/1:  75%|███████▌  | 3/4 [00:00<00:00,  4.32it/s, loss=0.6357, acc=63.00%, img/s=21.6, eta=0.0m] 
Epoch 1/1: 100%|██████████| 4/4 [00:00<00:00,  5.39it/s, loss=0.6357, acc=63.00%, img/s=21.6, eta=0.0m]
[36m(ClientAppActor pid=31292)[0m 
Epoch 1/1:   0%|          | 0/4 [00:00<?, ?it/s]
[36m(ClientAppActor pid=31292)[0m 
Epoch 1/1:   0%|          | 0/4 [00:00<?, ?it/s, loss=0.7461, acc=43.75%, img/s=132.4, eta=0.0m]
Epoch 1/1:  25%|██▌       | 1/4 [00:00<00:00,  4.14it/s, loss=0.7461, acc=43.75%, img/s=132.4, eta=0.0m]
[36m(ClientAppActor pid=31292)[0m 
Epoch 1/1:  25%|██▌       | 1/4 [00:00<00:00,  4.14it/s, loss=0.7112, acc=50.00%, img/s=135.0, eta=0.0m]
Epoch 1/1:  50%|█████     | 2/4 [00:00<00:00,  4.23it/s, loss=0.7112, acc=50.00%, img/s=135.0, eta=0.0m]
[36m(ClientAppActor pid=31292)[0m Client 5 starting training...
[36m(ClientAppActor pid=31292)[0m START classifier norm: 13.058335304260254
[36m(ClientAppActor pid=31292)[0m Artifact bias shape: torch.Size([32, 8, 197, 197])
[36m(ClientAppActor pid=31292)[0m 
[36m(ClientAppActor pid=31292)[0m Batch 0/4
[36m(ClientAppActor pid=31292)[0m GPU Allocated: 1.83 GB
[36m(ClientAppActor pid=31292)[0m GPU Reserved : 4.23 GB
[36m(ClientAppActor pid=31292)[0m 
[36m(ClientAppActor pid=31292)[0m ==================================================
[36m(ClientAppActor pid=31292)[0m Epoch 1 Complete
[36m(ClientAppActor pid=31292)[0m Average Loss : 0.7366
[36m(ClientAppActor pid=31292)[0m Accuracy     : 51.00%
[36m(ClientAppActor pid=31292)[0m Time         : 0.78s
[36m(ClientAppActor pid=31292)[0m Images       : 100
[36m(ClientAppActor pid=31292)[0m Images/sec   : 128.23
[36m(ClientAppActor pid=31292)[0m GPU Allocated: 1.81 GB
[36m(ClientAppActor pid=31292)[0m GPU Reserved : 4.23 GB
[36m(ClientAppActor pid=31292)[0m ==================================================
[36m(ClientAppActor pid=31292)[0m END classifier norm: 13.058012008666992
[36m(ClientAppActor pid=31292)[0m Client 5 finished training
[36m(ClientAppActor pid=31292)[0m Client 5 extracting parameters...
[36m(ClientAppActor pid=31292)[0m Client 5 parameter extraction complete
[36m(ClientAppActor pid=31292)[0m Client 5 returning results
[36m(ClientAppActor pid=31292)[0m Client 1 using cuda
[36m(ClientAppActor pid=31292)[0m {'fake': 0, 'real': 1}
[36m(ClientAppActor pid=31292)[0m [DEBUG MODE] Train=100, Val=10, Test=10
[36m(ClientAppActor pid=31292)[0m 
[36m(ClientAppActor pid=31292)[0m Client 1 Class Distribution
[36m(ClientAppActor pid=31292)[0m Train: Counter({1: 56, 0: 44})
[36m(ClientAppActor pid=31292)[0m Val  : Counter({1: 6, 0: 4})
[36m(ClientAppActor pid=31292)[0m Test : Counter({1: 9, 0: 1})
[36m(ClientAppActor pid=31292)[0m Client 1
[36m(ClientAppActor pid=31292)[0m Train Images: 100
[36m(ClientAppActor pid=31292)[0m Test Images : 10
[36m(ClientAppActor pid=31292)[0m Validate Images : 10
[36m(ClientAppActor pid=31292)[0m Client 1 starting fit...
[36m(ClientAppActor pid=31292)[0m Client 1 received class memories
[36m(ClientAppActor pid=31292)[0m Real memory norm=0.9898
[36m(ClientAppActor pid=31292)[0m Fake memory norm=0.9883
[36m(ClientAppActor pid=31292)[0m Client 1 starting training...
[36m(ClientAppActor pid=31292)[0m START classifier norm: 13.058335304260254
[36m(ClientAppActor pid=31292)[0m Artifact bias shape: torch.Size([32, 8, 197, 197])
[36m(ClientAppActor pid=31292)[0m 
[36m(ClientAppActor pid=31292)[0m Batch 0/4
[36m(ClientAppActor pid=31292)[0m GPU Allocated: 1.83 GB
[36m(ClientAppActor pid=31292)[0m GPU Reserved : 4.23 GB
[36m(ClientAppActor pid=31292)[0m 
[36m(ClientAppActor pid=31292)[0m ==================================================
[36m(ClientAppActor pid=31292)[0m Epoch 1 Complete
[36m(ClientAppActor pid=31292)[0m Average Loss : 0.7187
[36m(ClientAppActor pid=31292)[0m Accuracy     : 48.00%
[36m(ClientAppActor pid=31292)[0m Time         : 0.75s
[36m(ClientAppActor pid=31292)[0m Images       : 100
[36m(ClientAppActor pid=31292)[0m Images/sec   : 133.42
[36m(ClientAppActor pid=31292)[0m GPU Allocated: 1.81 GB
[36m(ClientAppActor pid=31292)[0m GPU Reserved : 4.23 GB
[36m(ClientAppActor pid=31292)[0m ==================================================
[36m(ClientAppActor pid=31292)[0m END classifier norm: 13.058398246765137
[36m(ClientAppActor pid=31292)[0m Client 1 finished training
[36m(ClientAppActor pid=31292)[0m Client 1 extracting parameters...
[36m(ClientAppActor pid=31292)[0m Client 1 parameter extraction complete
[36m(ClientAppActor pid=31292)[0m Client 1 returning results
[36m(ClientAppActor pid=31292)[0m Client 2 using cuda
[36m(ClientAppActor pid=31292)[0m {'fake': 0, 'real': 1}
[36m(ClientAppActor pid=31292)[0m [DEBUG MODE] Train=100, Val=10, Test=10
[36m(ClientAppActor pid=31292)[0m 
[36m(ClientAppActor pid=31292)[0m Client 2 Class Distribution
[36m(ClientAppActor pid=31292)[0m Train: Counter({1: 64, 0: 36})
[36m(ClientAppActor pid=31292)[0m Val  : Counter({1: 6, 0: 4})
[36m(ClientAppActor pid=31292)[0m Test : Counter({1: 6, 0: 4})
[36m(ClientAppActor pid=31292)[0m Client 2
[36m(ClientAppActor pid=31292)[0m Train Images: 100
[36m(ClientAppActor pid=31292)[0m Test Images : 10
[36m(ClientAppActor pid=31292)[0m Validate Images : 10
[36m(ClientAppActor pid=31292)[0m Client 2 starting fit...
[36m(ClientAppActor pid=31292)[0m Client 2 received class memories
[36m(ClientAppActor pid=31292)[0m Real memory norm=0.9898
[36m(ClientAppActor pid=31292)[0m Fake memory norm=0.9883
[36m(ClientAppActor pid=31292)[0m Client 2 starting training...
[36m(ClientAppActor pid=31292)[0m START classifier norm: 13.058335304260254
[36m(ClientAppActor pid=31292)[0m Artifact bias shape: torch.Size([32, 8, 197, 197])
[36m(ClientAppActor pid=31292)[0m 
[36m(ClientAppActor pid=31292)[0m Batch 0/4
[36m(ClientAppActor pid=31292)[0m GPU Allocated: 1.83 GB
[36m(ClientAppActor pid=31292)[0m GPU Reserved : 4.23 GB
[36m(ClientAppActor pid=31292)[0m 
[36m(ClientAppActor pid=31292)[0m ==================================================
[36m(ClientAppActor pid=31292)[0m Epoch 1 Complete
[36m(ClientAppActor pid=31292)[0m Average Loss : 0.6549
[36m(ClientAppActor pid=31292)[0m Accuracy     : 63.00%
[36m(ClientAppActor pid=31292)[0m Time         : 0.74s
[36m(ClientAppActor pid=31292)[0m Images       : 100
[36m(ClientAppActor pid=31292)[0m Images/sec   : 134.68
[36m(ClientAppActor pid=31292)[0m GPU Allocated: 1.81 GB
[36m(ClientAppActor pid=31292)[0m GPU Reserved : 4.23 GB
[36m(ClientAppActor pid=31292)[0m ==================================================
[36m(ClientAppActor pid=31292)[0m END classifier norm: 13.058420181274414
[36m(ClientAppActor pid=31292)[0m Client 2 finished training
[36m(ClientAppActor pid=31292)[0m Client 2 extracting parameters...
[36m(ClientAppActor pid=31292)[0m Client 2 parameter extraction complete
[36m(ClientAppActor pid=31292)[0m Client 2 returning results
[36m(ClientAppActor pid=31292)[0m Client 4 using cuda
[36m(ClientAppActor pid=31292)[0m {'fake': 0, 'real': 1}
[36m(ClientAppActor pid=31292)[0m [DEBUG MODE] Train=100, Val=10, Test=10
[36m(ClientAppActor pid=31292)[0m 
[36m(ClientAppActor pid=31292)[0m Client 4 Class Distribution
[36m(ClientAppActor pid=31292)[0m Train: Counter({0: 59, 1: 41})
[36m(ClientAppActor pid=31292)[0m Val  : Counter({0: 6, 1: 4})
[36m(ClientAppActor pid=31292)[0m Test : Counter({1: 7, 0: 3})
[36m(ClientAppActor pid=31292)[0m Client 4
[36m(ClientAppActor pid=31292)[0m Train Images: 100
[36m(ClientAppActor pid=31292)[0m Test Images : 10
[36m(ClientAppActor pid=31292)[0m Validate Images : 10
[36m(ClientAppActor pid=31292)[0m Client 4 starting fit...
[36m(ClientAppActor pid=31292)[0m Client 4 received class memories
[36m(ClientAppActor pid=31292)[0m Real memory norm=0.9898
[36m(ClientAppActor pid=31292)[0m Fake memory norm=0.9883
[36m(ClientAppActor pid=31292)[0m Client 4 starting training...
[36m(ClientAppActor pid=31292)[0m START classifier norm: 13.058335304260254
[36m(ClientAppActor pid=31292)[0m Artifact bias shape: torch.Size([32, 8, 197, 197])
[36m(ClientAppActor pid=31292)[0m 
[36m(ClientAppActor pid=31292)[0m Batch 0/4
[36m(ClientAppActor pid=31292)[0m GPU Allocated: 1.83 GB
[36m(ClientAppActor pid=31292)[0m GPU Reserved : 4.23 GB
[36m(ClientAppActor pid=31292)[0m 
[36m(ClientAppActor pid=31292)[0m ==================================================
[36m(ClientAppActor pid=31292)[0m Epoch 1 Complete
[36m(ClientAppActor pid=31292)[0m Average Loss : 0.7449
[36m(ClientAppActor pid=31292)[0m Accuracy     : 55.00%
[36m(ClientAppActor pid=31292)[0m Time         : 0.77s
[36m(ClientAppActor pid=31292)[0m Images       : 100
[36m(ClientAppActor pid=31292)[0m Images/sec   : 129.10
[36m(ClientAppActor pid=31292)[0m GPU Allocated: 1.81 GB
[36m(ClientAppActor pid=31292)[0m 
Epoch 1/1:  50%|█████     | 2/4 [00:00<00:00,  4.23it/s, loss=0.6148, acc=55.21%, img/s=136.5, eta=0.0m]
Epoch 1/1:  75%|███████▌  | 3/4 [00:00<00:00,  4.29it/s, loss=0.6148, acc=55.21%, img/s=136.5, eta=0.0m]
Epoch 1/1:  75%|███████▌  | 3/4 [00:00<00:00,  4.29it/s, loss=0.9077, acc=55.00%, img/s=20.7, eta=0.0m] 
Epoch 1/1: 100%|██████████| 4/4 [00:00<00:00,  5.17it/s, loss=0.9077, acc=55.00%, img/s=20.7, eta=0.0m]
[36m(ClientAppActor pid=31292)[0m 
Epoch 1/1:   0%|          | 0/4 [00:00<?, ?it/s]
[36m(ClientAppActor pid=31292)[0m 
Epoch 1/1:   0%|          | 0/4 [00:00<?, ?it/s, loss=0.7029, acc=50.00%, img/s=133.4, eta=0.0m]
Epoch 1/1:  25%|██▌       | 1/4 [00:00<00:00,  4.16it/s, loss=0.7029, acc=50.00%, img/s=133.4, eta=0.0m]
[36m(ClientAppActor pid=31292)[0m 
Epoch 1/1:  25%|██▌       | 1/4 [00:00<00:00,  4.16it/s, loss=0.8798, acc=40.62%, img/s=135.6, eta=0.0m]
Epoch 1/1:  50%|█████     | 2/4 [00:00<00:00,  4.25it/s, loss=0.8798, acc=40.62%, img/s=135.6, eta=0.0m]
[36m(ClientAppActor pid=31292)[0m 
Epoch 1/1:  50%|█████     | 2/4 [00:00<00:00,  4.25it/s, loss=0.7146, acc=43.75%, img/s=136.6, eta=0.0m]
Epoch 1/1:  75%|███████▌  | 3/4 [00:00<00:00,  4.29it/s, loss=0.7146, acc=43.75%, img/s=136.6, eta=0.0m]
[36m(ClientAppActor pid=31292)[0m 
Epoch 1/1:  75%|███████▌  | 3/4 [00:00<00:00,  4.29it/s, loss=1.1475, acc=42.00%, img/s=21.4, eta=0.0m] 
Epoch 1/1: 100%|██████████| 4/4 [00:00<00:00,  5.34it/s, loss=1.1475, acc=42.00%, img/s=21.4, eta=0.0m]
[92mINFO [0m:      aggregate_fit: received 5 results and 0 failures
[92mINFO [0m:      configure_evaluate: strategy sampled 5 clients (out of 5)
[36m(ClientAppActor pid=31292)[0m 
Testing:   0%|          | 0/1 [00:00<?, ?it/s]
Testing: 100%|██████████| 1/1 [00:00<00:00, 21.15it/s]
[36m(ClientAppActor pid=31292)[0m 
Testing:   0%|          | 0/1 [00:00<?, ?it/s]
Testing: 100%|██████████| 1/1 [00:00<00:00, 21.06it/s]
[36m(ClientAppActor pid=31292)[0m 
Testing:   0%|          | 0/1 [00:00<?, ?it/s]
Testing: 100%|██████████| 1/1 [00:00<00:00, 21.22it/s]
[36m(ClientAppActor pid=31292)[0m 
Testing:   0%|          | 0/1 [00:00<?, ?it/s]
[36m(ClientAppActor pid=31292)[0m 
Testing: 100%|██████████| 1/1 [00:00<00:00, 19.54it/s]
[36m(ClientAppActor pid=31292)[0m GPU Reserved : 4.23 GB
[36m(ClientAppActor pid=31292)[0m ==================================================
[36m(ClientAppActor pid=31292)[0m END classifier norm: 13.058174133300781
[36m(ClientAppActor pid=31292)[0m Client 4 finished training
[36m(ClientAppActor pid=31292)[0m Client 4 extracting parameters...
[36m(ClientAppActor pid=31292)[0m Client 4 parameter extraction complete
[36m(ClientAppActor pid=31292)[0m Client 4 returning results
[36m(ClientAppActor pid=31292)[0m Client 3 using cuda
[36m(ClientAppActor pid=31292)[0m {'fake': 0, 'real': 1}
[36m(ClientAppActor pid=31292)[0m [DEBUG MODE] Train=100, Val=10, Test=10
[36m(ClientAppActor pid=31292)[0m 
[36m(ClientAppActor pid=31292)[0m Client 3 Class Distribution
[36m(ClientAppActor pid=31292)[0m Train: Counter({1: 55, 0: 45})
[36m(ClientAppActor pid=31292)[0m Val  : Counter({0: 6, 1: 4})
[36m(ClientAppActor pid=31292)[0m Test : Counter({0: 7, 1: 3})
[36m(ClientAppActor pid=31292)[0m Client 3
[36m(ClientAppActor pid=31292)[0m Train Images: 100
[36m(ClientAppActor pid=31292)[0m Test Images : 10
[36m(ClientAppActor pid=31292)[0m Validate Images : 10
[36m(ClientAppActor pid=31292)[0m Client 3 starting fit...
[36m(ClientAppActor pid=31292)[0m Client 3 received class memories
[36m(ClientAppActor pid=31292)[0m Real memory norm=0.9898
[36m(ClientAppActor pid=31292)[0m Fake memory norm=0.9883
[36m(ClientAppActor pid=31292)[0m Client 3 starting training...
[36m(ClientAppActor pid=31292)[0m START classifier norm: 13.058335304260254
[36m(ClientAppActor pid=31292)[0m Artifact bias shape: torch.Size([32, 8, 197, 197])
[36m(ClientAppActor pid=31292)[0m 
[36m(ClientAppActor pid=31292)[0m Batch 0/4
[36m(ClientAppActor pid=31292)[0m GPU Allocated: 1.83 GB
[36m(ClientAppActor pid=31292)[0m GPU Reserved : 4.23 GB
[36m(ClientAppActor pid=31292)[0m 
[36m(ClientAppActor pid=31292)[0m ==================================================
[36m(ClientAppActor pid=31292)[0m Epoch 1 Complete
[36m(ClientAppActor pid=31292)[0m Average Loss : 0.8612
[36m(ClientAppActor pid=31292)[0m Accuracy     : 42.00%
[36m(ClientAppActor pid=31292)[0m Time         : 0.75s
[36m(ClientAppActor pid=31292)[0m Images       : 100
[36m(ClientAppActor pid=31292)[0m Images/sec   : 133.56
[36m(ClientAppActor pid=31292)[0m GPU Allocated: 1.81 GB
[36m(ClientAppActor pid=31292)[0m GPU Reserved : 4.23 GB
[36m(ClientAppActor pid=31292)[0m ==================================================
[36m(ClientAppActor pid=31292)[0m END classifier norm: 13.05823802947998
[36m(ClientAppActor pid=31292)[0m Client 3 finished training
[36m(ClientAppActor pid=31292)[0m Client 3 extracting parameters...
[36m(ClientAppActor pid=31292)[0m Client 3 parameter extraction complete
[36m(ClientAppActor pid=31292)[0m Client 3 returning results

FAFT Round 4: results=5, failures=0

Round 4 Prototype Aggregated

Real memory norm = 0.9885
Fake memory norm = 0.9870
Saved: saved_models/global_model_round_4.pth
Round 4: model saved successfully
Broadcasting 205 tensors (203 weights + memory)
[36m(ClientAppActor pid=31292)[0m Client 3 using cuda
[36m(ClientAppActor pid=31292)[0m {'fake': 0, 'real': 1}
[36m(ClientAppActor pid=31292)[0m [DEBUG MODE] Train=100, Val=10, Test=10
[36m(ClientAppActor pid=31292)[0m 
[36m(ClientAppActor pid=31292)[0m Client 3 Class Distribution
[36m(ClientAppActor pid=31292)[0m Train: Counter({1: 55, 0: 45})
[36m(ClientAppActor pid=31292)[0m Val  : Counter({0: 6, 1: 4})
[36m(ClientAppActor pid=31292)[0m Test : Counter({0: 7, 1: 3})
[36m(ClientAppActor pid=31292)[0m Client 3
[36m(ClientAppActor pid=31292)[0m Train Images: 100
[36m(ClientAppActor pid=31292)[0m Test Images : 10
[36m(ClientAppActor pid=31292)[0m Validate Images : 10
[36m(ClientAppActor pid=31292)[0m 
[36m(ClientAppActor pid=31292)[0m CLIENT 3 STARTING EVALUATION
[36m(ClientAppActor pid=31292)[0m Client 3 received class memories
[36m(ClientAppActor pid=31292)[0m Real memory norm=0.9885
[36m(ClientAppActor pid=31292)[0m Fake memory norm=0.9870
[36m(ClientAppActor pid=31292)[0m Artifact bias shape: torch.Size([10, 8, 197, 197])
[36m(ClientAppActor pid=31292)[0m Accuracy: 0.7000
[36m(ClientAppActor pid=31292)[0m 
[36m(ClientAppActor pid=31292)[0m CLIENT 3 EVALUATION COMPLETE
[36m(ClientAppActor pid=31292)[0m Client 4 using cuda
[36m(ClientAppActor pid=31292)[0m {'fake': 0, 'real': 1}
[36m(ClientAppActor pid=31292)[0m [DEBUG MODE] Train=100, Val=10, Test=10
[36m(ClientAppActor pid=31292)[0m 
[36m(ClientAppActor pid=31292)[0m Client 4 Class Distribution
[36m(ClientAppActor pid=31292)[0m Train: Counter({0: 59, 1: 41})
[36m(ClientAppActor pid=31292)[0m Val  : Counter({0: 6, 1: 4})
[36m(ClientAppActor pid=31292)[0m Test : Counter({1: 7, 0: 3})
[36m(ClientAppActor pid=31292)[0m Client 4
[36m(ClientAppActor pid=31292)[0m Train Images: 100
[36m(ClientAppActor pid=31292)[0m Test Images : 10
[36m(ClientAppActor pid=31292)[0m Validate Images : 10
[36m(ClientAppActor pid=31292)[0m 
[36m(ClientAppActor pid=31292)[0m CLIENT 4 STARTING EVALUATION
[36m(ClientAppActor pid=31292)[0m Client 4 received class memories
[36m(ClientAppActor pid=31292)[0m Real memory norm=0.9885
[36m(ClientAppActor pid=31292)[0m Fake memory norm=0.9870
[36m(ClientAppActor pid=31292)[0m Artifact bias shape: torch.Size([10, 8, 197, 197])
[36m(ClientAppActor pid=31292)[0m Accuracy: 0.3000
[36m(ClientAppActor pid=31292)[0m 
[36m(ClientAppActor pid=31292)[0m CLIENT 4 EVALUATION COMPLETE
[36m(ClientAppActor pid=31292)[0m Client 1 using cuda
[36m(ClientAppActor pid=31292)[0m {'fake': 0, 'real': 1}
[36m(ClientAppActor pid=31292)[0m [DEBUG MODE] Train=100, Val=10, Test=10
[36m(ClientAppActor pid=31292)[0m 
[36m(ClientAppActor pid=31292)[0m Client 1 Class Distribution
[36m(ClientAppActor pid=31292)[0m Train: Counter({1: 56, 0: 44})
[36m(ClientAppActor pid=31292)[0m Val  : Counter({1: 6, 0: 4})
[36m(ClientAppActor pid=31292)[0m Test : Counter({1: 9, 0: 1})
[36m(ClientAppActor pid=31292)[0m Client 1
[36m(ClientAppActor pid=31292)[0m Train Images: 100
[36m(ClientAppActor pid=31292)[0m Test Images : 10
[36m(ClientAppActor pid=31292)[0m Validate Images : 10
[36m(ClientAppActor pid=31292)[0m 
[36m(ClientAppActor pid=31292)[0m CLIENT 1 STARTING EVALUATION
[36m(ClientAppActor pid=31292)[0m Client 1 received class memories
[36m(ClientAppActor pid=31292)[0m Real memory norm=0.9885
[36m(ClientAppActor pid=31292)[0m Fake memory norm=0.9870
[36m(ClientAppActor pid=31292)[0m Artifact bias shape: torch.Size([10, 8, 197, 197])
[36m(ClientAppActor pid=31292)[0m Accuracy: 0.1000
[36m(ClientAppActor pid=31292)[0m 
[36m(ClientAppActor pid=31292)[0m CLIENT 1 EVALUATION COMPLETE
[36m(ClientAppActor pid=31292)[0m Client 2 using cuda
[36m(ClientAppActor pid=31292)[0m {'fake': 0, 'real': 1}
[36m(ClientAppActor pid=31292)[0m [DEBUG MODE] Train=100, Val=10, Test=10
[36m(ClientAppActor pid=31292)[0m 
[36m(ClientAppActor pid=31292)[0m Client 2 Class Distribution
[36m(ClientAppActor pid=31292)[0m Train: Counter({1: 64, 0: 36})
[36m(ClientAppActor pid=31292)[0m Val  : Counter({1: 6, 0: 4})
[36m(ClientAppActor pid=31292)[0m Test : Counter({1: 6, 0: 4})
[36m(ClientAppActor pid=31292)[0m Client 2
[36m(ClientAppActor pid=31292)[0m Train Images: 100
[36m(ClientAppActor pid=31292)[0m Test Images : 10
[36m(ClientAppActor pid=31292)[0m Validate Images : 10
[36m(ClientAppActor pid=31292)[0m 
[36m(ClientAppActor pid=31292)[0m CLIENT 2 STARTING EVALUATION
[36m(ClientAppActor pid=31292)[0m Client 2 received class memories
[36m(ClientAppActor pid=31292)[0m Real memory norm=0.9885
[36m(ClientAppActor pid=31292)[0m Fake memory norm=0.9870
[36m(ClientAppActor pid=31292)[0m Artifact bias shape: torch.Size([10, 8, 197, 197])
[36m(ClientAppActor pid=31292)[0m Accuracy: 0.4000
[36m(ClientAppActor pid=31292)[0m 
[36m(ClientAppActor pid=31292)[0m CLIENT 2 EVALUATION COMPLETE
[36m(ClientAppActor pid=31292)[0m Client 5 using cuda
[36m(ClientAppActor pid=31292)[0m {'fake': 0, 'real': 1}
[36m(ClientAppActor pid=31292)[0m 
Testing:   0%|          | 0/1 [00:00<?, ?it/s]
[92mINFO [0m:      aggregate_evaluate: received 5 results and 0 failures
[92mINFO [0m:      
[92mINFO [0m:      [ROUND 5]
[92mINFO [0m:      configure_fit: strategy sampled 5 clients (out of 5)
[36m(ClientAppActor pid=31292)[0m 
Testing: 100%|██████████| 1/1 [00:00<00:00, 20.51it/s]
[36m(ClientAppActor pid=31292)[0m 
Epoch 1/1:   0%|          | 0/4 [00:00<?, ?it/s]
[36m(ClientAppActor pid=31292)[0m 
Epoch 1/1:   0%|          | 0/4 [00:00<?, ?it/s, loss=0.7263, acc=43.75%, img/s=132.8, eta=0.0m]
Epoch 1/1:  25%|██▌       | 1/4 [00:00<00:00,  4.15it/s, loss=0.7263, acc=43.75%, img/s=132.8, eta=0.0m]
[36m(ClientAppActor pid=31292)[0m 
Epoch 1/1:  25%|██▌       | 1/4 [00:00<00:00,  4.15it/s, loss=0.7741, acc=39.06%, img/s=135.3, eta=0.0m]
Epoch 1/1:  50%|█████     | 2/4 [00:00<00:00,  4.24it/s, loss=0.7741, acc=39.06%, img/s=135.3, eta=0.0m]
[36m(ClientAppActor pid=31292)[0m 
Epoch 1/1:  50%|█████     | 2/4 [00:00<00:00,  4.24it/s, loss=0.7061, acc=43.75%, img/s=136.2, eta=0.0m]
Epoch 1/1:  75%|███████▌  | 3/4 [00:00<00:00,  4.27it/s, loss=0.7061, acc=43.75%, img/s=136.2, eta=0.0m]
[36m(ClientAppActor pid=31292)[0m 
Epoch 1/1:  75%|███████▌  | 3/4 [00:00<00:00,  4.27it/s, loss=0.5505, acc=45.00%, img/s=20.5, eta=0.0m] 
Epoch 1/1: 100%|██████████| 4/4 [00:00<00:00,  5.13it/s, loss=0.5505, acc=45.00%, img/s=20.5, eta=0.0m]
[36m(ClientAppActor pid=31292)[0m 
Epoch 1/1:   0%|          | 0/4 [00:00<?, ?it/s]
[36m(ClientAppActor pid=31292)[0m 
Epoch 1/1:   0%|          | 0/4 [00:00<?, ?it/s, loss=0.7154, acc=50.00%, img/s=134.0, eta=0.0m]
Epoch 1/1:  25%|██▌       | 1/4 [00:00<00:00,  4.18it/s, loss=0.7154, acc=50.00%, img/s=134.0, eta=0.0m]
[36m(ClientAppActor pid=31292)[0m 
Epoch 1/1:  25%|██▌       | 1/4 [00:00<00:00,  4.18it/s, loss=0.7476, acc=50.00%, img/s=136.0, eta=0.0m]
Epoch 1/1:  50%|█████     | 2/4 [00:00<00:00,  4.26it/s, loss=0.7476, acc=50.00%, img/s=136.0, eta=0.0m]
[36m(ClientAppActor pid=31292)[0m 
Epoch 1/1:  50%|█████     | 2/4 [00:00<00:00,  4.26it/s, loss=0.6786, acc=52.08%, img/s=136.8, eta=0.0m]
Epoch 1/1:  75%|███████▌  | 3/4 [00:00<00:00,  4.29it/s, loss=0.6786, acc=52.08%, img/s=136.8, eta=0.0m]
[36m(ClientAppActor pid=31292)[0m 
Epoch 1/1:  75%|███████▌  | 3/4 [00:00<00:00,  4.29it/s, loss=0.8085, acc=51.00%, img/s=20.6, eta=0.0m] 
Epoch 1/1: 100%|██████████| 4/4 [00:00<00:00,  5.16it/s, loss=0.8085, acc=51.00%, img/s=20.6, eta=0.0m]
[36m(ClientAppActor pid=31292)[0m 
Epoch 1/1:   0%|          | 0/4 [00:00<?, ?it/s]
[36m(ClientAppActor pid=31292)[0m 
Epoch 1/1:   0%|          | 0/4 [00:00<?, ?it/s, loss=0.7044, acc=46.88%, img/s=132.3, eta=0.0m]
Epoch 1/1:  25%|██▌       | 1/4 [00:00<00:00,  4.13it/s, loss=0.7044, acc=46.88%, img/s=132.3, eta=0.0m]
[36m(ClientAppActor pid=31292)[0m 
Epoch 1/1:  25%|██▌       | 1/4 [00:00<00:00,  4.13it/s, loss=0.7474, acc=50.00%, img/s=135.2, eta=0.0m]
Epoch 1/1:  50%|█████     | 2/4 [00:00<00:00,  4.24it/s, loss=0.7474, acc=50.00%, img/s=135.2, eta=0.0m]
[36m(ClientAppActor pid=31292)[0m 
Epoch 1/1:  50%|█████     | 2/4 [00:00<00:00,  4.24it/s, loss=0.6946, acc=51.04%, img/s=136.5, eta=0.0m]
Epoch 1/1:  75%|███████▌  | 3/4 [00:00<00:00,  4.29it/s, loss=0.6946, acc=51.04%, img/s=136.5, eta=0.0m]
[36m(ClientAppActor pid=31292)[0m 
Epoch 1/1:  75%|███████▌  | 3/4 [00:00<00:00,  4.29it/s, loss=0.6951, acc=52.00%, img/s=20.6, eta=0.0m] 
Epoch 1/1: 100%|██████████| 4/4 [00:00<00:00,  5.15it/s, loss=0.6951, acc=52.00%, img/s=20.6, eta=0.0m]
[36m(ClientAppActor pid=31292)[0m [DEBUG MODE] Train=100, Val=10, Test=10
[36m(ClientAppActor pid=31292)[0m 
[36m(ClientAppActor pid=31292)[0m Client 5 Class Distribution
[36m(ClientAppActor pid=31292)[0m Train: Counter({0: 55, 1: 45})
[36m(ClientAppActor pid=31292)[0m Val  : Counter({0: 6, 1: 4})
[36m(ClientAppActor pid=31292)[0m Test : Counter({0: 6, 1: 4})
[36m(ClientAppActor pid=31292)[0m Client 5
[36m(ClientAppActor pid=31292)[0m Train Images: 100
[36m(ClientAppActor pid=31292)[0m Test Images : 10
[36m(ClientAppActor pid=31292)[0m Validate Images : 10
[36m(ClientAppActor pid=31292)[0m 
[36m(ClientAppActor pid=31292)[0m CLIENT 5 STARTING EVALUATION
[36m(ClientAppActor pid=31292)[0m Client 5 received class memories
[36m(ClientAppActor pid=31292)[0m Real memory norm=0.9885
[36m(ClientAppActor pid=31292)[0m Fake memory norm=0.9870
[36m(ClientAppActor pid=31292)[0m Artifact bias shape: torch.Size([10, 8, 197, 197])
[36m(ClientAppActor pid=31292)[0m Accuracy: 0.6000
[36m(ClientAppActor pid=31292)[0m 
[36m(ClientAppActor pid=31292)[0m CLIENT 5 EVALUATION COMPLETE
[36m(ClientAppActor pid=31292)[0m Client 1 using cuda
[36m(ClientAppActor pid=31292)[0m {'fake': 0, 'real': 1}
[36m(ClientAppActor pid=31292)[0m [DEBUG MODE] Train=100, Val=10, Test=10
[36m(ClientAppActor pid=31292)[0m 
[36m(ClientAppActor pid=31292)[0m Client 1 Class Distribution
[36m(ClientAppActor pid=31292)[0m Train: Counter({1: 56, 0: 44})
[36m(ClientAppActor pid=31292)[0m Val  : Counter({1: 6, 0: 4})
[36m(ClientAppActor pid=31292)[0m Test : Counter({1: 9, 0: 1})
[36m(ClientAppActor pid=31292)[0m Client 1
[36m(ClientAppActor pid=31292)[0m Train Images: 100
[36m(ClientAppActor pid=31292)[0m Test Images : 10
[36m(ClientAppActor pid=31292)[0m Validate Images : 10
[36m(ClientAppActor pid=31292)[0m Client 1 starting fit...
[36m(ClientAppActor pid=31292)[0m Client 1 received class memories
[36m(ClientAppActor pid=31292)[0m Real memory norm=0.9885
[36m(ClientAppActor pid=31292)[0m Fake memory norm=0.9870
[36m(ClientAppActor pid=31292)[0m Client 1 starting training...
[36m(ClientAppActor pid=31292)[0m START classifier norm: 13.058094024658203
[36m(ClientAppActor pid=31292)[0m Artifact bias shape: torch.Size([32, 8, 197, 197])
[36m(ClientAppActor pid=31292)[0m 
[36m(ClientAppActor pid=31292)[0m Batch 0/4
[36m(ClientAppActor pid=31292)[0m GPU Allocated: 1.83 GB
[36m(ClientAppActor pid=31292)[0m GPU Reserved : 4.23 GB
[36m(ClientAppActor pid=31292)[0m 
[36m(ClientAppActor pid=31292)[0m ==================================================
[36m(ClientAppActor pid=31292)[0m Epoch 1 Complete
[36m(ClientAppActor pid=31292)[0m Average Loss : 0.6893
[36m(ClientAppActor pid=31292)[0m Accuracy     : 45.00%
[36m(ClientAppActor pid=31292)[0m Time         : 0.78s
[36m(ClientAppActor pid=31292)[0m Images       : 100
[36m(ClientAppActor pid=31292)[0m Images/sec   : 128.12
[36m(ClientAppActor pid=31292)[0m GPU Allocated: 1.81 GB
[36m(ClientAppActor pid=31292)[0m GPU Reserved : 4.23 GB
[36m(ClientAppActor pid=31292)[0m ==================================================
[36m(ClientAppActor pid=31292)[0m END classifier norm: 13.057938575744629
[36m(ClientAppActor pid=31292)[0m Client 1 finished training
[36m(ClientAppActor pid=31292)[0m Client 1 extracting parameters...
[36m(ClientAppActor pid=31292)[0m Client 1 parameter extraction complete
[36m(ClientAppActor pid=31292)[0m Client 1 returning results
[36m(ClientAppActor pid=31292)[0m Client 3 using cuda
[36m(ClientAppActor pid=31292)[0m {'fake': 0, 'real': 1}
[36m(ClientAppActor pid=31292)[0m [DEBUG MODE] Train=100, Val=10, Test=10
[36m(ClientAppActor pid=31292)[0m 
[36m(ClientAppActor pid=31292)[0m Client 3 Class Distribution
[36m(ClientAppActor pid=31292)[0m Train: Counter({1: 55, 0: 45})
[36m(ClientAppActor pid=31292)[0m Val  : Counter({0: 6, 1: 4})
[36m(ClientAppActor pid=31292)[0m Test : Counter({0: 7, 1: 3})
[36m(ClientAppActor pid=31292)[0m Client 3
[36m(ClientAppActor pid=31292)[0m Train Images: 100
[36m(ClientAppActor pid=31292)[0m Test Images : 10
[36m(ClientAppActor pid=31292)[0m Validate Images : 10
[36m(ClientAppActor pid=31292)[0m Client 3 starting fit...
[36m(ClientAppActor pid=31292)[0m Client 3 received class memories
[36m(ClientAppActor pid=31292)[0m Real memory norm=0.9885
[36m(ClientAppActor pid=31292)[0m Fake memory norm=0.9870
[36m(ClientAppActor pid=31292)[0m Client 3 starting training...
[36m(ClientAppActor pid=31292)[0m START classifier norm: 13.058094024658203
[36m(ClientAppActor pid=31292)[0m Artifact bias shape: torch.Size([32, 8, 197, 197])
[36m(ClientAppActor pid=31292)[0m 
[36m(ClientAppActor pid=31292)[0m Batch 0/4
[36m(ClientAppActor pid=31292)[0m GPU Allocated: 1.83 GB
[36m(ClientAppActor pid=31292)[0m GPU Reserved : 4.23 GB
[36m(ClientAppActor pid=31292)[0m 
[36m(ClientAppActor pid=31292)[0m ==================================================
[36m(ClientAppActor pid=31292)[0m Epoch 1 Complete
[36m(ClientAppActor pid=31292)[0m Average Loss : 0.7375
[36m(ClientAppActor pid=31292)[0m Accuracy     : 51.00%
[36m(ClientAppActor pid=31292)[0m Time         : 0.78s
[36m(ClientAppActor pid=31292)[0m Images       : 100
[36m(ClientAppActor pid=31292)[0m Images/sec   : 128.86
[36m(ClientAppActor pid=31292)[0m GPU Allocated: 1.81 GB
[36m(ClientAppActor pid=31292)[0m GPU Reserved : 4.23 GB
[36m(ClientAppActor pid=31292)[0m ==================================================
[36m(ClientAppActor pid=31292)[0m END classifier norm: 13.057881355285645
[36m(ClientAppActor pid=31292)[0m Client 3 finished training
[36m(ClientAppActor pid=31292)[0m Client 3 extracting parameters...
[36m(ClientAppActor pid=31292)[0m Client 3 parameter extraction complete
[36m(ClientAppActor pid=31292)[0m Client 3 returning results
[36m(ClientAppActor pid=31292)[0m Client 5 using cuda
[36m(ClientAppActor pid=31292)[0m {'fake': 0, 'real': 1}
[36m(ClientAppActor pid=31292)[0m [DEBUG MODE] Train=100, Val=10, Test=10
[36m(ClientAppActor pid=31292)[0m 
[36m(ClientAppActor pid=31292)[0m Client 5 Class Distribution
[36m(ClientAppActor pid=31292)[0m Train: Counter({0: 55, 1: 45})
[36m(ClientAppActor pid=31292)[0m Val  : Counter({0: 6, 1: 4})
[36m(ClientAppActor pid=31292)[0m Test : Counter({0: 6, 1: 4})
[36m(ClientAppActor pid=31292)[0m Client 5
[36m(ClientAppActor pid=31292)[0m Train Images: 100
[36m(ClientAppActor pid=31292)[0m Test Images : 10
[36m(ClientAppActor pid=31292)[0m Validate Images : 10
[36m(ClientAppActor pid=31292)[0m Client 5 starting fit...
[36m(ClientAppActor pid=31292)[0m Client 5 received class memories
[36m(ClientAppActor pid=31292)[0m Real memory norm=0.9885
[36m(ClientAppActor pid=31292)[0m Fake memory norm=0.9870
[36m(ClientAppActor pid=31292)[0m Client 5 starting training...
[36m(ClientAppActor pid=31292)[0m START classifier norm: 13.058094024658203
[36m(ClientAppActor pid=31292)[0m Artifact bias shape: torch.Size([32, 8, 197, 197])
[36m(ClientAppActor pid=31292)[0m 
[36m(ClientAppActor pid=31292)[0m Batch 0/4
[36m(ClientAppActor pid=31292)[0m GPU Allocated: 1.83 GB
[36m(ClientAppActor pid=31292)[0m GPU Reserved : 4.23 GB
[36m(ClientAppActor pid=31292)[0m 
[36m(ClientAppActor pid=31292)[0m ==================================================
[36m(ClientAppActor pid=31292)[0m Epoch 1 Complete
[36m(ClientAppActor pid=31292)[0m Average Loss : 0.7104
[36m(ClientAppActor pid=31292)[0m Accuracy     : 52.00%
[36m(ClientAppActor pid=31292)[0m Time         : 0.78s
[36m(ClientAppActor pid=31292)[0m Images       : 100
[36m(ClientAppActor pid=31292)[0m Images/sec   : 128.60
[36m(ClientAppActor pid=31292)[0m GPU Allocated: 1.81 GB
[36m(ClientAppActor pid=31292)[0m GPU Reserved : 4.23 GB
[36m(ClientAppActor pid=31292)[0m ==================================================
[36m(ClientAppActor pid=31292)[0m END classifier norm: 13.05810260772705
[36m(ClientAppActor pid=31292)[0m Client 5 finished training
[36m(ClientAppActor pid=31292)[0m Client 5 extracting parameters...
[36m(ClientAppActor pid=31292)[0m 
Epoch 1/1:   0%|          | 0/4 [00:00<?, ?it/s]
[36m(ClientAppActor pid=31292)[0m 
Epoch 1/1:   0%|          | 0/4 [00:00<?, ?it/s, loss=0.6895, acc=59.38%, img/s=134.5, eta=0.0m]
Epoch 1/1:  25%|██▌       | 1/4 [00:00<00:00,  4.20it/s, loss=0.6895, acc=59.38%, img/s=134.5, eta=0.0m]
[36m(ClientAppActor pid=31292)[0m 
Epoch 1/1:  25%|██▌       | 1/4 [00:00<00:00,  4.20it/s, loss=0.7721, acc=59.38%, img/s=136.5, eta=0.0m]
Epoch 1/1:  50%|█████     | 2/4 [00:00<00:00,  4.28it/s, loss=0.7721, acc=59.38%, img/s=136.5, eta=0.0m]
[36m(ClientAppActor pid=31292)[0m 
Epoch 1/1:  50%|█████     | 2/4 [00:00<00:00,  4.28it/s, loss=0.7396, acc=56.25%, img/s=137.0, eta=0.0m]
Epoch 1/1:  75%|███████▌  | 3/4 [00:00<00:00,  4.29it/s, loss=0.7396, acc=56.25%, img/s=137.0, eta=0.0m]
[36m(ClientAppActor pid=31292)[0m 
Epoch 1/1:  75%|███████▌  | 3/4 [00:00<00:00,  4.29it/s, loss=0.7247, acc=56.00%, img/s=20.6, eta=0.0m] 
Epoch 1/1: 100%|██████████| 4/4 [00:00<00:00,  5.16it/s, loss=0.7247, acc=56.00%, img/s=20.6, eta=0.0m]
[36m(ClientAppActor pid=31292)[0m 
Epoch 1/1:   0%|          | 0/4 [00:00<?, ?it/s]
[36m(ClientAppActor pid=31292)[0m 
Epoch 1/1:   0%|          | 0/4 [00:00<?, ?it/s, loss=0.7098, acc=40.62%, img/s=126.2, eta=0.0m]
Epoch 1/1:  25%|██▌       | 1/4 [00:00<00:00,  3.94it/s, loss=0.7098, acc=40.62%, img/s=126.2, eta=0.0m]
[36m(ClientAppActor pid=31292)[0m 
Epoch 1/1:  25%|██▌       | 1/4 [00:00<00:00,  3.94it/s, loss=0.6442, acc=53.12%, img/s=130.9, eta=0.0m]
Epoch 1/1:  50%|█████     | 2/4 [00:00<00:00,  4.12it/s, loss=0.6442, acc=53.12%, img/s=130.9, eta=0.0m]
[36m(ClientAppActor pid=31292)[0m 
Epoch 1/1:  50%|█████     | 2/4 [00:00<00:00,  4.12it/s, loss=0.7027, acc=56.25%, img/s=132.9, eta=0.0m]
Epoch 1/1:  75%|███████▌  | 3/4 [00:00<00:00,  4.19it/s, loss=0.7027, acc=56.25%, img/s=132.9, eta=0.0m]
[36m(ClientAppActor pid=31292)[0m 
Epoch 1/1:  75%|███████▌  | 3/4 [00:00<00:00,  4.19it/s, loss=0.5457, acc=57.00%, img/s=20.1, eta=0.0m] 
Epoch 1/1: 100%|██████████| 4/4 [00:00<00:00,  5.02it/s, loss=0.5457, acc=57.00%, img/s=20.1, eta=0.0m]
[92mINFO [0m:      aggregate_fit: received 5 results and 0 failures
[92mINFO [0m:      configure_evaluate: strategy sampled 5 clients (out of 5)
[36m(ClientAppActor pid=31292)[0m 
Testing:   0%|          | 0/1 [00:00<?, ?it/s]
[36m(ClientAppActor pid=31292)[0m 
Testing: 100%|██████████| 1/1 [00:00<00:00, 15.93it/s]
[36m(ClientAppActor pid=31292)[0m 
Testing:   0%|          | 0/1 [00:00<?, ?it/s]
[36m(ClientAppActor pid=31292)[0m 
Testing: 100%|██████████| 1/1 [00:00<00:00, 20.78it/s]
[36m(ClientAppActor pid=31292)[0m Client 5 parameter extraction complete
[36m(ClientAppActor pid=31292)[0m Client 5 returning results
[36m(ClientAppActor pid=31292)[0m Client 4 using cuda
[36m(ClientAppActor pid=31292)[0m {'fake': 0, 'real': 1}
[36m(ClientAppActor pid=31292)[0m [DEBUG MODE] Train=100, Val=10, Test=10
[36m(ClientAppActor pid=31292)[0m 
[36m(ClientAppActor pid=31292)[0m Client 4 Class Distribution
[36m(ClientAppActor pid=31292)[0m Train: Counter({0: 59, 1: 41})
[36m(ClientAppActor pid=31292)[0m Val  : Counter({0: 6, 1: 4})
[36m(ClientAppActor pid=31292)[0m Test : Counter({1: 7, 0: 3})
[36m(ClientAppActor pid=31292)[0m Client 4
[36m(ClientAppActor pid=31292)[0m Train Images: 100
[36m(ClientAppActor pid=31292)[0m Test Images : 10
[36m(ClientAppActor pid=31292)[0m Validate Images : 10
[36m(ClientAppActor pid=31292)[0m Client 4 starting fit...
[36m(ClientAppActor pid=31292)[0m Client 4 received class memories
[36m(ClientAppActor pid=31292)[0m Real memory norm=0.9885
[36m(ClientAppActor pid=31292)[0m Fake memory norm=0.9870
[36m(ClientAppActor pid=31292)[0m Client 4 starting training...
[36m(ClientAppActor pid=31292)[0m START classifier norm: 13.058094024658203
[36m(ClientAppActor pid=31292)[0m Artifact bias shape: torch.Size([32, 8, 197, 197])
[36m(ClientAppActor pid=31292)[0m 
[36m(ClientAppActor pid=31292)[0m Batch 0/4
[36m(ClientAppActor pid=31292)[0m GPU Allocated: 1.83 GB
[36m(ClientAppActor pid=31292)[0m GPU Reserved : 4.23 GB
[36m(ClientAppActor pid=31292)[0m 
[36m(ClientAppActor pid=31292)[0m ==================================================
[36m(ClientAppActor pid=31292)[0m Epoch 1 Complete
[36m(ClientAppActor pid=31292)[0m Average Loss : 0.7315
[36m(ClientAppActor pid=31292)[0m Accuracy     : 56.00%
[36m(ClientAppActor pid=31292)[0m Time         : 0.78s
[36m(ClientAppActor pid=31292)[0m Images       : 100
[36m(ClientAppActor pid=31292)[0m Images/sec   : 128.97
[36m(ClientAppActor pid=31292)[0m GPU Allocated: 1.81 GB
[36m(ClientAppActor pid=31292)[0m GPU Reserved : 4.23 GB
[36m(ClientAppActor pid=31292)[0m ==================================================
[36m(ClientAppActor pid=31292)[0m END classifier norm: 13.057832717895508
[36m(ClientAppActor pid=31292)[0m Client 4 finished training
[36m(ClientAppActor pid=31292)[0m Client 4 extracting parameters...
[36m(ClientAppActor pid=31292)[0m Client 4 parameter extraction complete
[36m(ClientAppActor pid=31292)[0m Client 4 returning results
[36m(ClientAppActor pid=31292)[0m Client 2 using cuda
[36m(ClientAppActor pid=31292)[0m {'fake': 0, 'real': 1}
[36m(ClientAppActor pid=31292)[0m [DEBUG MODE] Train=100, Val=10, Test=10
[36m(ClientAppActor pid=31292)[0m 
[36m(ClientAppActor pid=31292)[0m Client 2 Class Distribution
[36m(ClientAppActor pid=31292)[0m Train: Counter({1: 64, 0: 36})
[36m(ClientAppActor pid=31292)[0m Val  : Counter({1: 6, 0: 4})
[36m(ClientAppActor pid=31292)[0m Test : Counter({1: 6, 0: 4})
[36m(ClientAppActor pid=31292)[0m Client 2
[36m(ClientAppActor pid=31292)[0m Train Images: 100
[36m(ClientAppActor pid=31292)[0m Test Images : 10
[36m(ClientAppActor pid=31292)[0m Validate Images : 10
[36m(ClientAppActor pid=31292)[0m Client 2 starting fit...
[36m(ClientAppActor pid=31292)[0m Client 2 received class memories
[36m(ClientAppActor pid=31292)[0m Real memory norm=0.9885
[36m(ClientAppActor pid=31292)[0m Fake memory norm=0.9870
[36m(ClientAppActor pid=31292)[0m Client 2 starting training...
[36m(ClientAppActor pid=31292)[0m START classifier norm: 13.058094024658203
[36m(ClientAppActor pid=31292)[0m Artifact bias shape: torch.Size([32, 8, 197, 197])
[36m(ClientAppActor pid=31292)[0m 
[36m(ClientAppActor pid=31292)[0m Batch 0/4
[36m(ClientAppActor pid=31292)[0m GPU Allocated: 1.83 GB
[36m(ClientAppActor pid=31292)[0m GPU Reserved : 4.23 GB
[36m(ClientAppActor pid=31292)[0m 
[36m(ClientAppActor pid=31292)[0m ==================================================
[36m(ClientAppActor pid=31292)[0m Epoch 1 Complete
[36m(ClientAppActor pid=31292)[0m Average Loss : 0.6506
[36m(ClientAppActor pid=31292)[0m Accuracy     : 57.00%
[36m(ClientAppActor pid=31292)[0m Time         : 0.80s
[36m(ClientAppActor pid=31292)[0m Images       : 100
[36m(ClientAppActor pid=31292)[0m Images/sec   : 125.41
[36m(ClientAppActor pid=31292)[0m GPU Allocated: 1.81 GB
[36m(ClientAppActor pid=31292)[0m GPU Reserved : 4.23 GB
[36m(ClientAppActor pid=31292)[0m ==================================================
[36m(ClientAppActor pid=31292)[0m END classifier norm: 13.058059692382812
[36m(ClientAppActor pid=31292)[0m Client 2 finished training
[36m(ClientAppActor pid=31292)[0m Client 2 extracting parameters...
[36m(ClientAppActor pid=31292)[0m Client 2 parameter extraction complete
[36m(ClientAppActor pid=31292)[0m Client 2 returning results

FAFT Round 5: results=5, failures=0

Round 5 Prototype Aggregated

Real memory norm = 0.9861
Fake memory norm = 0.9850
Saved: saved_models/global_model_round_5.pth
Round 5: model saved successfully
Broadcasting 205 tensors (203 weights + memory)
[36m(ClientAppActor pid=31292)[0m Client 3 using cuda
[36m(ClientAppActor pid=31292)[0m {'fake': 0, 'real': 1}
[36m(ClientAppActor pid=31292)[0m [DEBUG MODE] Train=100, Val=10, Test=10
[36m(ClientAppActor pid=31292)[0m 
[36m(ClientAppActor pid=31292)[0m Client 3 Class Distribution
[36m(ClientAppActor pid=31292)[0m Train: Counter({1: 55, 0: 45})
[36m(ClientAppActor pid=31292)[0m Val  : Counter({0: 6, 1: 4})
[36m(ClientAppActor pid=31292)[0m Test : Counter({0: 7, 1: 3})
[36m(ClientAppActor pid=31292)[0m Client 3
[36m(ClientAppActor pid=31292)[0m Train Images: 100
[36m(ClientAppActor pid=31292)[0m Test Images : 10
[36m(ClientAppActor pid=31292)[0m Validate Images : 10
[36m(ClientAppActor pid=31292)[0m 
[36m(ClientAppActor pid=31292)[0m CLIENT 3 STARTING EVALUATION
[36m(ClientAppActor pid=31292)[0m Client 3 received class memories
[36m(ClientAppActor pid=31292)[0m 
[36m(ClientAppActor pid=31292)[0m Real memory norm=0.9861
[36m(ClientAppActor pid=31292)[0m Fake memory norm=0.9850
[36m(ClientAppActor pid=31292)[0m Artifact bias shape: torch.Size([10, 8, 197, 197])
[36m(ClientAppActor pid=31292)[0m Accuracy: 0.3000
[36m(ClientAppActor pid=31292)[0m 
[36m(ClientAppActor pid=31292)[0m CLIENT 3 EVALUATION COMPLETE
[36m(ClientAppActor pid=31292)[0m Client 2 using cuda
[36m(ClientAppActor pid=31292)[0m {'fake': 0, 'real': 1}
[36m(ClientAppActor pid=31292)[0m [DEBUG MODE] Train=100, Val=10, Test=10
[36m(ClientAppActor pid=31292)[0m 
[36m(ClientAppActor pid=31292)[0m Client 2 Class Distribution
[36m(ClientAppActor pid=31292)[0m Train: Counter({1: 64, 0: 36})
[36m(ClientAppActor pid=31292)[0m Val  : Counter({1: 6, 0: 4})
[36m(ClientAppActor pid=31292)[0m Test : Counter({1: 6, 0: 4})
[36m(ClientAppActor pid=31292)[0m Client 2
[36m(ClientAppActor pid=31292)[0m Train Images: 100
[36m(ClientAppActor pid=31292)[0m Test Images : 10
[36m(ClientAppActor pid=31292)[0m Validate Images : 10
[36m(ClientAppActor pid=31292)[0m 
[36m(ClientAppActor pid=31292)[0m CLIENT 2 STARTING EVALUATION
[36m(ClientAppActor pid=31292)[0m Client 2 received class memories
[36m(ClientAppActor pid=31292)[0m Real memory norm=0.9861
[36m(ClientAppActor pid=31292)[0m Fake memory norm=0.9850
[36m(ClientAppActor pid=31292)[0m Artifact bias shape: torch.Size([10, 8, 197, 197])
[36m(ClientAppActor pid=31292)[0m Accuracy: 0.6000
[36m(ClientAppActor pid=31292)[0m 
[36m(ClientAppActor pid=31292)[0m CLIENT 2 EVALUATION COMPLETE
[36m(ClientAppActor pid=31292)[0m Client 5 using cuda
[36m(ClientAppActor pid=31292)[0m {'fake': 0, 'real': 1}
[36m(ClientAppActor pid=31292)[0m [DEBUG MODE] Train=100, Val=10, Test=10
[36m(ClientAppActor pid=31292)[0m 
[36m(ClientAppActor pid=31292)[0m Client 5 Class Distribution
[36m(ClientAppActor pid=31292)[0m Train: Counter({0: 55, 1: 45})
[36m(ClientAppActor pid=31292)[0m Val  : Counter({0: 6, 1: 4})
[36m(ClientAppActor pid=31292)[0m Test : Counter({0: 6, 1: 4})
[36m(ClientAppActor pid=31292)[0m 
Testing:   0%|          | 0/1 [00:00<?, ?it/s]
Testing: 100%|██████████| 1/1 [00:00<00:00, 21.20it/s]
[36m(ClientAppActor pid=31292)[0m 
Testing:   0%|          | 0/1 [00:00<?, ?it/s]
[36m(ClientAppActor pid=31292)[0m 
Testing: 100%|██████████| 1/1 [00:00<00:00, 20.24it/s]
[36m(ClientAppActor pid=31292)[0m 
Testing:   0%|          | 0/1 [00:00<?, ?it/s]
Testing: 100%|██████████| 1/1 [00:00<00:00, 21.07it/s]
[92mINFO [0m:      aggregate_evaluate: received 5 results and 0 failures
[92mINFO [0m:      
[92mINFO [0m:      [SUMMARY]
[92mINFO [0m:      Run finished 5 round(s) in 236.60s
[92mINFO [0m:      	History (loss, distributed):
[92mINFO [0m:      		round 1: 0.7041267096996308
[92mINFO [0m:      		round 2: 0.7113989472389222
[92mINFO [0m:      		round 3: 0.6879586219787598
[92mINFO [0m:      		round 4: 0.7045311450958252
[92mINFO [0m:      		round 5: 0.6815085887908936
[92mINFO [0m:      	History (metrics, distributed, fit):
[92mINFO [0m:      	{'fake_memory_norm': [(1, 0.9893068713162493),
[92mINFO [0m:      	                      (2, 0.9888611681669552),
[92mINFO [0m:      	                      (3, 0.9882613181752674),
[92mINFO [0m:      	                      (4, 0.9870388986812316),
[92mINFO [0m:      	                      (5, 0.9850106864998424)],
[92mINFO [0m:      	 'real_memory_norm': [(1, 0.9912586109593978),
[92mINFO [0m:      	                      (2, 0.9906329294726791),
[92mINFO [0m:      	                      (3, 0.9897820432183834),
[92mINFO [0m:      	                      (4, 0.9884626089206429),
[92mINFO [0m:      	                      (5, 0.9861086594731738)]}
[92mINFO [0m:      	History (metrics, distributed, evaluate):
[92mINFO [0m:      	{'accuracy': [(1, 0.58), (2, 0.42), (3, 0.58), (4, 0.42), (5, 0.58)]}
[92mINFO [0m:      
[36m(ClientAppActor pid=31292)[0m Client 5
[36m(ClientAppActor pid=31292)[0m Train Images: 100
[36m(ClientAppActor pid=31292)[0m Test Images : 10
[36m(ClientAppActor pid=31292)[0m Validate Images : 10
[36m(ClientAppActor pid=31292)[0m 
[36m(ClientAppActor pid=31292)[0m CLIENT 5 STARTING EVALUATION
[36m(ClientAppActor pid=31292)[0m Client 5 received class memories
[36m(ClientAppActor pid=31292)[0m Real memory norm=0.9861
[36m(ClientAppActor pid=31292)[0m Fake memory norm=0.9850
[36m(ClientAppActor pid=31292)[0m Artifact bias shape: torch.Size([10, 8, 197, 197])
[36m(ClientAppActor pid=31292)[0m Accuracy: 0.4000
[36m(ClientAppActor pid=31292)[0m 
[36m(ClientAppActor pid=31292)[0m CLIENT 5 EVALUATION COMPLETE
[36m(ClientAppActor pid=31292)[0m Client 1 using cuda
[36m(ClientAppActor pid=31292)[0m {'fake': 0, 'real': 1}
[36m(ClientAppActor pid=31292)[0m [DEBUG MODE] Train=100, Val=10, Test=10
[36m(ClientAppActor pid=31292)[0m 
[36m(ClientAppActor pid=31292)[0m Client 1 Class Distribution
[36m(ClientAppActor pid=31292)[0m Train: Counter({1: 56, 0: 44})
[36m(ClientAppActor pid=31292)[0m Val  : Counter({1: 6, 0: 4})
[36m(ClientAppActor pid=31292)[0m Test : Counter({1: 9, 0: 1})
[36m(ClientAppActor pid=31292)[0m Client 1
[36m(ClientAppActor pid=31292)[0m Train Images: 100
[36m(ClientAppActor pid=31292)[0m Test Images : 10
[36m(ClientAppActor pid=31292)[0m Validate Images : 10
[36m(ClientAppActor pid=31292)[0m 
[36m(ClientAppActor pid=31292)[0m CLIENT 1 STARTING EVALUATION
[36m(ClientAppActor pid=31292)[0m Client 1 received class memories
[36m(ClientAppActor pid=31292)[0m Real memory norm=0.9861
[36m(ClientAppActor pid=31292)[0m Fake memory norm=0.9850
[36m(ClientAppActor pid=31292)[0m Artifact bias shape: torch.Size([10, 8, 197, 197])
[36m(ClientAppActor pid=31292)[0m Accuracy: 0.9000
[36m(ClientAppActor pid=31292)[0m 
[36m(ClientAppActor pid=31292)[0m CLIENT 1 EVALUATION COMPLETE
[36m(ClientAppActor pid=31292)[0m Client 4 using cuda
[36m(ClientAppActor pid=31292)[0m {'fake': 0, 'real': 1}
[36m(ClientAppActor pid=31292)[0m [DEBUG MODE] Train=100, Val=10, Test=10
[36m(ClientAppActor pid=31292)[0m 
[36m(ClientAppActor pid=31292)[0m Client 4 Class Distribution
[36m(ClientAppActor pid=31292)[0m Train: Counter({0: 59, 1: 41})
[36m(ClientAppActor pid=31292)[0m Val  : Counter({0: 6, 1: 4})
[36m(ClientAppActor pid=31292)[0m Test : Counter({1: 7, 0: 3})
[36m(ClientAppActor pid=31292)[0m Client 4
[36m(ClientAppActor pid=31292)[0m Train Images: 100
[36m(ClientAppActor pid=31292)[0m Test Images : 10
[36m(ClientAppActor pid=31292)[0m Validate Images : 10
[36m(ClientAppActor pid=31292)[0m 
[36m(ClientAppActor pid=31292)[0m CLIENT 4 STARTING EVALUATION
[36m(ClientAppActor pid=31292)[0m Client 4 received class memories
[36m(ClientAppActor pid=31292)[0m Real memory norm=0.9861
[36m(ClientAppActor pid=31292)[0m Fake memory norm=0.9850
[36m(ClientAppActor pid=31292)[0m Artifact bias shape: torch.Size([10, 8, 197, 197])
[36m(ClientAppActor pid=31292)[0m Accuracy: 0.7000
[36m(ClientAppActor pid=31292)[0m 
[36m(ClientAppActor pid=31292)[0m CLIENT 4 EVALUATION COMPLETE
