
================================================================================
TRAINING ATTEMPT 1/999999
================================================================================
Loading project configuration... 
Success
[92mINFO [0m:      Starting Flower ServerApp, config: num_rounds=5, no round_timeout
[92mINFO [0m:      
[92mINFO [0m:      [INIT]
[92mINFO [0m:      Requesting initial parameters from one random client
[92mINFO [0m:      Received initial parameters from one random client
[92mINFO [0m:      Starting evaluation of initial global parameters
[92mINFO [0m:      Evaluation returned no results (`None`)
[92mINFO [0m:      
[92mINFO [0m:      [ROUND 1]
[92mINFO [0m:      configure_fit: strategy sampled 5 clients (out of 5)
[36m(ClientAppActor pid=32867)[0m 
Epoch 1/1:   0%|          | 0/63 [00:00<?, ?it/s]
[36m(ClientAppActor pid=32867)[0m 
Epoch 1/1:   0%|          | 0/63 [00:01<?, ?it/s, loss=0.6731, acc=62.50%, img/s=23.4, eta=1.4m]
Epoch 1/1:   2%|▏         | 1/63 [00:01<01:24,  1.37s/it, loss=0.6731, acc=62.50%, img/s=23.4, eta=1.4m]
[36m(ClientAppActor pid=32867)[0m 
Epoch 1/1:   2%|▏         | 1/63 [00:01<01:24,  1.37s/it, loss=0.7968, acc=54.69%, img/s=39.8, eta=0.8m]
Epoch 1/1:   3%|▎         | 2/63 [00:01<00:42,  1.42it/s, loss=0.7968, acc=54.69%, img/s=39.8, eta=0.8m]
[36m(ClientAppActor pid=32867)[0m 
Epoch 1/1:   3%|▎         | 2/63 [00:01<00:42,  1.42it/s, loss=0.6391, acc=58.33%, img/s=51.9, eta=0.6m]
Epoch 1/1:   5%|▍         | 3/63 [00:01<00:29,  2.03it/s, loss=0.6391, acc=58.33%, img/s=51.9, eta=0.6m]
[36m(ClientAppActor pid=32867)[0m 
Epoch 1/1:   5%|▍         | 3/63 [00:02<00:29,  2.03it/s, loss=0.8154, acc=57.03%, img/s=61.2, eta=0.5m]
Epoch 1/1:   6%|▋         | 4/63 [00:02<00:23,  2.54it/s, loss=0.8154, acc=57.03%, img/s=61.2, eta=0.5m]
[36m(ClientAppActor pid=32867)[0m 
Epoch 1/1:   6%|▋         | 4/63 [00:02<00:23,  2.54it/s, loss=0.7187, acc=57.50%, img/s=68.6, eta=0.5m]
Epoch 1/1:   8%|▊         | 5/63 [00:02<00:19,  2.95it/s, loss=0.7187, acc=57.50%, img/s=68.6, eta=0.5m]
[36m(ClientAppActor pid=32867)[0m 
Epoch 1/1:   8%|▊         | 5/63 [00:02<00:19,  2.95it/s, loss=0.7164, acc=53.65%, img/s=74.6, eta=0.4m]
Epoch 1/1:  10%|▉         | 6/63 [00:02<00:17,  3.27it/s, loss=0.7164, acc=53.65%, img/s=74.6, eta=0.4m]
[36m(ClientAppActor pid=32867)[0m 
Epoch 1/1:  10%|▉         | 6/63 [00:02<00:17,  3.27it/s, loss=0.7642, acc=50.89%, img/s=79.9, eta=0.4m]
Epoch 1/1:  11%|█         | 7/63 [00:02<00:15,  3.56it/s, loss=0.7642, acc=50.89%, img/s=79.9, eta=0.4m]
[36m(ClientAppActor pid=32867)[0m 
Epoch 1/1:  11%|█         | 7/63 [00:03<00:15,  3.56it/s, loss=0.7387, acc=51.56%, img/s=84.3, eta=0.3m]
Epoch 1/1:  13%|█▎        | 8/63 [00:03<00:14,  3.77it/s, loss=0.7387, acc=51.56%, img/s=84.3, eta=0.3m]
[36m(ClientAppActor pid=32867)[0m 
Epoch 1/1:  13%|█▎        | 8/63 [00:03<00:14,  3.77it/s, loss=0.7084, acc=50.69%, img/s=88.2, eta=0.3m]
Epoch 1/1:  14%|█▍        | 9/63 [00:03<00:13,  3.93it/s, loss=0.7084, acc=50.69%, img/s=88.2, eta=0.3m]
[36m(ClientAppActor pid=32867)[0m 
Epoch 1/1:  14%|█▍        | 9/63 [00:03<00:13,  3.93it/s, loss=0.6861, acc=50.94%, img/s=91.5, eta=0.3m]
Epoch 1/1:  16%|█▌        | 10/63 [00:03<00:13,  4.04it/s, loss=0.6861, acc=50.94%, img/s=91.5, eta=0.3m]
[36m(ClientAppActor pid=32867)[0m 
Epoch 1/1:  16%|█▌        | 10/63 [00:03<00:13,  4.04it/s, loss=0.7529, acc=51.42%, img/s=94.1, eta=0.3m]
Epoch 1/1:  17%|█▋        | 11/63 [00:03<00:12,  4.06it/s, loss=0.7529, acc=51.42%, img/s=94.1, eta=0.3m]
[36m(ClientAppActor pid=32867)[0m 
Epoch 1/1:  17%|█▋        | 11/63 [00:03<00:12,  4.06it/s, loss=0.7468, acc=50.00%, img/s=96.3, eta=0.3m]
Epoch 1/1:  19%|█▉        | 12/63 [00:03<00:12,  4.07it/s, loss=0.7468, acc=50.00%, img/s=96.3, eta=0.3m]
[36m(ClientAppActor pid=32867)[0m 
Epoch 1/1:  19%|█▉        | 12/63 [00:04<00:12,  4.07it/s, loss=0.6662, acc=50.72%, img/s=98.4, eta=0.3m]
Epoch 1/1:  21%|██        | 13/63 [00:04<00:12,  4.09it/s, loss=0.6662, acc=50.72%, img/s=98.4, eta=0.3m]
[36m(ClientAppActor pid=32867)[0m 
Epoch 1/1:  21%|██        | 13/63 [00:04<00:12,  4.09it/s, loss=0.7313, acc=50.22%, img/s=100.2, eta=0.3m]
Epoch 1/1:  22%|██▏       | 14/63 [00:04<00:11,  4.09it/s, loss=0.7313, acc=50.22%, img/s=100.2, eta=0.3m]
[36m(ClientAppActor pid=32867)[0m 
Epoch 1/1:  22%|██▏       | 14/63 [00:04<00:11,  4.09it/s, loss=0.7059, acc=50.00%, img/s=101.8, eta=0.3m]
Epoch 1/1:  24%|██▍       | 15/63 [00:04<00:11,  4.10it/s, loss=0.7059, acc=50.00%, img/s=101.8, eta=0.3m]
[36m(ClientAppActor pid=32867)[0m 
Epoch 1/1:  24%|██▍       | 15/63 [00:04<00:11,  4.10it/s, loss=0.6565, acc=50.78%, img/s=103.5, eta=0.2m]
Epoch 1/1:  25%|██▌       | 16/63 [00:04<00:11,  4.15it/s, loss=0.6565, acc=50.78%, img/s=103.5, eta=0.2m]
[36m(ClientAppActor pid=32867)[0m 
Epoch 1/1:  25%|██▌       | 16/63 [00:05<00:11,  4.15it/s, loss=0.6727, acc=51.29%, img/s=105.0, eta=0.2m]
Epoch 1/1:  27%|██▋       | 17/63 [00:05<00:10,  4.19it/s, loss=0.6727, acc=51.29%, img/s=105.0, eta=0.2m]
[36m(ClientAppActor pid=32867)[0m 
Epoch 1/1:  27%|██▋       | 17/63 [00:05<00:10,  4.19it/s, loss=0.7407, acc=50.87%, img/s=106.3, eta=0.2m]
Epoch 1/1:  29%|██▊       | 18/63 [00:05<00:10,  4.20it/s, loss=0.7407, acc=50.87%, img/s=106.3, eta=0.2m]
[36m(ClientAppActor pid=32867)[0m 
Epoch 1/1:  29%|██▊       | 18/63 [00:05<00:10,  4.20it/s, loss=0.6977, acc=50.99%, img/s=107.6, eta=0.2m]
Epoch 1/1:  30%|███       | 19/63 [00:05<00:10,  4.23it/s, loss=0.6977, acc=50.99%, img/s=107.6, eta=0.2m]
[36m(ClientAppActor pid=32867)[0m 
Epoch 1/1:  30%|███       | 19/63 [00:05<00:10,  4.23it/s, loss=0.7189, acc=50.78%, img/s=108.8, eta=0.2m]
Epoch 1/1:  32%|███▏      | 20/63 [00:05<00:10,  4.25it/s, loss=0.7189, acc=50.78%, img/s=108.8, eta=0.2m]
[36m(ClientAppActor pid=32867)[0m 
Epoch 1/1:  32%|███▏      | 20/63 [00:06<00:10,  4.25it/s, loss=0.7226, acc=50.60%, img/s=109.9, eta=0.2m]
Epoch 1/1:  33%|███▎      | 21/63 [00:06<00:09,  4.26it/s, loss=0.7226, acc=50.60%, img/s=109.9, eta=0.2m]
[36m(ClientAppActor pid=32867)[0m 
Epoch 1/1:  33%|███▎      | 21/63 [00:06<00:09,  4.26it/s, loss=0.6971, acc=50.71%, img/s=110.8, eta=0.2m]
Epoch 1/1:  35%|███▍      | 22/63 [00:06<00:09,  4.26it/s, loss=0.6971, acc=50.71%, img/s=110.8, eta=0.2m]
[36m(ClientAppActor pid=32867)[0m 
Epoch 1/1:  35%|███▍      | 22/63 [00:06<00:09,  4.26it/s, loss=0.7480, acc=50.00%, img/s=111.8, eta=0.2m]
Epoch 1/1:  37%|███▋      | 23/63 [00:06<00:09,  4.27it/s, loss=0.7480, acc=50.00%, img/s=111.8, eta=0.2m]
[36m(ClientAppActor pid=32867)[0m 
Epoch 1/1:  37%|███▋      | 23/63 [00:06<00:09,  4.27it/s, loss=0.7456, acc=49.61%, img/s=112.6, eta=0.2m]
Epoch 1/1:  38%|███▊      | 24/63 [00:06<00:09,  4.28it/s, loss=0.7456, acc=49.61%, img/s=112.6, eta=0.2m]
[36m(ClientAppActor pid=32867)[0m 
Epoch 1/1:  38%|███▊      | 24/63 [00:07<00:09,  4.28it/s, loss=0.7291, acc=49.38%, img/s=113.5, eta=0.2m]
Epoch 1/1:  40%|███▉      | 25/63 [00:07<00:08,  4.29it/s, loss=0.7291, acc=49.38%, img/s=113.5, eta=0.2m]
[36m(ClientAppActor pid=32867)[0m 
Epoch 1/1:  40%|███▉      | 25/63 [00:07<00:08,  4.29it/s, loss=0.6973, acc=49.52%, img/s=114.3, eta=0.2m]
Epoch 1/1:  41%|████▏     | 26/63 [00:07<00:08,  4.31it/s, loss=0.6973, acc=49.52%, img/s=114.3, eta=0.2m]
[36m(ClientAppActor pid=32867)[0m 
Epoch 1/1:  41%|████▏     | 26/63 [00:07<00:08,  4.31it/s, loss=0.7155, acc=49.42%, img/s=115.1, eta=0.2m]
Epoch 1/1:  43%|████▎     | 27/63 [00:07<00:08,  4.32it/s, loss=0.7155, acc=49.42%, img/s=115.1, eta=0.2m]
[36m(ClientAppActor pid=32867)[0m 
Epoch 1/1:  43%|████▎     | 27/63 [00:07<00:08,  4.32it/s, loss=0.7029, acc=49.55%, img/s=115.6, eta=0.2m]
Epoch 1/1:  44%|████▍     | 28/63 [00:07<00:08,  4.27it/s, loss=0.7029, acc=49.55%, img/s=115.6, eta=0.2m]
[36m(ClientAppActor pid=32867)[0m 
Epoch 1/1:  44%|████▍     | 28/63 [00:07<00:08,  4.27it/s, loss=0.7054, acc=49.46%, img/s=116.1, eta=0.2m]
Epoch 1/1:  46%|████▌     | 29/63 [00:07<00:08,  4.22it/s, loss=0.7054, acc=49.46%, img/s=116.1, eta=0.2m]
[36m(ClientAppActor pid=32867)[0m 
Epoch 1/1:  46%|████▌     | 29/63 [00:08<00:08,  4.22it/s, loss=0.6361, acc=50.10%, img/s=116.5, eta=0.2m]
Epoch 1/1:  48%|████▊     | 30/63 [00:08<00:07,  4.18it/s, loss=0.6361, acc=50.10%, img/s=116.5, eta=0.2m]
[36m(ClientAppActor pid=32867)[0m 
Epoch 1/1:  48%|████▊     | 30/63 [00:08<00:07,  4.18it/s, loss=0.6469, acc=50.50%, img/s=117.0, eta=0.1m]
Epoch 1/1:  49%|████▉     | 31/63 [00:08<00:07,  4.17it/s, loss=0.6469, acc=50.50%, img/s=117.0, eta=0.1m]
[36m(ClientAppActor pid=32867)[0m 
Epoch 1/1:  49%|████▉     | 31/63 [00:08<00:07,  4.17it/s, loss=0.6869, acc=50.39%, img/s=117.5, eta=0.1m]
Epoch 1/1:  51%|█████     | 32/63 [00:08<00:07,  4.20it/s, loss=0.6869, acc=50.39%, img/s=117.5, eta=0.1m]
[36m(ClientAppActor pid=32867)[0m 
Epoch 1/1:  51%|█████     | 32/63 [00:08<00:07,  4.20it/s, loss=0.7370, acc=50.38%, img/s=118.1, eta=0.1m]
Epoch 1/1:  52%|█████▏    | 33/63 [00:08<00:07,  4.24it/s, loss=0.7370, acc=50.38%, img/s=118.1, eta=0.1m]
[36m(ClientAppActor pid=32867)[0m 
Epoch 1/1:  52%|█████▏    | 33/63 [00:09<00:07,  4.24it/s, loss=0.7426, acc=49.91%, img/s=118.5, eta=0.1m]
Epoch 1/1:  54%|█████▍    | 34/63 [00:09<00:06,  4.21it/s, loss=0.7426, acc=49.91%, img/s=118.5, eta=0.1m]
[36m(ClientAppActor pid=32867)[0m 
Epoch 1/1:  54%|█████▍    | 34/63 [00:09<00:06,  4.21it/s, loss=0.7085, acc=49.73%, img/s=118.8, eta=0.1m]
Epoch 1/1:  56%|█████▌    | 35/63 [00:09<00:06,  4.18it/s, loss=0.7085, acc=49.73%, img/s=118.8, eta=0.1m]
[36m(ClientAppActor pid=32867)[0m 
Epoch 1/1:  56%|█████▌    | 35/63 [00:09<00:06,  4.18it/s, loss=0.7337, acc=49.48%, img/s=119.1, eta=0.1m]
Epoch 1/1:  57%|█████▋    | 36/63 [00:09<00:06,  4.17it/s, loss=0.7337, acc=49.48%, img/s=119.1, eta=0.1m]
[36m(ClientAppActor pid=32867)[0m 
Epoch 1/1:  57%|█████▋    | 36/63 [00:09<00:06,  4.17it/s, loss=0.7274, acc=49.24%, img/s=119.5, eta=0.1m]
Epoch 1/1:  59%|█████▊    | 37/63 [00:09<00:06,  4.16it/s, loss=0.7274, acc=49.24%, img/s=119.5, eta=0.1m]
[36m(ClientAppActor pid=32867)[0m 
Epoch 1/1:  59%|█████▊    | 37/63 [00:10<00:06,  4.16it/s, loss=0.7111, acc=49.26%, img/s=119.9, eta=0.1m]
Epoch 1/1:  60%|██████    | 38/63 [00:10<00:05,  4.19it/s, loss=0.7111, acc=49.26%, img/s=119.9, eta=0.1m]
[36m(ClientAppActor pid=32867)[0m 
Epoch 1/1:  60%|██████    | 38/63 [00:10<00:05,  4.19it/s, loss=0.6937, acc=49.12%, img/s=120.3, eta=0.1m]
Epoch 1/1:  62%|██████▏   | 39/63 [00:10<00:05,  4.23it/s, loss=0.6937, acc=49.12%, img/s=120.3, eta=0.1m]
[36m(ClientAppActor pid=32867)[0m 
Epoch 1/1:  62%|██████▏   | 39/63 [00:10<00:05,  4.23it/s, loss=0.6830, acc=48.98%, img/s=120.5, eta=0.1m]
Epoch 1/1:  63%|██████▎   | 40/63 [00:10<00:05,  4.20it/s, loss=0.6830, acc=48.98%, img/s=120.5, eta=0.1m]
[36m(ClientAppActor pid=32867)[0m 
Epoch 1/1:  63%|██████▎   | 40/63 [00:10<00:05,  4.20it/s, loss=0.7329, acc=48.86%, img/s=120.8, eta=0.1m]
Epoch 1/1:  65%|██████▌   | 41/63 [00:10<00:05,  4.17it/s, loss=0.7329, acc=48.86%, img/s=120.8, eta=0.1m]
[36m(ClientAppActor pid=32867)[0m 
Epoch 1/1:  65%|██████▌   | 41/63 [00:11<00:05,  4.17it/s, loss=0.6683, acc=48.96%, img/s=121.0, eta=0.1m]
Epoch 1/1:  67%|██████▋   | 42/63 [00:11<00:05,  4.15it/s, loss=0.6683, acc=48.96%, img/s=121.0, eta=0.1m]
[36m(ClientAppActor pid=32867)[0m 
Epoch 1/1:  67%|██████▋   | 42/63 [00:11<00:05,  4.15it/s, loss=0.7034, acc=48.98%, img/s=121.2, eta=0.1m]
Epoch 1/1:  68%|██████▊   | 43/63 [00:11<00:04,  4.14it/s, loss=0.7034, acc=48.98%, img/s=121.2, eta=0.1m]
[36m(ClientAppActor pid=32867)[0m 
Epoch 1/1:  68%|██████▊   | 43/63 [00:11<00:04,  4.14it/s, loss=0.6395, acc=49.22%, img/s=121.5, eta=0.1m]
Epoch 1/1:  70%|██████▉   | 44/63 [00:11<00:04,  4.16it/s, loss=0.6395, acc=49.22%, img/s=121.5, eta=0.1m]
[36m(ClientAppActor pid=32867)[0m 
Epoch 1/1:  70%|██████▉   | 44/63 [00:11<00:04,  4.16it/s, loss=0.7093, acc=49.31%, img/s=121.9, eta=0.1m]
Epoch 1/1:  71%|███████▏  | 45/63 [00:11<00:04,  4.21it/s, loss=0.7093, acc=49.31%, img/s=121.9, eta=0.1m]
[36m(ClientAppActor pid=32867)[0m 
Epoch 1/1:  71%|███████▏  | 45/63 [00:12<00:04,  4.21it/s, loss=0.6415, acc=49.80%, img/s=122.1, eta=0.1m]
Epoch 1/1:  73%|███████▎  | 46/63 [00:12<00:04,  4.22it/s, loss=0.6415, acc=49.80%, img/s=122.1, eta=0.1m]
[36m(ClientAppActor pid=32867)[0m 
Epoch 1/1:  73%|███████▎  | 46/63 [00:12<00:04,  4.22it/s, loss=0.7099, acc=49.80%, img/s=122.4, eta=0.1m]
Epoch 1/1:  75%|███████▍  | 47/63 [00:12<00:03,  4.24it/s, loss=0.7099, acc=49.80%, img/s=122.4, eta=0.1m]
[36m(ClientAppActor pid=32867)[0m 
Epoch 1/1:  75%|███████▍  | 47/63 [00:12<00:03,  4.24it/s, loss=0.7820, acc=49.87%, img/s=122.7, eta=0.1m]
Epoch 1/1:  76%|███████▌  | 48/63 [00:12<00:03,  4.26it/s, loss=0.7820, acc=49.87%, img/s=122.7, eta=0.1m]
[36m(ClientAppActor pid=32867)[0m 
Epoch 1/1:  76%|███████▌  | 48/63 [00:12<00:03,  4.26it/s, loss=0.6841, acc=49.87%, img/s=123.0, eta=0.1m]
Epoch 1/1:  78%|███████▊  | 49/63 [00:12<00:03,  4.27it/s, loss=0.6841, acc=49.87%, img/s=123.0, eta=0.1m]
[36m(ClientAppActor pid=32867)[0m 
Epoch 1/1:  78%|███████▊  | 49/63 [00:12<00:03,  4.27it/s, loss=0.6940, acc=49.94%, img/s=123.2, eta=0.1m]
Epoch 1/1:  79%|███████▉  | 50/63 [00:12<00:03,  4.28it/s, loss=0.6940, acc=49.94%, img/s=123.2, eta=0.1m]
[36m(ClientAppActor pid=32867)[0m 
Epoch 1/1:  79%|███████▉  | 50/63 [00:13<00:03,  4.28it/s, loss=0.7407, acc=49.63%, img/s=123.5, eta=0.1m]
Epoch 1/1:  81%|████████  | 51/63 [00:13<00:02,  4.28it/s, loss=0.7407, acc=49.63%, img/s=123.5, eta=0.1m]
[36m(ClientAppActor pid=32867)[0m 
Epoch 1/1:  81%|████████  | 51/63 [00:13<00:02,  4.28it/s, loss=0.7165, acc=49.52%, img/s=123.6, eta=0.0m]
Epoch 1/1:  83%|████████▎ | 52/63 [00:13<00:02,  4.19it/s, loss=0.7165, acc=49.52%, img/s=123.6, eta=0.0m]
[36m(ClientAppActor pid=32867)[0m 
Epoch 1/1:  83%|████████▎ | 52/63 [00:13<00:02,  4.19it/s, loss=0.7349, acc=49.47%, img/s=123.7, eta=0.0m]
Epoch 1/1:  84%|████████▍ | 53/63 [00:13<00:02,  4.17it/s, loss=0.7349, acc=49.47%, img/s=123.7, eta=0.0m]
[36m(ClientAppActor pid=32867)[0m 
Epoch 1/1:  84%|████████▍ | 53/63 [00:13<00:02,  4.17it/s, loss=0.7476, acc=49.31%, img/s=123.9, eta=0.0m]
Epoch 1/1:  86%|████████▌ | 54/63 [00:13<00:02,  4.16it/s, loss=0.7476, acc=49.31%, img/s=123.9, eta=0.0m]
[36m(ClientAppActor pid=32867)[0m 
Epoch 1/1:  86%|████████▌ | 54/63 [00:14<00:02,  4.16it/s, loss=0.7042, acc=49.26%, img/s=124.0, eta=0.0m]
Epoch 1/1:  87%|████████▋ | 55/63 [00:14<00:01,  4.17it/s, loss=0.7042, acc=49.26%, img/s=124.0, eta=0.0m]
[36m(ClientAppActor pid=32867)[0m 
Epoch 1/1:  87%|████████▋ | 55/63 [00:14<00:01,  4.17it/s, loss=0.6794, acc=49.44%, img/s=124.1, eta=0.0m]
Epoch 1/1:  89%|████████▉ | 56/63 [00:14<00:01,  4.13it/s, loss=0.6794, acc=49.44%, img/s=124.1, eta=0.0m]
[36m(ClientAppActor pid=32867)[0m 
Epoch 1/1:  89%|████████▉ | 56/63 [00:14<00:01,  4.13it/s, loss=0.7091, acc=49.51%, img/s=124.2, eta=0.0m]
Epoch 1/1:  90%|█████████ | 57/63 [00:14<00:01,  4.13it/s, loss=0.7091, acc=49.51%, img/s=124.2, eta=0.0m]
[36m(ClientAppActor pid=32867)[0m 
Epoch 1/1:  90%|█████████ | 57/63 [00:14<00:01,  4.13it/s, loss=0.6971, acc=49.57%, img/s=124.4, eta=0.0m]
Epoch 1/1:  92%|█████████▏| 58/63 [00:14<00:01,  4.13it/s, loss=0.6971, acc=49.57%, img/s=124.4, eta=0.0m]
[36m(ClientAppActor pid=32867)[0m 
Epoch 1/1:  92%|█████████▏| 58/63 [00:15<00:01,  4.13it/s, loss=0.6895, acc=49.47%, img/s=124.5, eta=0.0m]
Epoch 1/1:  94%|█████████▎| 59/63 [00:15<00:00,  4.13it/s, loss=0.6895, acc=49.47%, img/s=124.5, eta=0.0m]
[36m(ClientAppActor pid=32867)[0m 
Epoch 1/1:  94%|█████████▎| 59/63 [00:15<00:00,  4.13it/s, loss=0.6672, acc=49.84%, img/s=124.7, eta=0.0m]
Epoch 1/1:  95%|█████████▌| 60/63 [00:15<00:00,  4.17it/s, loss=0.6672, acc=49.84%, img/s=124.7, eta=0.0m]
[36m(ClientAppActor pid=32867)[0m 
Epoch 1/1:  95%|█████████▌| 60/63 [00:15<00:00,  4.17it/s, loss=0.7433, acc=49.64%, img/s=124.9, eta=0.0m]
Epoch 1/1:  97%|█████████▋| 61/63 [00:15<00:00,  4.21it/s, loss=0.7433, acc=49.64%, img/s=124.9, eta=0.0m]
[36m(ClientAppActor pid=32867)[0m 
Epoch 1/1:  97%|█████████▋| 61/63 [00:15<00:00,  4.21it/s, loss=0.7000, acc=49.75%, img/s=125.1, eta=0.0m]
Epoch 1/1:  98%|█████████▊| 62/63 [00:15<00:00,  4.24it/s, loss=0.7000, acc=49.75%, img/s=125.1, eta=0.0m]
[36m(ClientAppActor pid=32867)[0m 
Epoch 1/1:  98%|█████████▊| 62/63 [00:16<00:00,  4.24it/s, loss=0.6924, acc=49.80%, img/s=61.0, eta=0.0m] 
Epoch 1/1: 100%|██████████| 63/63 [00:16<00:00,  2.74it/s, loss=0.6924, acc=49.80%, img/s=61.0, eta=0.0m]
Epoch 1/1: 100%|██████████| 63/63 [00:16<00:00,  3.81it/s, loss=0.6924, acc=49.80%, img/s=61.0, eta=0.0m]
[36m(ClientAppActor pid=32867)[0m 
Epoch 1/1:   0%|          | 0/63 [00:00<?, ?it/s]
[36m(ClientAppActor pid=32867)[0m 
Epoch 1/1:   0%|          | 0/63 [00:00<?, ?it/s, loss=0.6831, acc=59.38%, img/s=131.9, eta=0.3m]
Epoch 1/1:   2%|▏         | 1/63 [00:00<00:15,  4.12it/s, loss=0.6831, acc=59.38%, img/s=131.9, eta=0.3m]
[36m(ClientAppActor pid=32867)[0m 
Epoch 1/1:   2%|▏         | 1/63 [00:00<00:15,  4.12it/s, loss=0.8350, acc=50.00%, img/s=134.5, eta=0.2m]
Epoch 1/1:   3%|▎         | 2/63 [00:00<00:14,  4.22it/s, loss=0.8350, acc=50.00%, img/s=134.5, eta=0.2m]
[36m(ClientAppActor pid=32867)[0m 
Epoch 1/1:   3%|▎         | 2/63 [00:00<00:14,  4.22it/s, loss=0.7567, acc=51.04%, img/s=135.8, eta=0.2m]
Epoch 1/1:   5%|▍         | 3/63 [00:00<00:14,  4.27it/s, loss=0.7567, acc=51.04%, img/s=135.8, eta=0.2m]
[36m(ClientAppActor pid=32867)[0m 
Epoch 1/1:   5%|▍         | 3/63 [00:00<00:14,  4.27it/s, loss=0.7641, acc=50.00%, img/s=136.3, eta=0.2m]
Epoch 1/1:   6%|▋         | 4/63 [00:00<00:13,  4.28it/s, loss=0.7641, acc=50.00%, img/s=136.3, eta=0.2m]
[36m(ClientAppActor pid=32867)[0m 
Epoch 1/1:   6%|▋         | 4/63 [00:01<00:13,  4.28it/s, loss=0.7117, acc=50.00%, img/s=136.9, eta=0.2m]
Epoch 1/1:   8%|▊         | 5/63 [00:01<00:13,  4.31it/s, loss=0.7117, acc=50.00%, img/s=136.9, eta=0.2m]
[36m(ClientAppActor pid=32867)[0m 
Epoch 1/1:   8%|▊         | 5/63 [00:01<00:13,  4.31it/s, loss=0.6159, acc=53.12%, img/s=137.2, eta=0.2m]
Epoch 1/1:  10%|▉         | 6/63 [00:01<00:13,  4.32it/s, loss=0.6159, acc=53.12%, img/s=137.2, eta=0.2m]
[36m(ClientAppActor pid=32867)[0m 
Epoch 1/1:  10%|▉         | 6/63 [00:01<00:13,  4.32it/s, loss=0.8130, acc=52.68%, img/s=137.0, eta=0.2m]
Epoch 1/1:  11%|█         | 7/63 [00:01<00:13,  4.29it/s, loss=0.8130, acc=52.68%, img/s=137.0, eta=0.2m]
[36m(ClientAppActor pid=32867)[0m 
Epoch 1/1:  11%|█         | 7/63 [00:01<00:13,  4.29it/s, loss=0.8119, acc=52.34%, img/s=137.3, eta=0.2m]
Epoch 1/1:  13%|█▎        | 8/63 [00:01<00:12,  4.31it/s, loss=0.8119, acc=52.34%, img/s=137.3, eta=0.2m]
[36m(ClientAppActor pid=32867)[0m 
Epoch 1/1:  13%|█▎        | 8/63 [00:02<00:12,  4.31it/s, loss=0.7228, acc=52.08%, img/s=137.5, eta=0.2m]
Epoch 1/1:  14%|█▍        | 9/63 [00:02<00:12,  4.32it/s, loss=0.7228, acc=52.08%, img/s=137.5, eta=0.2m]
[36m(ClientAppActor pid=32867)[0m 
Epoch 1/1:  14%|█▍        | 9/63 [00:02<00:12,  4.32it/s, loss=0.7167, acc=51.56%, img/s=137.5, eta=0.2m]
Epoch 1/1:  16%|█▌        | 10/63 [00:02<00:12,  4.32it/s, loss=0.7167, acc=51.56%, img/s=137.5, eta=0.2m]
[36m(ClientAppActor pid=32867)[0m 
Epoch 1/1:  16%|█▌        | 10/63 [00:02<00:12,  4.32it/s, loss=0.6690, acc=52.56%, img/s=137.6, eta=0.2m]
Epoch 1/1:  17%|█▋        | 11/63 [00:02<00:12,  4.32it/s, loss=0.6690, acc=52.56%, img/s=137.6, eta=0.2m]
[36m(ClientAppActor pid=32867)[0m 
Epoch 1/1:  17%|█▋        | 11/63 [00:02<00:12,  4.32it/s, loss=0.8519, acc=52.08%, img/s=137.8, eta=0.2m]
Epoch 1/1:  19%|█▉        | 12/63 [00:02<00:11,  4.34it/s, loss=0.8519, acc=52.08%, img/s=137.8, eta=0.2m]
[36m(ClientAppActor pid=32867)[0m 
Epoch 1/1:  19%|█▉        | 12/63 [00:03<00:11,  4.34it/s, loss=0.7174, acc=52.16%, img/s=137.9, eta=0.2m]
Epoch 1/1:  21%|██        | 13/63 [00:03<00:11,  4.34it/s, loss=0.7174, acc=52.16%, img/s=137.9, eta=0.2m]
[36m(ClientAppActor pid=32867)[0m 
Epoch 1/1:  21%|██        | 13/63 [00:03<00:11,  4.34it/s, loss=0.8491, acc=51.12%, img/s=137.4, eta=0.2m]
Epoch 1/1:  22%|██▏       | 14/63 [00:03<00:11,  4.27it/s, loss=0.8491, acc=51.12%, img/s=137.4, eta=0.2m]
[36m(ClientAppActor pid=32867)[0m 
Epoch 1/1:  22%|██▏       | 14/63 [00:03<00:11,  4.27it/s, loss=0.7542, acc=50.42%, img/s=137.3, eta=0.2m]
Epoch 1/1:  24%|██▍       | 15/63 [00:03<00:11,  4.27it/s, loss=0.7542, acc=50.42%, img/s=137.3, eta=0.2m]
[36m(ClientAppActor pid=32867)[0m 
Epoch 1/1:  24%|██▍       | 15/63 [00:03<00:11,  4.27it/s, loss=0.6982, acc=50.78%, img/s=137.2, eta=0.2m]
Epoch 1/1:  25%|██▌       | 16/63 [00:03<00:11,  4.26it/s, loss=0.6982, acc=50.78%, img/s=137.2, eta=0.2m]
[36m(ClientAppActor pid=32867)[0m 
Epoch 1/1:  25%|██▌       | 16/63 [00:03<00:11,  4.26it/s, loss=0.7097, acc=50.55%, img/s=137.0, eta=0.2m]
Epoch 1/1:  27%|██▋       | 17/63 [00:03<00:10,  4.23it/s, loss=0.7097, acc=50.55%, img/s=137.0, eta=0.2m]
[36m(ClientAppActor pid=32867)[0m 
Epoch 1/1:  27%|██▋       | 17/63 [00:04<00:10,  4.23it/s, loss=0.7847, acc=50.00%, img/s=136.7, eta=0.2m]
Epoch 1/1:  29%|██▊       | 18/63 [00:04<00:10,  4.19it/s, loss=0.7847, acc=50.00%, img/s=136.7, eta=0.2m]
[36m(ClientAppActor pid=32867)[0m 
Epoch 1/1:  29%|██▊       | 18/63 [00:04<00:10,  4.19it/s, loss=0.7505, acc=49.84%, img/s=136.5, eta=0.2m]
Epoch 1/1:  30%|███       | 19/63 [00:04<00:10,  4.18it/s, loss=0.7505, acc=49.84%, img/s=136.5, eta=0.2m]
[36m(ClientAppActor pid=32867)[0m 
Epoch 1/1:  30%|███       | 19/63 [00:04<00:10,  4.18it/s, loss=0.7418, acc=50.00%, img/s=136.3, eta=0.2m]
Epoch 1/1:  32%|███▏      | 20/63 [00:04<00:10,  4.17it/s, loss=0.7418, acc=50.00%, img/s=136.3, eta=0.2m]
[36m(ClientAppActor pid=32867)[0m 
Epoch 1/1:  32%|███▏      | 20/63 [00:04<00:10,  4.17it/s, loss=0.6799, acc=50.45%, img/s=136.4, eta=0.2m]
Epoch 1/1:  33%|███▎      | 21/63 [00:04<00:09,  4.22it/s, loss=0.6799, acc=50.45%, img/s=136.4, eta=0.2m]
[36m(ClientAppActor pid=32867)[0m 
Epoch 1/1:  33%|███▎      | 21/63 [00:05<00:09,  4.22it/s, loss=0.7080, acc=50.28%, img/s=136.3, eta=0.2m]
Epoch 1/1:  35%|███▍      | 22/63 [00:05<00:09,  4.21it/s, loss=0.7080, acc=50.28%, img/s=136.3, eta=0.2m]
[36m(ClientAppActor pid=32867)[0m 
Epoch 1/1:  35%|███▍      | 22/63 [00:05<00:09,  4.21it/s, loss=0.7173, acc=49.73%, img/s=136.3, eta=0.2m]
Epoch 1/1:  37%|███▋      | 23/63 [00:05<00:09,  4.24it/s, loss=0.7173, acc=49.73%, img/s=136.3, eta=0.2m]
[36m(ClientAppActor pid=32867)[0m 
Epoch 1/1:  37%|███▋      | 23/63 [00:05<00:09,  4.24it/s, loss=0.7127, acc=49.35%, img/s=136.4, eta=0.2m]
Epoch 1/1:  38%|███▊      | 24/63 [00:05<00:09,  4.27it/s, loss=0.7127, acc=49.35%, img/s=136.4, eta=0.2m]
[36m(ClientAppActor pid=32867)[0m 
Epoch 1/1:  38%|███▊      | 24/63 [00:05<00:09,  4.27it/s, loss=0.7457, acc=49.00%, img/s=136.6, eta=0.1m]
Epoch 1/1:  40%|███▉      | 25/63 [00:05<00:08,  4.29it/s, loss=0.7457, acc=49.00%, img/s=136.6, eta=0.1m]
[36m(ClientAppActor pid=32867)[0m 
Epoch 1/1:  40%|███▉      | 25/63 [00:06<00:08,  4.29it/s, loss=0.6871, acc=49.04%, img/s=136.5, eta=0.1m]
Epoch 1/1:  41%|████▏     | 26/63 [00:06<00:08,  4.28it/s, loss=0.6871, acc=49.04%, img/s=136.5, eta=0.1m]
[36m(ClientAppActor pid=32867)[0m 
Epoch 1/1:  41%|████▏     | 26/63 [00:06<00:08,  4.28it/s, loss=0.6776, acc=48.96%, img/s=136.6, eta=0.1m]
Epoch 1/1:  43%|████▎     | 27/63 [00:06<00:08,  4.28it/s, loss=0.6776, acc=48.96%, img/s=136.6, eta=0.1m]
[36m(ClientAppActor pid=32867)[0m 
Epoch 1/1:  43%|████▎     | 27/63 [00:06<00:08,  4.28it/s, loss=0.6796, acc=49.22%, img/s=136.6, eta=0.1m]
Epoch 1/1:  44%|████▍     | 28/63 [00:06<00:08,  4.28it/s, loss=0.6796, acc=49.22%, img/s=136.6, eta=0.1m]
[36m(ClientAppActor pid=32867)[0m 
Epoch 1/1:  44%|████▍     | 28/63 [00:06<00:08,  4.28it/s, loss=0.7614, acc=48.81%, img/s=136.6, eta=0.1m]
Epoch 1/1:  46%|████▌     | 29/63 [00:06<00:07,  4.29it/s, loss=0.7614, acc=48.81%, img/s=136.6, eta=0.1m]
[36m(ClientAppActor pid=32867)[0m 
Epoch 1/1:  46%|████▌     | 29/63 [00:07<00:07,  4.29it/s, loss=0.7495, acc=48.44%, img/s=136.7, eta=0.1m]
Epoch 1/1:  48%|████▊     | 30/63 [00:07<00:07,  4.31it/s, loss=0.7495, acc=48.44%, img/s=136.7, eta=0.1m]
[36m(ClientAppActor pid=32867)[0m 
Epoch 1/1:  48%|████▊     | 30/63 [00:07<00:07,  4.31it/s, loss=0.6874, acc=48.69%, img/s=136.8, eta=0.1m]
Epoch 1/1:  49%|████▉     | 31/63 [00:07<00:07,  4.31it/s, loss=0.6874, acc=48.69%, img/s=136.8, eta=0.1m]
[36m(ClientAppActor pid=32867)[0m 
Epoch 1/1:  49%|████▉     | 31/63 [00:07<00:07,  4.31it/s, loss=0.7614, acc=48.54%, img/s=136.8, eta=0.1m]
Epoch 1/1:  51%|█████     | 32/63 [00:07<00:07,  4.33it/s, loss=0.7614, acc=48.54%, img/s=136.8, eta=0.1m]
[36m(ClientAppActor pid=32867)[0m 
Epoch 1/1:  51%|█████     | 32/63 [00:07<00:07,  4.33it/s, loss=0.7183, acc=48.67%, img/s=136.8, eta=0.1m]
Epoch 1/1:  52%|█████▏    | 33/63 [00:07<00:06,  4.30it/s, loss=0.7183, acc=48.67%, img/s=136.8, eta=0.1m]
[36m(ClientAppActor pid=32867)[0m 
Epoch 1/1:  52%|█████▏    | 33/63 [00:07<00:06,  4.30it/s, loss=0.7489, acc=48.62%, img/s=136.7, eta=0.1m]
Epoch 1/1:  54%|█████▍    | 34/63 [00:07<00:06,  4.26it/s, loss=0.7489, acc=48.62%, img/s=136.7, eta=0.1m]
[36m(ClientAppActor pid=32867)[0m 
Epoch 1/1:  54%|█████▍    | 34/63 [00:08<00:06,  4.26it/s, loss=0.7214, acc=48.30%, img/s=136.6, eta=0.1m]
Epoch 1/1:  56%|█████▌    | 35/63 [00:08<00:06,  4.22it/s, loss=0.7214, acc=48.30%, img/s=136.6, eta=0.1m]
[36m(ClientAppActor pid=32867)[0m 
Epoch 1/1:  56%|█████▌    | 35/63 [00:08<00:06,  4.22it/s, loss=0.6690, acc=48.61%, img/s=136.4, eta=0.1m]
Epoch 1/1:  57%|█████▋    | 36/63 [00:08<00:06,  4.18it/s, loss=0.6690, acc=48.61%, img/s=136.4, eta=0.1m]
[36m(ClientAppActor pid=32867)[0m 
Epoch 1/1:  57%|█████▋    | 36/63 [00:08<00:06,  4.18it/s, loss=0.6685, acc=48.73%, img/s=136.3, eta=0.1m]
Epoch 1/1:  59%|█████▊    | 37/63 [00:08<00:06,  4.17it/s, loss=0.6685, acc=48.73%, img/s=136.3, eta=0.1m]
[36m(ClientAppActor pid=32867)[0m 
Epoch 1/1:  59%|█████▊    | 37/63 [00:08<00:06,  4.17it/s, loss=0.7322, acc=48.77%, img/s=136.2, eta=0.1m]
Epoch 1/1:  60%|██████    | 38/63 [00:08<00:06,  4.15it/s, loss=0.7322, acc=48.77%, img/s=136.2, eta=0.1m]
[36m(ClientAppActor pid=32867)[0m 
Epoch 1/1:  60%|██████    | 38/63 [00:09<00:06,  4.15it/s, loss=0.7143, acc=48.80%, img/s=136.1, eta=0.1m]
Epoch 1/1:  62%|██████▏   | 39/63 [00:09<00:05,  4.15it/s, loss=0.7143, acc=48.80%, img/s=136.1, eta=0.1m]
[36m(ClientAppActor pid=32867)[0m 
Epoch 1/1:  62%|██████▏   | 39/63 [00:09<00:05,  4.15it/s, loss=0.7176, acc=48.59%, img/s=136.0, eta=0.1m]
Epoch 1/1:  63%|██████▎   | 40/63 [00:09<00:05,  4.14it/s, loss=0.7176, acc=48.59%, img/s=136.0, eta=0.1m]
[36m(ClientAppActor pid=32867)[0m 
Epoch 1/1:  63%|██████▎   | 40/63 [00:09<00:05,  4.14it/s, loss=0.7190, acc=48.55%, img/s=136.0, eta=0.1m]
Epoch 1/1:  65%|██████▌   | 41/63 [00:09<00:05,  4.20it/s, loss=0.7190, acc=48.55%, img/s=136.0, eta=0.1m]
[36m(ClientAppActor pid=32867)[0m 
Epoch 1/1:  65%|██████▌   | 41/63 [00:09<00:05,  4.20it/s, loss=0.6794, acc=48.88%, img/s=136.1, eta=0.1m]
Epoch 1/1:  67%|██████▋   | 42/63 [00:09<00:04,  4.23it/s, loss=0.6794, acc=48.88%, img/s=136.1, eta=0.1m]
[36m(ClientAppActor pid=32867)[0m 
Epoch 1/1:  67%|██████▋   | 42/63 [00:10<00:04,  4.23it/s, loss=0.6737, acc=49.13%, img/s=136.2, eta=0.1m]
Epoch 1/1:  68%|██████▊   | 43/63 [00:10<00:04,  4.27it/s, loss=0.6737, acc=49.13%, img/s=136.2, eta=0.1m]
[36m(ClientAppActor pid=32867)[0m 
Epoch 1/1:  68%|██████▊   | 43/63 [00:10<00:04,  4.27it/s, loss=0.7115, acc=49.15%, img/s=136.2, eta=0.1m]
Epoch 1/1:  70%|██████▉   | 44/63 [00:10<00:04,  4.28it/s, loss=0.7115, acc=49.15%, img/s=136.2, eta=0.1m]
[36m(ClientAppActor pid=32867)[0m 
Epoch 1/1:  70%|██████▉   | 44/63 [00:10<00:04,  4.28it/s, loss=0.7116, acc=48.96%, img/s=136.2, eta=0.1m]
Epoch 1/1:  71%|███████▏  | 45/63 [00:10<00:04,  4.26it/s, loss=0.7116, acc=48.96%, img/s=136.2, eta=0.1m]
[36m(ClientAppActor pid=32867)[0m 
Epoch 1/1:  71%|███████▏  | 45/63 [00:10<00:04,  4.26it/s, loss=0.7065, acc=48.78%, img/s=136.0, eta=0.1m]
Epoch 1/1:  73%|███████▎  | 46/63 [00:10<00:04,  4.18it/s, loss=0.7065, acc=48.78%, img/s=136.0, eta=0.1m]
[36m(ClientAppActor pid=32867)[0m 
Epoch 1/1:  73%|███████▎  | 46/63 [00:11<00:04,  4.18it/s, loss=0.7197, acc=48.67%, img/s=135.7, eta=0.1m]
Epoch 1/1:  75%|███████▍  | 47/63 [00:11<00:03,  4.10it/s, loss=0.7197, acc=48.67%, img/s=135.7, eta=0.1m]
[36m(ClientAppActor pid=32867)[0m 
Epoch 1/1:  75%|███████▍  | 47/63 [00:11<00:03,  4.10it/s, loss=0.7075, acc=48.63%, img/s=135.8, eta=0.1m]
Epoch 1/1:  76%|███████▌  | 48/63 [00:11<00:03,  4.16it/s, loss=0.7075, acc=48.63%, img/s=135.8, eta=0.1m]
[36m(ClientAppActor pid=32867)[0m 
Epoch 1/1:  76%|███████▌  | 48/63 [00:11<00:03,  4.16it/s, loss=0.6830, acc=48.79%, img/s=135.7, eta=0.1m]
Epoch 1/1:  78%|███████▊  | 49/63 [00:11<00:03,  4.16it/s, loss=0.6830, acc=48.79%, img/s=135.7, eta=0.1m]
[36m(ClientAppActor pid=32867)[0m 
Epoch 1/1:  78%|███████▊  | 49/63 [00:11<00:03,  4.16it/s, loss=0.7109, acc=48.88%, img/s=135.6, eta=0.1m]
Epoch 1/1:  79%|███████▉  | 50/63 [00:11<00:03,  4.15it/s, loss=0.7109, acc=48.88%, img/s=135.6, eta=0.1m]
[36m(ClientAppActor pid=32867)[0m 
Epoch 1/1:  79%|███████▉  | 50/63 [00:12<00:03,  4.15it/s, loss=0.7045, acc=48.90%, img/s=135.6, eta=0.0m]
Epoch 1/1:  81%|████████  | 51/63 [00:12<00:02,  4.13it/s, loss=0.7045, acc=48.90%, img/s=135.6, eta=0.0m]
[36m(ClientAppActor pid=32867)[0m 
Epoch 1/1:  81%|████████  | 51/63 [00:12<00:02,  4.13it/s, loss=0.6931, acc=48.92%, img/s=135.4, eta=0.0m]
Epoch 1/1:  83%|████████▎ | 52/63 [00:12<00:02,  4.10it/s, loss=0.6931, acc=48.92%, img/s=135.4, eta=0.0m]
[36m(ClientAppActor pid=32867)[0m 
Epoch 1/1:  83%|████████▎ | 52/63 [00:12<00:02,  4.10it/s, loss=0.7124, acc=48.76%, img/s=135.4, eta=0.0m]
Epoch 1/1:  84%|████████▍ | 53/63 [00:12<00:02,  4.13it/s, loss=0.7124, acc=48.76%, img/s=135.4, eta=0.0m]
[36m(ClientAppActor pid=32867)[0m 
Epoch 1/1:  84%|████████▍ | 53/63 [00:12<00:02,  4.13it/s, loss=0.7330, acc=48.73%, img/s=135.3, eta=0.0m]
Epoch 1/1:  86%|████████▌ | 54/63 [00:12<00:02,  4.14it/s, loss=0.7330, acc=48.73%, img/s=135.3, eta=0.0m]
[36m(ClientAppActor pid=32867)[0m 
Epoch 1/1:  86%|████████▌ | 54/63 [00:13<00:02,  4.14it/s, loss=0.7068, acc=48.75%, img/s=135.3, eta=0.0m]
Epoch 1/1:  87%|████████▋ | 55/63 [00:13<00:01,  4.16it/s, loss=0.7068, acc=48.75%, img/s=135.3, eta=0.0m]
[36m(ClientAppActor pid=32867)[0m 
Epoch 1/1:  87%|████████▋ | 55/63 [00:13<00:01,  4.16it/s, loss=0.6787, acc=48.83%, img/s=135.4, eta=0.0m]
Epoch 1/1:  89%|████████▉ | 56/63 [00:13<00:01,  4.21it/s, loss=0.6787, acc=48.83%, img/s=135.4, eta=0.0m]
[36m(ClientAppActor pid=32867)[0m 
Epoch 1/1:  89%|████████▉ | 56/63 [00:13<00:01,  4.21it/s, loss=0.6862, acc=48.96%, img/s=135.4, eta=0.0m]
Epoch 1/1:  90%|█████████ | 57/63 [00:13<00:01,  4.24it/s, loss=0.6862, acc=48.96%, img/s=135.4, eta=0.0m]
[36m(ClientAppActor pid=32867)[0m 
Epoch 1/1:  90%|█████████ | 57/63 [00:13<00:01,  4.24it/s, loss=0.6584, acc=49.30%, img/s=135.5, eta=0.0m]
Epoch 1/1:  92%|█████████▏| 58/63 [00:13<00:01,  4.28it/s, loss=0.6584, acc=49.30%, img/s=135.5, eta=0.0m]
[36m(ClientAppActor pid=32867)[0m 
Epoch 1/1:  92%|█████████▏| 58/63 [00:13<00:01,  4.28it/s, loss=0.6453, acc=49.58%, img/s=135.6, eta=0.0m]
Epoch 1/1:  94%|█████████▎| 59/63 [00:13<00:00,  4.30it/s, loss=0.6453, acc=49.58%, img/s=135.6, eta=0.0m]
[36m(ClientAppActor pid=32867)[0m 
Epoch 1/1:  94%|█████████▎| 59/63 [00:14<00:00,  4.30it/s, loss=0.6857, acc=49.53%, img/s=135.5, eta=0.0m]
Epoch 1/1:  95%|█████████▌| 60/63 [00:14<00:00,  4.26it/s, loss=0.6857, acc=49.53%, img/s=135.5, eta=0.0m]
[36m(ClientAppActor pid=32867)[0m 
Epoch 1/1:  95%|█████████▌| 60/63 [00:14<00:00,  4.26it/s, loss=0.7102, acc=49.59%, img/s=135.5, eta=0.0m]
Epoch 1/1:  97%|█████████▋| 61/63 [00:14<00:00,  4.21it/s, loss=0.7102, acc=49.59%, img/s=135.5, eta=0.0m]
[36m(ClientAppActor pid=32867)[0m 
Epoch 1/1:  97%|█████████▋| 61/63 [00:14<00:00,  4.21it/s, loss=0.6521, acc=49.85%, img/s=135.5, eta=0.0m]
Epoch 1/1:  98%|█████████▊| 62/63 [00:14<00:00,  4.22it/s, loss=0.6521, acc=49.85%, img/s=135.5, eta=0.0m]
[36m(ClientAppActor pid=32867)[0m 
Epoch 1/1:  98%|█████████▊| 62/63 [00:14<00:00,  4.22it/s, loss=0.7203, acc=49.75%, img/s=68.1, eta=0.0m] 
Epoch 1/1: 100%|██████████| 63/63 [00:14<00:00,  4.74it/s, loss=0.7203, acc=49.75%, img/s=68.1, eta=0.0m]
Epoch 1/1: 100%|██████████| 63/63 [00:14<00:00,  4.26it/s, loss=0.7203, acc=49.75%, img/s=68.1, eta=0.0m]
[36m(ClientAppActor pid=32867)[0m 
Epoch 1/1:   0%|          | 0/63 [00:00<?, ?it/s]
[36m(ClientAppActor pid=32867)[0m 
Epoch 1/1:   0%|          | 0/63 [00:00<?, ?it/s, loss=0.6702, acc=50.00%, img/s=132.1, eta=0.3m]
Epoch 1/1:   2%|▏         | 1/63 [00:00<00:15,  4.12it/s, loss=0.6702, acc=50.00%, img/s=132.1, eta=0.3m]
[36m(ClientAppActor pid=32867)[0m 
Epoch 1/1:   2%|▏         | 1/63 [00:00<00:15,  4.12it/s, loss=0.7917, acc=48.44%, img/s=135.5, eta=0.2m]
Epoch 1/1:   3%|▎         | 2/63 [00:00<00:14,  4.25it/s, loss=0.7917, acc=48.44%, img/s=135.5, eta=0.2m]
[36m(ClientAppActor pid=32867)[0m 
Epoch 1/1:   3%|▎         | 2/63 [00:00<00:14,  4.25it/s, loss=0.7425, acc=46.88%, img/s=137.1, eta=0.2m]
Epoch 1/1:   5%|▍         | 3/63 [00:00<00:13,  4.31it/s, loss=0.7425, acc=46.88%, img/s=137.1, eta=0.2m]
[36m(ClientAppActor pid=32867)[0m 
Epoch 1/1:   5%|▍         | 3/63 [00:00<00:13,  4.31it/s, loss=0.7455, acc=46.88%, img/s=137.7, eta=0.2m]
Epoch 1/1:   6%|▋         | 4/63 [00:00<00:13,  4.33it/s, loss=0.7455, acc=46.88%, img/s=137.7, eta=0.2m]
[36m(ClientAppActor pid=32867)[0m 
Epoch 1/1:   6%|▋         | 4/63 [00:01<00:13,  4.33it/s, loss=0.7551, acc=46.88%, img/s=138.2, eta=0.2m]
Epoch 1/1:   8%|▊         | 5/63 [00:01<00:13,  4.35it/s, loss=0.7551, acc=46.88%, img/s=138.2, eta=0.2m]
[36m(ClientAppActor pid=32867)[0m 
Epoch 1/1:   8%|▊         | 5/63 [00:01<00:13,  4.35it/s, loss=0.8212, acc=45.83%, img/s=138.3, eta=0.2m]
Epoch 1/1:  10%|▉         | 6/63 [00:01<00:13,  4.35it/s, loss=0.8212, acc=45.83%, img/s=138.3, eta=0.2m]
[36m(ClientAppActor pid=32867)[0m 
Epoch 1/1:  10%|▉         | 6/63 [00:01<00:13,  4.35it/s, loss=0.6861, acc=46.88%, img/s=138.6, eta=0.2m]
Epoch 1/1:  11%|█         | 7/63 [00:01<00:12,  4.36it/s, loss=0.6861, acc=46.88%, img/s=138.6, eta=0.2m]
[36m(ClientAppActor pid=32867)[0m 
Epoch 1/1:  11%|█         | 7/63 [00:01<00:12,  4.36it/s, loss=0.7288, acc=46.09%, img/s=138.7, eta=0.2m]
Epoch 1/1:  13%|█▎        | 8/63 [00:01<00:12,  4.36it/s, loss=0.7288, acc=46.09%, img/s=138.7, eta=0.2m]
[36m(ClientAppActor pid=32867)[0m 
Epoch 1/1:  13%|█▎        | 8/63 [00:02<00:12,  4.36it/s, loss=0.7521, acc=45.14%, img/s=138.9, eta=0.2m]
Epoch 1/1:  14%|█▍        | 9/63 [00:02<00:12,  4.36it/s, loss=0.7521, acc=45.14%, img/s=138.9, eta=0.2m]
[36m(ClientAppActor pid=32867)[0m 
Epoch 1/1:  14%|█▍        | 9/63 [00:02<00:12,  4.36it/s, loss=0.7261, acc=45.94%, img/s=138.9, eta=0.2m]
Epoch 1/1:  16%|█▌        | 10/63 [00:02<00:12,  4.36it/s, loss=0.7261, acc=45.94%, img/s=138.9, eta=0.2m]
[36m(ClientAppActor pid=32867)[0m 
Epoch 1/1:  16%|█▌        | 10/63 [00:02<00:12,  4.36it/s, loss=0.7012, acc=46.88%, img/s=139.0, eta=0.2m]
Epoch 1/1:  17%|█▋        | 11/63 [00:02<00:11,  4.37it/s, loss=0.7012, acc=46.88%, img/s=139.0, eta=0.2m]
[36m(ClientAppActor pid=32867)[0m 
Epoch 1/1:  17%|█▋        | 11/63 [00:02<00:11,  4.37it/s, loss=0.8116, acc=45.05%, img/s=139.1, eta=0.2m]
Epoch 1/1:  19%|█▉        | 12/63 [00:02<00:11,  4.37it/s, loss=0.8116, acc=45.05%, img/s=139.1, eta=0.2m]
[36m(ClientAppActor pid=32867)[0m 
Epoch 1/1:  19%|█▉        | 12/63 [00:02<00:11,  4.37it/s, loss=0.6944, acc=45.67%, img/s=139.1, eta=0.2m]
Epoch 1/1:  21%|██        | 13/63 [00:02<00:11,  4.36it/s, loss=0.6944, acc=45.67%, img/s=139.1, eta=0.2m]
[36m(ClientAppActor pid=32867)[0m 
Epoch 1/1:  21%|██        | 13/63 [00:03<00:11,  4.36it/s, loss=0.7885, acc=45.31%, img/s=139.1, eta=0.2m]
Epoch 1/1:  22%|██▏       | 14/63 [00:03<00:11,  4.36it/s, loss=0.7885, acc=45.31%, img/s=139.1, eta=0.2m]
[36m(ClientAppActor pid=32867)[0m 
Epoch 1/1:  22%|██▏       | 14/63 [00:03<00:11,  4.36it/s, loss=0.7548, acc=45.42%, img/s=139.2, eta=0.2m]
Epoch 1/1:  24%|██▍       | 15/63 [00:03<00:10,  4.37it/s, loss=0.7548, acc=45.42%, img/s=139.2, eta=0.2m]
[36m(ClientAppActor pid=32867)[0m 
Epoch 1/1:  24%|██▍       | 15/63 [00:03<00:10,  4.37it/s, loss=0.8379, acc=44.73%, img/s=139.2, eta=0.2m]
Epoch 1/1:  25%|██▌       | 16/63 [00:03<00:10,  4.37it/s, loss=0.8379, acc=44.73%, img/s=139.2, eta=0.2m]
[36m(ClientAppActor pid=32867)[0m 
Epoch 1/1:  25%|██▌       | 16/63 [00:03<00:10,  4.37it/s, loss=0.7350, acc=44.49%, img/s=139.2, eta=0.2m]
Epoch 1/1:  27%|██▋       | 17/63 [00:03<00:10,  4.36it/s, loss=0.7350, acc=44.49%, img/s=139.2, eta=0.2m]
[36m(ClientAppActor pid=32867)[0m 
Epoch 1/1:  27%|██▋       | 17/63 [00:04<00:10,  4.36it/s, loss=0.7253, acc=44.62%, img/s=139.2, eta=0.2m]
Epoch 1/1:  29%|██▊       | 18/63 [00:04<00:10,  4.36it/s, loss=0.7253, acc=44.62%, img/s=139.2, eta=0.2m]
[36m(ClientAppActor pid=32867)[0m 
Epoch 1/1:  29%|██▊       | 18/63 [00:04<00:10,  4.36it/s, loss=0.7201, acc=44.41%, img/s=139.2, eta=0.2m]
Epoch 1/1:  30%|███       | 19/63 [00:04<00:10,  4.36it/s, loss=0.7201, acc=44.41%, img/s=139.2, eta=0.2m]
[36m(ClientAppActor pid=32867)[0m 
Epoch 1/1:  30%|███       | 19/63 [00:04<00:10,  4.36it/s, loss=0.6913, acc=44.84%, img/s=139.2, eta=0.2m]
Epoch 1/1:  32%|███▏      | 20/63 [00:04<00:09,  4.36it/s, loss=0.6913, acc=44.84%, img/s=139.2, eta=0.2m]
[36m(ClientAppActor pid=32867)[0m 
Epoch 1/1:  32%|███▏      | 20/63 [00:04<00:09,  4.36it/s, loss=0.7337, acc=44.64%, img/s=139.2, eta=0.2m]
Epoch 1/1:  33%|███▎      | 21/63 [00:04<00:09,  4.36it/s, loss=0.7337, acc=44.64%, img/s=139.2, eta=0.2m]
[36m(ClientAppActor pid=32867)[0m 
Epoch 1/1:  33%|███▎      | 21/63 [00:05<00:09,  4.36it/s, loss=0.7067, acc=44.74%, img/s=139.3, eta=0.2m]
Epoch 1/1:  35%|███▍      | 22/63 [00:05<00:09,  4.37it/s, loss=0.7067, acc=44.74%, img/s=139.3, eta=0.2m]
[36m(ClientAppActor pid=32867)[0m 
Epoch 1/1:  35%|███▍      | 22/63 [00:05<00:09,  4.37it/s, loss=0.6942, acc=45.11%, img/s=139.3, eta=0.2m]
Epoch 1/1:  37%|███▋      | 23/63 [00:05<00:09,  4.37it/s, loss=0.6942, acc=45.11%, img/s=139.3, eta=0.2m]
[36m(ClientAppActor pid=32867)[0m 
Epoch 1/1:  37%|███▋      | 23/63 [00:05<00:09,  4.37it/s, loss=0.6652, acc=45.70%, img/s=139.3, eta=0.1m]
Epoch 1/1:  38%|███▊      | 24/63 [00:05<00:08,  4.36it/s, loss=0.6652, acc=45.70%, img/s=139.3, eta=0.1m]
[36m(ClientAppActor pid=32867)[0m 
Epoch 1/1:  38%|███▊      | 24/63 [00:05<00:08,  4.36it/s, loss=0.6669, acc=46.00%, img/s=139.3, eta=0.1m]
Epoch 1/1:  40%|███▉      | 25/63 [00:05<00:08,  4.36it/s, loss=0.6669, acc=46.00%, img/s=139.3, eta=0.1m]
[36m(ClientAppActor pid=32867)[0m 
Epoch 1/1:  40%|███▉      | 25/63 [00:05<00:08,  4.36it/s, loss=0.6893, acc=45.91%, img/s=139.3, eta=0.1m]
Epoch 1/1:  41%|████▏     | 26/63 [00:05<00:08,  4.36it/s, loss=0.6893, acc=45.91%, img/s=139.3, eta=0.1m]
[36m(ClientAppActor pid=32867)[0m 
Epoch 1/1:  41%|████▏     | 26/63 [00:06<00:08,  4.36it/s, loss=0.7074, acc=45.95%, img/s=139.3, eta=0.1m]
Epoch 1/1:  43%|████▎     | 27/63 [00:06<00:08,  4.34it/s, loss=0.7074, acc=45.95%, img/s=139.3, eta=0.1m]
[36m(ClientAppActor pid=32867)[0m 
Epoch 1/1:  43%|████▎     | 27/63 [00:06<00:08,  4.34it/s, loss=0.7295, acc=45.65%, img/s=139.3, eta=0.1m]
Epoch 1/1:  44%|████▍     | 28/63 [00:06<00:08,  4.35it/s, loss=0.7295, acc=45.65%, img/s=139.3, eta=0.1m]
[36m(ClientAppActor pid=32867)[0m 
Epoch 1/1:  44%|████▍     | 28/63 [00:06<00:08,  4.35it/s, loss=0.6838, acc=45.47%, img/s=139.3, eta=0.1m]
Epoch 1/1:  46%|████▌     | 29/63 [00:06<00:07,  4.35it/s, loss=0.6838, acc=45.47%, img/s=139.3, eta=0.1m]
[36m(ClientAppActor pid=32867)[0m 
Epoch 1/1:  46%|████▌     | 29/63 [00:06<00:07,  4.35it/s, loss=0.6796, acc=46.04%, img/s=139.3, eta=0.1m]
Epoch 1/1:  48%|████▊     | 30/63 [00:06<00:07,  4.36it/s, loss=0.6796, acc=46.04%, img/s=139.3, eta=0.1m]
[36m(ClientAppActor pid=32867)[0m 
Epoch 1/1:  48%|████▊     | 30/63 [00:07<00:07,  4.36it/s, loss=0.6750, acc=46.07%, img/s=139.3, eta=0.1m]
Epoch 1/1:  49%|████▉     | 31/63 [00:07<00:07,  4.36it/s, loss=0.6750, acc=46.07%, img/s=139.3, eta=0.1m]
[36m(ClientAppActor pid=32867)[0m 
Epoch 1/1:  49%|████▉     | 31/63 [00:07<00:07,  4.36it/s, loss=0.6802, acc=46.58%, img/s=139.3, eta=0.1m]
Epoch 1/1:  51%|█████     | 32/63 [00:07<00:07,  4.36it/s, loss=0.6802, acc=46.58%, img/s=139.3, eta=0.1m]
[36m(ClientAppActor pid=32867)[0m 
Epoch 1/1:  51%|█████     | 32/63 [00:07<00:07,  4.36it/s, loss=0.7054, acc=46.78%, img/s=139.3, eta=0.1m]
Epoch 1/1:  52%|█████▏    | 33/63 [00:07<00:06,  4.36it/s, loss=0.7054, acc=46.78%, img/s=139.3, eta=0.1m]
[36m(ClientAppActor pid=32867)[0m 
Epoch 1/1:  52%|█████▏    | 33/63 [00:07<00:06,  4.36it/s, loss=0.7274, acc=46.88%, img/s=139.3, eta=0.1m]
Epoch 1/1:  54%|█████▍    | 34/63 [00:07<00:06,  4.35it/s, loss=0.7274, acc=46.88%, img/s=139.3, eta=0.1m]
[36m(ClientAppActor pid=32867)[0m 
Epoch 1/1:  54%|█████▍    | 34/63 [00:08<00:06,  4.35it/s, loss=0.6955, acc=46.79%, img/s=139.3, eta=0.1m]
Epoch 1/1:  56%|█████▌    | 35/63 [00:08<00:06,  4.36it/s, loss=0.6955, acc=46.79%, img/s=139.3, eta=0.1m]
[36m(ClientAppActor pid=32867)[0m 
Epoch 1/1:  56%|█████▌    | 35/63 [00:08<00:06,  4.36it/s, loss=0.7154, acc=46.53%, img/s=139.3, eta=0.1m]
Epoch 1/1:  57%|█████▋    | 36/63 [00:08<00:06,  4.36it/s, loss=0.7154, acc=46.53%, img/s=139.3, eta=0.1m]
[36m(ClientAppActor pid=32867)[0m 
Epoch 1/1:  57%|█████▋    | 36/63 [00:08<00:06,  4.36it/s, loss=0.7007, acc=46.62%, img/s=139.4, eta=0.1m]
Epoch 1/1:  59%|█████▊    | 37/63 [00:08<00:05,  4.36it/s, loss=0.7007, acc=46.62%, img/s=139.4, eta=0.1m]
[36m(ClientAppActor pid=32867)[0m 
Epoch 1/1:  59%|█████▊    | 37/63 [00:08<00:05,  4.36it/s, loss=0.6797, acc=46.88%, img/s=139.3, eta=0.1m]
Epoch 1/1:  60%|██████    | 38/63 [00:08<00:05,  4.36it/s, loss=0.6797, acc=46.88%, img/s=139.3, eta=0.1m]
[36m(ClientAppActor pid=32867)[0m 
Epoch 1/1:  60%|██████    | 38/63 [00:08<00:05,  4.36it/s, loss=0.6873, acc=47.04%, img/s=139.3, eta=0.1m]
Epoch 1/1:  62%|██████▏   | 39/63 [00:08<00:05,  4.35it/s, loss=0.6873, acc=47.04%, img/s=139.3, eta=0.1m]
[36m(ClientAppActor pid=32867)[0m 
Epoch 1/1:  62%|██████▏   | 39/63 [00:09<00:05,  4.35it/s, loss=0.7390, acc=46.95%, img/s=139.3, eta=0.1m]
Epoch 1/1:  63%|██████▎   | 40/63 [00:09<00:05,  4.35it/s, loss=0.7390, acc=46.95%, img/s=139.3, eta=0.1m]
[36m(ClientAppActor pid=32867)[0m 
Epoch 1/1:  63%|██████▎   | 40/63 [00:09<00:05,  4.35it/s, loss=0.7647, acc=46.72%, img/s=139.2, eta=0.1m]
Epoch 1/1:  65%|██████▌   | 41/63 [00:09<00:05,  4.31it/s, loss=0.7647, acc=46.72%, img/s=139.2, eta=0.1m]
[36m(ClientAppActor pid=32867)[0m 
Epoch 1/1:  65%|██████▌   | 41/63 [00:09<00:05,  4.31it/s, loss=0.6467, acc=47.10%, img/s=139.0, eta=0.1m]
Epoch 1/1:  67%|██████▋   | 42/63 [00:09<00:04,  4.23it/s, loss=0.6467, acc=47.10%, img/s=139.0, eta=0.1m]
[36m(ClientAppActor pid=32867)[0m 
Epoch 1/1:  67%|██████▋   | 42/63 [00:09<00:04,  4.23it/s, loss=0.6964, acc=47.17%, img/s=138.9, eta=0.1m]
Epoch 1/1:  68%|██████▊   | 43/63 [00:09<00:04,  4.21it/s, loss=0.6964, acc=47.17%, img/s=138.9, eta=0.1m]
[36m(ClientAppActor pid=32867)[0m 
Epoch 1/1:  68%|██████▊   | 43/63 [00:10<00:04,  4.21it/s, loss=0.7001, acc=47.23%, img/s=138.8, eta=0.1m]
Epoch 1/1:  70%|██████▉   | 44/63 [00:10<00:04,  4.25it/s, loss=0.7001, acc=47.23%, img/s=138.8, eta=0.1m]
[36m(ClientAppActor pid=32867)[0m 
Epoch 1/1:  70%|██████▉   | 44/63 [00:10<00:04,  4.25it/s, loss=0.7158, acc=47.29%, img/s=138.9, eta=0.1m]
Epoch 1/1:  71%|███████▏  | 45/63 [00:10<00:04,  4.28it/s, loss=0.7158, acc=47.29%, img/s=138.9, eta=0.1m]
[36m(ClientAppActor pid=32867)[0m 
Epoch 1/1:  71%|███████▏  | 45/63 [00:10<00:04,  4.28it/s, loss=0.6972, acc=47.55%, img/s=138.8, eta=0.1m]
Epoch 1/1:  73%|███████▎  | 46/63 [00:10<00:03,  4.29it/s, loss=0.6972, acc=47.55%, img/s=138.8, eta=0.1m]
[36m(ClientAppActor pid=32867)[0m 
Epoch 1/1:  73%|███████▎  | 46/63 [00:10<00:03,  4.29it/s, loss=0.7459, acc=47.54%, img/s=138.8, eta=0.1m]
Epoch 1/1:  75%|███████▍  | 47/63 [00:10<00:03,  4.27it/s, loss=0.7459, acc=47.54%, img/s=138.8, eta=0.1m]
[36m(ClientAppActor pid=32867)[0m 
Epoch 1/1:  75%|███████▍  | 47/63 [00:11<00:03,  4.27it/s, loss=0.6705, acc=47.72%, img/s=138.8, eta=0.1m]
Epoch 1/1:  76%|███████▌  | 48/63 [00:11<00:03,  4.29it/s, loss=0.6705, acc=47.72%, img/s=138.8, eta=0.1m]
[36m(ClientAppActor pid=32867)[0m 
Epoch 1/1:  76%|███████▌  | 48/63 [00:11<00:03,  4.29it/s, loss=0.7190, acc=47.83%, img/s=138.6, eta=0.1m]
Epoch 1/1:  78%|███████▊  | 49/63 [00:11<00:03,  4.22it/s, loss=0.7190, acc=47.83%, img/s=138.6, eta=0.1m]
[36m(ClientAppActor pid=32867)[0m 
Epoch 1/1:  78%|███████▊  | 49/63 [00:11<00:03,  4.22it/s, loss=0.7345, acc=47.94%, img/s=138.4, eta=0.1m]
Epoch 1/1:  79%|███████▉  | 50/63 [00:11<00:03,  4.19it/s, loss=0.7345, acc=47.94%, img/s=138.4, eta=0.1m]
[36m(ClientAppActor pid=32867)[0m 
Epoch 1/1:  79%|███████▉  | 50/63 [00:11<00:03,  4.19it/s, loss=0.6758, acc=48.04%, img/s=138.3, eta=0.0m]
Epoch 1/1:  81%|████████  | 51/63 [00:11<00:02,  4.17it/s, loss=0.6758, acc=48.04%, img/s=138.3, eta=0.0m]
[36m(ClientAppActor pid=32867)[0m 
Epoch 1/1:  81%|████████  | 51/63 [00:12<00:02,  4.17it/s, loss=0.7131, acc=48.02%, img/s=138.2, eta=0.0m]
Epoch 1/1:  83%|████████▎ | 52/63 [00:12<00:02,  4.16it/s, loss=0.7131, acc=48.02%, img/s=138.2, eta=0.0m]
[36m(ClientAppActor pid=32867)[0m 
Epoch 1/1:  83%|████████▎ | 52/63 [00:12<00:02,  4.16it/s, loss=0.7279, acc=48.05%, img/s=138.0, eta=0.0m]
Epoch 1/1:  84%|████████▍ | 53/63 [00:12<00:02,  4.13it/s, loss=0.7279, acc=48.05%, img/s=138.0, eta=0.0m]
[36m(ClientAppActor pid=32867)[0m 
Epoch 1/1:  84%|████████▍ | 53/63 [00:12<00:02,  4.13it/s, loss=0.7403, acc=47.97%, img/s=137.9, eta=0.0m]
Epoch 1/1:  86%|████████▌ | 54/63 [00:12<00:02,  4.11it/s, loss=0.7403, acc=47.97%, img/s=137.9, eta=0.0m]
[36m(ClientAppActor pid=32867)[0m 
Epoch 1/1:  86%|████████▌ | 54/63 [00:12<00:02,  4.11it/s, loss=0.7087, acc=48.01%, img/s=137.9, eta=0.0m]
Epoch 1/1:  87%|████████▋ | 55/63 [00:12<00:01,  4.18it/s, loss=0.7087, acc=48.01%, img/s=137.9, eta=0.0m]
[36m(ClientAppActor pid=32867)[0m 
Epoch 1/1:  87%|████████▋ | 55/63 [00:13<00:01,  4.18it/s, loss=0.6981, acc=48.10%, img/s=137.7, eta=0.0m]
Epoch 1/1:  89%|████████▉ | 56/63 [00:13<00:01,  4.14it/s, loss=0.6981, acc=48.10%, img/s=137.7, eta=0.0m]
[36m(ClientAppActor pid=32867)[0m 
Epoch 1/1:  89%|████████▉ | 56/63 [00:13<00:01,  4.14it/s, loss=0.6760, acc=48.36%, img/s=137.8, eta=0.0m]
Epoch 1/1:  90%|█████████ | 57/63 [00:13<00:01,  4.20it/s, loss=0.6760, acc=48.36%, img/s=137.8, eta=0.0m]
[36m(ClientAppActor pid=32867)[0m 
Epoch 1/1:  90%|█████████ | 57/63 [00:13<00:01,  4.20it/s, loss=0.6742, acc=48.44%, img/s=137.7, eta=0.0m]
Epoch 1/1:  92%|█████████▏| 58/63 [00:13<00:01,  4.18it/s, loss=0.6742, acc=48.44%, img/s=137.7, eta=0.0m]
[36m(ClientAppActor pid=32867)[0m 
Epoch 1/1:  92%|█████████▏| 58/63 [00:13<00:01,  4.18it/s, loss=0.7243, acc=48.57%, img/s=137.7, eta=0.0m]
Epoch 1/1:  94%|█████████▎| 59/63 [00:13<00:00,  4.22it/s, loss=0.7243, acc=48.57%, img/s=137.7, eta=0.0m]
[36m(ClientAppActor pid=32867)[0m 
Epoch 1/1:  94%|█████████▎| 59/63 [00:13<00:00,  4.22it/s, loss=0.7121, acc=48.59%, img/s=137.6, eta=0.0m]
Epoch 1/1:  95%|█████████▌| 60/63 [00:13<00:00,  4.24it/s, loss=0.7121, acc=48.59%, img/s=137.6, eta=0.0m]
[36m(ClientAppActor pid=32867)[0m 
Epoch 1/1:  95%|█████████▌| 60/63 [00:14<00:00,  4.24it/s, loss=0.6971, acc=48.67%, img/s=137.6, eta=0.0m]
Epoch 1/1:  97%|█████████▋| 61/63 [00:14<00:00,  4.22it/s, loss=0.6971, acc=48.67%, img/s=137.6, eta=0.0m]
[36m(ClientAppActor pid=32867)[0m 
Epoch 1/1:  97%|█████████▋| 61/63 [00:14<00:00,  4.22it/s, loss=0.6853, acc=48.69%, img/s=137.6, eta=0.0m]
Epoch 1/1:  98%|█████████▊| 62/63 [00:14<00:00,  4.26it/s, loss=0.6853, acc=48.69%, img/s=137.6, eta=0.0m]
[36m(ClientAppActor pid=32867)[0m 
Epoch 1/1:  98%|█████████▊| 62/63 [00:14<00:00,  4.26it/s, loss=0.6501, acc=48.80%, img/s=69.2, eta=0.0m] 
Epoch 1/1: 100%|██████████| 63/63 [00:14<00:00,  4.84it/s, loss=0.6501, acc=48.80%, img/s=69.2, eta=0.0m]
Epoch 1/1: 100%|██████████| 63/63 [00:14<00:00,  4.33it/s, loss=0.6501, acc=48.80%, img/s=69.2, eta=0.0m]
Using device: cuda
GPU Enabled
GPU Count: 1
NVIDIA GeForce RTX 3060

===== RUN CONFIG =====
{'num-server-rounds': 5, 'local-epochs': 1, 'model-name': 'faft', 'dataset-name': '140k'}
======================

[36m(ClientAppActor pid=32867)[0m Using device: cuda
[36m(ClientAppActor pid=32867)[0m GPU Enabled
[36m(ClientAppActor pid=32867)[0m GPU Count: 1
[36m(ClientAppActor pid=32867)[0m NVIDIA GeForce RTX 3060
[36m(ClientAppActor pid=32867)[0m Client 4 using cuda
[36m(ClientAppActor pid=32867)[0m {'fake': 0, 'real': 1}
[36m(ClientAppActor pid=32867)[0m [DEBUG MODE] Train=2000, Val=100, Test=100
[36m(ClientAppActor pid=32867)[0m 
[36m(ClientAppActor pid=32867)[0m Client 4 Class Distribution
[36m(ClientAppActor pid=32867)[0m Train: Counter({0: 1013, 1: 987})
[36m(ClientAppActor pid=32867)[0m Val  : Counter({0: 56, 1: 44})
[36m(ClientAppActor pid=32867)[0m Test : Counter({1: 53, 0: 47})
[36m(ClientAppActor pid=32867)[0m Client 4
[36m(ClientAppActor pid=32867)[0m Train Images: 2000
[36m(ClientAppActor pid=32867)[0m Test Images : 100
[36m(ClientAppActor pid=32867)[0m Validate Images : 100
[36m(ClientAppActor pid=32867)[0m Client 2 using cuda
[36m(ClientAppActor pid=32867)[0m {'fake': 0, 'real': 1}
[36m(ClientAppActor pid=32867)[0m [DEBUG MODE] Train=2000, Val=100, Test=100
[36m(ClientAppActor pid=32867)[0m 
[36m(ClientAppActor pid=32867)[0m Client 2 Class Distribution
[36m(ClientAppActor pid=32867)[0m Train: Counter({0: 1012, 1: 988})
[36m(ClientAppActor pid=32867)[0m Val  : Counter({0: 60, 1: 40})
[36m(ClientAppActor pid=32867)[0m Test : Counter({0: 51, 1: 49})
[36m(ClientAppActor pid=32867)[0m Client 2
[36m(ClientAppActor pid=32867)[0m Train Images: 2000
[36m(ClientAppActor pid=32867)[0m Test Images : 100
[36m(ClientAppActor pid=32867)[0m Validate Images : 100
[36m(ClientAppActor pid=32867)[0m Client 2 starting fit...
[36m(ClientAppActor pid=32867)[0m Client 2 received class memories
[36m(ClientAppActor pid=32867)[0m Real memory norm=0.0000
[36m(ClientAppActor pid=32867)[0m Fake memory norm=0.0000
[36m(ClientAppActor pid=32867)[0m Client 2 starting training...
[36m(ClientAppActor pid=32867)[0m START classifier norm: 13.070978164672852
[36m(ClientAppActor pid=32867)[0m Artifact bias shape: torch.Size([32, 8, 197, 197])
[36m(ClientAppActor pid=32867)[0m 
[36m(ClientAppActor pid=32867)[0m Batch 0/63
[36m(ClientAppActor pid=32867)[0m GPU Allocated: 1.83 GB
[36m(ClientAppActor pid=32867)[0m GPU Reserved : 2.31 GB
[36m(ClientAppActor pid=32867)[0m 
[36m(ClientAppActor pid=32867)[0m ==================================================
[36m(ClientAppActor pid=32867)[0m Epoch 1 Complete
[36m(ClientAppActor pid=32867)[0m Average Loss : 0.7096
[36m(ClientAppActor pid=32867)[0m Accuracy     : 49.80%
[36m(ClientAppActor pid=32867)[0m Time         : 16.53s
[36m(ClientAppActor pid=32867)[0m Images       : 2000
[36m(ClientAppActor pid=32867)[0m Images/sec   : 120.99
[36m(ClientAppActor pid=32867)[0m GPU Allocated: 1.82 GB
[36m(ClientAppActor pid=32867)[0m GPU Reserved : 2.37 GB
[36m(ClientAppActor pid=32867)[0m ==================================================
[36m(ClientAppActor pid=32867)[0m END classifier norm: 13.069090843200684
[36m(ClientAppActor pid=32867)[0m Client 2 finished training
[36m(ClientAppActor pid=32867)[0m Client 2 extracting parameters...
[36m(ClientAppActor pid=32867)[0m Client 2 parameter extraction complete
[36m(ClientAppActor pid=32867)[0m Client 2 returning results
[36m(ClientAppActor pid=32867)[0m Client 1 using cuda
[36m(ClientAppActor pid=32867)[0m {'fake': 0, 'real': 1}
[36m(ClientAppActor pid=32867)[0m [DEBUG MODE] Train=2000, Val=100, Test=100
[36m(ClientAppActor pid=32867)[0m 
[36m(ClientAppActor pid=32867)[0m Client 1 Class Distribution
[36m(ClientAppActor pid=32867)[0m Train: Counter({1: 1011, 0: 989})
[36m(ClientAppActor pid=32867)[0m Val  : Counter({0: 55, 1: 45})
[36m(ClientAppActor pid=32867)[0m Test : Counter({0: 53, 1: 47})
[36m(ClientAppActor pid=32867)[0m Client 1
[36m(ClientAppActor pid=32867)[0m Train Images: 2000
[36m(ClientAppActor pid=32867)[0m Test Images : 100
[36m(ClientAppActor pid=32867)[0m Validate Images : 100
[36m(ClientAppActor pid=32867)[0m Client 1 starting fit...
[36m(ClientAppActor pid=32867)[0m Client 1 received class memories
[36m(ClientAppActor pid=32867)[0m Real memory norm=0.0000
[36m(ClientAppActor pid=32867)[0m Fake memory norm=0.0000
[36m(ClientAppActor pid=32867)[0m Client 1 starting training...
[36m(ClientAppActor pid=32867)[0m START classifier norm: 13.070978164672852
[36m(ClientAppActor pid=32867)[0m Artifact bias shape: torch.Size([32, 8, 197, 197])
[36m(ClientAppActor pid=32867)[0m 
[36m(ClientAppActor pid=32867)[0m Batch 0/63
[36m(ClientAppActor pid=32867)[0m GPU Allocated: 1.83 GB
[36m(ClientAppActor pid=32867)[0m GPU Reserved : 3.42 GB
[36m(ClientAppActor pid=32867)[0m 
[36m(ClientAppActor pid=32867)[0m ==================================================
[36m(ClientAppActor pid=32867)[0m Epoch 1 Complete
[36m(ClientAppActor pid=32867)[0m Average Loss : 0.7178
[36m(ClientAppActor pid=32867)[0m Accuracy     : 49.75%
[36m(ClientAppActor pid=32867)[0m Time         : 14.80s
[36m(ClientAppActor pid=32867)[0m Images       : 2000
[36m(ClientAppActor pid=32867)[0m Images/sec   : 135.17
[36m(ClientAppActor pid=32867)[0m GPU Allocated: 1.83 GB
[36m(ClientAppActor pid=32867)[0m GPU Reserved : 3.76 GB
[36m(ClientAppActor pid=32867)[0m ==================================================
[36m(ClientAppActor pid=32867)[0m END classifier norm: 13.068126678466797
[36m(ClientAppActor pid=32867)[0m Client 1 finished training
[36m(ClientAppActor pid=32867)[0m Client 1 extracting parameters...
[36m(ClientAppActor pid=32867)[0m Client 1 parameter extraction complete
[36m(ClientAppActor pid=32867)[0m Client 1 returning results
[36m(ClientAppActor pid=32867)[0m Client 3 using cuda
[36m(ClientAppActor pid=32867)[0m {'fake': 0, 'real': 1}
[36m(ClientAppActor pid=32867)[0m [DEBUG MODE] Train=2000, Val=100, Test=100
[36m(ClientAppActor pid=32867)[0m 
[36m(ClientAppActor pid=32867)[0m Client 3 Class Distribution
[36m(ClientAppActor pid=32867)[0m Train: Counter({1: 1024, 0: 976})
[36m(ClientAppActor pid=32867)[0m Val  : Counter({1: 54, 0: 46})
[36m(ClientAppActor pid=32867)[0m Test : Counter({1: 50, 0: 50})
[36m(ClientAppActor pid=32867)[0m Client 3
[36m(ClientAppActor pid=32867)[0m Train Images: 2000
[36m(ClientAppActor pid=32867)[0m Test Images : 100
[36m(ClientAppActor pid=32867)[0m Validate Images : 100
[36m(ClientAppActor pid=32867)[0m Client 3 starting fit...
[36m(ClientAppActor pid=32867)[0m Client 3 received class memories
[36m(ClientAppActor pid=32867)[0m Real memory norm=0.0000
[36m(ClientAppActor pid=32867)[0m Fake memory norm=0.0000
[36m(ClientAppActor pid=32867)[0m Client 3 starting training...
[36m(ClientAppActor pid=32867)[0m START classifier norm: 13.070978164672852
[36m(ClientAppActor pid=32867)[0m Artifact bias shape: torch.Size([32, 8, 197, 197])
[36m(ClientAppActor pid=32867)[0m 
[36m(ClientAppActor pid=32867)[0m Batch 0/63
[36m(ClientAppActor pid=32867)[0m GPU Allocated: 1.83 GB
[36m(ClientAppActor pid=32867)[0m GPU Reserved : 3.76 GB
[36m(ClientAppActor pid=32867)[0m 
[36m(ClientAppActor pid=32867)[0m ==================================================
[36m(ClientAppActor pid=32867)[0m Epoch 1 Complete
[36m(ClientAppActor pid=32867)[0m Average Loss : 0.7145
[36m(ClientAppActor pid=32867)[0m Accuracy     : 48.80%
[36m(ClientAppActor pid=32867)[0m Time         : 14.56s
[36m(ClientAppActor pid=32867)[0m Images       : 2000
[36m(ClientAppActor pid=32867)[0m Images/sec   : 137.38
[36m(ClientAppActor pid=32867)[0m GPU Allocated: 1.82 GB
[36m(ClientAppActor pid=32867)[0m GPU Reserved : 3.76 GB
[36m(ClientAppActor pid=32867)[0m ==================================================
[36m(ClientAppActor pid=32867)[0m END classifier norm: 13.06964111328125
[36m(ClientAppActor pid=32867)[0m Client 3 finished training
[36m(ClientAppActor pid=32867)[0m 
Epoch 1/1:   0%|          | 0/63 [00:00<?, ?it/s]
[36m(ClientAppActor pid=32867)[0m 
Epoch 1/1:   0%|          | 0/63 [00:00<?, ?it/s, loss=0.7697, acc=50.00%, img/s=131.6, eta=0.3m]
Epoch 1/1:   2%|▏         | 1/63 [00:00<00:15,  4.11it/s, loss=0.7697, acc=50.00%, img/s=131.6, eta=0.3m]
[36m(ClientAppActor pid=32867)[0m 
Epoch 1/1:   2%|▏         | 1/63 [00:00<00:15,  4.11it/s, loss=0.9758, acc=46.88%, img/s=135.0, eta=0.2m]
Epoch 1/1:   3%|▎         | 2/63 [00:00<00:14,  4.24it/s, loss=0.9758, acc=46.88%, img/s=135.0, eta=0.2m]
[36m(ClientAppActor pid=32867)[0m 
Epoch 1/1:   3%|▎         | 2/63 [00:00<00:14,  4.24it/s, loss=0.6492, acc=53.12%, img/s=136.3, eta=0.2m]
Epoch 1/1:   5%|▍         | 3/63 [00:00<00:14,  4.29it/s, loss=0.6492, acc=53.12%, img/s=136.3, eta=0.2m]
[36m(ClientAppActor pid=32867)[0m 
Epoch 1/1:   5%|▍         | 3/63 [00:00<00:14,  4.29it/s, loss=0.6905, acc=53.91%, img/s=137.0, eta=0.2m]
Epoch 1/1:   6%|▋         | 4/63 [00:00<00:13,  4.31it/s, loss=0.6905, acc=53.91%, img/s=137.0, eta=0.2m]
[36m(ClientAppActor pid=32867)[0m 
Epoch 1/1:   6%|▋         | 4/63 [00:01<00:13,  4.31it/s, loss=0.7283, acc=53.75%, img/s=137.5, eta=0.2m]
Epoch 1/1:   8%|▊         | 5/63 [00:01<00:13,  4.33it/s, loss=0.7283, acc=53.75%, img/s=137.5, eta=0.2m]
[36m(ClientAppActor pid=32867)[0m 
Epoch 1/1:   8%|▊         | 5/63 [00:01<00:13,  4.33it/s, loss=0.6664, acc=54.69%, img/s=137.9, eta=0.2m]
Epoch 1/1:  10%|▉         | 6/63 [00:01<00:13,  4.34it/s, loss=0.6664, acc=54.69%, img/s=137.9, eta=0.2m]
[36m(ClientAppActor pid=32867)[0m 
Epoch 1/1:  10%|▉         | 6/63 [00:01<00:13,  4.34it/s, loss=0.6400, acc=55.80%, img/s=138.0, eta=0.2m]
Epoch 1/1:  11%|█         | 7/63 [00:01<00:12,  4.34it/s, loss=0.6400, acc=55.80%, img/s=138.0, eta=0.2m]
[36m(ClientAppActor pid=32867)[0m 
Epoch 1/1:  11%|█         | 7/63 [00:01<00:12,  4.34it/s, loss=0.7235, acc=55.47%, img/s=138.1, eta=0.2m]
Epoch 1/1:  13%|█▎        | 8/63 [00:01<00:12,  4.34it/s, loss=0.7235, acc=55.47%, img/s=138.1, eta=0.2m]
[36m(ClientAppActor pid=32867)[0m 
Epoch 1/1:  13%|█▎        | 8/63 [00:02<00:12,  4.34it/s, loss=0.6971, acc=55.21%, img/s=138.2, eta=0.2m]
Epoch 1/1:  14%|█▍        | 9/63 [00:02<00:12,  4.34it/s, loss=0.6971, acc=55.21%, img/s=138.2, eta=0.2m]
[36m(ClientAppActor pid=32867)[0m 
Epoch 1/1:  14%|█▍        | 9/63 [00:02<00:12,  4.34it/s, loss=0.6934, acc=55.00%, img/s=138.4, eta=0.2m]
Epoch 1/1:  16%|█▌        | 10/63 [00:02<00:12,  4.35it/s, loss=0.6934, acc=55.00%, img/s=138.4, eta=0.2m]
[36m(ClientAppActor pid=32867)[0m 
Epoch 1/1:  16%|█▌        | 10/63 [00:02<00:12,  4.35it/s, loss=0.6783, acc=55.40%, img/s=138.5, eta=0.2m]
Epoch 1/1:  17%|█▋        | 11/63 [00:02<00:11,  4.36it/s, loss=0.6783, acc=55.40%, img/s=138.5, eta=0.2m]
[36m(ClientAppActor pid=32867)[0m 
Epoch 1/1:  17%|█▋        | 11/63 [00:02<00:11,  4.36it/s, loss=0.8357, acc=54.17%, img/s=138.5, eta=0.2m]
Epoch 1/1:  19%|█▉        | 12/63 [00:02<00:11,  4.35it/s, loss=0.8357, acc=54.17%, img/s=138.5, eta=0.2m]
[36m(ClientAppActor pid=32867)[0m 
Epoch 1/1:  19%|█▉        | 12/63 [00:03<00:11,  4.35it/s, loss=0.7070, acc=53.85%, img/s=138.6, eta=0.2m]
Epoch 1/1:  21%|██        | 13/63 [00:03<00:11,  4.36it/s, loss=0.7070, acc=53.85%, img/s=138.6, eta=0.2m]
[36m(ClientAppActor pid=32867)[0m 
Epoch 1/1:  21%|██        | 13/63 [00:03<00:11,  4.36it/s, loss=0.7178, acc=53.57%, img/s=138.6, eta=0.2m]
Epoch 1/1:  22%|██▏       | 14/63 [00:03<00:11,  4.35it/s, loss=0.7178, acc=53.57%, img/s=138.6, eta=0.2m]
[36m(ClientAppActor pid=32867)[0m 
Epoch 1/1:  22%|██▏       | 14/63 [00:03<00:11,  4.35it/s, loss=0.7150, acc=53.54%, img/s=138.7, eta=0.2m]
Epoch 1/1:  24%|██▍       | 15/63 [00:03<00:11,  4.35it/s, loss=0.7150, acc=53.54%, img/s=138.7, eta=0.2m]
[36m(ClientAppActor pid=32867)[0m 
Epoch 1/1:  24%|██▍       | 15/63 [00:03<00:11,  4.35it/s, loss=0.7460, acc=53.52%, img/s=138.7, eta=0.2m]
Epoch 1/1:  25%|██▌       | 16/63 [00:03<00:10,  4.34it/s, loss=0.7460, acc=53.52%, img/s=138.7, eta=0.2m]
[36m(ClientAppActor pid=32867)[0m 
Epoch 1/1:  25%|██▌       | 16/63 [00:03<00:10,  4.34it/s, loss=0.7909, acc=52.76%, img/s=138.8, eta=0.2m]
Epoch 1/1:  27%|██▋       | 17/63 [00:03<00:10,  4.35it/s, loss=0.7909, acc=52.76%, img/s=138.8, eta=0.2m]
[36m(ClientAppActor pid=32867)[0m 
Epoch 1/1:  27%|██▋       | 17/63 [00:04<00:10,  4.35it/s, loss=0.7686, acc=52.60%, img/s=138.8, eta=0.2m]
Epoch 1/1:  29%|██▊       | 18/63 [00:04<00:10,  4.35it/s, loss=0.7686, acc=52.60%, img/s=138.8, eta=0.2m]
[36m(ClientAppActor pid=32867)[0m 
Epoch 1/1:  29%|██▊       | 18/63 [00:04<00:10,  4.35it/s, loss=0.7694, acc=52.30%, img/s=138.8, eta=0.2m]
Epoch 1/1:  30%|███       | 19/63 [00:04<00:10,  4.34it/s, loss=0.7694, acc=52.30%, img/s=138.8, eta=0.2m]
[36m(ClientAppActor pid=32867)[0m 
Epoch 1/1:  30%|███       | 19/63 [00:04<00:10,  4.34it/s, loss=0.7165, acc=51.88%, img/s=138.8, eta=0.2m]
Epoch 1/1:  32%|███▏      | 20/63 [00:04<00:09,  4.35it/s, loss=0.7165, acc=51.88%, img/s=138.8, eta=0.2m]
[36m(ClientAppActor pid=32867)[0m 
Epoch 1/1:  32%|███▏      | 20/63 [00:04<00:09,  4.35it/s, loss=0.7123, acc=51.64%, img/s=138.9, eta=0.2m]
Epoch 1/1:  33%|███▎      | 21/63 [00:04<00:09,  4.36it/s, loss=0.7123, acc=51.64%, img/s=138.9, eta=0.2m]
[36m(ClientAppActor pid=32867)[0m 
Epoch 1/1:  33%|███▎      | 21/63 [00:05<00:09,  4.36it/s, loss=0.7022, acc=51.56%, img/s=138.9, eta=0.2m]
Epoch 1/1:  35%|███▍      | 22/63 [00:05<00:09,  4.36it/s, loss=0.7022, acc=51.56%, img/s=138.9, eta=0.2m]
[36m(ClientAppActor pid=32867)[0m 
Epoch 1/1:  35%|███▍      | 22/63 [00:05<00:09,  4.36it/s, loss=0.8180, acc=50.95%, img/s=138.9, eta=0.2m]
Epoch 1/1:  37%|███▋      | 23/63 [00:05<00:09,  4.36it/s, loss=0.8180, acc=50.95%, img/s=138.9, eta=0.2m]
[36m(ClientAppActor pid=32867)[0m 
Epoch 1/1:  37%|███▋      | 23/63 [00:05<00:09,  4.36it/s, loss=0.6947, acc=51.30%, img/s=138.9, eta=0.1m]
Epoch 1/1:  38%|███▊      | 24/63 [00:05<00:08,  4.36it/s, loss=0.6947, acc=51.30%, img/s=138.9, eta=0.1m]
[36m(ClientAppActor pid=32867)[0m 
Epoch 1/1:  38%|███▊      | 24/63 [00:05<00:08,  4.36it/s, loss=0.7709, acc=51.25%, img/s=138.9, eta=0.1m]
Epoch 1/1:  40%|███▉      | 25/63 [00:05<00:08,  4.35it/s, loss=0.7709, acc=51.25%, img/s=138.9, eta=0.1m]
[36m(ClientAppActor pid=32867)[0m 
Epoch 1/1:  40%|███▉      | 25/63 [00:05<00:08,  4.35it/s, loss=0.7363, acc=51.08%, img/s=138.9, eta=0.1m]
Epoch 1/1:  41%|████▏     | 26/63 [00:05<00:08,  4.35it/s, loss=0.7363, acc=51.08%, img/s=138.9, eta=0.1m]
[36m(ClientAppActor pid=32867)[0m 
Epoch 1/1:  41%|████▏     | 26/63 [00:06<00:08,  4.35it/s, loss=0.7251, acc=51.04%, img/s=138.9, eta=0.1m]
Epoch 1/1:  43%|████▎     | 27/63 [00:06<00:08,  4.34it/s, loss=0.7251, acc=51.04%, img/s=138.9, eta=0.1m]
[36m(ClientAppActor pid=32867)[0m 
Epoch 1/1:  43%|████▎     | 27/63 [00:06<00:08,  4.34it/s, loss=0.7396, acc=50.56%, img/s=139.0, eta=0.1m]
Epoch 1/1:  44%|████▍     | 28/63 [00:06<00:08,  4.35it/s, loss=0.7396, acc=50.56%, img/s=139.0, eta=0.1m]
[36m(ClientAppActor pid=32867)[0m 
Epoch 1/1:  44%|████▍     | 28/63 [00:06<00:08,  4.35it/s, loss=0.7020, acc=50.32%, img/s=138.9, eta=0.1m]
Epoch 1/1:  46%|████▌     | 29/63 [00:06<00:07,  4.34it/s, loss=0.7020, acc=50.32%, img/s=138.9, eta=0.1m]
[36m(ClientAppActor pid=32867)[0m 
Epoch 1/1:  46%|████▌     | 29/63 [00:06<00:07,  4.34it/s, loss=0.6782, acc=51.04%, img/s=139.0, eta=0.1m]
Epoch 1/1:  48%|████▊     | 30/63 [00:06<00:07,  4.35it/s, loss=0.6782, acc=51.04%, img/s=139.0, eta=0.1m]
[36m(ClientAppActor pid=32867)[0m 
Epoch 1/1:  48%|████▊     | 30/63 [00:07<00:07,  4.35it/s, loss=0.6796, acc=51.41%, img/s=138.9, eta=0.1m]
Epoch 1/1:  49%|████▉     | 31/63 [00:07<00:07,  4.34it/s, loss=0.6796, acc=51.41%, img/s=138.9, eta=0.1m]
[36m(ClientAppActor pid=32867)[0m 
Epoch 1/1:  49%|████▉     | 31/63 [00:07<00:07,  4.34it/s, loss=0.7231, acc=51.07%, img/s=139.0, eta=0.1m]
Epoch 1/1:  51%|█████     | 32/63 [00:07<00:07,  4.35it/s, loss=0.7231, acc=51.07%, img/s=139.0, eta=0.1m]
[36m(ClientAppActor pid=32867)[0m 
Epoch 1/1:  51%|█████     | 32/63 [00:07<00:07,  4.35it/s, loss=0.7035, acc=51.23%, img/s=138.9, eta=0.1m]
Epoch 1/1:  52%|█████▏    | 33/63 [00:07<00:06,  4.34it/s, loss=0.7035, acc=51.23%, img/s=138.9, eta=0.1m]
[36m(ClientAppActor pid=32867)[0m 
Epoch 1/1:  52%|█████▏    | 33/63 [00:07<00:06,  4.34it/s, loss=0.6902, acc=51.65%, img/s=138.9, eta=0.1m]
Epoch 1/1:  54%|█████▍    | 34/63 [00:07<00:06,  4.34it/s, loss=0.6902, acc=51.65%, img/s=138.9, eta=0.1m]
[36m(ClientAppActor pid=32867)[0m 
Epoch 1/1:  54%|█████▍    | 34/63 [00:08<00:06,  4.34it/s, loss=0.7104, acc=51.43%, img/s=138.9, eta=0.1m]
Epoch 1/1:  56%|█████▌    | 35/63 [00:08<00:06,  4.34it/s, loss=0.7104, acc=51.43%, img/s=138.9, eta=0.1m]
[36m(ClientAppActor pid=32867)[0m 
Epoch 1/1:  56%|█████▌    | 35/63 [00:08<00:06,  4.34it/s, loss=0.7205, acc=51.30%, img/s=138.9, eta=0.1m]
Epoch 1/1:  57%|█████▋    | 36/63 [00:08<00:06,  4.33it/s, loss=0.7205, acc=51.30%, img/s=138.9, eta=0.1m]
[36m(ClientAppActor pid=32867)[0m 
Epoch 1/1:  57%|█████▋    | 36/63 [00:08<00:06,  4.33it/s, loss=0.6724, acc=51.69%, img/s=138.9, eta=0.1m]
Epoch 1/1:  59%|█████▊    | 37/63 [00:08<00:05,  4.34it/s, loss=0.6724, acc=51.69%, img/s=138.9, eta=0.1m]
[36m(ClientAppActor pid=32867)[0m 
Epoch 1/1:  59%|█████▊    | 37/63 [00:08<00:05,  4.34it/s, loss=0.6698, acc=51.89%, img/s=138.9, eta=0.1m]
Epoch 1/1:  60%|██████    | 38/63 [00:08<00:05,  4.35it/s, loss=0.6698, acc=51.89%, img/s=138.9, eta=0.1m]
[36m(ClientAppActor pid=32867)[0m 
Epoch 1/1:  60%|██████    | 38/63 [00:08<00:05,  4.35it/s, loss=0.6929, acc=51.92%, img/s=139.0, eta=0.1m]
Epoch 1/1:  62%|██████▏   | 39/63 [00:08<00:05,  4.35it/s, loss=0.6929, acc=51.92%, img/s=139.0, eta=0.1m]
[36m(ClientAppActor pid=32867)[0m 
Epoch 1/1:  62%|██████▏   | 39/63 [00:09<00:05,  4.35it/s, loss=0.6948, acc=51.80%, img/s=138.9, eta=0.1m]
Epoch 1/1:  63%|██████▎   | 40/63 [00:09<00:05,  4.34it/s, loss=0.6948, acc=51.80%, img/s=138.9, eta=0.1m]
[36m(ClientAppActor pid=32867)[0m 
Epoch 1/1:  63%|██████▎   | 40/63 [00:09<00:05,  4.34it/s, loss=0.6763, acc=52.06%, img/s=138.9, eta=0.1m]
Epoch 1/1:  65%|██████▌   | 41/63 [00:09<00:05,  4.34it/s, loss=0.6763, acc=52.06%, img/s=138.9, eta=0.1m]
[36m(ClientAppActor pid=32867)[0m 
Epoch 1/1:  65%|██████▌   | 41/63 [00:09<00:05,  4.34it/s, loss=0.6831, acc=51.93%, img/s=139.0, eta=0.1m]
Epoch 1/1:  67%|██████▋   | 42/63 [00:09<00:04,  4.35it/s, loss=0.6831, acc=51.93%, img/s=139.0, eta=0.1m]
[36m(ClientAppActor pid=32867)[0m 
Epoch 1/1:  67%|██████▋   | 42/63 [00:09<00:04,  4.35it/s, loss=0.6882, acc=51.89%, img/s=138.9, eta=0.1m]
Epoch 1/1:  68%|██████▊   | 43/63 [00:09<00:04,  4.34it/s, loss=0.6882, acc=51.89%, img/s=138.9, eta=0.1m]
[36m(ClientAppActor pid=32867)[0m 
Epoch 1/1:  68%|██████▊   | 43/63 [00:10<00:04,  4.34it/s, loss=0.6684, acc=52.06%, img/s=138.9, eta=0.1m]
Epoch 1/1:  70%|██████▉   | 44/63 [00:10<00:04,  4.34it/s, loss=0.6684, acc=52.06%, img/s=138.9, eta=0.1m]
[36m(ClientAppActor pid=32867)[0m 
Epoch 1/1:  70%|██████▉   | 44/63 [00:10<00:04,  4.34it/s, loss=0.7042, acc=52.08%, img/s=138.9, eta=0.1m]
Epoch 1/1:  71%|███████▏  | 45/63 [00:10<00:04,  4.34it/s, loss=0.7042, acc=52.08%, img/s=138.9, eta=0.1m]
[36m(ClientAppActor pid=32867)[0m 
Epoch 1/1:  71%|███████▏  | 45/63 [00:10<00:04,  4.34it/s, loss=0.7319, acc=51.90%, img/s=138.9, eta=0.1m]
Epoch 1/1:  73%|███████▎  | 46/63 [00:10<00:03,  4.34it/s, loss=0.7319, acc=51.90%, img/s=138.9, eta=0.1m]
[36m(ClientAppActor pid=32867)[0m 
Epoch 1/1:  73%|███████▎  | 46/63 [00:10<00:03,  4.34it/s, loss=0.7298, acc=51.99%, img/s=138.9, eta=0.1m]
Epoch 1/1:  75%|███████▍  | 47/63 [00:10<00:03,  4.33it/s, loss=0.7298, acc=51.99%, img/s=138.9, eta=0.1m]
[36m(ClientAppActor pid=32867)[0m 
Epoch 1/1:  75%|███████▍  | 47/63 [00:11<00:03,  4.33it/s, loss=0.6809, acc=52.08%, img/s=138.9, eta=0.1m]
Epoch 1/1:  76%|███████▌  | 48/63 [00:11<00:03,  4.33it/s, loss=0.6809, acc=52.08%, img/s=138.9, eta=0.1m]
[36m(ClientAppActor pid=32867)[0m 
Epoch 1/1:  76%|███████▌  | 48/63 [00:11<00:03,  4.33it/s, loss=0.7526, acc=51.66%, img/s=138.9, eta=0.1m]
Epoch 1/1:  78%|███████▊  | 49/63 [00:11<00:03,  4.34it/s, loss=0.7526, acc=51.66%, img/s=138.9, eta=0.1m]
[36m(ClientAppActor pid=32867)[0m 
Epoch 1/1:  78%|███████▊  | 49/63 [00:11<00:03,  4.34it/s, loss=0.7070, acc=51.69%, img/s=138.9, eta=0.0m]
Epoch 1/1:  79%|███████▉  | 50/63 [00:11<00:02,  4.34it/s, loss=0.7070, acc=51.69%, img/s=138.9, eta=0.0m]
[36m(ClientAppActor pid=32867)[0m 
Epoch 1/1:  79%|███████▉  | 50/63 [00:11<00:02,  4.34it/s, loss=0.6598, acc=51.90%, img/s=138.9, eta=0.0m]
Epoch 1/1:  81%|████████  | 51/63 [00:11<00:02,  4.34it/s, loss=0.6598, acc=51.90%, img/s=138.9, eta=0.0m]
[36m(ClientAppActor pid=32867)[0m 
Epoch 1/1:  81%|████████  | 51/63 [00:11<00:02,  4.34it/s, loss=0.7206, acc=51.86%, img/s=138.9, eta=0.0m]
Epoch 1/1:  83%|████████▎ | 52/63 [00:11<00:02,  4.34it/s, loss=0.7206, acc=51.86%, img/s=138.9, eta=0.0m]
[36m(ClientAppActor pid=32867)[0m 
Epoch 1/1:  83%|████████▎ | 52/63 [00:12<00:02,  4.34it/s, loss=0.7324, acc=51.47%, img/s=138.9, eta=0.0m]
Epoch 1/1:  84%|████████▍ | 53/63 [00:12<00:02,  4.34it/s, loss=0.7324, acc=51.47%, img/s=138.9, eta=0.0m]
[36m(ClientAppActor pid=32867)[0m 
Epoch 1/1:  84%|████████▍ | 53/63 [00:12<00:02,  4.34it/s, loss=0.6655, acc=51.74%, img/s=138.9, eta=0.0m]
Epoch 1/1:  86%|████████▌ | 54/63 [00:12<00:02,  4.34it/s, loss=0.6655, acc=51.74%, img/s=138.9, eta=0.0m]
[36m(ClientAppActor pid=32867)[0m 
Epoch 1/1:  86%|████████▌ | 54/63 [00:12<00:02,  4.34it/s, loss=0.6797, acc=51.70%, img/s=138.9, eta=0.0m]
Epoch 1/1:  87%|████████▋ | 55/63 [00:12<00:01,  4.35it/s, loss=0.6797, acc=51.70%, img/s=138.9, eta=0.0m]
[36m(ClientAppActor pid=32867)[0m 
Epoch 1/1:  87%|████████▋ | 55/63 [00:12<00:01,  4.35it/s, loss=0.7378, acc=51.67%, img/s=139.0, eta=0.0m]
Epoch 1/1:  89%|████████▉ | 56/63 [00:12<00:01,  4.36it/s, loss=0.7378, acc=51.67%, img/s=139.0, eta=0.0m]
[36m(ClientAppActor pid=32867)[0m 
Epoch 1/1:  89%|████████▉ | 56/63 [00:13<00:01,  4.36it/s, loss=0.7217, acc=51.59%, img/s=138.9, eta=0.0m]
Epoch 1/1:  90%|█████████ | 57/63 [00:13<00:01,  4.35it/s, loss=0.7217, acc=51.59%, img/s=138.9, eta=0.0m]
[36m(ClientAppActor pid=32867)[0m 
Epoch 1/1:  90%|█████████ | 57/63 [00:13<00:01,  4.35it/s, loss=0.6651, acc=51.72%, img/s=138.9, eta=0.0m]
Epoch 1/1:  92%|█████████▏| 58/63 [00:13<00:01,  4.34it/s, loss=0.6651, acc=51.72%, img/s=138.9, eta=0.0m]
[36m(ClientAppActor pid=32867)[0m 
Epoch 1/1:  92%|█████████▏| 58/63 [00:13<00:01,  4.34it/s, loss=0.7004, acc=51.64%, img/s=138.9, eta=0.0m]
Epoch 1/1:  94%|█████████▎| 59/63 [00:13<00:00,  4.34it/s, loss=0.7004, acc=51.64%, img/s=138.9, eta=0.0m]
[36m(ClientAppActor pid=32867)[0m 
Epoch 1/1:  94%|█████████▎| 59/63 [00:13<00:00,  4.34it/s, loss=0.6971, acc=51.56%, img/s=138.9, eta=0.0m]
Epoch 1/1:  95%|█████████▌| 60/63 [00:13<00:00,  4.35it/s, loss=0.6971, acc=51.56%, img/s=138.9, eta=0.0m]
[36m(ClientAppActor pid=32867)[0m 
Epoch 1/1:  95%|█████████▌| 60/63 [00:14<00:00,  4.35it/s, loss=0.6810, acc=51.64%, img/s=138.9, eta=0.0m]
Epoch 1/1:  97%|█████████▋| 61/63 [00:14<00:00,  4.35it/s, loss=0.6810, acc=51.64%, img/s=138.9, eta=0.0m]
[36m(ClientAppActor pid=32867)[0m 
Epoch 1/1:  97%|█████████▋| 61/63 [00:14<00:00,  4.35it/s, loss=0.6835, acc=51.76%, img/s=138.9, eta=0.0m]
Epoch 1/1:  98%|█████████▊| 62/63 [00:14<00:00,  4.34it/s, loss=0.6835, acc=51.76%, img/s=138.9, eta=0.0m]
[36m(ClientAppActor pid=32867)[0m 
Epoch 1/1:  98%|█████████▊| 62/63 [00:14<00:00,  4.34it/s, loss=0.7159, acc=51.65%, img/s=69.9, eta=0.0m] 
Epoch 1/1: 100%|██████████| 63/63 [00:14<00:00,  4.91it/s, loss=0.7159, acc=51.65%, img/s=69.9, eta=0.0m]
Epoch 1/1: 100%|██████████| 63/63 [00:14<00:00,  4.37it/s, loss=0.7159, acc=51.65%, img/s=69.9, eta=0.0m]
[36m(ClientAppActor pid=32867)[0m 
Epoch 1/1:   0%|          | 0/63 [00:00<?, ?it/s]
[36m(ClientAppActor pid=32867)[0m 
Epoch 1/1:   0%|          | 0/63 [00:00<?, ?it/s, loss=0.7280, acc=43.75%, img/s=134.2, eta=0.2m]
Epoch 1/1:   2%|▏         | 1/63 [00:00<00:14,  4.19it/s, loss=0.7280, acc=43.75%, img/s=134.2, eta=0.2m]
[36m(ClientAppActor pid=32867)[0m 
Epoch 1/1:   2%|▏         | 1/63 [00:00<00:14,  4.19it/s, loss=0.8826, acc=43.75%, img/s=136.5, eta=0.2m]
Epoch 1/1:   3%|▎         | 2/63 [00:00<00:14,  4.28it/s, loss=0.8826, acc=43.75%, img/s=136.5, eta=0.2m]
[36m(ClientAppActor pid=32867)[0m 
Epoch 1/1:   3%|▎         | 2/63 [00:00<00:14,  4.28it/s, loss=0.7067, acc=46.88%, img/s=137.4, eta=0.2m]
Epoch 1/1:   5%|▍         | 3/63 [00:00<00:13,  4.31it/s, loss=0.7067, acc=46.88%, img/s=137.4, eta=0.2m]
[36m(ClientAppActor pid=32867)[0m 
Epoch 1/1:   5%|▍         | 3/63 [00:00<00:13,  4.31it/s, loss=1.0626, acc=45.31%, img/s=142.1, eta=0.2m]
Epoch 1/1:   6%|▋         | 4/63 [00:00<00:12,  4.54it/s, loss=1.0626, acc=45.31%, img/s=142.1, eta=0.2m]
[36m(ClientAppActor pid=32867)[0m 
Epoch 1/1:   6%|▋         | 4/63 [00:01<00:12,  4.54it/s, loss=0.9320, acc=45.62%, img/s=141.4, eta=0.2m]
Epoch 1/1:   8%|▊         | 5/63 [00:01<00:12,  4.46it/s, loss=0.9320, acc=45.62%, img/s=141.4, eta=0.2m]
[36m(ClientAppActor pid=32867)[0m 
Epoch 1/1:   8%|▊         | 5/63 [00:01<00:12,  4.46it/s, loss=0.7838, acc=45.31%, img/s=141.1, eta=0.2m]
Epoch 1/1:  10%|▉         | 6/63 [00:01<00:12,  4.43it/s, loss=0.7838, acc=45.31%, img/s=141.1, eta=0.2m]
[36m(ClientAppActor pid=32867)[0m 
Epoch 1/1:  10%|▉         | 6/63 [00:01<00:12,  4.43it/s, loss=0.6477, acc=47.32%, img/s=140.7, eta=0.2m]
Epoch 1/1:  11%|█         | 7/63 [00:01<00:12,  4.40it/s, loss=0.6477, acc=47.32%, img/s=140.7, eta=0.2m]
[36m(ClientAppActor pid=32867)[0m 
Epoch 1/1:  11%|█         | 7/63 [00:01<00:12,  4.40it/s, loss=0.6933, acc=47.27%, img/s=140.5, eta=0.2m]
Epoch 1/1:  13%|█▎        | 8/63 [00:01<00:12,  4.38it/s, loss=0.6933, acc=47.27%, img/s=140.5, eta=0.2m]
[36m(ClientAppActor pid=32867)[0m 
Epoch 1/1:  13%|█▎        | 8/63 [00:02<00:12,  4.38it/s, loss=0.6820, acc=48.61%, img/s=140.3, eta=0.2m]
Epoch 1/1:  14%|█▍        | 9/63 [00:02<00:12,  4.37it/s, loss=0.6820, acc=48.61%, img/s=140.3, eta=0.2m]
[36m(ClientAppActor pid=32867)[0m 
Epoch 1/1:  14%|█▍        | 9/63 [00:02<00:12,  4.37it/s, loss=0.6709, acc=50.00%, img/s=140.2, eta=0.2m]
Epoch 1/1:  16%|█▌        | 10/63 [00:02<00:12,  4.36it/s, loss=0.6709, acc=50.00%, img/s=140.2, eta=0.2m]
[36m(ClientAppActor pid=32867)[0m 
Epoch 1/1:  16%|█▌        | 10/63 [00:02<00:12,  4.36it/s, loss=0.7556, acc=49.43%, img/s=140.1, eta=0.2m]
Epoch 1/1:  17%|█▋        | 11/63 [00:02<00:11,  4.35it/s, loss=0.7556, acc=49.43%, img/s=140.1, eta=0.2m]
[36m(ClientAppActor pid=32867)[0m 
Epoch 1/1:  17%|█▋        | 11/63 [00:02<00:11,  4.35it/s, loss=0.7812, acc=49.22%, img/s=139.9, eta=0.2m]
Epoch 1/1:  19%|█▉        | 12/63 [00:02<00:11,  4.34it/s, loss=0.7812, acc=49.22%, img/s=139.9, eta=0.2m]
[36m(ClientAppActor pid=32867)[0m 
Epoch 1/1:  19%|█▉        | 12/63 [00:02<00:11,  4.34it/s, loss=0.7855, acc=48.80%, img/s=139.9, eta=0.2m]
Epoch 1/1:  21%|██        | 13/63 [00:02<00:11,  4.35it/s, loss=0.7855, acc=48.80%, img/s=139.9, eta=0.2m]
[36m(ClientAppActor pid=32867)[0m 
Epoch 1/1:  21%|██        | 13/63 [00:03<00:11,  4.35it/s, loss=0.6868, acc=49.11%, img/s=139.8, eta=0.2m]
Epoch 1/1:  22%|██▏       | 14/63 [00:03<00:11,  4.34it/s, loss=0.6868, acc=49.11%, img/s=139.8, eta=0.2m]
[36m(ClientAppActor pid=32867)[0m 
Epoch 1/1:  22%|██▏       | 14/63 [00:03<00:11,  4.34it/s, loss=0.6886, acc=49.79%, img/s=139.7, eta=0.2m]
Epoch 1/1:  24%|██▍       | 15/63 [00:03<00:11,  4.34it/s, loss=0.6886, acc=49.79%, img/s=139.7, eta=0.2m]
[36m(ClientAppActor pid=32867)[0m 
Epoch 1/1:  24%|██▍       | 15/63 [00:03<00:11,  4.34it/s, loss=0.7588, acc=49.61%, img/s=139.7, eta=0.2m]
Epoch 1/1:  25%|██▌       | 16/63 [00:03<00:10,  4.34it/s, loss=0.7588, acc=49.61%, img/s=139.7, eta=0.2m]
[36m(ClientAppActor pid=32867)[0m 
Epoch 1/1:  25%|██▌       | 16/63 [00:03<00:10,  4.34it/s, loss=0.7180, acc=50.00%, img/s=139.7, eta=0.2m]
Epoch 1/1:  27%|██▋       | 17/63 [00:03<00:10,  4.35it/s, loss=0.7180, acc=50.00%, img/s=139.7, eta=0.2m]
[36m(ClientAppActor pid=32867)[0m 
Epoch 1/1:  27%|██▋       | 17/63 [00:04<00:10,  4.35it/s, loss=0.7995, acc=49.83%, img/s=139.6, eta=0.2m]
Epoch 1/1:  29%|██▊       | 18/63 [00:04<00:10,  4.35it/s, loss=0.7995, acc=49.83%, img/s=139.6, eta=0.2m]
[36m(ClientAppActor pid=32867)[0m 
Epoch 1/1:  29%|██▊       | 18/63 [00:04<00:10,  4.35it/s, loss=0.7568, acc=49.51%, img/s=139.6, eta=0.2m]
Epoch 1/1:  30%|███       | 19/63 [00:04<00:10,  4.35it/s, loss=0.7568, acc=49.51%, img/s=139.6, eta=0.2m]
[36m(ClientAppActor pid=32867)[0m 
Epoch 1/1:  30%|███       | 19/63 [00:04<00:10,  4.35it/s, loss=0.6758, acc=50.00%, img/s=139.6, eta=0.2m]
Epoch 1/1:  32%|███▏      | 20/63 [00:04<00:09,  4.35it/s, loss=0.6758, acc=50.00%, img/s=139.6, eta=0.2m]
[36m(ClientAppActor pid=32867)[0m 
Epoch 1/1:  32%|███▏      | 20/63 [00:04<00:09,  4.35it/s, loss=0.7021, acc=49.85%, img/s=139.5, eta=0.2m]
Epoch 1/1:  33%|███▎      | 21/63 [00:04<00:09,  4.34it/s, loss=0.7021, acc=49.85%, img/s=139.5, eta=0.2m]
[36m(ClientAppActor pid=32867)[0m 
Epoch 1/1:  33%|███▎      | 21/63 [00:05<00:09,  4.34it/s, loss=0.6756, acc=49.72%, img/s=139.5, eta=0.2m]
Epoch 1/1:  35%|███▍      | 22/63 [00:05<00:09,  4.33it/s, loss=0.6756, acc=49.72%, img/s=139.5, eta=0.2m]
[36m(ClientAppActor pid=32867)[0m 
Epoch 1/1:  35%|███▍      | 22/63 [00:05<00:09,  4.33it/s, loss=0.6634, acc=50.82%, img/s=139.5, eta=0.2m]
Epoch 1/1:  37%|███▋      | 23/63 [00:05<00:09,  4.34it/s, loss=0.6634, acc=50.82%, img/s=139.5, eta=0.2m]
[36m(ClientAppActor pid=32867)[0m 
Epoch 1/1:  37%|███▋      | 23/63 [00:05<00:09,  4.34it/s, loss=0.7110, acc=50.78%, img/s=139.4, eta=0.1m]
Epoch 1/1:  38%|███▊      | 24/63 [00:05<00:08,  4.34it/s, loss=0.7110, acc=50.78%, img/s=139.4, eta=0.1m]
[36m(ClientAppActor pid=32867)[0m 
Epoch 1/1:  38%|███▊      | 24/63 [00:05<00:08,  4.34it/s, loss=0.7048, acc=50.50%, img/s=139.4, eta=0.1m]
Epoch 1/1:  40%|███▉      | 25/63 [00:05<00:08,  4.34it/s, loss=0.7048, acc=50.50%, img/s=139.4, eta=0.1m]
[36m(ClientAppActor pid=32867)[0m 
Epoch 1/1:  40%|███▉      | 25/63 [00:05<00:08,  4.34it/s, loss=0.6964, acc=50.36%, img/s=139.4, eta=0.1m]
Epoch 1/1:  41%|████▏     | 26/63 [00:05<00:08,  4.34it/s, loss=0.6964, acc=50.36%, img/s=139.4, eta=0.1m]
[36m(ClientAppActor pid=32867)[0m 
Epoch 1/1:  41%|████▏     | 26/63 [00:06<00:08,  4.34it/s, loss=0.7229, acc=50.23%, img/s=139.4, eta=0.1m]
Epoch 1/1:  43%|████▎     | 27/63 [00:06<00:08,  4.35it/s, loss=0.7229, acc=50.23%, img/s=139.4, eta=0.1m]
[36m(ClientAppActor pid=32867)[0m 
Epoch 1/1:  43%|████▎     | 27/63 [00:06<00:08,  4.35it/s, loss=0.6753, acc=50.45%, img/s=139.4, eta=0.1m]
Epoch 1/1:  44%|████▍     | 28/63 [00:06<00:08,  4.35it/s, loss=0.6753, acc=50.45%, img/s=139.4, eta=0.1m]
[36m(ClientAppActor pid=32867)[0m 
Epoch 1/1:  44%|████▍     | 28/63 [00:06<00:08,  4.35it/s, loss=0.7028, acc=50.43%, img/s=139.4, eta=0.1m]
Epoch 1/1:  46%|████▌     | 29/63 [00:06<00:07,  4.35it/s, loss=0.7028, acc=50.43%, img/s=139.4, eta=0.1m]
[36m(ClientAppActor pid=32867)[0m 
Epoch 1/1:  46%|████▌     | 29/63 [00:06<00:07,  4.35it/s, loss=0.7376, acc=49.90%, img/s=139.4, eta=0.1m]
Epoch 1/1:  48%|████▊     | 30/63 [00:06<00:07,  4.35it/s, loss=0.7376, acc=49.90%, img/s=139.4, eta=0.1m]
[36m(ClientAppActor pid=32867)[0m 
Epoch 1/1:  48%|████▊     | 30/63 [00:07<00:07,  4.35it/s, loss=0.6721, acc=50.30%, img/s=139.4, eta=0.1m]
Epoch 1/1:  49%|████▉     | 31/63 [00:07<00:07,  4.35it/s, loss=0.6721, acc=50.30%, img/s=139.4, eta=0.1m]
[36m(ClientAppActor pid=32867)[0m 
Epoch 1/1:  49%|████▉     | 31/63 [00:07<00:07,  4.35it/s, loss=0.7301, acc=50.00%, img/s=139.4, eta=0.1m]
Epoch 1/1:  51%|█████     | 32/63 [00:07<00:07,  4.35it/s, loss=0.7301, acc=50.00%, img/s=139.4, eta=0.1m]
[36m(ClientAppActor pid=32867)[0m 
Epoch 1/1:  51%|█████     | 32/63 [00:07<00:07,  4.35it/s, loss=0.7065, acc=49.81%, img/s=139.4, eta=0.1m]
Epoch 1/1:  52%|█████▏    | 33/63 [00:07<00:06,  4.35it/s, loss=0.7065, acc=49.81%, img/s=139.4, eta=0.1m]
[36m(ClientAppActor pid=32867)[0m 
Epoch 1/1:  52%|█████▏    | 33/63 [00:07<00:06,  4.35it/s, loss=0.7101, acc=50.09%, img/s=139.4, eta=0.1m]
Epoch 1/1:  54%|█████▍    | 34/63 [00:07<00:06,  4.35it/s, loss=0.7101, acc=50.09%, img/s=139.4, eta=0.1m]
[36m(ClientAppActor pid=32867)[0m 
Epoch 1/1:  54%|█████▍    | 34/63 [00:08<00:06,  4.35it/s, loss=0.6950, acc=50.09%, img/s=139.4, eta=0.1m]
Epoch 1/1:  56%|█████▌    | 35/63 [00:08<00:06,  4.35it/s, loss=0.6950, acc=50.09%, img/s=139.4, eta=0.1m]
[36m(ClientAppActor pid=32867)[0m 
Epoch 1/1:  56%|█████▌    | 35/63 [00:08<00:06,  4.35it/s, loss=0.7001, acc=49.74%, img/s=139.4, eta=0.1m]
Epoch 1/1:  57%|█████▋    | 36/63 [00:08<00:06,  4.35it/s, loss=0.7001, acc=49.74%, img/s=139.4, eta=0.1m]
[36m(ClientAppActor pid=32867)[0m 
Epoch 1/1:  57%|█████▋    | 36/63 [00:08<00:06,  4.35it/s, loss=0.6743, acc=49.75%, img/s=139.3, eta=0.1m]
Epoch 1/1:  59%|█████▊    | 37/63 [00:08<00:05,  4.34it/s, loss=0.6743, acc=49.75%, img/s=139.3, eta=0.1m]
[36m(ClientAppActor pid=32867)[0m 
Epoch 1/1:  59%|█████▊    | 37/63 [00:08<00:05,  4.34it/s, loss=0.7018, acc=49.67%, img/s=139.3, eta=0.1m]
Epoch 1/1:  60%|██████    | 38/63 [00:08<00:05,  4.35it/s, loss=0.7018, acc=49.67%, img/s=139.3, eta=0.1m]
[36m(ClientAppActor pid=32867)[0m 
Epoch 1/1:  60%|██████    | 38/63 [00:08<00:05,  4.35it/s, loss=0.7264, acc=49.76%, img/s=139.3, eta=0.1m]
Epoch 1/1:  62%|██████▏   | 39/63 [00:08<00:05,  4.35it/s, loss=0.7264, acc=49.76%, img/s=139.3, eta=0.1m]
[36m(ClientAppActor pid=32867)[0m 
Epoch 1/1:  62%|██████▏   | 39/63 [00:09<00:05,  4.35it/s, loss=0.7028, acc=49.84%, img/s=139.4, eta=0.1m]
Epoch 1/1:  63%|██████▎   | 40/63 [00:09<00:05,  4.36it/s, loss=0.7028, acc=49.84%, img/s=139.4, eta=0.1m]
[36m(ClientAppActor pid=32867)[0m 
Epoch 1/1:  63%|██████▎   | 40/63 [00:09<00:05,  4.36it/s, loss=0.6785, acc=49.92%, img/s=139.4, eta=0.1m]
Epoch 1/1:  65%|██████▌   | 41/63 [00:09<00:05,  4.35it/s, loss=0.6785, acc=49.92%, img/s=139.4, eta=0.1m]
[36m(ClientAppActor pid=32867)[0m 
Epoch 1/1:  65%|██████▌   | 41/63 [00:09<00:05,  4.35it/s, loss=0.6936, acc=50.15%, img/s=139.3, eta=0.1m]
Epoch 1/1:  67%|██████▋   | 42/63 [00:09<00:04,  4.35it/s, loss=0.6936, acc=50.15%, img/s=139.3, eta=0.1m]
[36m(ClientAppActor pid=32867)[0m 
Epoch 1/1:  67%|██████▋   | 42/63 [00:09<00:04,  4.35it/s, loss=0.6684, acc=50.44%, img/s=139.3, eta=0.1m]
Epoch 1/1:  68%|██████▊   | 43/63 [00:09<00:04,  4.34it/s, loss=0.6684, acc=50.44%, img/s=139.3, eta=0.1m]
[36m(ClientAppActor pid=32867)[0m 
Epoch 1/1:  68%|██████▊   | 43/63 [00:10<00:04,  4.34it/s, loss=0.6610, acc=50.85%, img/s=139.3, eta=0.1m]
Epoch 1/1:  70%|██████▉   | 44/63 [00:10<00:04,  4.35it/s, loss=0.6610, acc=50.85%, img/s=139.3, eta=0.1m]
[36m(ClientAppActor pid=32867)[0m 
Epoch 1/1:  70%|██████▉   | 44/63 [00:10<00:04,  4.35it/s, loss=0.6982, acc=50.90%, img/s=139.3, eta=0.1m]
Epoch 1/1:  71%|███████▏  | 45/63 [00:10<00:04,  4.35it/s, loss=0.6982, acc=50.90%, img/s=139.3, eta=0.1m]
[36m(ClientAppActor pid=32867)[0m 
Epoch 1/1:  71%|███████▏  | 45/63 [00:10<00:04,  4.35it/s, loss=0.6317, acc=51.15%, img/s=139.3, eta=0.1m]
Epoch 1/1:  73%|███████▎  | 46/63 [00:10<00:03,  4.35it/s, loss=0.6317, acc=51.15%, img/s=139.3, eta=0.1m]
[36m(ClientAppActor pid=32867)[0m 
Epoch 1/1:  73%|███████▎  | 46/63 [00:10<00:03,  4.35it/s, loss=0.7837, acc=50.93%, img/s=139.3, eta=0.1m]
Epoch 1/1:  75%|███████▍  | 47/63 [00:10<00:03,  4.36it/s, loss=0.7837, acc=50.93%, img/s=139.3, eta=0.1m]
[36m(ClientAppActor pid=32867)[0m 
Epoch 1/1:  75%|███████▍  | 47/63 [00:11<00:03,  4.36it/s, loss=0.7022, acc=50.98%, img/s=139.3, eta=0.1m]
Epoch 1/1:  76%|███████▌  | 48/63 [00:11<00:03,  4.35it/s, loss=0.7022, acc=50.98%, img/s=139.3, eta=0.1m]
[36m(ClientAppActor pid=32867)[0m 
Epoch 1/1:  76%|███████▌  | 48/63 [00:11<00:03,  4.35it/s, loss=0.6859, acc=51.28%, img/s=139.3, eta=0.1m]
Epoch 1/1:  78%|███████▊  | 49/63 [00:11<00:03,  4.35it/s, loss=0.6859, acc=51.28%, img/s=139.3, eta=0.1m]
[36m(ClientAppActor pid=32867)[0m 
Epoch 1/1:  78%|███████▊  | 49/63 [00:11<00:03,  4.35it/s, loss=0.7351, acc=51.06%, img/s=139.3, eta=0.0m]
Epoch 1/1:  79%|███████▉  | 50/63 [00:11<00:02,  4.35it/s, loss=0.7351, acc=51.06%, img/s=139.3, eta=0.0m]
[36m(ClientAppActor pid=32867)[0m 
Epoch 1/1:  79%|███████▉  | 50/63 [00:11<00:02,  4.35it/s, loss=0.6877, acc=51.35%, img/s=139.3, eta=0.0m]
Epoch 1/1:  81%|████████  | 51/63 [00:11<00:02,  4.36it/s, loss=0.6877, acc=51.35%, img/s=139.3, eta=0.0m]
[36m(ClientAppActor pid=32867)[0m 
Epoch 1/1:  81%|████████  | 51/63 [00:11<00:02,  4.36it/s, loss=0.7591, acc=51.14%, img/s=139.3, eta=0.0m]
Epoch 1/1:  83%|████████▎ | 52/63 [00:11<00:02,  4.36it/s, loss=0.7591, acc=51.14%, img/s=139.3, eta=0.0m]
[36m(ClientAppActor pid=32867)[0m 
Epoch 1/1:  83%|████████▎ | 52/63 [00:12<00:02,  4.36it/s, loss=0.6865, acc=51.18%, img/s=139.3, eta=0.0m]
Epoch 1/1:  84%|████████▍ | 53/63 [00:12<00:02,  4.36it/s, loss=0.6865, acc=51.18%, img/s=139.3, eta=0.0m]
[36m(ClientAppActor pid=32867)[0m 
Epoch 1/1:  84%|████████▍ | 53/63 [00:12<00:02,  4.36it/s, loss=0.7681, acc=50.93%, img/s=139.3, eta=0.0m]
Epoch 1/1:  86%|████████▌ | 54/63 [00:12<00:02,  4.36it/s, loss=0.7681, acc=50.93%, img/s=139.3, eta=0.0m]
[36m(ClientAppActor pid=32867)[0m 
Epoch 1/1:  86%|████████▌ | 54/63 [00:12<00:02,  4.36it/s, loss=0.7521, acc=50.85%, img/s=139.3, eta=0.0m]
Epoch 1/1:  87%|████████▋ | 55/63 [00:12<00:01,  4.35it/s, loss=0.7521, acc=50.85%, img/s=139.3, eta=0.0m]
[36m(ClientAppActor pid=32867)[0m 
Epoch 1/1:  87%|████████▋ | 55/63 [00:12<00:01,  4.35it/s, loss=0.7349, acc=50.89%, img/s=139.3, eta=0.0m]
Epoch 1/1:  89%|████████▉ | 56/63 [00:12<00:01,  4.35it/s, loss=0.7349, acc=50.89%, img/s=139.3, eta=0.0m]
[36m(ClientAppActor pid=32867)[0m 
Epoch 1/1:  89%|████████▉ | 56/63 [00:13<00:01,  4.35it/s, loss=0.6955, acc=51.10%, img/s=139.3, eta=0.0m]
Epoch 1/1:  90%|█████████ | 57/63 [00:13<00:01,  4.34it/s, loss=0.6955, acc=51.10%, img/s=139.3, eta=0.0m]
[36m(ClientAppActor pid=32867)[0m 
Epoch 1/1:  90%|█████████ | 57/63 [00:13<00:01,  4.34it/s, loss=0.7287, acc=50.86%, img/s=139.3, eta=0.0m]
Epoch 1/1:  92%|█████████▏| 58/63 [00:13<00:01,  4.34it/s, loss=0.7287, acc=50.86%, img/s=139.3, eta=0.0m]
[36m(ClientAppActor pid=32867)[0m 
Epoch 1/1:  92%|█████████▏| 58/63 [00:13<00:01,  4.34it/s, loss=0.6833, acc=51.11%, img/s=139.3, eta=0.0m]
Epoch 1/1:  94%|█████████▎| 59/63 [00:13<00:00,  4.34it/s, loss=0.6833, acc=51.11%, img/s=139.3, eta=0.0m]
[36m(ClientAppActor pid=32867)[0m 
Epoch 1/1:  94%|█████████▎| 59/63 [00:13<00:00,  4.34it/s, loss=0.7083, acc=50.99%, img/s=139.3, eta=0.0m]
Epoch 1/1:  95%|█████████▌| 60/63 [00:13<00:00,  4.34it/s, loss=0.7083, acc=50.99%, img/s=139.3, eta=0.0m]
[36m(ClientAppActor pid=32867)[0m 
Epoch 1/1:  95%|█████████▌| 60/63 [00:14<00:00,  4.34it/s, loss=0.7106, acc=50.92%, img/s=139.3, eta=0.0m]
Epoch 1/1:  97%|█████████▋| 61/63 [00:14<00:00,  4.35it/s, loss=0.7106, acc=50.92%, img/s=139.3, eta=0.0m]
[36m(ClientAppActor pid=32867)[0m 
Epoch 1/1:  97%|█████████▋| 61/63 [00:14<00:00,  4.35it/s, loss=0.6790, acc=51.01%, img/s=139.3, eta=0.0m]
Epoch 1/1:  98%|█████████▊| 62/63 [00:14<00:00,  4.36it/s, loss=0.6790, acc=51.01%, img/s=139.3, eta=0.0m]
[36m(ClientAppActor pid=32867)[0m 
Epoch 1/1:  98%|█████████▊| 62/63 [00:14<00:00,  4.36it/s, loss=0.6957, acc=50.90%, img/s=70.1, eta=0.0m] 
Epoch 1/1: 100%|██████████| 63/63 [00:14<00:00,  4.93it/s, loss=0.6957, acc=50.90%, img/s=70.1, eta=0.0m]
Epoch 1/1: 100%|██████████| 63/63 [00:14<00:00,  4.38it/s, loss=0.6957, acc=50.90%, img/s=70.1, eta=0.0m]
[92mINFO [0m:      aggregate_fit: received 5 results and 0 failures
[92mINFO [0m:      configure_evaluate: strategy sampled 5 clients (out of 5)
[36m(ClientAppActor pid=32867)[0m 
Testing:   0%|          | 0/4 [00:00<?, ?it/s]
[36m(ClientAppActor pid=32867)[0m 
Testing:  25%|██▌       | 1/4 [00:00<00:01,  1.87it/s]
[36m(ClientAppActor pid=32867)[0m 
Testing:  50%|█████     | 2/4 [00:00<00:00,  3.32it/s]
[36m(ClientAppActor pid=32867)[0m 
Testing:  75%|███████▌  | 3/4 [00:00<00:00,  4.41it/s]
[36m(ClientAppActor pid=32867)[0m 
Testing: 100%|██████████| 4/4 [00:00<00:00,  5.18it/s]
Testing: 100%|██████████| 4/4 [00:00<00:00,  4.20it/s]
[36m(ClientAppActor pid=32867)[0m 
Testing:   0%|          | 0/4 [00:00<?, ?it/s]
[36m(ClientAppActor pid=32867)[0m 
Testing:  25%|██▌       | 1/4 [00:00<00:00,  7.25it/s]
[36m(ClientAppActor pid=32867)[0m 
Testing:  50%|█████     | 2/4 [00:00<00:00,  7.26it/s]
[36m(ClientAppActor pid=32867)[0m 
Testing:  75%|███████▌  | 3/4 [00:00<00:00,  7.28it/s]
Testing: 100%|██████████| 4/4 [00:00<00:00,  9.20it/s]
[36m(ClientAppActor pid=32867)[0m Client 3 extracting parameters...
[36m(ClientAppActor pid=32867)[0m Client 3 parameter extraction complete
[36m(ClientAppActor pid=32867)[0m Client 3 returning results
[36m(ClientAppActor pid=32867)[0m Client 4 using cuda
[36m(ClientAppActor pid=32867)[0m {'fake': 0, 'real': 1}
[36m(ClientAppActor pid=32867)[0m [DEBUG MODE] Train=2000, Val=100, Test=100
[36m(ClientAppActor pid=32867)[0m 
[36m(ClientAppActor pid=32867)[0m Client 4 Class Distribution
[36m(ClientAppActor pid=32867)[0m Train: Counter({0: 1013, 1: 987})
[36m(ClientAppActor pid=32867)[0m Val  : Counter({0: 56, 1: 44})
[36m(ClientAppActor pid=32867)[0m Test : Counter({1: 53, 0: 47})
[36m(ClientAppActor pid=32867)[0m Client 4
[36m(ClientAppActor pid=32867)[0m Train Images: 2000
[36m(ClientAppActor pid=32867)[0m Test Images : 100
[36m(ClientAppActor pid=32867)[0m Validate Images : 100
[36m(ClientAppActor pid=32867)[0m Client 4 starting fit...
[36m(ClientAppActor pid=32867)[0m Client 4 received class memories
[36m(ClientAppActor pid=32867)[0m Real memory norm=0.0000
[36m(ClientAppActor pid=32867)[0m Fake memory norm=0.0000
[36m(ClientAppActor pid=32867)[0m Client 4 starting training...
[36m(ClientAppActor pid=32867)[0m START classifier norm: 13.070978164672852
[36m(ClientAppActor pid=32867)[0m Artifact bias shape: torch.Size([32, 8, 197, 197])
[36m(ClientAppActor pid=32867)[0m 
[36m(ClientAppActor pid=32867)[0m Batch 0/63
[36m(ClientAppActor pid=32867)[0m GPU Allocated: 1.83 GB
[36m(ClientAppActor pid=32867)[0m GPU Reserved : 3.76 GB
[36m(ClientAppActor pid=32867)[0m 
[36m(ClientAppActor pid=32867)[0m ==================================================
[36m(ClientAppActor pid=32867)[0m Epoch 1 Complete
[36m(ClientAppActor pid=32867)[0m Average Loss : 0.7143
[36m(ClientAppActor pid=32867)[0m Accuracy     : 51.65%
[36m(ClientAppActor pid=32867)[0m Time         : 14.42s
[36m(ClientAppActor pid=32867)[0m Images       : 2000
[36m(ClientAppActor pid=32867)[0m Images/sec   : 138.69
[36m(ClientAppActor pid=32867)[0m GPU Allocated: 1.82 GB
[36m(ClientAppActor pid=32867)[0m GPU Reserved : 3.76 GB
[36m(ClientAppActor pid=32867)[0m ==================================================
[36m(ClientAppActor pid=32867)[0m END classifier norm: 13.06920337677002
[36m(ClientAppActor pid=32867)[0m Client 4 finished training
[36m(ClientAppActor pid=32867)[0m Client 4 extracting parameters...
[36m(ClientAppActor pid=32867)[0m Client 4 parameter extraction complete
[36m(ClientAppActor pid=32867)[0m Client 4 returning results
[36m(ClientAppActor pid=32867)[0m Client 5 using cuda
[36m(ClientAppActor pid=32867)[0m {'fake': 0, 'real': 1}
[36m(ClientAppActor pid=32867)[0m [DEBUG MODE] Train=2000, Val=100, Test=100
[36m(ClientAppActor pid=32867)[0m 
[36m(ClientAppActor pid=32867)[0m Client 5 Class Distribution
[36m(ClientAppActor pid=32867)[0m Train: Counter({0: 1014, 1: 986})
[36m(ClientAppActor pid=32867)[0m Val  : Counter({0: 56, 1: 44})
[36m(ClientAppActor pid=32867)[0m Test : Counter({0: 51, 1: 49})
[36m(ClientAppActor pid=32867)[0m Client 5
[36m(ClientAppActor pid=32867)[0m Train Images: 2000
[36m(ClientAppActor pid=32867)[0m Test Images : 100
[36m(ClientAppActor pid=32867)[0m Validate Images : 100
[36m(ClientAppActor pid=32867)[0m Client 5 starting fit...
[36m(ClientAppActor pid=32867)[0m Client 5 received class memories
[36m(ClientAppActor pid=32867)[0m Real memory norm=0.0000
[36m(ClientAppActor pid=32867)[0m Fake memory norm=0.0000
[36m(ClientAppActor pid=32867)[0m Client 5 starting training...
[36m(ClientAppActor pid=32867)[0m START classifier norm: 13.070978164672852
[36m(ClientAppActor pid=32867)[0m Artifact bias shape: torch.Size([32, 8, 197, 197])
[36m(ClientAppActor pid=32867)[0m 
[36m(ClientAppActor pid=32867)[0m Batch 0/63
[36m(ClientAppActor pid=32867)[0m GPU Allocated: 1.83 GB
[36m(ClientAppActor pid=32867)[0m GPU Reserved : 3.76 GB
[36m(ClientAppActor pid=32867)[0m 
[36m(ClientAppActor pid=32867)[0m ==================================================
[36m(ClientAppActor pid=32867)[0m Epoch 1 Complete
[36m(ClientAppActor pid=32867)[0m Average Loss : 0.7212
[36m(ClientAppActor pid=32867)[0m Accuracy     : 50.90%
[36m(ClientAppActor pid=32867)[0m Time         : 14.38s
[36m(ClientAppActor pid=32867)[0m Images       : 2000
[36m(ClientAppActor pid=32867)[0m Images/sec   : 139.05
[36m(ClientAppActor pid=32867)[0m GPU Allocated: 1.82 GB
[36m(ClientAppActor pid=32867)[0m GPU Reserved : 3.76 GB
[36m(ClientAppActor pid=32867)[0m ==================================================
[36m(ClientAppActor pid=32867)[0m END classifier norm: 13.068977355957031
[36m(ClientAppActor pid=32867)[0m Client 5 finished training
[36m(ClientAppActor pid=32867)[0m Client 5 extracting parameters...
[36m(ClientAppActor pid=32867)[0m Client 5 parameter extraction complete
[36m(ClientAppActor pid=32867)[0m Client 5 returning results

FAFT Round 1: results=5, failures=0

Round 1 Prototype Aggregated

Real memory norm = 0.9117
Fake memory norm = 0.9050
Saved: saved_models/global_model_round_1.pth
Round 1: model saved successfully
Broadcasting 205 tensors (203 weights + memory)
[36m(ClientAppActor pid=32867)[0m Client 4 using cuda
[36m(ClientAppActor pid=32867)[0m {'fake': 0, 'real': 1}
[36m(ClientAppActor pid=32867)[0m [DEBUG MODE] Train=2000, Val=100, Test=100
[36m(ClientAppActor pid=32867)[0m 
[36m(ClientAppActor pid=32867)[0m Client 4 Class Distribution
[36m(ClientAppActor pid=32867)[0m Train: Counter({0: 1013, 1: 987})
[36m(ClientAppActor pid=32867)[0m Val  : Counter({0: 56, 1: 44})
[36m(ClientAppActor pid=32867)[0m Test : Counter({1: 53, 0: 47})
[36m(ClientAppActor pid=32867)[0m Client 4
[36m(ClientAppActor pid=32867)[0m Train Images: 2000
[36m(ClientAppActor pid=32867)[0m Test Images : 100
[36m(ClientAppActor pid=32867)[0m Validate Images : 100
[36m(ClientAppActor pid=32867)[0m 
[36m(ClientAppActor pid=32867)[0m CLIENT 4 STARTING EVALUATION
[36m(ClientAppActor pid=32867)[0m Client 4 received class memories
[36m(ClientAppActor pid=32867)[0m Real memory norm=0.9117
[36m(ClientAppActor pid=32867)[0m Fake memory norm=0.9050
[36m(ClientAppActor pid=32867)[0m Artifact bias shape: torch.Size([32, 8, 197, 197])
[36m(ClientAppActor pid=32867)[0m Accuracy: 0.4700
[36m(ClientAppActor pid=32867)[0m 
[36m(ClientAppActor pid=32867)[0m CLIENT 4 EVALUATION COMPLETE
[36m(ClientAppActor pid=32867)[0m Client 1 using cuda
[36m(ClientAppActor pid=32867)[0m {'fake': 0, 'real': 1}
[36m(ClientAppActor pid=32867)[0m [DEBUG MODE] Train=2000, Val=100, Test=100
[36m(ClientAppActor pid=32867)[0m 
[36m(ClientAppActor pid=32867)[0m Client 1 Class Distribution
[36m(ClientAppActor pid=32867)[0m Train: Counter({1: 1011, 0: 989})
[36m(ClientAppActor pid=32867)[0m Val  : Counter({0: 55, 1: 45})
[36m(ClientAppActor pid=32867)[0m Test : Counter({0: 53, 1: 47})
[36m(ClientAppActor pid=32867)[0m Client 1
[36m(ClientAppActor pid=32867)[0m Train Images: 2000
[36m(ClientAppActor pid=32867)[0m Test Images : 100
[36m(ClientAppActor pid=32867)[0m Validate Images : 100
[36m(ClientAppActor pid=32867)[0m 
[36m(ClientAppActor pid=32867)[0m CLIENT 1 STARTING EVALUATION
[36m(ClientAppActor pid=32867)[0m Client 1 received class memories
[36m(ClientAppActor pid=32867)[0m Real memory norm=0.9117
[36m(ClientAppActor pid=32867)[0m Fake memory norm=0.9050
[36m(ClientAppActor pid=32867)[0m Artifact bias shape: torch.Size([32, 8, 197, 197])
[36m(ClientAppActor pid=32867)[0m Accuracy: 0.5300
[36m(ClientAppActor pid=32867)[0m 
[36m(ClientAppActor pid=32867)[0m CLIENT 1 EVALUATION COMPLETE
[36m(ClientAppActor pid=32867)[0m Client 2 using cuda
[36m(ClientAppActor pid=32867)[0m {'fake': 0, 'real': 1}
[36m(ClientAppActor pid=32867)[0m [DEBUG MODE] Train=2000, Val=100, Test=100
[36m(ClientAppActor pid=32867)[0m 
[36m(ClientAppActor pid=32867)[0m Client 2 Class Distribution
[36m(ClientAppActor pid=32867)[0m Train: Counter({0: 1012, 1: 988})
[36m(ClientAppActor pid=32867)[0m 
Testing:   0%|          | 0/4 [00:00<?, ?it/s]
[36m(ClientAppActor pid=32867)[0m 
Testing:  25%|██▌       | 1/4 [00:00<00:00,  7.27it/s]
[36m(ClientAppActor pid=32867)[0m 
Testing:  50%|█████     | 2/4 [00:00<00:00,  7.19it/s]
[36m(ClientAppActor pid=32867)[0m 
Testing:  75%|███████▌  | 3/4 [00:00<00:00,  7.17it/s]
Testing: 100%|██████████| 4/4 [00:00<00:00,  9.07it/s]
[36m(ClientAppActor pid=32867)[0m 
Testing:   0%|          | 0/4 [00:00<?, ?it/s]
[36m(ClientAppActor pid=32867)[0m 
Testing:  25%|██▌       | 1/4 [00:00<00:00,  7.31it/s]
[36m(ClientAppActor pid=32867)[0m 
Testing:  50%|█████     | 2/4 [00:00<00:00,  7.32it/s]
[36m(ClientAppActor pid=32867)[0m 
Testing:  75%|███████▌  | 3/4 [00:00<00:00,  7.29it/s]
Testing: 100%|██████████| 4/4 [00:00<00:00,  9.20it/s]
[36m(ClientAppActor pid=32867)[0m 
Testing:   0%|          | 0/4 [00:00<?, ?it/s]
[36m(ClientAppActor pid=32867)[0m 
Testing:  25%|██▌       | 1/4 [00:00<00:00,  7.27it/s]
[36m(ClientAppActor pid=32867)[0m 
Testing:  50%|█████     | 2/4 [00:00<00:00,  7.19it/s]
[36m(ClientAppActor pid=32867)[0m 
Testing:  75%|███████▌  | 3/4 [00:00<00:00,  7.20it/s]
Testing: 100%|██████████| 4/4 [00:00<00:00,  9.11it/s]
[92mINFO [0m:      aggregate_evaluate: received 5 results and 0 failures
[92mINFO [0m:      
[92mINFO [0m:      [ROUND 2]
[92mINFO [0m:      configure_fit: strategy sampled 5 clients (out of 5)
[36m(ClientAppActor pid=32867)[0m 
Epoch 1/1:   0%|          | 0/63 [00:00<?, ?it/s]
[36m(ClientAppActor pid=32867)[0m 
Epoch 1/1:   0%|          | 0/63 [00:00<?, ?it/s, loss=0.7095, acc=46.88%, img/s=133.8, eta=0.2m]
Epoch 1/1:   2%|▏         | 1/63 [00:00<00:14,  4.18it/s, loss=0.7095, acc=46.88%, img/s=133.8, eta=0.2m]
[36m(ClientAppActor pid=32867)[0m 
Epoch 1/1:   2%|▏         | 1/63 [00:00<00:14,  4.18it/s, loss=0.8080, acc=40.62%, img/s=135.8, eta=0.2m]
Epoch 1/1:   3%|▎         | 2/63 [00:00<00:14,  4.26it/s, loss=0.8080, acc=40.62%, img/s=135.8, eta=0.2m]
[36m(ClientAppActor pid=32867)[0m 
Epoch 1/1:   3%|▎         | 2/63 [00:00<00:14,  4.26it/s, loss=0.7250, acc=42.71%, img/s=137.1, eta=0.2m]
Epoch 1/1:   5%|▍         | 3/63 [00:00<00:13,  4.31it/s, loss=0.7250, acc=42.71%, img/s=137.1, eta=0.2m]
[36m(ClientAppActor pid=32867)[0m 
Epoch 1/1:   5%|▍         | 3/63 [00:00<00:13,  4.31it/s, loss=0.6825, acc=44.53%, img/s=137.9, eta=0.2m]
Epoch 1/1:   6%|▋         | 4/63 [00:00<00:13,  4.34it/s, loss=0.6825, acc=44.53%, img/s=137.9, eta=0.2m]
[36m(ClientAppActor pid=32867)[0m 
Epoch 1/1:   6%|▋         | 4/63 [00:01<00:13,  4.34it/s, loss=0.7102, acc=45.62%, img/s=138.1, eta=0.2m]
Epoch 1/1:   8%|▊         | 5/63 [00:01<00:13,  4.34it/s, loss=0.7102, acc=45.62%, img/s=138.1, eta=0.2m]
[36m(ClientAppActor pid=32867)[0m 
Epoch 1/1:   8%|▊         | 5/63 [00:01<00:13,  4.34it/s, loss=0.7546, acc=45.83%, img/s=138.4, eta=0.2m]
Epoch 1/1:  10%|▉         | 6/63 [00:01<00:13,  4.35it/s, loss=0.7546, acc=45.83%, img/s=138.4, eta=0.2m]
[36m(ClientAppActor pid=32867)[0m 
Epoch 1/1:  10%|▉         | 6/63 [00:01<00:13,  4.35it/s, loss=0.7479, acc=45.54%, img/s=138.5, eta=0.2m]
Epoch 1/1:  11%|█         | 7/63 [00:01<00:12,  4.35it/s, loss=0.7479, acc=45.54%, img/s=138.5, eta=0.2m]
[36m(ClientAppActor pid=32867)[0m 
Epoch 1/1:  11%|█         | 7/63 [00:01<00:12,  4.35it/s, loss=0.7344, acc=44.92%, img/s=138.5, eta=0.2m]
Epoch 1/1:  13%|█▎        | 8/63 [00:01<00:12,  4.35it/s, loss=0.7344, acc=44.92%, img/s=138.5, eta=0.2m]
[36m(ClientAppActor pid=32867)[0m 
Epoch 1/1:  13%|█▎        | 8/63 [00:02<00:12,  4.35it/s, loss=0.6850, acc=46.18%, img/s=138.6, eta=0.2m]
Epoch 1/1:  14%|█▍        | 9/63 [00:02<00:12,  4.34it/s, loss=0.6850, acc=46.18%, img/s=138.6, eta=0.2m]
[36m(ClientAppActor pid=32867)[0m 
Epoch 1/1:  14%|█▍        | 9/63 [00:02<00:12,  4.34it/s, loss=0.6796, acc=47.81%, img/s=138.6, eta=0.2m]
Epoch 1/1:  16%|█▌        | 10/63 [00:02<00:12,  4.34it/s, loss=0.6796, acc=47.81%, img/s=138.6, eta=0.2m]
[36m(ClientAppActor pid=32867)[0m 
Epoch 1/1:  16%|█▌        | 10/63 [00:02<00:12,  4.34it/s, loss=0.6423, acc=49.72%, img/s=138.7, eta=0.2m]
Epoch 1/1:  17%|█▋        | 11/63 [00:02<00:11,  4.35it/s, loss=0.6423, acc=49.72%, img/s=138.7, eta=0.2m]
[36m(ClientAppActor pid=32867)[0m 
Epoch 1/1:  17%|█▋        | 11/63 [00:02<00:11,  4.35it/s, loss=0.8021, acc=48.96%, img/s=138.7, eta=0.2m]
Epoch 1/1:  19%|█▉        | 12/63 [00:02<00:11,  4.34it/s, loss=0.8021, acc=48.96%, img/s=138.7, eta=0.2m]
[36m(ClientAppActor pid=32867)[0m 
Epoch 1/1:  19%|█▉        | 12/63 [00:03<00:11,  4.34it/s, loss=0.8850, acc=47.36%, img/s=138.6, eta=0.2m]
Epoch 1/1:  21%|██        | 13/63 [00:03<00:11,  4.34it/s, loss=0.8850, acc=47.36%, img/s=138.6, eta=0.2m]
[36m(ClientAppActor pid=32867)[0m 
Epoch 1/1:  21%|██        | 13/63 [00:03<00:11,  4.34it/s, loss=0.6900, acc=48.66%, img/s=138.6, eta=0.2m]
Epoch 1/1:  22%|██▏       | 14/63 [00:03<00:11,  4.33it/s, loss=0.6900, acc=48.66%, img/s=138.6, eta=0.2m]
[36m(ClientAppActor pid=32867)[0m 
Epoch 1/1:  22%|██▏       | 14/63 [00:03<00:11,  4.33it/s, loss=0.7211, acc=48.75%, img/s=138.7, eta=0.2m]
Epoch 1/1:  24%|██▍       | 15/63 [00:03<00:11,  4.34it/s, loss=0.7211, acc=48.75%, img/s=138.7, eta=0.2m]
[36m(ClientAppActor pid=32867)[0m 
Epoch 1/1:  24%|██▍       | 15/63 [00:03<00:11,  4.34it/s, loss=0.7587, acc=48.05%, img/s=138.7, eta=0.2m]
Epoch 1/1:  25%|██▌       | 16/63 [00:03<00:10,  4.35it/s, loss=0.7587, acc=48.05%, img/s=138.7, eta=0.2m]
[36m(ClientAppActor pid=32867)[0m 
Epoch 1/1:  25%|██▌       | 16/63 [00:03<00:10,  4.35it/s, loss=0.6909, acc=48.71%, img/s=138.8, eta=0.2m]
Epoch 1/1:  27%|██▋       | 17/63 [00:03<00:10,  4.35it/s, loss=0.6909, acc=48.71%, img/s=138.8, eta=0.2m]
[36m(ClientAppActor pid=32867)[0m 
Epoch 1/1:  27%|██▋       | 17/63 [00:04<00:10,  4.35it/s, loss=0.6995, acc=48.78%, img/s=138.8, eta=0.2m]
Epoch 1/1:  29%|██▊       | 18/63 [00:04<00:10,  4.35it/s, loss=0.6995, acc=48.78%, img/s=138.8, eta=0.2m]
[36m(ClientAppActor pid=32867)[0m 
Epoch 1/1:  29%|██▊       | 18/63 [00:04<00:10,  4.35it/s, loss=0.6931, acc=48.36%, img/s=138.9, eta=0.2m]
Epoch 1/1:  30%|███       | 19/63 [00:04<00:10,  4.36it/s, loss=0.6931, acc=48.36%, img/s=138.9, eta=0.2m]
[36m(ClientAppActor pid=32867)[0m 
Epoch 1/1:  30%|███       | 19/63 [00:04<00:10,  4.36it/s, loss=0.7366, acc=47.97%, img/s=138.9, eta=0.2m]
Epoch 1/1:  32%|███▏      | 20/63 [00:04<00:09,  4.36it/s, loss=0.7366, acc=47.97%, img/s=138.9, eta=0.2m]
[36m(ClientAppActor pid=32867)[0m 
Epoch 1/1:  32%|███▏      | 20/63 [00:04<00:09,  4.36it/s, loss=0.6817, acc=48.21%, img/s=138.9, eta=0.2m]
Epoch 1/1:  33%|███▎      | 21/63 [00:04<00:09,  4.36it/s, loss=0.6817, acc=48.21%, img/s=138.9, eta=0.2m]
[36m(ClientAppActor pid=32867)[0m 
Epoch 1/1:  33%|███▎      | 21/63 [00:05<00:09,  4.36it/s, loss=0.7445, acc=48.01%, img/s=138.9, eta=0.2m]
Epoch 1/1:  35%|███▍      | 22/63 [00:05<00:09,  4.35it/s, loss=0.7445, acc=48.01%, img/s=138.9, eta=0.2m]
[36m(ClientAppActor pid=32867)[0m 
Epoch 1/1:  35%|███▍      | 22/63 [00:05<00:09,  4.35it/s, loss=0.7341, acc=48.10%, img/s=139.0, eta=0.2m]
Epoch 1/1:  37%|███▋      | 23/63 [00:05<00:09,  4.36it/s, loss=0.7341, acc=48.10%, img/s=139.0, eta=0.2m]
[36m(ClientAppActor pid=32867)[0m 
Epoch 1/1:  37%|███▋      | 23/63 [00:05<00:09,  4.36it/s, loss=0.7119, acc=47.92%, img/s=139.0, eta=0.1m]
Epoch 1/1:  38%|███▊      | 24/63 [00:05<00:08,  4.36it/s, loss=0.7119, acc=47.92%, img/s=139.0, eta=0.1m]
[36m(ClientAppActor pid=32867)[0m 
Epoch 1/1:  38%|███▊      | 24/63 [00:05<00:08,  4.36it/s, loss=0.6970, acc=47.88%, img/s=138.9, eta=0.1m]
Epoch 1/1:  40%|███▉      | 25/63 [00:05<00:08,  4.35it/s, loss=0.6970, acc=47.88%, img/s=138.9, eta=0.1m]
[36m(ClientAppActor pid=32867)[0m 
Epoch 1/1:  40%|███▉      | 25/63 [00:05<00:08,  4.35it/s, loss=0.6597, acc=48.92%, img/s=138.9, eta=0.1m]
Epoch 1/1:  41%|████▏     | 26/63 [00:05<00:08,  4.35it/s, loss=0.6597, acc=48.92%, img/s=138.9, eta=0.1m]
[36m(ClientAppActor pid=32867)[0m 
Epoch 1/1:  41%|████▏     | 26/63 [00:06<00:08,  4.35it/s, loss=0.6794, acc=48.84%, img/s=138.9, eta=0.1m]
Epoch 1/1:  43%|████▎     | 27/63 [00:06<00:08,  4.34it/s, loss=0.6794, acc=48.84%, img/s=138.9, eta=0.1m]
[36m(ClientAppActor pid=32867)[0m 
Epoch 1/1:  43%|████▎     | 27/63 [00:06<00:08,  4.34it/s, loss=0.7055, acc=48.66%, img/s=139.0, eta=0.1m]
Epoch 1/1:  44%|████▍     | 28/63 [00:06<00:08,  4.35it/s, loss=0.7055, acc=48.66%, img/s=139.0, eta=0.1m]
[36m(ClientAppActor pid=32867)[0m 
Epoch 1/1:  44%|████▍     | 28/63 [00:06<00:08,  4.35it/s, loss=0.7159, acc=48.38%, img/s=139.0, eta=0.1m]
Epoch 1/1:  46%|████▌     | 29/63 [00:06<00:07,  4.35it/s, loss=0.7159, acc=48.38%, img/s=139.0, eta=0.1m]
[36m(ClientAppActor pid=32867)[0m 
Epoch 1/1:  46%|████▌     | 29/63 [00:06<00:07,  4.35it/s, loss=0.7478, acc=48.02%, img/s=139.0, eta=0.1m]
Epoch 1/1:  48%|████▊     | 30/63 [00:06<00:07,  4.35it/s, loss=0.7478, acc=48.02%, img/s=139.0, eta=0.1m]
[36m(ClientAppActor pid=32867)[0m 
Epoch 1/1:  48%|████▊     | 30/63 [00:07<00:07,  4.35it/s, loss=0.6892, acc=48.08%, img/s=139.0, eta=0.1m]
Epoch 1/1:  49%|████▉     | 31/63 [00:07<00:07,  4.35it/s, loss=0.6892, acc=48.08%, img/s=139.0, eta=0.1m]
[36m(ClientAppActor pid=32867)[0m 
Epoch 1/1:  49%|████▉     | 31/63 [00:07<00:07,  4.35it/s, loss=0.7125, acc=47.95%, img/s=139.0, eta=0.1m]
Epoch 1/1:  51%|█████     | 32/63 [00:07<00:07,  4.35it/s, loss=0.7125, acc=47.95%, img/s=139.0, eta=0.1m]
[36m(ClientAppActor pid=32867)[0m 
Epoch 1/1:  51%|█████     | 32/63 [00:07<00:07,  4.35it/s, loss=0.7423, acc=47.92%, img/s=138.9, eta=0.1m]
Epoch 1/1:  52%|█████▏    | 33/63 [00:07<00:06,  4.33it/s, loss=0.7423, acc=47.92%, img/s=138.9, eta=0.1m]
[36m(ClientAppActor pid=32867)[0m 
Epoch 1/1:  52%|█████▏    | 33/63 [00:07<00:06,  4.33it/s, loss=0.6963, acc=47.98%, img/s=138.9, eta=0.1m]
Epoch 1/1:  54%|█████▍    | 34/63 [00:07<00:06,  4.34it/s, loss=0.6963, acc=47.98%, img/s=138.9, eta=0.1m]
[36m(ClientAppActor pid=32867)[0m 
Epoch 1/1:  54%|█████▍    | 34/63 [00:08<00:06,  4.34it/s, loss=0.7286, acc=47.86%, img/s=138.9, eta=0.1m]
Epoch 1/1:  56%|█████▌    | 35/63 [00:08<00:06,  4.34it/s, loss=0.7286, acc=47.86%, img/s=138.9, eta=0.1m]
[36m(ClientAppActor pid=32867)[0m 
Epoch 1/1:  56%|█████▌    | 35/63 [00:08<00:06,  4.34it/s, loss=0.6815, acc=48.09%, img/s=138.9, eta=0.1m]
Epoch 1/1:  57%|█████▋    | 36/63 [00:08<00:06,  4.33it/s, loss=0.6815, acc=48.09%, img/s=138.9, eta=0.1m]
[36m(ClientAppActor pid=32867)[0m 
Epoch 1/1:  57%|█████▋    | 36/63 [00:08<00:06,  4.33it/s, loss=0.7283, acc=47.80%, img/s=138.9, eta=0.1m]
Epoch 1/1:  59%|█████▊    | 37/63 [00:08<00:05,  4.34it/s, loss=0.7283, acc=47.80%, img/s=138.9, eta=0.1m]
[36m(ClientAppActor pid=32867)[0m 
Epoch 1/1:  59%|█████▊    | 37/63 [00:08<00:05,  4.34it/s, loss=0.6835, acc=47.94%, img/s=138.9, eta=0.1m]
Epoch 1/1:  60%|██████    | 38/63 [00:08<00:05,  4.34it/s, loss=0.6835, acc=47.94%, img/s=138.9, eta=0.1m]
[36m(ClientAppActor pid=32867)[0m 
Epoch 1/1:  60%|██████    | 38/63 [00:08<00:05,  4.34it/s, loss=0.7109, acc=47.92%, img/s=138.9, eta=0.1m]
Epoch 1/1:  62%|██████▏   | 39/63 [00:08<00:05,  4.34it/s, loss=0.7109, acc=47.92%, img/s=138.9, eta=0.1m]
[36m(ClientAppActor pid=32867)[0m 
Epoch 1/1:  62%|██████▏   | 39/63 [00:09<00:05,  4.34it/s, loss=0.7077, acc=47.81%, img/s=138.9, eta=0.1m]
Epoch 1/1:  63%|██████▎   | 40/63 [00:09<00:05,  4.35it/s, loss=0.7077, acc=47.81%, img/s=138.9, eta=0.1m]
[36m(ClientAppActor pid=32867)[0m 
Epoch 1/1:  63%|██████▎   | 40/63 [00:09<00:05,  4.35it/s, loss=0.7413, acc=47.56%, img/s=139.0, eta=0.1m]
Epoch 1/1:  65%|██████▌   | 41/63 [00:09<00:05,  4.35it/s, loss=0.7413, acc=47.56%, img/s=139.0, eta=0.1m]
[36m(ClientAppActor pid=32867)[0m 
Epoch 1/1:  65%|██████▌   | 41/63 [00:09<00:05,  4.35it/s, loss=0.7239, acc=47.32%, img/s=139.0, eta=0.1m]
Epoch 1/1:  67%|██████▋   | 42/63 [00:09<00:04,  4.34it/s, loss=0.7239, acc=47.32%, img/s=139.0, eta=0.1m]
[36m(ClientAppActor pid=32867)[0m 
Epoch 1/1:  67%|██████▋   | 42/63 [00:09<00:04,  4.34it/s, loss=0.7019, acc=47.53%, img/s=139.0, eta=0.1m]
Epoch 1/1:  68%|██████▊   | 43/63 [00:09<00:04,  4.34it/s, loss=0.7019, acc=47.53%, img/s=139.0, eta=0.1m]
[36m(ClientAppActor pid=32867)[0m 
Epoch 1/1:  68%|██████▊   | 43/63 [00:10<00:04,  4.34it/s, loss=0.7312, acc=47.16%, img/s=139.0, eta=0.1m]
Epoch 1/1:  70%|██████▉   | 44/63 [00:10<00:04,  4.35it/s, loss=0.7312, acc=47.16%, img/s=139.0, eta=0.1m]
[36m(ClientAppActor pid=32867)[0m 
Epoch 1/1:  70%|██████▉   | 44/63 [00:10<00:04,  4.35it/s, loss=0.7110, acc=47.22%, img/s=139.0, eta=0.1m]
Epoch 1/1:  71%|███████▏  | 45/63 [00:10<00:04,  4.35it/s, loss=0.7110, acc=47.22%, img/s=139.0, eta=0.1m]
[36m(ClientAppActor pid=32867)[0m 
Epoch 1/1:  71%|███████▏  | 45/63 [00:10<00:04,  4.35it/s, loss=0.6847, acc=47.62%, img/s=139.0, eta=0.1m]
Epoch 1/1:  73%|███████▎  | 46/63 [00:10<00:03,  4.35it/s, loss=0.6847, acc=47.62%, img/s=139.0, eta=0.1m]
[36m(ClientAppActor pid=32867)[0m 
Epoch 1/1:  73%|███████▎  | 46/63 [00:10<00:03,  4.35it/s, loss=0.6766, acc=47.81%, img/s=139.0, eta=0.1m]
Epoch 1/1:  75%|███████▍  | 47/63 [00:10<00:03,  4.35it/s, loss=0.6766, acc=47.81%, img/s=139.0, eta=0.1m]
[36m(ClientAppActor pid=32867)[0m 
Epoch 1/1:  75%|███████▍  | 47/63 [00:11<00:03,  4.35it/s, loss=0.7083, acc=47.79%, img/s=139.0, eta=0.1m]
Epoch 1/1:  76%|███████▌  | 48/63 [00:11<00:03,  4.34it/s, loss=0.7083, acc=47.79%, img/s=139.0, eta=0.1m]
[36m(ClientAppActor pid=32867)[0m 
Epoch 1/1:  76%|███████▌  | 48/63 [00:11<00:03,  4.34it/s, loss=0.7007, acc=47.77%, img/s=139.0, eta=0.1m]
Epoch 1/1:  78%|███████▊  | 49/63 [00:11<00:03,  4.34it/s, loss=0.7007, acc=47.77%, img/s=139.0, eta=0.1m]
[36m(ClientAppActor pid=32867)[0m 
Epoch 1/1:  78%|███████▊  | 49/63 [00:11<00:03,  4.34it/s, loss=0.6672, acc=48.00%, img/s=139.0, eta=0.0m]
Epoch 1/1:  79%|███████▉  | 50/63 [00:11<00:02,  4.34it/s, loss=0.6672, acc=48.00%, img/s=139.0, eta=0.0m]
[36m(ClientAppActor pid=32867)[0m 
Epoch 1/1:  79%|███████▉  | 50/63 [00:11<00:02,  4.34it/s, loss=0.6809, acc=48.10%, img/s=138.9, eta=0.0m]
Epoch 1/1:  81%|████████  | 51/63 [00:11<00:02,  4.32it/s, loss=0.6809, acc=48.10%, img/s=138.9, eta=0.0m]
[36m(ClientAppActor pid=32867)[0m 
Epoch 1/1:  81%|████████  | 51/63 [00:11<00:02,  4.32it/s, loss=0.7189, acc=48.02%, img/s=138.9, eta=0.0m]
Epoch 1/1:  83%|████████▎ | 52/63 [00:11<00:02,  4.33it/s, loss=0.7189, acc=48.02%, img/s=138.9, eta=0.0m]
[36m(ClientAppActor pid=32867)[0m 
Epoch 1/1:  83%|████████▎ | 52/63 [00:12<00:02,  4.33it/s, loss=0.7156, acc=47.94%, img/s=138.9, eta=0.0m]
Epoch 1/1:  84%|████████▍ | 53/63 [00:12<00:02,  4.33it/s, loss=0.7156, acc=47.94%, img/s=138.9, eta=0.0m]
[36m(ClientAppActor pid=32867)[0m 
Epoch 1/1:  84%|████████▍ | 53/63 [00:12<00:02,  4.33it/s, loss=0.7121, acc=47.92%, img/s=138.9, eta=0.0m]
Epoch 1/1:  86%|████████▌ | 54/63 [00:12<00:02,  4.34it/s, loss=0.7121, acc=47.92%, img/s=138.9, eta=0.0m]
[36m(ClientAppActor pid=32867)[0m 
Epoch 1/1:  86%|████████▌ | 54/63 [00:12<00:02,  4.34it/s, loss=0.6918, acc=48.07%, img/s=138.9, eta=0.0m]
Epoch 1/1:  87%|████████▋ | 55/63 [00:12<00:01,  4.34it/s, loss=0.6918, acc=48.07%, img/s=138.9, eta=0.0m]
[36m(ClientAppActor pid=32867)[0m 
Epoch 1/1:  87%|████████▋ | 55/63 [00:12<00:01,  4.34it/s, loss=0.6841, acc=48.16%, img/s=138.9, eta=0.0m]
Epoch 1/1:  89%|████████▉ | 56/63 [00:12<00:01,  4.34it/s, loss=0.6841, acc=48.16%, img/s=138.9, eta=0.0m]
[36m(ClientAppActor pid=32867)[0m 
Epoch 1/1:  89%|████████▉ | 56/63 [00:13<00:01,  4.34it/s, loss=0.6962, acc=48.08%, img/s=138.9, eta=0.0m]
Epoch 1/1:  90%|█████████ | 57/63 [00:13<00:01,  4.34it/s, loss=0.6962, acc=48.08%, img/s=138.9, eta=0.0m]
[36m(ClientAppActor pid=32867)[0m 
Epoch 1/1:  90%|█████████ | 57/63 [00:13<00:01,  4.34it/s, loss=0.7342, acc=47.95%, img/s=138.9, eta=0.0m]
Epoch 1/1:  92%|█████████▏| 58/63 [00:13<00:01,  4.34it/s, loss=0.7342, acc=47.95%, img/s=138.9, eta=0.0m]
[36m(ClientAppActor pid=32867)[0m 
Epoch 1/1:  92%|█████████▏| 58/63 [00:13<00:01,  4.34it/s, loss=0.6982, acc=47.99%, img/s=138.9, eta=0.0m]
Epoch 1/1:  94%|█████████▎| 59/63 [00:13<00:00,  4.34it/s, loss=0.6982, acc=47.99%, img/s=138.9, eta=0.0m]
[36m(ClientAppActor pid=32867)[0m 
Epoch 1/1:  94%|█████████▎| 59/63 [00:13<00:00,  4.34it/s, loss=0.7089, acc=47.86%, img/s=139.0, eta=0.0m]
Epoch 1/1:  95%|█████████▌| 60/63 [00:13<00:00,  4.35it/s, loss=0.7089, acc=47.86%, img/s=139.0, eta=0.0m]
[36m(ClientAppActor pid=32867)[0m 
Epoch 1/1:  95%|█████████▌| 60/63 [00:14<00:00,  4.35it/s, loss=0.6890, acc=47.90%, img/s=139.0, eta=0.0m]
Epoch 1/1:  97%|█████████▋| 61/63 [00:14<00:00,  4.35it/s, loss=0.6890, acc=47.90%, img/s=139.0, eta=0.0m]
[36m(ClientAppActor pid=32867)[0m 
Epoch 1/1:  97%|█████████▋| 61/63 [00:14<00:00,  4.35it/s, loss=0.6972, acc=47.93%, img/s=139.0, eta=0.0m]
Epoch 1/1:  98%|█████████▊| 62/63 [00:14<00:00,  4.35it/s, loss=0.6972, acc=47.93%, img/s=139.0, eta=0.0m]
[36m(ClientAppActor pid=32867)[0m 
Epoch 1/1:  98%|█████████▊| 62/63 [00:14<00:00,  4.35it/s, loss=0.7068, acc=47.90%, img/s=69.9, eta=0.0m] 
Epoch 1/1: 100%|██████████| 63/63 [00:14<00:00,  4.92it/s, loss=0.7068, acc=47.90%, img/s=69.9, eta=0.0m]
Epoch 1/1: 100%|██████████| 63/63 [00:14<00:00,  4.37it/s, loss=0.7068, acc=47.90%, img/s=69.9, eta=0.0m]
[36m(ClientAppActor pid=32867)[0m 
Epoch 1/1:   0%|          | 0/63 [00:00<?, ?it/s]
[36m(ClientAppActor pid=32867)[0m 
Epoch 1/1:   0%|          | 0/63 [00:00<?, ?it/s, loss=0.7174, acc=31.25%, img/s=133.5, eta=0.2m]
Epoch 1/1:   2%|▏         | 1/63 [00:00<00:14,  4.17it/s, loss=0.7174, acc=31.25%, img/s=133.5, eta=0.2m]
[36m(ClientAppActor pid=32867)[0m 
Epoch 1/1:   2%|▏         | 1/63 [00:00<00:14,  4.17it/s, loss=0.7109, acc=35.94%, img/s=136.6, eta=0.2m]
Epoch 1/1:   3%|▎         | 2/63 [00:00<00:14,  4.29it/s, loss=0.7109, acc=35.94%, img/s=136.6, eta=0.2m]
[36m(ClientAppActor pid=32867)[0m 
Epoch 1/1:   3%|▎         | 2/63 [00:00<00:14,  4.29it/s, loss=0.6878, acc=38.54%, img/s=137.3, eta=0.2m]
Epoch 1/1:   5%|▍         | 3/63 [00:00<00:13,  4.31it/s, loss=0.6878, acc=38.54%, img/s=137.3, eta=0.2m]
[36m(ClientAppActor pid=32867)[0m 
Epoch 1/1:   5%|▍         | 3/63 [00:00<00:13,  4.31it/s, loss=0.7220, acc=40.62%, img/s=137.9, eta=0.2m]
Epoch 1/1:   6%|▋         | 4/63 [00:00<00:13,  4.33it/s, loss=0.7220, acc=40.62%, img/s=137.9, eta=0.2m]
[36m(ClientAppActor pid=32867)[0m 
Epoch 1/1:   6%|▋         | 4/63 [00:01<00:13,  4.33it/s, loss=0.6971, acc=43.75%, img/s=138.2, eta=0.2m]
Epoch 1/1:   8%|▊         | 5/63 [00:01<00:13,  4.34it/s, loss=0.6971, acc=43.75%, img/s=138.2, eta=0.2m]
[36m(ClientAppActor pid=32867)[0m 
Epoch 1/1:   8%|▊         | 5/63 [00:01<00:13,  4.34it/s, loss=0.6890, acc=45.83%, img/s=138.2, eta=0.2m]
Epoch 1/1:  10%|▉         | 6/63 [00:01<00:13,  4.33it/s, loss=0.6890, acc=45.83%, img/s=138.2, eta=0.2m]
[36m(ClientAppActor pid=32867)[0m 
Epoch 1/1:  10%|▉         | 6/63 [00:01<00:13,  4.33it/s, loss=0.6805, acc=47.77%, img/s=138.3, eta=0.2m]
Epoch 1/1:  11%|█         | 7/63 [00:01<00:12,  4.34it/s, loss=0.6805, acc=47.77%, img/s=138.3, eta=0.2m]
[36m(ClientAppActor pid=32867)[0m 
Epoch 1/1:  11%|█         | 7/63 [00:01<00:12,  4.34it/s, loss=0.7842, acc=46.88%, img/s=138.4, eta=0.2m]
Epoch 1/1:  13%|█▎        | 8/63 [00:01<00:12,  4.34it/s, loss=0.7842, acc=46.88%, img/s=138.4, eta=0.2m]
[36m(ClientAppActor pid=32867)[0m 
Epoch 1/1:  13%|█▎        | 8/63 [00:02<00:12,  4.34it/s, loss=0.7280, acc=47.57%, img/s=138.5, eta=0.2m]
Epoch 1/1:  14%|█▍        | 9/63 [00:02<00:12,  4.34it/s, loss=0.7280, acc=47.57%, img/s=138.5, eta=0.2m]
[36m(ClientAppActor pid=32867)[0m 
Epoch 1/1:  14%|█▍        | 9/63 [00:02<00:12,  4.34it/s, loss=0.7066, acc=46.25%, img/s=138.5, eta=0.2m]
Epoch 1/1:  16%|█▌        | 10/63 [00:02<00:12,  4.34it/s, loss=0.7066, acc=46.25%, img/s=138.5, eta=0.2m]
[36m(ClientAppActor pid=32867)[0m 
Epoch 1/1:  16%|█▌        | 10/63 [00:02<00:12,  4.34it/s, loss=0.6637, acc=48.30%, img/s=138.6, eta=0.2m]
Epoch 1/1:  17%|█▋        | 11/63 [00:02<00:11,  4.34it/s, loss=0.6637, acc=48.30%, img/s=138.6, eta=0.2m]
[36m(ClientAppActor pid=32867)[0m 
Epoch 1/1:  17%|█▋        | 11/63 [00:02<00:11,  4.34it/s, loss=0.7359, acc=48.44%, img/s=138.6, eta=0.2m]
Epoch 1/1:  19%|█▉        | 12/63 [00:02<00:11,  4.35it/s, loss=0.7359, acc=48.44%, img/s=138.6, eta=0.2m]
[36m(ClientAppActor pid=32867)[0m 
Epoch 1/1:  19%|█▉        | 12/63 [00:02<00:11,  4.35it/s, loss=0.7788, acc=48.32%, img/s=138.8, eta=0.2m]
Epoch 1/1:  21%|██        | 13/63 [00:02<00:11,  4.36it/s, loss=0.7788, acc=48.32%, img/s=138.8, eta=0.2m]
[36m(ClientAppActor pid=32867)[0m 
Epoch 1/1:  21%|██        | 13/63 [00:03<00:11,  4.36it/s, loss=0.7794, acc=48.21%, img/s=138.8, eta=0.2m]
Epoch 1/1:  22%|██▏       | 14/63 [00:03<00:11,  4.35it/s, loss=0.7794, acc=48.21%, img/s=138.8, eta=0.2m]
[36m(ClientAppActor pid=32867)[0m 
Epoch 1/1:  22%|██▏       | 14/63 [00:03<00:11,  4.35it/s, loss=0.8348, acc=46.88%, img/s=138.8, eta=0.2m]
Epoch 1/1:  24%|██▍       | 15/63 [00:03<00:11,  4.35it/s, loss=0.8348, acc=46.88%, img/s=138.8, eta=0.2m]
[36m(ClientAppActor pid=32867)[0m 
Epoch 1/1:  24%|██▍       | 15/63 [00:03<00:11,  4.35it/s, loss=0.6884, acc=47.66%, img/s=138.8, eta=0.2m]
Epoch 1/1:  25%|██▌       | 16/63 [00:03<00:10,  4.35it/s, loss=0.6884, acc=47.66%, img/s=138.8, eta=0.2m]
[36m(ClientAppActor pid=32867)[0m 
Epoch 1/1:  25%|██▌       | 16/63 [00:03<00:10,  4.35it/s, loss=0.7146, acc=47.79%, img/s=138.8, eta=0.2m]
Epoch 1/1:  27%|██▋       | 17/63 [00:03<00:10,  4.35it/s, loss=0.7146, acc=47.79%, img/s=138.8, eta=0.2m]
[36m(ClientAppActor pid=32867)[0m 
Epoch 1/1:  27%|██▋       | 17/63 [00:04<00:10,  4.35it/s, loss=0.7087, acc=47.92%, img/s=138.9, eta=0.2m]
Epoch 1/1:  29%|██▊       | 18/63 [00:04<00:10,  4.35it/s, loss=0.7087, acc=47.92%, img/s=138.9, eta=0.2m]
[36m(ClientAppActor pid=32867)[0m 
Epoch 1/1:  29%|██▊       | 18/63 [00:04<00:10,  4.35it/s, loss=0.6905, acc=48.03%, img/s=138.9, eta=0.2m]
Epoch 1/1:  30%|███       | 19/63 [00:04<00:10,  4.35it/s, loss=0.6905, acc=48.03%, img/s=138.9, eta=0.2m]
[36m(ClientAppActor pid=32867)[0m 
Epoch 1/1:  30%|███       | 19/63 [00:04<00:10,  4.35it/s, loss=0.6990, acc=48.75%, img/s=138.9, eta=0.2m]
Epoch 1/1:  32%|███▏      | 20/63 [00:04<00:09,  4.35it/s, loss=0.6990, acc=48.75%, img/s=138.9, eta=0.2m]
[36m(ClientAppActor pid=32867)[0m 
Epoch 1/1:  32%|███▏      | 20/63 [00:04<00:09,  4.35it/s, loss=0.7027, acc=48.81%, img/s=138.9, eta=0.2m]
Epoch 1/1:  33%|███▎      | 21/63 [00:04<00:09,  4.35it/s, loss=0.7027, acc=48.81%, img/s=138.9, eta=0.2m]
[36m(ClientAppActor pid=32867)[0m 
Epoch 1/1:  33%|███▎      | 21/63 [00:05<00:09,  4.35it/s, loss=0.6964, acc=48.44%, img/s=139.0, eta=0.2m]
Epoch 1/1:  35%|███▍      | 22/63 [00:05<00:09,  4.36it/s, loss=0.6964, acc=48.44%, img/s=139.0, eta=0.2m]
[36m(ClientAppActor pid=32867)[0m 
Epoch 1/1:  35%|███▍      | 22/63 [00:05<00:09,  4.36it/s, loss=0.7133, acc=47.96%, img/s=139.0, eta=0.2m]
Epoch 1/1:  37%|███▋      | 23/63 [00:05<00:09,  4.35it/s, loss=0.7133, acc=47.96%, img/s=139.0, eta=0.2m]
[36m(ClientAppActor pid=32867)[0m 
Epoch 1/1:  37%|███▋      | 23/63 [00:05<00:09,  4.35it/s, loss=0.7129, acc=47.79%, img/s=139.0, eta=0.1m]
Epoch 1/1:  38%|███▊      | 24/63 [00:05<00:08,  4.35it/s, loss=0.7129, acc=47.79%, img/s=139.0, eta=0.1m]
[36m(ClientAppActor pid=32867)[0m 
Epoch 1/1:  38%|███▊      | 24/63 [00:05<00:08,  4.35it/s, loss=0.7053, acc=47.75%, img/s=139.0, eta=0.1m]
Epoch 1/1:  40%|███▉      | 25/63 [00:05<00:08,  4.35it/s, loss=0.7053, acc=47.75%, img/s=139.0, eta=0.1m]
[36m(ClientAppActor pid=32867)[0m 
Epoch 1/1:  40%|███▉      | 25/63 [00:05<00:08,  4.35it/s, loss=0.7151, acc=48.08%, img/s=139.0, eta=0.1m]
Epoch 1/1:  41%|████▏     | 26/63 [00:05<00:08,  4.35it/s, loss=0.7151, acc=48.08%, img/s=139.0, eta=0.1m]
[36m(ClientAppActor pid=32867)[0m 
Epoch 1/1:  41%|████▏     | 26/63 [00:06<00:08,  4.35it/s, loss=0.7327, acc=47.80%, img/s=139.0, eta=0.1m]
Epoch 1/1:  43%|████▎     | 27/63 [00:06<00:08,  4.36it/s, loss=0.7327, acc=47.80%, img/s=139.0, eta=0.1m]
[36m(ClientAppActor pid=32867)[0m 
Epoch 1/1:  43%|████▎     | 27/63 [00:06<00:08,  4.36it/s, loss=0.7042, acc=47.77%, img/s=139.0, eta=0.1m]
Epoch 1/1:  44%|████▍     | 28/63 [00:06<00:08,  4.36it/s, loss=0.7042, acc=47.77%, img/s=139.0, eta=0.1m]
[36m(ClientAppActor pid=32867)[0m 
Epoch 1/1:  44%|████▍     | 28/63 [00:06<00:08,  4.36it/s, loss=0.7034, acc=47.74%, img/s=139.1, eta=0.1m]
Epoch 1/1:  46%|████▌     | 29/63 [00:06<00:07,  4.36it/s, loss=0.7034, acc=47.74%, img/s=139.1, eta=0.1m]
[36m(ClientAppActor pid=32867)[0m 
Epoch 1/1:  46%|████▌     | 29/63 [00:06<00:07,  4.36it/s, loss=0.6967, acc=47.71%, img/s=139.1, eta=0.1m]
Epoch 1/1:  48%|████▊     | 30/63 [00:06<00:07,  4.36it/s, loss=0.6967, acc=47.71%, img/s=139.1, eta=0.1m]
[36m(ClientAppActor pid=32867)[0m 
Epoch 1/1:  48%|████▊     | 30/63 [00:07<00:07,  4.36it/s, loss=0.6735, acc=48.08%, img/s=139.1, eta=0.1m]
Epoch 1/1:  49%|████▉     | 31/63 [00:07<00:07,  4.37it/s, loss=0.6735, acc=48.08%, img/s=139.1, eta=0.1m]
[36m(ClientAppActor pid=32867)[0m 
Epoch 1/1:  49%|████▉     | 31/63 [00:07<00:07,  4.37it/s, loss=0.6707, acc=48.54%, img/s=139.1, eta=0.1m]
Epoch 1/1:  51%|█████     | 32/63 [00:07<00:07,  4.36it/s, loss=0.6707, acc=48.54%, img/s=139.1, eta=0.1m]
[36m(ClientAppActor pid=32867)[0m 
Epoch 1/1:  51%|█████     | 32/63 [00:07<00:07,  4.36it/s, loss=0.6596, acc=49.34%, img/s=139.1, eta=0.1m]
Epoch 1/1:  52%|█████▏    | 33/63 [00:07<00:06,  4.35it/s, loss=0.6596, acc=49.34%, img/s=139.1, eta=0.1m]
[36m(ClientAppActor pid=32867)[0m 
Epoch 1/1:  52%|█████▏    | 33/63 [00:07<00:06,  4.35it/s, loss=0.7113, acc=49.36%, img/s=139.1, eta=0.1m]
Epoch 1/1:  54%|█████▍    | 34/63 [00:07<00:06,  4.36it/s, loss=0.7113, acc=49.36%, img/s=139.1, eta=0.1m]
[36m(ClientAppActor pid=32867)[0m 
Epoch 1/1:  54%|█████▍    | 34/63 [00:08<00:06,  4.36it/s, loss=0.7408, acc=48.93%, img/s=139.1, eta=0.1m]
Epoch 1/1:  56%|█████▌    | 35/63 [00:08<00:06,  4.36it/s, loss=0.7408, acc=48.93%, img/s=139.1, eta=0.1m]
[36m(ClientAppActor pid=32867)[0m 
Epoch 1/1:  56%|█████▌    | 35/63 [00:08<00:06,  4.36it/s, loss=0.7173, acc=48.96%, img/s=139.2, eta=0.1m]
Epoch 1/1:  57%|█████▋    | 36/63 [00:08<00:06,  4.36it/s, loss=0.7173, acc=48.96%, img/s=139.2, eta=0.1m]
[36m(ClientAppActor pid=32867)[0m 
Epoch 1/1:  57%|█████▋    | 36/63 [00:08<00:06,  4.36it/s, loss=0.7222, acc=49.07%, img/s=139.2, eta=0.1m]
Epoch 1/1:  59%|█████▊    | 37/63 [00:08<00:05,  4.35it/s, loss=0.7222, acc=49.07%, img/s=139.2, eta=0.1m]
[36m(ClientAppActor pid=32867)[0m 
Epoch 1/1:  59%|█████▊    | 37/63 [00:08<00:05,  4.35it/s, loss=0.6781, acc=49.18%, img/s=139.2, eta=0.1m]
Epoch 1/1:  60%|██████    | 38/63 [00:08<00:05,  4.36it/s, loss=0.6781, acc=49.18%, img/s=139.2, eta=0.1m]
[36m(ClientAppActor pid=32867)[0m 
Epoch 1/1:  60%|██████    | 38/63 [00:08<00:05,  4.36it/s, loss=0.7047, acc=49.20%, img/s=139.2, eta=0.1m]
Epoch 1/1:  62%|██████▏   | 39/63 [00:08<00:05,  4.35it/s, loss=0.7047, acc=49.20%, img/s=139.2, eta=0.1m]
[36m(ClientAppActor pid=32867)[0m 
Epoch 1/1:  62%|██████▏   | 39/63 [00:09<00:05,  4.35it/s, loss=0.7188, acc=48.98%, img/s=138.9, eta=0.1m]
Epoch 1/1:  63%|██████▎   | 40/63 [00:09<00:05,  4.24it/s, loss=0.7188, acc=48.98%, img/s=138.9, eta=0.1m]
[36m(ClientAppActor pid=32867)[0m 
Epoch 1/1:  63%|██████▎   | 40/63 [00:09<00:05,  4.24it/s, loss=0.6888, acc=48.93%, img/s=138.8, eta=0.1m]
Epoch 1/1:  65%|██████▌   | 41/63 [00:09<00:05,  4.25it/s, loss=0.6888, acc=48.93%, img/s=138.8, eta=0.1m]
[36m(ClientAppActor pid=32867)[0m 
Epoch 1/1:  65%|██████▌   | 41/63 [00:09<00:05,  4.25it/s, loss=0.7004, acc=49.11%, img/s=138.8, eta=0.1m]
Epoch 1/1:  67%|██████▋   | 42/63 [00:09<00:04,  4.28it/s, loss=0.7004, acc=49.11%, img/s=138.8, eta=0.1m]
[36m(ClientAppActor pid=32867)[0m 
Epoch 1/1:  67%|██████▋   | 42/63 [00:09<00:04,  4.28it/s, loss=0.7061, acc=49.06%, img/s=138.8, eta=0.1m]
Epoch 1/1:  68%|██████▊   | 43/63 [00:09<00:04,  4.28it/s, loss=0.7061, acc=49.06%, img/s=138.8, eta=0.1m]
[36m(ClientAppActor pid=32867)[0m 
Epoch 1/1:  68%|██████▊   | 43/63 [00:10<00:04,  4.28it/s, loss=0.7155, acc=48.93%, img/s=138.8, eta=0.1m]
Epoch 1/1:  70%|██████▉   | 44/63 [00:10<00:04,  4.30it/s, loss=0.7155, acc=48.93%, img/s=138.8, eta=0.1m]
[36m(ClientAppActor pid=32867)[0m 
Epoch 1/1:  70%|██████▉   | 44/63 [00:10<00:04,  4.30it/s, loss=0.6885, acc=49.24%, img/s=138.8, eta=0.1m]
Epoch 1/1:  71%|███████▏  | 45/63 [00:10<00:04,  4.30it/s, loss=0.6885, acc=49.24%, img/s=138.8, eta=0.1m]
[36m(ClientAppActor pid=32867)[0m 
Epoch 1/1:  71%|███████▏  | 45/63 [00:10<00:04,  4.30it/s, loss=0.7028, acc=49.18%, img/s=138.8, eta=0.1m]
Epoch 1/1:  73%|███████▎  | 46/63 [00:10<00:03,  4.31it/s, loss=0.7028, acc=49.18%, img/s=138.8, eta=0.1m]
[36m(ClientAppActor pid=32867)[0m 
Epoch 1/1:  73%|███████▎  | 46/63 [00:10<00:03,  4.31it/s, loss=0.6816, acc=49.27%, img/s=138.7, eta=0.1m]
Epoch 1/1:  75%|███████▍  | 47/63 [00:10<00:03,  4.31it/s, loss=0.6816, acc=49.27%, img/s=138.7, eta=0.1m]
[36m(ClientAppActor pid=32867)[0m 
Epoch 1/1:  75%|███████▍  | 47/63 [00:11<00:03,  4.31it/s, loss=0.7143, acc=48.96%, img/s=138.8, eta=0.1m]
Epoch 1/1:  76%|███████▌  | 48/63 [00:11<00:03,  4.33it/s, loss=0.7143, acc=48.96%, img/s=138.8, eta=0.1m]
[36m(ClientAppActor pid=32867)[0m 
Epoch 1/1:  76%|███████▌  | 48/63 [00:11<00:03,  4.33it/s, loss=0.6824, acc=49.17%, img/s=138.7, eta=0.1m]
Epoch 1/1:  78%|███████▊  | 49/63 [00:11<00:03,  4.32it/s, loss=0.6824, acc=49.17%, img/s=138.7, eta=0.1m]
[36m(ClientAppActor pid=32867)[0m 
Epoch 1/1:  78%|███████▊  | 49/63 [00:11<00:03,  4.32it/s, loss=0.7009, acc=49.31%, img/s=138.7, eta=0.0m]
Epoch 1/1:  79%|███████▉  | 50/63 [00:11<00:03,  4.32it/s, loss=0.7009, acc=49.31%, img/s=138.7, eta=0.0m]
[36m(ClientAppActor pid=32867)[0m 
Epoch 1/1:  79%|███████▉  | 50/63 [00:11<00:03,  4.32it/s, loss=0.6822, acc=49.45%, img/s=138.7, eta=0.0m]
Epoch 1/1:  81%|████████  | 51/63 [00:11<00:02,  4.32it/s, loss=0.6822, acc=49.45%, img/s=138.7, eta=0.0m]
[36m(ClientAppActor pid=32867)[0m 
Epoch 1/1:  81%|████████  | 51/63 [00:11<00:02,  4.32it/s, loss=0.7059, acc=49.52%, img/s=138.7, eta=0.0m]
Epoch 1/1:  83%|████████▎ | 52/63 [00:11<00:02,  4.33it/s, loss=0.7059, acc=49.52%, img/s=138.7, eta=0.0m]
[36m(ClientAppActor pid=32867)[0m 
Epoch 1/1:  83%|████████▎ | 52/63 [00:12<00:02,  4.33it/s, loss=0.6914, acc=49.47%, img/s=138.7, eta=0.0m]
Epoch 1/1:  84%|████████▍ | 53/63 [00:12<00:02,  4.33it/s, loss=0.6914, acc=49.47%, img/s=138.7, eta=0.0m]
[36m(ClientAppActor pid=32867)[0m 
Epoch 1/1:  84%|████████▍ | 53/63 [00:12<00:02,  4.33it/s, loss=0.7213, acc=49.07%, img/s=138.7, eta=0.0m]
Epoch 1/1:  86%|████████▌ | 54/63 [00:12<00:02,  4.33it/s, loss=0.7213, acc=49.07%, img/s=138.7, eta=0.0m]
[36m(ClientAppActor pid=32867)[0m 
Epoch 1/1:  86%|████████▌ | 54/63 [00:12<00:02,  4.33it/s, loss=0.6777, acc=49.43%, img/s=138.7, eta=0.0m]
Epoch 1/1:  87%|████████▋ | 55/63 [00:12<00:01,  4.33it/s, loss=0.6777, acc=49.43%, img/s=138.7, eta=0.0m]
[36m(ClientAppActor pid=32867)[0m 
Epoch 1/1:  87%|████████▋ | 55/63 [00:12<00:01,  4.33it/s, loss=0.6907, acc=49.61%, img/s=138.7, eta=0.0m]
Epoch 1/1:  89%|████████▉ | 56/63 [00:12<00:01,  4.32it/s, loss=0.6907, acc=49.61%, img/s=138.7, eta=0.0m]
[36m(ClientAppActor pid=32867)[0m 
Epoch 1/1:  89%|████████▉ | 56/63 [00:13<00:01,  4.32it/s, loss=0.7112, acc=49.62%, img/s=138.7, eta=0.0m]
Epoch 1/1:  90%|█████████ | 57/63 [00:13<00:01,  4.33it/s, loss=0.7112, acc=49.62%, img/s=138.7, eta=0.0m]
[36m(ClientAppActor pid=32867)[0m 
Epoch 1/1:  90%|█████████ | 57/63 [00:13<00:01,  4.33it/s, loss=0.6844, acc=49.95%, img/s=138.7, eta=0.0m]
Epoch 1/1:  92%|█████████▏| 58/63 [00:13<00:01,  4.34it/s, loss=0.6844, acc=49.95%, img/s=138.7, eta=0.0m]
[36m(ClientAppActor pid=32867)[0m 
Epoch 1/1:  92%|█████████▏| 58/63 [00:13<00:01,  4.34it/s, loss=0.6650, acc=50.11%, img/s=138.7, eta=0.0m]
Epoch 1/1:  94%|█████████▎| 59/63 [00:13<00:00,  4.33it/s, loss=0.6650, acc=50.11%, img/s=138.7, eta=0.0m]
[36m(ClientAppActor pid=32867)[0m 
Epoch 1/1:  94%|█████████▎| 59/63 [00:13<00:00,  4.33it/s, loss=0.6883, acc=50.21%, img/s=138.7, eta=0.0m]
Epoch 1/1:  95%|█████████▌| 60/63 [00:13<00:00,  4.33it/s, loss=0.6883, acc=50.21%, img/s=138.7, eta=0.0m]
[36m(ClientAppActor pid=32867)[0m 
Epoch 1/1:  95%|█████████▌| 60/63 [00:14<00:00,  4.33it/s, loss=0.6775, acc=50.31%, img/s=138.7, eta=0.0m]
Epoch 1/1:  97%|█████████▋| 61/63 [00:14<00:00,  4.32it/s, loss=0.6775, acc=50.31%, img/s=138.7, eta=0.0m]
[36m(ClientAppActor pid=32867)[0m 
Epoch 1/1:  97%|█████████▋| 61/63 [00:14<00:00,  4.32it/s, loss=0.7089, acc=50.40%, img/s=138.7, eta=0.0m]
Epoch 1/1:  98%|█████████▊| 62/63 [00:14<00:00,  4.31it/s, loss=0.7089, acc=50.40%, img/s=138.7, eta=0.0m]
[36m(ClientAppActor pid=32867)[0m 
Epoch 1/1:  98%|█████████▊| 62/63 [00:14<00:00,  4.31it/s, loss=0.7693, acc=50.25%, img/s=69.7, eta=0.0m] 
Epoch 1/1: 100%|██████████| 63/63 [00:14<00:00,  4.87it/s, loss=0.7693, acc=50.25%, img/s=69.7, eta=0.0m]
Epoch 1/1: 100%|██████████| 63/63 [00:14<00:00,  4.36it/s, loss=0.7693, acc=50.25%, img/s=69.7, eta=0.0m]
[36m(ClientAppActor pid=32867)[0m Val  : Counter({0: 60, 1: 40})
[36m(ClientAppActor pid=32867)[0m Test : Counter({0: 51, 1: 49})
[36m(ClientAppActor pid=32867)[0m Client 2
[36m(ClientAppActor pid=32867)[0m Train Images: 2000
[36m(ClientAppActor pid=32867)[0m Test Images : 100
[36m(ClientAppActor pid=32867)[0m Validate Images : 100
[36m(ClientAppActor pid=32867)[0m 
[36m(ClientAppActor pid=32867)[0m CLIENT 2 STARTING EVALUATION
[36m(ClientAppActor pid=32867)[0m Client 2 received class memories
[36m(ClientAppActor pid=32867)[0m Real memory norm=0.9117
[36m(ClientAppActor pid=32867)[0m Fake memory norm=0.9050
[36m(ClientAppActor pid=32867)[0m Artifact bias shape: torch.Size([32, 8, 197, 197])
[36m(ClientAppActor pid=32867)[0m Accuracy: 0.5100
[36m(ClientAppActor pid=32867)[0m 
[36m(ClientAppActor pid=32867)[0m CLIENT 2 EVALUATION COMPLETE
[36m(ClientAppActor pid=32867)[0m Client 5 using cuda
[36m(ClientAppActor pid=32867)[0m {'fake': 0, 'real': 1}
[36m(ClientAppActor pid=32867)[0m [DEBUG MODE] Train=2000, Val=100, Test=100
[36m(ClientAppActor pid=32867)[0m 
[36m(ClientAppActor pid=32867)[0m Client 5 Class Distribution
[36m(ClientAppActor pid=32867)[0m Train: Counter({0: 1014, 1: 986})
[36m(ClientAppActor pid=32867)[0m Val  : Counter({0: 56, 1: 44})
[36m(ClientAppActor pid=32867)[0m Test : Counter({0: 51, 1: 49})
[36m(ClientAppActor pid=32867)[0m Client 5
[36m(ClientAppActor pid=32867)[0m Train Images: 2000
[36m(ClientAppActor pid=32867)[0m Test Images : 100
[36m(ClientAppActor pid=32867)[0m Validate Images : 100
[36m(ClientAppActor pid=32867)[0m 
[36m(ClientAppActor pid=32867)[0m CLIENT 5 STARTING EVALUATION
[36m(ClientAppActor pid=32867)[0m Client 5 received class memories
[36m(ClientAppActor pid=32867)[0m Real memory norm=0.9117
[36m(ClientAppActor pid=32867)[0m Fake memory norm=0.9050
[36m(ClientAppActor pid=32867)[0m Artifact bias shape: torch.Size([32, 8, 197, 197])
[36m(ClientAppActor pid=32867)[0m Accuracy: 0.5100
[36m(ClientAppActor pid=32867)[0m 
[36m(ClientAppActor pid=32867)[0m CLIENT 5 EVALUATION COMPLETE
[36m(ClientAppActor pid=32867)[0m Client 3 using cuda
[36m(ClientAppActor pid=32867)[0m {'fake': 0, 'real': 1}
[36m(ClientAppActor pid=32867)[0m [DEBUG MODE] Train=2000, Val=100, Test=100
[36m(ClientAppActor pid=32867)[0m 
[36m(ClientAppActor pid=32867)[0m Client 3 Class Distribution
[36m(ClientAppActor pid=32867)[0m Train: Counter({1: 1024, 0: 976})
[36m(ClientAppActor pid=32867)[0m Val  : Counter({1: 54, 0: 46})
[36m(ClientAppActor pid=32867)[0m Test : Counter({1: 50, 0: 50})
[36m(ClientAppActor pid=32867)[0m Client 3
[36m(ClientAppActor pid=32867)[0m Train Images: 2000
[36m(ClientAppActor pid=32867)[0m Test Images : 100
[36m(ClientAppActor pid=32867)[0m Validate Images : 100
[36m(ClientAppActor pid=32867)[0m 
[36m(ClientAppActor pid=32867)[0m CLIENT 3 STARTING EVALUATION
[36m(ClientAppActor pid=32867)[0m Client 3 received class memories
[36m(ClientAppActor pid=32867)[0m Real memory norm=0.9117
[36m(ClientAppActor pid=32867)[0m Fake memory norm=0.9050
[36m(ClientAppActor pid=32867)[0m Artifact bias shape: torch.Size([32, 8, 197, 197])
[36m(ClientAppActor pid=32867)[0m Accuracy: 0.5000
[36m(ClientAppActor pid=32867)[0m 
[36m(ClientAppActor pid=32867)[0m CLIENT 3 EVALUATION COMPLETE
[36m(ClientAppActor pid=32867)[0m Client 1 using cuda
[36m(ClientAppActor pid=32867)[0m {'fake': 0, 'real': 1}
[36m(ClientAppActor pid=32867)[0m [DEBUG MODE] Train=2000, Val=100, Test=100
[36m(ClientAppActor pid=32867)[0m 
[36m(ClientAppActor pid=32867)[0m Client 1 Class Distribution
[36m(ClientAppActor pid=32867)[0m Train: Counter({1: 1011, 0: 989})
[36m(ClientAppActor pid=32867)[0m Val  : Counter({0: 55, 1: 45})
[36m(ClientAppActor pid=32867)[0m Test : Counter({0: 53, 1: 47})
[36m(ClientAppActor pid=32867)[0m Client 1
[36m(ClientAppActor pid=32867)[0m Train Images: 2000
[36m(ClientAppActor pid=32867)[0m Test Images : 100
[36m(ClientAppActor pid=32867)[0m Validate Images : 100
[36m(ClientAppActor pid=32867)[0m Client 1 starting fit...
[36m(ClientAppActor pid=32867)[0m Client 1 received class memories
[36m(ClientAppActor pid=32867)[0m Real memory norm=0.9117
[36m(ClientAppActor pid=32867)[0m Fake memory norm=0.9050
[36m(ClientAppActor pid=32867)[0m Client 1 starting training...
[36m(ClientAppActor pid=32867)[0m START classifier norm: 13.066547393798828
[36m(ClientAppActor pid=32867)[0m Artifact bias shape: torch.Size([32, 8, 197, 197])
[36m(ClientAppActor pid=32867)[0m 
[36m(ClientAppActor pid=32867)[0m Batch 0/63
[36m(ClientAppActor pid=32867)[0m GPU Allocated: 1.83 GB
[36m(ClientAppActor pid=32867)[0m GPU Reserved : 3.71 GB
[36m(ClientAppActor pid=32867)[0m 
[36m(ClientAppActor pid=32867)[0m ==================================================
[36m(ClientAppActor pid=32867)[0m Epoch 1 Complete
[36m(ClientAppActor pid=32867)[0m Average Loss : 0.7126
[36m(ClientAppActor pid=32867)[0m Accuracy     : 47.90%
[36m(ClientAppActor pid=32867)[0m Time         : 14.42s
[36m(ClientAppActor pid=32867)[0m Images       : 2000
[36m(ClientAppActor pid=32867)[0m Images/sec   : 138.70
[36m(ClientAppActor pid=32867)[0m GPU Allocated: 1.82 GB
[36m(ClientAppActor pid=32867)[0m GPU Reserved : 3.86 GB
[36m(ClientAppActor pid=32867)[0m ==================================================
[36m(ClientAppActor pid=32867)[0m END classifier norm: 13.064676284790039
[36m(ClientAppActor pid=32867)[0m Client 1 finished training
[36m(ClientAppActor pid=32867)[0m Client 1 extracting parameters...
[36m(ClientAppActor pid=32867)[0m Client 1 parameter extraction complete
[36m(ClientAppActor pid=32867)[0m Client 1 returning results
[36m(ClientAppActor pid=32867)[0m Client 4 using cuda
[36m(ClientAppActor pid=32867)[0m {'fake': 0, 'real': 1}
[36m(ClientAppActor pid=32867)[0m [DEBUG MODE] Train=2000, Val=100, Test=100
[36m(ClientAppActor pid=32867)[0m 
[36m(ClientAppActor pid=32867)[0m Client 4 Class Distribution
[36m(ClientAppActor pid=32867)[0m Train: Counter({0: 1013, 1: 987})
[36m(ClientAppActor pid=32867)[0m Val  : Counter({0: 56, 1: 44})
[36m(ClientAppActor pid=32867)[0m Test : Counter({1: 53, 0: 47})
[36m(ClientAppActor pid=32867)[0m Client 4
[36m(ClientAppActor pid=32867)[0m Train Images: 2000
[36m(ClientAppActor pid=32867)[0m Test Images : 100
[36m(ClientAppActor pid=32867)[0m Validate Images : 100
[36m(ClientAppActor pid=32867)[0m Client 4 starting fit...
[36m(ClientAppActor pid=32867)[0m Client 4 received class memories
[36m(ClientAppActor pid=32867)[0m Real memory norm=0.9117
[36m(ClientAppActor pid=32867)[0m Fake memory norm=0.9050
[36m(ClientAppActor pid=32867)[0m Client 4 starting training...
[36m(ClientAppActor pid=32867)[0m START classifier norm: 13.066547393798828
[36m(ClientAppActor pid=32867)[0m Artifact bias shape: torch.Size([32, 8, 197, 197])
[36m(ClientAppActor pid=32867)[0m 
[36m(ClientAppActor pid=32867)[0m Batch 0/63
[36m(ClientAppActor pid=32867)[0m GPU Allocated: 1.83 GB
[36m(ClientAppActor pid=32867)[0m GPU Reserved : 3.86 GB
[36m(ClientAppActor pid=32867)[0m 
[36m(ClientAppActor pid=32867)[0m ==================================================
[36m(ClientAppActor pid=32867)[0m Epoch 1 Complete
[36m(ClientAppActor pid=32867)[0m Average Loss : 0.7072
[36m(ClientAppActor pid=32867)[0m Accuracy     : 50.25%
[36m(ClientAppActor pid=32867)[0m Time         : 14.45s
[36m(ClientAppActor pid=32867)[0m Images       : 2000
[36m(ClientAppActor pid=32867)[0m Images/sec   : 138.39
[36m(ClientAppActor pid=32867)[0m GPU Allocated: 1.82 GB
[36m(ClientAppActor pid=32867)[0m GPU Reserved : 3.86 GB
[36m(ClientAppActor pid=32867)[0m ==================================================
[36m(ClientAppActor pid=32867)[0m END classifier norm: 13.065238952636719
[36m(ClientAppActor pid=32867)[0m Client 4 finished training
[36m(ClientAppActor pid=32867)[0m Client 4 extracting parameters...
[36m(ClientAppActor pid=32867)[0m Client 4 parameter extraction complete
[36m(ClientAppActor pid=32867)[0m Client 4 returning results
[36m(ClientAppActor pid=32867)[0m 
Epoch 1/1:   0%|          | 0/63 [00:00<?, ?it/s]
[36m(ClientAppActor pid=32867)[0m 
Epoch 1/1:   0%|          | 0/63 [00:00<?, ?it/s, loss=0.6867, acc=59.38%, img/s=134.8, eta=0.2m]
Epoch 1/1:   2%|▏         | 1/63 [00:00<00:14,  4.21it/s, loss=0.6867, acc=59.38%, img/s=134.8, eta=0.2m]
[36m(ClientAppActor pid=32867)[0m 
Epoch 1/1:   2%|▏         | 1/63 [00:00<00:14,  4.21it/s, loss=0.7691, acc=53.12%, img/s=136.4, eta=0.2m]
Epoch 1/1:   3%|▎         | 2/63 [00:00<00:14,  4.27it/s, loss=0.7691, acc=53.12%, img/s=136.4, eta=0.2m]
[36m(ClientAppActor pid=32867)[0m 
Epoch 1/1:   3%|▎         | 2/63 [00:00<00:14,  4.27it/s, loss=0.7674, acc=46.88%, img/s=137.3, eta=0.2m]
Epoch 1/1:   5%|▍         | 3/63 [00:00<00:13,  4.31it/s, loss=0.7674, acc=46.88%, img/s=137.3, eta=0.2m]
[36m(ClientAppActor pid=32867)[0m 
Epoch 1/1:   5%|▍         | 3/63 [00:00<00:13,  4.31it/s, loss=0.6936, acc=46.88%, img/s=137.9, eta=0.2m]
Epoch 1/1:   6%|▋         | 4/63 [00:00<00:13,  4.33it/s, loss=0.6936, acc=46.88%, img/s=137.9, eta=0.2m]
[36m(ClientAppActor pid=32867)[0m 
Epoch 1/1:   6%|▋         | 4/63 [00:01<00:13,  4.33it/s, loss=0.6970, acc=48.12%, img/s=138.1, eta=0.2m]
Epoch 1/1:   8%|▊         | 5/63 [00:01<00:13,  4.33it/s, loss=0.6970, acc=48.12%, img/s=138.1, eta=0.2m]
[36m(ClientAppActor pid=32867)[0m 
Epoch 1/1:   8%|▊         | 5/63 [00:01<00:13,  4.33it/s, loss=0.7648, acc=47.40%, img/s=138.2, eta=0.2m]
Epoch 1/1:  10%|▉         | 6/63 [00:01<00:13,  4.34it/s, loss=0.7648, acc=47.40%, img/s=138.2, eta=0.2m]
[36m(ClientAppActor pid=32867)[0m 
Epoch 1/1:  10%|▉         | 6/63 [00:01<00:13,  4.34it/s, loss=0.7954, acc=47.32%, img/s=138.2, eta=0.2m]
Epoch 1/1:  11%|█         | 7/63 [00:01<00:12,  4.33it/s, loss=0.7954, acc=47.32%, img/s=138.2, eta=0.2m]
[36m(ClientAppActor pid=32867)[0m 
Epoch 1/1:  11%|█         | 7/63 [00:01<00:12,  4.33it/s, loss=0.7402, acc=46.88%, img/s=138.3, eta=0.2m]
Epoch 1/1:  13%|█▎        | 8/63 [00:01<00:12,  4.34it/s, loss=0.7402, acc=46.88%, img/s=138.3, eta=0.2m]
[36m(ClientAppActor pid=32867)[0m 
Epoch 1/1:  13%|█▎        | 8/63 [00:02<00:12,  4.34it/s, loss=0.7257, acc=46.18%, img/s=138.3, eta=0.2m]
Epoch 1/1:  14%|█▍        | 9/63 [00:02<00:12,  4.33it/s, loss=0.7257, acc=46.18%, img/s=138.3, eta=0.2m]
[36m(ClientAppActor pid=32867)[0m 
Epoch 1/1:  14%|█▍        | 9/63 [00:02<00:12,  4.33it/s, loss=0.6798, acc=46.88%, img/s=138.4, eta=0.2m]
Epoch 1/1:  16%|█▌        | 10/63 [00:02<00:12,  4.33it/s, loss=0.6798, acc=46.88%, img/s=138.4, eta=0.2m]
[36m(ClientAppActor pid=32867)[0m 
Epoch 1/1:  16%|█▌        | 10/63 [00:02<00:12,  4.33it/s, loss=0.7752, acc=46.31%, img/s=138.4, eta=0.2m]
Epoch 1/1:  17%|█▋        | 11/63 [00:02<00:11,  4.33it/s, loss=0.7752, acc=46.31%, img/s=138.4, eta=0.2m]
[36m(ClientAppActor pid=32867)[0m 
Epoch 1/1:  17%|█▋        | 11/63 [00:02<00:11,  4.33it/s, loss=0.7464, acc=46.35%, img/s=138.4, eta=0.2m]
Epoch 1/1:  19%|█▉        | 12/63 [00:02<00:11,  4.33it/s, loss=0.7464, acc=46.35%, img/s=138.4, eta=0.2m]
[36m(ClientAppActor pid=32867)[0m 
Epoch 1/1:  19%|█▉        | 12/63 [00:03<00:11,  4.33it/s, loss=0.7386, acc=46.39%, img/s=138.5, eta=0.2m]
Epoch 1/1:  21%|██        | 13/63 [00:03<00:11,  4.34it/s, loss=0.7386, acc=46.39%, img/s=138.5, eta=0.2m]
[36m(ClientAppActor pid=32867)[0m 
Epoch 1/1:  21%|██        | 13/63 [00:03<00:11,  4.34it/s, loss=0.6949, acc=47.10%, img/s=138.5, eta=0.2m]
Epoch 1/1:  22%|██▏       | 14/63 [00:03<00:11,  4.34it/s, loss=0.6949, acc=47.10%, img/s=138.5, eta=0.2m]
[36m(ClientAppActor pid=32867)[0m 
Epoch 1/1:  22%|██▏       | 14/63 [00:03<00:11,  4.34it/s, loss=0.7059, acc=46.67%, img/s=138.4, eta=0.2m]
Epoch 1/1:  24%|██▍       | 15/63 [00:03<00:11,  4.33it/s, loss=0.7059, acc=46.67%, img/s=138.4, eta=0.2m]
[36m(ClientAppActor pid=32867)[0m 
Epoch 1/1:  24%|██▍       | 15/63 [00:03<00:11,  4.33it/s, loss=0.6847, acc=47.27%, img/s=138.5, eta=0.2m]
Epoch 1/1:  25%|██▌       | 16/63 [00:03<00:10,  4.33it/s, loss=0.6847, acc=47.27%, img/s=138.5, eta=0.2m]
[36m(ClientAppActor pid=32867)[0m 
Epoch 1/1:  25%|██▌       | 16/63 [00:03<00:10,  4.33it/s, loss=0.7143, acc=46.88%, img/s=138.5, eta=0.2m]
Epoch 1/1:  27%|██▋       | 17/63 [00:03<00:10,  4.34it/s, loss=0.7143, acc=46.88%, img/s=138.5, eta=0.2m]
[36m(ClientAppActor pid=32867)[0m 
Epoch 1/1:  27%|██▋       | 17/63 [00:04<00:10,  4.34it/s, loss=0.6976, acc=47.05%, img/s=138.5, eta=0.2m]
Epoch 1/1:  29%|██▊       | 18/63 [00:04<00:10,  4.34it/s, loss=0.6976, acc=47.05%, img/s=138.5, eta=0.2m]
[36m(ClientAppActor pid=32867)[0m 
Epoch 1/1:  29%|██▊       | 18/63 [00:04<00:10,  4.34it/s, loss=0.6889, acc=47.53%, img/s=138.5, eta=0.2m]
Epoch 1/1:  30%|███       | 19/63 [00:04<00:10,  4.34it/s, loss=0.6889, acc=47.53%, img/s=138.5, eta=0.2m]
[36m(ClientAppActor pid=32867)[0m 
Epoch 1/1:  30%|███       | 19/63 [00:04<00:10,  4.34it/s, loss=0.6849, acc=48.12%, img/s=138.6, eta=0.2m]
Epoch 1/1:  32%|███▏      | 20/63 [00:04<00:09,  4.34it/s, loss=0.6849, acc=48.12%, img/s=138.6, eta=0.2m]
[36m(ClientAppActor pid=32867)[0m 
Epoch 1/1:  32%|███▏      | 20/63 [00:04<00:09,  4.34it/s, loss=0.7249, acc=47.47%, img/s=138.6, eta=0.2m]
Epoch 1/1:  33%|███▎      | 21/63 [00:04<00:09,  4.34it/s, loss=0.7249, acc=47.47%, img/s=138.6, eta=0.2m]
[36m(ClientAppActor pid=32867)[0m 
Epoch 1/1:  33%|███▎      | 21/63 [00:05<00:09,  4.34it/s, loss=0.7006, acc=47.44%, img/s=138.6, eta=0.2m]
Epoch 1/1:  35%|███▍      | 22/63 [00:05<00:09,  4.34it/s, loss=0.7006, acc=47.44%, img/s=138.6, eta=0.2m]
[36m(ClientAppActor pid=32867)[0m 
Epoch 1/1:  35%|███▍      | 22/63 [00:05<00:09,  4.34it/s, loss=0.7146, acc=47.83%, img/s=138.6, eta=0.2m]
Epoch 1/1:  37%|███▋      | 23/63 [00:05<00:09,  4.34it/s, loss=0.7146, acc=47.83%, img/s=138.6, eta=0.2m]
[36m(ClientAppActor pid=32867)[0m 
Epoch 1/1:  37%|███▋      | 23/63 [00:05<00:09,  4.34it/s, loss=0.7165, acc=47.92%, img/s=138.6, eta=0.2m]
Epoch 1/1:  38%|███▊      | 24/63 [00:05<00:08,  4.34it/s, loss=0.7165, acc=47.92%, img/s=138.6, eta=0.2m]
[36m(ClientAppActor pid=32867)[0m 
Epoch 1/1:  38%|███▊      | 24/63 [00:05<00:08,  4.34it/s, loss=0.6962, acc=48.12%, img/s=138.6, eta=0.1m]
Epoch 1/1:  40%|███▉      | 25/63 [00:05<00:08,  4.33it/s, loss=0.6962, acc=48.12%, img/s=138.6, eta=0.1m]
[36m(ClientAppActor pid=32867)[0m 
Epoch 1/1:  40%|███▉      | 25/63 [00:06<00:08,  4.33it/s, loss=0.6858, acc=48.32%, img/s=138.6, eta=0.1m]
Epoch 1/1:  41%|████▏     | 26/63 [00:06<00:08,  4.33it/s, loss=0.6858, acc=48.32%, img/s=138.6, eta=0.1m]
[36m(ClientAppActor pid=32867)[0m 
Epoch 1/1:  41%|████▏     | 26/63 [00:06<00:08,  4.33it/s, loss=0.6808, acc=48.50%, img/s=138.6, eta=0.1m]
Epoch 1/1:  43%|████▎     | 27/63 [00:06<00:08,  4.34it/s, loss=0.6808, acc=48.50%, img/s=138.6, eta=0.1m]
[36m(ClientAppActor pid=32867)[0m 
Epoch 1/1:  43%|████▎     | 27/63 [00:06<00:08,  4.34it/s, loss=0.6928, acc=48.88%, img/s=138.6, eta=0.1m]
Epoch 1/1:  44%|████▍     | 28/63 [00:06<00:08,  4.33it/s, loss=0.6928, acc=48.88%, img/s=138.6, eta=0.1m]
[36m(ClientAppActor pid=32867)[0m 
Epoch 1/1:  44%|████▍     | 28/63 [00:06<00:08,  4.33it/s, loss=0.6840, acc=49.25%, img/s=138.6, eta=0.1m]
Epoch 1/1:  46%|████▌     | 29/63 [00:06<00:07,  4.33it/s, loss=0.6840, acc=49.25%, img/s=138.6, eta=0.1m]
[36m(ClientAppActor pid=32867)[0m 
Epoch 1/1:  46%|████▌     | 29/63 [00:06<00:07,  4.33it/s, loss=0.7259, acc=49.17%, img/s=138.6, eta=0.1m]
Epoch 1/1:  48%|████▊     | 30/63 [00:06<00:07,  4.33it/s, loss=0.7259, acc=49.17%, img/s=138.6, eta=0.1m]
[36m(ClientAppActor pid=32867)[0m 
Epoch 1/1:  48%|████▊     | 30/63 [00:07<00:07,  4.33it/s, loss=0.7402, acc=48.99%, img/s=138.7, eta=0.1m]
Epoch 1/1:  49%|████▉     | 31/63 [00:07<00:07,  4.35it/s, loss=0.7402, acc=48.99%, img/s=138.7, eta=0.1m]
[36m(ClientAppActor pid=32867)[0m 
Epoch 1/1:  49%|████▉     | 31/63 [00:07<00:07,  4.35it/s, loss=0.6673, acc=49.41%, img/s=138.7, eta=0.1m]
Epoch 1/1:  51%|█████     | 32/63 [00:07<00:07,  4.34it/s, loss=0.6673, acc=49.41%, img/s=138.7, eta=0.1m]
[36m(ClientAppActor pid=32867)[0m 
Epoch 1/1:  51%|█████     | 32/63 [00:07<00:07,  4.34it/s, loss=0.6679, acc=50.09%, img/s=138.7, eta=0.1m]
Epoch 1/1:  52%|█████▏    | 33/63 [00:07<00:06,  4.34it/s, loss=0.6679, acc=50.09%, img/s=138.7, eta=0.1m]
[36m(ClientAppActor pid=32867)[0m 
Epoch 1/1:  52%|█████▏    | 33/63 [00:07<00:06,  4.34it/s, loss=0.6970, acc=50.09%, img/s=138.7, eta=0.1m]
Epoch 1/1:  54%|█████▍    | 34/63 [00:07<00:06,  4.34it/s, loss=0.6970, acc=50.09%, img/s=138.7, eta=0.1m]
[36m(ClientAppActor pid=32867)[0m 
Epoch 1/1:  54%|█████▍    | 34/63 [00:08<00:06,  4.34it/s, loss=0.6611, acc=50.45%, img/s=138.6, eta=0.1m]
Epoch 1/1:  56%|█████▌    | 35/63 [00:08<00:06,  4.33it/s, loss=0.6611, acc=50.45%, img/s=138.6, eta=0.1m]
[36m(ClientAppActor pid=32867)[0m 
Epoch 1/1:  56%|█████▌    | 35/63 [00:08<00:06,  4.33it/s, loss=0.6818, acc=50.61%, img/s=138.6, eta=0.1m]
Epoch 1/1:  57%|█████▋    | 36/63 [00:08<00:06,  4.32it/s, loss=0.6818, acc=50.61%, img/s=138.6, eta=0.1m]
[36m(ClientAppActor pid=32867)[0m 
Epoch 1/1:  57%|█████▋    | 36/63 [00:08<00:06,  4.32it/s, loss=0.7482, acc=50.25%, img/s=138.6, eta=0.1m]
Epoch 1/1:  59%|█████▊    | 37/63 [00:08<00:06,  4.32it/s, loss=0.7482, acc=50.25%, img/s=138.6, eta=0.1m]
[36m(ClientAppActor pid=32867)[0m 
Epoch 1/1:  59%|█████▊    | 37/63 [00:08<00:06,  4.32it/s, loss=0.7296, acc=50.16%, img/s=138.6, eta=0.1m]
Epoch 1/1:  60%|██████    | 38/63 [00:08<00:05,  4.31it/s, loss=0.7296, acc=50.16%, img/s=138.6, eta=0.1m]
[36m(ClientAppActor pid=32867)[0m 
Epoch 1/1:  60%|██████    | 38/63 [00:09<00:05,  4.31it/s, loss=0.7125, acc=50.16%, img/s=138.6, eta=0.1m]
Epoch 1/1:  62%|██████▏   | 39/63 [00:09<00:05,  4.32it/s, loss=0.7125, acc=50.16%, img/s=138.6, eta=0.1m]
[36m(ClientAppActor pid=32867)[0m 
Epoch 1/1:  62%|██████▏   | 39/63 [00:09<00:05,  4.32it/s, loss=0.6993, acc=50.08%, img/s=138.6, eta=0.1m]
Epoch 1/1:  63%|██████▎   | 40/63 [00:09<00:05,  4.31it/s, loss=0.6993, acc=50.08%, img/s=138.6, eta=0.1m]
[36m(ClientAppActor pid=32867)[0m 
Epoch 1/1:  63%|██████▎   | 40/63 [00:09<00:05,  4.31it/s, loss=0.7041, acc=49.85%, img/s=138.5, eta=0.1m]
Epoch 1/1:  65%|██████▌   | 41/63 [00:09<00:05,  4.31it/s, loss=0.7041, acc=49.85%, img/s=138.5, eta=0.1m]
[36m(ClientAppActor pid=32867)[0m 
Epoch 1/1:  65%|██████▌   | 41/63 [00:09<00:05,  4.31it/s, loss=0.6716, acc=50.15%, img/s=138.5, eta=0.1m]
Epoch 1/1:  67%|██████▋   | 42/63 [00:09<00:04,  4.32it/s, loss=0.6716, acc=50.15%, img/s=138.5, eta=0.1m]
[36m(ClientAppActor pid=32867)[0m 
Epoch 1/1:  67%|██████▋   | 42/63 [00:09<00:04,  4.32it/s, loss=0.6969, acc=50.07%, img/s=138.5, eta=0.1m]
Epoch 1/1:  68%|██████▊   | 43/63 [00:09<00:04,  4.32it/s, loss=0.6969, acc=50.07%, img/s=138.5, eta=0.1m]
[36m(ClientAppActor pid=32867)[0m 
Epoch 1/1:  68%|██████▊   | 43/63 [00:10<00:04,  4.32it/s, loss=0.6740, acc=50.43%, img/s=138.5, eta=0.1m]
Epoch 1/1:  70%|██████▉   | 44/63 [00:10<00:04,  4.32it/s, loss=0.6740, acc=50.43%, img/s=138.5, eta=0.1m]
[36m(ClientAppActor pid=32867)[0m 
Epoch 1/1:  70%|██████▉   | 44/63 [00:10<00:04,  4.32it/s, loss=0.7363, acc=50.21%, img/s=138.5, eta=0.1m]
Epoch 1/1:  71%|███████▏  | 45/63 [00:10<00:04,  4.32it/s, loss=0.7363, acc=50.21%, img/s=138.5, eta=0.1m]
[36m(ClientAppActor pid=32867)[0m 
Epoch 1/1:  71%|███████▏  | 45/63 [00:10<00:04,  4.32it/s, loss=0.6851, acc=50.34%, img/s=138.5, eta=0.1m]
Epoch 1/1:  73%|███████▎  | 46/63 [00:10<00:03,  4.31it/s, loss=0.6851, acc=50.34%, img/s=138.5, eta=0.1m]
[36m(ClientAppActor pid=32867)[0m 
Epoch 1/1:  73%|███████▎  | 46/63 [00:10<00:03,  4.31it/s, loss=0.7554, acc=50.33%, img/s=138.5, eta=0.1m]
Epoch 1/1:  75%|███████▍  | 47/63 [00:10<00:03,  4.32it/s, loss=0.7554, acc=50.33%, img/s=138.5, eta=0.1m]
[36m(ClientAppActor pid=32867)[0m 
Epoch 1/1:  75%|███████▍  | 47/63 [00:11<00:03,  4.32it/s, loss=0.7086, acc=50.33%, img/s=138.5, eta=0.1m]
Epoch 1/1:  76%|███████▌  | 48/63 [00:11<00:03,  4.33it/s, loss=0.7086, acc=50.33%, img/s=138.5, eta=0.1m]
[36m(ClientAppActor pid=32867)[0m 
Epoch 1/1:  76%|███████▌  | 48/63 [00:11<00:03,  4.33it/s, loss=0.7066, acc=50.26%, img/s=138.5, eta=0.1m]
Epoch 1/1:  78%|███████▊  | 49/63 [00:11<00:03,  4.32it/s, loss=0.7066, acc=50.26%, img/s=138.5, eta=0.1m]
[36m(ClientAppActor pid=32867)[0m 
Epoch 1/1:  78%|███████▊  | 49/63 [00:11<00:03,  4.32it/s, loss=0.7123, acc=50.06%, img/s=138.5, eta=0.1m]
Epoch 1/1:  79%|███████▉  | 50/63 [00:11<00:03,  4.33it/s, loss=0.7123, acc=50.06%, img/s=138.5, eta=0.1m]
[36m(ClientAppActor pid=32867)[0m 
Epoch 1/1:  79%|███████▉  | 50/63 [00:11<00:03,  4.33it/s, loss=0.6864, acc=50.31%, img/s=138.5, eta=0.0m]
Epoch 1/1:  81%|████████  | 51/63 [00:11<00:02,  4.32it/s, loss=0.6864, acc=50.31%, img/s=138.5, eta=0.0m]
[36m(ClientAppActor pid=32867)[0m 
Epoch 1/1:  81%|████████  | 51/63 [00:12<00:02,  4.32it/s, loss=0.7223, acc=50.12%, img/s=138.5, eta=0.0m]
Epoch 1/1:  83%|████████▎ | 52/63 [00:12<00:02,  4.32it/s, loss=0.7223, acc=50.12%, img/s=138.5, eta=0.0m]
[36m(ClientAppActor pid=32867)[0m 
Epoch 1/1:  83%|████████▎ | 52/63 [00:12<00:02,  4.32it/s, loss=0.6802, acc=50.24%, img/s=138.5, eta=0.0m]
Epoch 1/1:  84%|████████▍ | 53/63 [00:12<00:02,  4.32it/s, loss=0.6802, acc=50.24%, img/s=138.5, eta=0.0m]
[36m(ClientAppActor pid=32867)[0m 
Epoch 1/1:  84%|████████▍ | 53/63 [00:12<00:02,  4.32it/s, loss=0.7024, acc=50.12%, img/s=138.5, eta=0.0m]
Epoch 1/1:  86%|████████▌ | 54/63 [00:12<00:02,  4.32it/s, loss=0.7024, acc=50.12%, img/s=138.5, eta=0.0m]
[36m(ClientAppActor pid=32867)[0m 
Epoch 1/1:  86%|████████▌ | 54/63 [00:12<00:02,  4.32it/s, loss=0.7095, acc=50.11%, img/s=138.5, eta=0.0m]
Epoch 1/1:  87%|████████▋ | 55/63 [00:12<00:01,  4.32it/s, loss=0.7095, acc=50.11%, img/s=138.5, eta=0.0m]
[36m(ClientAppActor pid=32867)[0m 
Epoch 1/1:  87%|████████▋ | 55/63 [00:12<00:01,  4.32it/s, loss=0.7423, acc=49.78%, img/s=138.5, eta=0.0m]
Epoch 1/1:  89%|████████▉ | 56/63 [00:12<00:01,  4.32it/s, loss=0.7423, acc=49.78%, img/s=138.5, eta=0.0m]
[36m(ClientAppActor pid=32867)[0m 
Epoch 1/1:  89%|████████▉ | 56/63 [00:13<00:01,  4.32it/s, loss=0.7018, acc=49.78%, img/s=138.4, eta=0.0m]
Epoch 1/1:  90%|█████████ | 57/63 [00:13<00:01,  4.31it/s, loss=0.7018, acc=49.78%, img/s=138.4, eta=0.0m]
[36m(ClientAppActor pid=32867)[0m 
Epoch 1/1:  90%|█████████ | 57/63 [00:13<00:01,  4.31it/s, loss=0.7019, acc=49.73%, img/s=138.5, eta=0.0m]
Epoch 1/1:  92%|█████████▏| 58/63 [00:13<00:01,  4.32it/s, loss=0.7019, acc=49.73%, img/s=138.5, eta=0.0m]
[36m(ClientAppActor pid=32867)[0m 
Epoch 1/1:  92%|█████████▏| 58/63 [00:13<00:01,  4.32it/s, loss=0.6706, acc=50.05%, img/s=138.5, eta=0.0m]
Epoch 1/1:  94%|█████████▎| 59/63 [00:13<00:00,  4.32it/s, loss=0.6706, acc=50.05%, img/s=138.5, eta=0.0m]
[36m(ClientAppActor pid=32867)[0m 
Epoch 1/1:  94%|█████████▎| 59/63 [00:13<00:00,  4.32it/s, loss=0.6723, acc=50.16%, img/s=138.5, eta=0.0m]
Epoch 1/1:  95%|█████████▌| 60/63 [00:13<00:00,  4.32it/s, loss=0.6723, acc=50.16%, img/s=138.5, eta=0.0m]
[36m(ClientAppActor pid=32867)[0m 
Epoch 1/1:  95%|█████████▌| 60/63 [00:14<00:00,  4.32it/s, loss=0.7041, acc=50.05%, img/s=138.5, eta=0.0m]
Epoch 1/1:  97%|█████████▋| 61/63 [00:14<00:00,  4.32it/s, loss=0.7041, acc=50.05%, img/s=138.5, eta=0.0m]
[36m(ClientAppActor pid=32867)[0m 
Epoch 1/1:  97%|█████████▋| 61/63 [00:14<00:00,  4.32it/s, loss=0.7121, acc=50.00%, img/s=138.4, eta=0.0m]
Epoch 1/1:  98%|█████████▊| 62/63 [00:14<00:00,  4.32it/s, loss=0.7121, acc=50.00%, img/s=138.4, eta=0.0m]
[36m(ClientAppActor pid=32867)[0m 
Epoch 1/1:  98%|█████████▊| 62/63 [00:14<00:00,  4.32it/s, loss=0.7277, acc=49.95%, img/s=69.6, eta=0.0m] 
Epoch 1/1: 100%|██████████| 63/63 [00:14<00:00,  4.87it/s, loss=0.7277, acc=49.95%, img/s=69.6, eta=0.0m]
Epoch 1/1: 100%|██████████| 63/63 [00:14<00:00,  4.35it/s, loss=0.7277, acc=49.95%, img/s=69.6, eta=0.0m]
[36m(ClientAppActor pid=32867)[0m 
Epoch 1/1:   0%|          | 0/63 [00:00<?, ?it/s]
[36m(ClientAppActor pid=32867)[0m 
Epoch 1/1:   0%|          | 0/63 [00:00<?, ?it/s, loss=0.6869, acc=53.12%, img/s=132.9, eta=0.2m]
Epoch 1/1:   2%|▏         | 1/63 [00:00<00:14,  4.15it/s, loss=0.6869, acc=53.12%, img/s=132.9, eta=0.2m]
[36m(ClientAppActor pid=32867)[0m 
Epoch 1/1:   2%|▏         | 1/63 [00:00<00:14,  4.15it/s, loss=0.6672, acc=56.25%, img/s=135.8, eta=0.2m]
Epoch 1/1:   3%|▎         | 2/63 [00:00<00:14,  4.26it/s, loss=0.6672, acc=56.25%, img/s=135.8, eta=0.2m]
[36m(ClientAppActor pid=32867)[0m 
Epoch 1/1:   3%|▎         | 2/63 [00:00<00:14,  4.26it/s, loss=0.7427, acc=54.17%, img/s=136.7, eta=0.2m]
Epoch 1/1:   5%|▍         | 3/63 [00:00<00:13,  4.29it/s, loss=0.7427, acc=54.17%, img/s=136.7, eta=0.2m]
[36m(ClientAppActor pid=32867)[0m 
Epoch 1/1:   5%|▍         | 3/63 [00:00<00:13,  4.29it/s, loss=0.7149, acc=52.34%, img/s=136.9, eta=0.2m]
Epoch 1/1:   6%|▋         | 4/63 [00:00<00:13,  4.30it/s, loss=0.7149, acc=52.34%, img/s=136.9, eta=0.2m]
[36m(ClientAppActor pid=32867)[0m 
Epoch 1/1:   6%|▋         | 4/63 [00:01<00:13,  4.30it/s, loss=0.7248, acc=50.00%, img/s=136.3, eta=0.2m]
Epoch 1/1:   8%|▊         | 5/63 [00:01<00:13,  4.26it/s, loss=0.7248, acc=50.00%, img/s=136.3, eta=0.2m]
[36m(ClientAppActor pid=32867)[0m 
Epoch 1/1:   8%|▊         | 5/63 [00:01<00:13,  4.26it/s, loss=0.6750, acc=52.08%, img/s=136.8, eta=0.2m]
Epoch 1/1:  10%|▉         | 6/63 [00:01<00:13,  4.29it/s, loss=0.6750, acc=52.08%, img/s=136.8, eta=0.2m]
[36m(ClientAppActor pid=32867)[0m 
Epoch 1/1:  10%|▉         | 6/63 [00:01<00:13,  4.29it/s, loss=0.7201, acc=51.34%, img/s=137.0, eta=0.2m]
Epoch 1/1:  11%|█         | 7/63 [00:01<00:13,  4.30it/s, loss=0.7201, acc=51.34%, img/s=137.0, eta=0.2m]
[36m(ClientAppActor pid=32867)[0m 
Epoch 1/1:  11%|█         | 7/63 [00:01<00:13,  4.30it/s, loss=0.6937, acc=51.56%, img/s=137.1, eta=0.2m]
Epoch 1/1:  13%|█▎        | 8/63 [00:01<00:12,  4.30it/s, loss=0.6937, acc=51.56%, img/s=137.1, eta=0.2m]
[36m(ClientAppActor pid=32867)[0m 
Epoch 1/1:  13%|█▎        | 8/63 [00:02<00:12,  4.30it/s, loss=0.7198, acc=50.35%, img/s=137.1, eta=0.2m]
[36m(ClientAppActor pid=32867)[0m 
Epoch 1/1:  14%|█▍        | 9/63 [00:02<00:12,  4.30it/s, loss=0.7198, acc=50.35%, img/s=137.1, eta=0.2m]
[36m(ClientAppActor pid=32867)[0m 
Epoch 1/1:  14%|█▍        | 9/63 [00:02<00:12,  4.30it/s, loss=0.7044, acc=50.94%, img/s=137.4, eta=0.2m]
Epoch 1/1:  16%|█▌        | 10/63 [00:02<00:12,  4.32it/s, loss=0.7044, acc=50.94%, img/s=137.4, eta=0.2m]
[36m(ClientAppActor pid=32867)[0m 
Epoch 1/1:  16%|█▌        | 10/63 [00:02<00:12,  4.32it/s, loss=0.7128, acc=50.85%, img/s=137.5, eta=0.2m]
Epoch 1/1:  17%|█▋        | 11/63 [00:02<00:12,  4.32it/s, loss=0.7128, acc=50.85%, img/s=137.5, eta=0.2m]
[36m(ClientAppActor pid=32867)[0m 
Epoch 1/1:  17%|█▋        | 11/63 [00:02<00:12,  4.32it/s, loss=0.6613, acc=52.08%, img/s=137.6, eta=0.2m]
Epoch 1/1:  19%|█▉        | 12/63 [00:02<00:11,  4.32it/s, loss=0.6613, acc=52.08%, img/s=137.6, eta=0.2m]
[36m(ClientAppActor pid=32867)[0m 
Epoch 1/1:  19%|█▉        | 12/63 [00:03<00:11,  4.32it/s, loss=0.7284, acc=51.20%, img/s=137.6, eta=0.2m]
Epoch 1/1:  21%|██        | 13/63 [00:03<00:11,  4.32it/s, loss=0.7284, acc=51.20%, img/s=137.6, eta=0.2m]
[36m(ClientAppActor pid=32867)[0m 
Epoch 1/1:  21%|██        | 13/63 [00:03<00:11,  4.32it/s, loss=0.7133, acc=50.45%, img/s=137.6, eta=0.2m]
Epoch 1/1:  22%|██▏       | 14/63 [00:03<00:11,  4.32it/s, loss=0.7133, acc=50.45%, img/s=137.6, eta=0.2m]
[36m(ClientAppActor pid=32867)[0m 
Epoch 1/1:  22%|██▏       | 14/63 [00:03<00:11,  4.32it/s, loss=0.7220, acc=50.21%, img/s=137.6, eta=0.2m]
Epoch 1/1:  24%|██▍       | 15/63 [00:03<00:11,  4.31it/s, loss=0.7220, acc=50.21%, img/s=137.6, eta=0.2m]
[36m(ClientAppActor pid=32867)[0m 
Epoch 1/1:  24%|██▍       | 15/63 [00:03<00:11,  4.31it/s, loss=0.7274, acc=49.61%, img/s=137.6, eta=0.2m]
Epoch 1/1:  25%|██▌       | 16/63 [00:03<00:10,  4.30it/s, loss=0.7274, acc=49.61%, img/s=137.6, eta=0.2m]
[36m(ClientAppActor pid=32867)[0m 
Epoch 1/1:  25%|██▌       | 16/63 [00:03<00:10,  4.30it/s, loss=0.7014, acc=49.08%, img/s=137.6, eta=0.2m]
Epoch 1/1:  27%|██▋       | 17/63 [00:03<00:10,  4.30it/s, loss=0.7014, acc=49.08%, img/s=137.6, eta=0.2m]
[36m(ClientAppActor pid=32867)[0m 
Epoch 1/1:  27%|██▋       | 17/63 [00:04<00:10,  4.30it/s, loss=0.7015, acc=49.65%, img/s=137.6, eta=0.2m]
Epoch 1/1:  29%|██▊       | 18/63 [00:04<00:10,  4.30it/s, loss=0.7015, acc=49.65%, img/s=137.6, eta=0.2m]
[36m(ClientAppActor pid=32867)[0m 
Epoch 1/1:  29%|██▊       | 18/63 [00:04<00:10,  4.30it/s, loss=0.7449, acc=49.34%, img/s=137.6, eta=0.2m]
Epoch 1/1:  30%|███       | 19/63 [00:04<00:10,  4.30it/s, loss=0.7449, acc=49.34%, img/s=137.6, eta=0.2m]
[36m(ClientAppActor pid=32867)[0m 
Epoch 1/1:  30%|███       | 19/63 [00:04<00:10,  4.30it/s, loss=0.6843, acc=49.84%, img/s=137.7, eta=0.2m]
Epoch 1/1:  32%|███▏      | 20/63 [00:04<00:09,  4.32it/s, loss=0.6843, acc=49.84%, img/s=137.7, eta=0.2m]
[36m(ClientAppActor pid=32867)[0m 
Epoch 1/1:  32%|███▏      | 20/63 [00:04<00:09,  4.32it/s, loss=0.6925, acc=50.15%, img/s=137.7, eta=0.2m]
Epoch 1/1:  33%|███▎      | 21/63 [00:04<00:09,  4.32it/s, loss=0.6925, acc=50.15%, img/s=137.7, eta=0.2m]
[36m(ClientAppActor pid=32867)[0m 
Epoch 1/1:  33%|███▎      | 21/63 [00:05<00:09,  4.32it/s, loss=0.7629, acc=49.72%, img/s=137.7, eta=0.2m]
Epoch 1/1:  35%|███▍      | 22/63 [00:05<00:09,  4.31it/s, loss=0.7629, acc=49.72%, img/s=137.7, eta=0.2m]
[36m(ClientAppActor pid=32867)[0m 
Epoch 1/1:  35%|███▍      | 22/63 [00:05<00:09,  4.31it/s, loss=0.6815, acc=49.86%, img/s=137.7, eta=0.2m]
Epoch 1/1:  37%|███▋      | 23/63 [00:05<00:09,  4.32it/s, loss=0.6815, acc=49.86%, img/s=137.7, eta=0.2m]
[36m(ClientAppActor pid=32867)[0m 
Epoch 1/1:  37%|███▋      | 23/63 [00:05<00:09,  4.32it/s, loss=0.6961, acc=50.13%, img/s=137.7, eta=0.2m]
Epoch 1/1:  38%|███▊      | 24/63 [00:05<00:09,  4.31it/s, loss=0.6961, acc=50.13%, img/s=137.7, eta=0.2m]
[36m(ClientAppActor pid=32867)[0m 
Epoch 1/1:  38%|███▊      | 24/63 [00:05<00:09,  4.31it/s, loss=0.7190, acc=49.75%, img/s=137.8, eta=0.1m]
Epoch 1/1:  40%|███▉      | 25/63 [00:05<00:08,  4.31it/s, loss=0.7190, acc=49.75%, img/s=137.8, eta=0.1m]
[36m(ClientAppActor pid=32867)[0m 
Epoch 1/1:  40%|███▉      | 25/63 [00:06<00:08,  4.31it/s, loss=0.6900, acc=49.88%, img/s=137.8, eta=0.1m]
Epoch 1/1:  41%|████▏     | 26/63 [00:06<00:08,  4.32it/s, loss=0.6900, acc=49.88%, img/s=137.8, eta=0.1m]
[36m(ClientAppActor pid=32867)[0m 
Epoch 1/1:  41%|████▏     | 26/63 [00:06<00:08,  4.32it/s, loss=0.7116, acc=50.00%, img/s=137.8, eta=0.1m]
Epoch 1/1:  43%|████▎     | 27/63 [00:06<00:08,  4.32it/s, loss=0.7116, acc=50.00%, img/s=137.8, eta=0.1m]
[36m(ClientAppActor pid=32867)[0m 
Epoch 1/1:  43%|████▎     | 27/63 [00:06<00:08,  4.32it/s, loss=0.7454, acc=49.78%, img/s=137.8, eta=0.1m]
Epoch 1/1:  44%|████▍     | 28/63 [00:06<00:08,  4.31it/s, loss=0.7454, acc=49.78%, img/s=137.8, eta=0.1m]
[36m(ClientAppActor pid=32867)[0m 
Epoch 1/1:  44%|████▍     | 28/63 [00:06<00:08,  4.31it/s, loss=0.7436, acc=49.46%, img/s=137.8, eta=0.1m]
Epoch 1/1:  46%|████▌     | 29/63 [00:06<00:07,  4.31it/s, loss=0.7436, acc=49.46%, img/s=137.8, eta=0.1m]
[36m(ClientAppActor pid=32867)[0m 
Epoch 1/1:  46%|████▌     | 29/63 [00:06<00:07,  4.31it/s, loss=0.7181, acc=49.69%, img/s=137.8, eta=0.1m]
Epoch 1/1:  48%|████▊     | 30/63 [00:06<00:07,  4.31it/s, loss=0.7181, acc=49.69%, img/s=137.8, eta=0.1m]
[36m(ClientAppActor pid=32867)[0m 
Epoch 1/1:  48%|████▊     | 30/63 [00:07<00:07,  4.31it/s, loss=0.7290, acc=49.29%, img/s=137.8, eta=0.1m]
Epoch 1/1:  49%|████▉     | 31/63 [00:07<00:07,  4.31it/s, loss=0.7290, acc=49.29%, img/s=137.8, eta=0.1m]
[36m(ClientAppActor pid=32867)[0m 
Epoch 1/1:  49%|████▉     | 31/63 [00:07<00:07,  4.31it/s, loss=0.7345, acc=49.12%, img/s=137.8, eta=0.1m]
Epoch 1/1:  51%|█████     | 32/63 [00:07<00:07,  4.31it/s, loss=0.7345, acc=49.12%, img/s=137.8, eta=0.1m]
[36m(ClientAppActor pid=32867)[0m 
Epoch 1/1:  51%|█████     | 32/63 [00:07<00:07,  4.31it/s, loss=0.6823, acc=49.34%, img/s=137.8, eta=0.1m]
Epoch 1/1:  52%|█████▏    | 33/63 [00:07<00:06,  4.31it/s, loss=0.6823, acc=49.34%, img/s=137.8, eta=0.1m]
[36m(ClientAppActor pid=32867)[0m 
Epoch 1/1:  52%|█████▏    | 33/63 [00:07<00:06,  4.31it/s, loss=0.6867, acc=49.54%, img/s=137.8, eta=0.1m]
Epoch 1/1:  54%|█████▍    | 34/63 [00:07<00:06,  4.30it/s, loss=0.6867, acc=49.54%, img/s=137.8, eta=0.1m]
[36m(ClientAppActor pid=32867)[0m 
Epoch 1/1:  54%|█████▍    | 34/63 [00:08<00:06,  4.30it/s, loss=0.7697, acc=49.11%, img/s=137.8, eta=0.1m]
Epoch 1/1:  56%|█████▌    | 35/63 [00:08<00:06,  4.31it/s, loss=0.7697, acc=49.11%, img/s=137.8, eta=0.1m]
[36m(ClientAppActor pid=32867)[0m 
Epoch 1/1:  56%|█████▌    | 35/63 [00:08<00:06,  4.31it/s, loss=0.7270, acc=49.05%, img/s=137.8, eta=0.1m]
Epoch 1/1:  57%|█████▋    | 36/63 [00:08<00:06,  4.31it/s, loss=0.7270, acc=49.05%, img/s=137.8, eta=0.1m]
[36m(ClientAppActor pid=32867)[0m 
Epoch 1/1:  57%|█████▋    | 36/63 [00:08<00:06,  4.31it/s, loss=0.6585, acc=49.32%, img/s=137.8, eta=0.1m]
Epoch 1/1:  59%|█████▊    | 37/63 [00:08<00:06,  4.31it/s, loss=0.6585, acc=49.32%, img/s=137.8, eta=0.1m]
[36m(ClientAppActor pid=32867)[0m 
Epoch 1/1:  59%|█████▊    | 37/63 [00:08<00:06,  4.31it/s, loss=0.6811, acc=49.75%, img/s=137.8, eta=0.1m]
Epoch 1/1:  60%|██████    | 38/63 [00:08<00:05,  4.30it/s, loss=0.6811, acc=49.75%, img/s=137.8, eta=0.1m]
[36m(ClientAppActor pid=32867)[0m 
Epoch 1/1:  60%|██████    | 38/63 [00:09<00:05,  4.30it/s, loss=0.7450, acc=49.60%, img/s=137.8, eta=0.1m]
Epoch 1/1:  62%|██████▏   | 39/63 [00:09<00:05,  4.31it/s, loss=0.7450, acc=49.60%, img/s=137.8, eta=0.1m]
[36m(ClientAppActor pid=32867)[0m 
Epoch 1/1:  62%|██████▏   | 39/63 [00:09<00:05,  4.31it/s, loss=0.6687, acc=49.69%, img/s=137.8, eta=0.1m]
Epoch 1/1:  63%|██████▎   | 40/63 [00:09<00:05,  4.32it/s, loss=0.6687, acc=49.69%, img/s=137.8, eta=0.1m]
[36m(ClientAppActor pid=32867)[0m 
Epoch 1/1:  63%|██████▎   | 40/63 [00:09<00:05,  4.32it/s, loss=0.7564, acc=49.47%, img/s=137.8, eta=0.1m]
Epoch 1/1:  65%|██████▌   | 41/63 [00:09<00:05,  4.31it/s, loss=0.7564, acc=49.47%, img/s=137.8, eta=0.1m]
[36m(ClientAppActor pid=32867)[0m 
Epoch 1/1:  65%|██████▌   | 41/63 [00:09<00:05,  4.31it/s, loss=0.7240, acc=49.48%, img/s=137.8, eta=0.1m]
Epoch 1/1:  67%|██████▋   | 42/63 [00:09<00:04,  4.31it/s, loss=0.7240, acc=49.48%, img/s=137.8, eta=0.1m]
[36m(ClientAppActor pid=32867)[0m 
Epoch 1/1:  67%|██████▋   | 42/63 [00:09<00:04,  4.31it/s, loss=0.7275, acc=49.35%, img/s=137.8, eta=0.1m]
Epoch 1/1:  68%|██████▊   | 43/63 [00:09<00:04,  4.32it/s, loss=0.7275, acc=49.35%, img/s=137.8, eta=0.1m]
[36m(ClientAppActor pid=32867)[0m 
Epoch 1/1:  68%|██████▊   | 43/63 [00:10<00:04,  4.32it/s, loss=0.6819, acc=49.57%, img/s=137.9, eta=0.1m]
Epoch 1/1:  70%|██████▉   | 44/63 [00:10<00:04,  4.32it/s, loss=0.6819, acc=49.57%, img/s=137.9, eta=0.1m]
[36m(ClientAppActor pid=32867)[0m 
Epoch 1/1:  70%|██████▉   | 44/63 [00:10<00:04,  4.32it/s, loss=0.7144, acc=49.58%, img/s=137.9, eta=0.1m]
Epoch 1/1:  71%|███████▏  | 45/63 [00:10<00:04,  4.32it/s, loss=0.7144, acc=49.58%, img/s=137.9, eta=0.1m]
[36m(ClientAppActor pid=32867)[0m 
Epoch 1/1:  71%|███████▏  | 45/63 [00:10<00:04,  4.32it/s, loss=0.6985, acc=49.59%, img/s=137.9, eta=0.1m]
Epoch 1/1:  73%|███████▎  | 46/63 [00:10<00:03,  4.32it/s, loss=0.6985, acc=49.59%, img/s=137.9, eta=0.1m]
[36m(ClientAppActor pid=32867)[0m 
Epoch 1/1:  73%|███████▎  | 46/63 [00:10<00:03,  4.32it/s, loss=0.7343, acc=49.47%, img/s=137.9, eta=0.1m]
Epoch 1/1:  75%|███████▍  | 47/63 [00:10<00:03,  4.32it/s, loss=0.7343, acc=49.47%, img/s=137.9, eta=0.1m]
[36m(ClientAppActor pid=32867)[0m 
Epoch 1/1:  75%|███████▍  | 47/63 [00:11<00:03,  4.32it/s, loss=0.6756, acc=49.74%, img/s=137.9, eta=0.1m]
Epoch 1/1:  76%|███████▌  | 48/63 [00:11<00:03,  4.32it/s, loss=0.6756, acc=49.74%, img/s=137.9, eta=0.1m]
[36m(ClientAppActor pid=32867)[0m 
Epoch 1/1:  76%|███████▌  | 48/63 [00:11<00:03,  4.32it/s, loss=0.6998, acc=49.94%, img/s=137.9, eta=0.1m]
Epoch 1/1:  78%|███████▊  | 49/63 [00:11<00:03,  4.32it/s, loss=0.6998, acc=49.94%, img/s=137.9, eta=0.1m]
[36m(ClientAppActor pid=32867)[0m 
Epoch 1/1:  78%|███████▊  | 49/63 [00:11<00:03,  4.32it/s, loss=0.7726, acc=49.62%, img/s=137.9, eta=0.1m]
Epoch 1/1:  79%|███████▉  | 50/63 [00:11<00:03,  4.32it/s, loss=0.7726, acc=49.62%, img/s=137.9, eta=0.1m]
[36m(ClientAppActor pid=32867)[0m 
Epoch 1/1:  79%|███████▉  | 50/63 [00:11<00:03,  4.32it/s, loss=0.7344, acc=49.51%, img/s=137.9, eta=0.0m]
Epoch 1/1:  81%|████████  | 51/63 [00:11<00:02,  4.32it/s, loss=0.7344, acc=49.51%, img/s=137.9, eta=0.0m]
[36m(ClientAppActor pid=32867)[0m 
Epoch 1/1:  81%|████████  | 51/63 [00:12<00:02,  4.32it/s, loss=0.7225, acc=49.40%, img/s=137.9, eta=0.0m]
Epoch 1/1:  83%|████████▎ | 52/63 [00:12<00:02,  4.31it/s, loss=0.7225, acc=49.40%, img/s=137.9, eta=0.0m]
[36m(ClientAppActor pid=32867)[0m 
Epoch 1/1:  83%|████████▎ | 52/63 [00:12<00:02,  4.31it/s, loss=0.6956, acc=49.41%, img/s=137.9, eta=0.0m]
Epoch 1/1:  84%|████████▍ | 53/63 [00:12<00:02,  4.31it/s, loss=0.6956, acc=49.41%, img/s=137.9, eta=0.0m]
[36m(ClientAppActor pid=32867)[0m 
Epoch 1/1:  84%|████████▍ | 53/63 [00:12<00:02,  4.31it/s, loss=0.7055, acc=49.54%, img/s=137.9, eta=0.0m]
Epoch 1/1:  86%|████████▌ | 54/63 [00:12<00:02,  4.31it/s, loss=0.7055, acc=49.54%, img/s=137.9, eta=0.0m]
[36m(ClientAppActor pid=32867)[0m 
Epoch 1/1:  86%|████████▌ | 54/63 [00:12<00:02,  4.31it/s, loss=0.7091, acc=49.60%, img/s=137.9, eta=0.0m]
Epoch 1/1:  87%|████████▋ | 55/63 [00:12<00:01,  4.30it/s, loss=0.7091, acc=49.60%, img/s=137.9, eta=0.0m]
[36m(ClientAppActor pid=32867)[0m 
Epoch 1/1:  87%|████████▋ | 55/63 [00:12<00:01,  4.30it/s, loss=0.6704, acc=49.72%, img/s=137.9, eta=0.0m]
Epoch 1/1:  89%|████████▉ | 56/63 [00:12<00:01,  4.31it/s, loss=0.6704, acc=49.72%, img/s=137.9, eta=0.0m]
[36m(ClientAppActor pid=32867)[0m 
Epoch 1/1:  89%|████████▉ | 56/63 [00:13<00:01,  4.31it/s, loss=0.7147, acc=49.78%, img/s=137.9, eta=0.0m]
Epoch 1/1:  90%|█████████ | 57/63 [00:13<00:01,  4.32it/s, loss=0.7147, acc=49.78%, img/s=137.9, eta=0.0m]
[36m(ClientAppActor pid=32867)[0m 
Epoch 1/1:  90%|█████████ | 57/63 [00:13<00:01,  4.32it/s, loss=0.6485, acc=50.05%, img/s=137.9, eta=0.0m]
Epoch 1/1:  92%|█████████▏| 58/63 [00:13<00:01,  4.31it/s, loss=0.6485, acc=50.05%, img/s=137.9, eta=0.0m]
[36m(ClientAppActor pid=32867)[0m 
Epoch 1/1:  92%|█████████▏| 58/63 [00:13<00:01,  4.31it/s, loss=0.7633, acc=50.05%, img/s=137.9, eta=0.0m]
Epoch 1/1:  94%|█████████▎| 59/63 [00:13<00:00,  4.31it/s, loss=0.7633, acc=50.05%, img/s=137.9, eta=0.0m]
[36m(ClientAppActor pid=32867)[0m 
Epoch 1/1:  94%|█████████▎| 59/63 [00:13<00:00,  4.31it/s, loss=0.6634, acc=50.21%, img/s=137.9, eta=0.0m]
Epoch 1/1:  95%|█████████▌| 60/63 [00:13<00:00,  4.32it/s, loss=0.6634, acc=50.21%, img/s=137.9, eta=0.0m]
[36m(ClientAppActor pid=32867)[0m 
Epoch 1/1:  95%|█████████▌| 60/63 [00:14<00:00,  4.32it/s, loss=0.6666, acc=50.36%, img/s=137.9, eta=0.0m]
Epoch 1/1:  97%|█████████▋| 61/63 [00:14<00:00,  4.32it/s, loss=0.6666, acc=50.36%, img/s=137.9, eta=0.0m]
[36m(ClientAppActor pid=32867)[0m 
Epoch 1/1:  97%|█████████▋| 61/63 [00:14<00:00,  4.32it/s, loss=0.7156, acc=50.30%, img/s=137.9, eta=0.0m]
Epoch 1/1:  98%|█████████▊| 62/63 [00:14<00:00,  4.31it/s, loss=0.7156, acc=50.30%, img/s=137.9, eta=0.0m]
[36m(ClientAppActor pid=32867)[0m 
Epoch 1/1:  98%|█████████▊| 62/63 [00:14<00:00,  4.31it/s, loss=0.7001, acc=50.35%, img/s=69.4, eta=0.0m] 
Epoch 1/1: 100%|██████████| 63/63 [00:14<00:00,  4.87it/s, loss=0.7001, acc=50.35%, img/s=69.4, eta=0.0m]
Epoch 1/1: 100%|██████████| 63/63 [00:14<00:00,  4.34it/s, loss=0.7001, acc=50.35%, img/s=69.4, eta=0.0m]
[36m(ClientAppActor pid=32867)[0m 
Epoch 1/1:   0%|          | 0/63 [00:00<?, ?it/s]
[36m(ClientAppActor pid=32867)[0m 
Epoch 1/1:   0%|          | 0/63 [00:00<?, ?it/s, loss=0.7127, acc=43.75%, img/s=134.9, eta=0.2m]
Epoch 1/1:   2%|▏         | 1/63 [00:00<00:14,  4.21it/s, loss=0.7127, acc=43.75%, img/s=134.9, eta=0.2m]
[36m(ClientAppActor pid=32867)[0m 
Epoch 1/1:   2%|▏         | 1/63 [00:00<00:14,  4.21it/s, loss=0.7932, acc=40.62%, img/s=136.8, eta=0.2m]
Epoch 1/1:   3%|▎         | 2/63 [00:00<00:14,  4.29it/s, loss=0.7932, acc=40.62%, img/s=136.8, eta=0.2m]
[36m(ClientAppActor pid=32867)[0m 
Epoch 1/1:   3%|▎         | 2/63 [00:00<00:14,  4.29it/s, loss=0.6845, acc=44.79%, img/s=137.4, eta=0.2m]
Epoch 1/1:   5%|▍         | 3/63 [00:00<00:13,  4.31it/s, loss=0.6845, acc=44.79%, img/s=137.4, eta=0.2m]
[36m(ClientAppActor pid=32867)[0m 
Epoch 1/1:   5%|▍         | 3/63 [00:00<00:13,  4.31it/s, loss=0.7001, acc=45.31%, img/s=137.7, eta=0.2m]
Epoch 1/1:   6%|▋         | 4/63 [00:00<00:13,  4.31it/s, loss=0.7001, acc=45.31%, img/s=137.7, eta=0.2m]
[36m(ClientAppActor pid=32867)[0m 
Epoch 1/1:   6%|▋         | 4/63 [00:01<00:13,  4.31it/s, loss=0.6669, acc=47.50%, img/s=137.8, eta=0.2m]
Epoch 1/1:   8%|▊         | 5/63 [00:01<00:13,  4.32it/s, loss=0.6669, acc=47.50%, img/s=137.8, eta=0.2m]
[36m(ClientAppActor pid=32867)[0m 
Epoch 1/1:   8%|▊         | 5/63 [00:01<00:13,  4.32it/s, loss=0.7266, acc=47.40%, img/s=137.8, eta=0.2m]
Epoch 1/1:  10%|▉         | 6/63 [00:01<00:13,  4.31it/s, loss=0.7266, acc=47.40%, img/s=137.8, eta=0.2m]
[36m(ClientAppActor pid=32867)[0m 
Epoch 1/1:  10%|▉         | 6/63 [00:01<00:13,  4.31it/s, loss=0.6958, acc=49.11%, img/s=138.0, eta=0.2m]
Epoch 1/1:  11%|█         | 7/63 [00:01<00:12,  4.33it/s, loss=0.6958, acc=49.11%, img/s=138.0, eta=0.2m]
[36m(ClientAppActor pid=32867)[0m 
Epoch 1/1:  11%|█         | 7/63 [00:01<00:12,  4.33it/s, loss=0.7623, acc=48.05%, img/s=137.9, eta=0.2m]
Epoch 1/1:  13%|█▎        | 8/63 [00:01<00:12,  4.31it/s, loss=0.7623, acc=48.05%, img/s=137.9, eta=0.2m]
[36m(ClientAppActor pid=32867)[0m 
Epoch 1/1:  13%|█▎        | 8/63 [00:02<00:12,  4.31it/s, loss=0.6943, acc=47.92%, img/s=137.9, eta=0.2m]
Epoch 1/1:  14%|█▍        | 9/63 [00:02<00:12,  4.32it/s, loss=0.6943, acc=47.92%, img/s=137.9, eta=0.2m]
[36m(ClientAppActor pid=32867)[0m 
Epoch 1/1:  14%|█▍        | 9/63 [00:02<00:12,  4.32it/s, loss=0.6882, acc=48.44%, img/s=138.0, eta=0.2m]
Epoch 1/1:  16%|█▌        | 10/63 [00:02<00:12,  4.32it/s, loss=0.6882, acc=48.44%, img/s=138.0, eta=0.2m]
[36m(ClientAppActor pid=32867)[0m 
Epoch 1/1:  16%|█▌        | 10/63 [00:02<00:12,  4.32it/s, loss=0.6858, acc=49.72%, img/s=138.1, eta=0.2m]
Epoch 1/1:  17%|█▋        | 11/63 [00:02<00:12,  4.32it/s, loss=0.6858, acc=49.72%, img/s=138.1, eta=0.2m]
[36m(ClientAppActor pid=32867)[0m 
Epoch 1/1:  17%|█▋        | 11/63 [00:02<00:12,  4.32it/s, loss=0.6374, acc=51.82%, img/s=138.1, eta=0.2m]
Epoch 1/1:  19%|█▉        | 12/63 [00:02<00:11,  4.32it/s, loss=0.6374, acc=51.82%, img/s=138.1, eta=0.2m]
[36m(ClientAppActor pid=32867)[0m 
Epoch 1/1:  19%|█▉        | 12/63 [00:03<00:11,  4.32it/s, loss=0.7227, acc=51.44%, img/s=138.1, eta=0.2m]
Epoch 1/1:  21%|██        | 13/63 [00:03<00:11,  4.32it/s, loss=0.7227, acc=51.44%, img/s=138.1, eta=0.2m]
[36m(ClientAppActor pid=32867)[0m 
Epoch 1/1:  21%|██        | 13/63 [00:03<00:11,  4.32it/s, loss=0.7421, acc=51.12%, img/s=138.1, eta=0.2m]
Epoch 1/1:  22%|██▏       | 14/63 [00:03<00:11,  4.32it/s, loss=0.7421, acc=51.12%, img/s=138.1, eta=0.2m]
[36m(ClientAppActor pid=32867)[0m 
Epoch 1/1:  22%|██▏       | 14/63 [00:03<00:11,  4.32it/s, loss=0.7590, acc=49.58%, img/s=138.1, eta=0.2m]
Epoch 1/1:  24%|██▍       | 15/63 [00:03<00:11,  4.32it/s, loss=0.7590, acc=49.58%, img/s=138.1, eta=0.2m]
[36m(ClientAppActor pid=32867)[0m 
Epoch 1/1:  24%|██▍       | 15/63 [00:03<00:11,  4.32it/s, loss=0.6978, acc=50.00%, img/s=138.0, eta=0.2m]
Epoch 1/1:  25%|██▌       | 16/63 [00:03<00:10,  4.31it/s, loss=0.6978, acc=50.00%, img/s=138.0, eta=0.2m]
[36m(ClientAppActor pid=32867)[0m 
Epoch 1/1:  25%|██▌       | 16/63 [00:03<00:10,  4.31it/s, loss=0.7071, acc=50.18%, img/s=138.1, eta=0.2m]
Epoch 1/1:  27%|██▋       | 17/63 [00:03<00:10,  4.32it/s, loss=0.7071, acc=50.18%, img/s=138.1, eta=0.2m]
[36m(ClientAppActor pid=32867)[0m 
Epoch 1/1:  27%|██▋       | 17/63 [00:04<00:10,  4.32it/s, loss=0.6680, acc=50.69%, img/s=138.1, eta=0.2m]
Epoch 1/1:  29%|██▊       | 18/63 [00:04<00:10,  4.32it/s, loss=0.6680, acc=50.69%, img/s=138.1, eta=0.2m]
[36m(ClientAppActor pid=32867)[0m 
Epoch 1/1:  29%|██▊       | 18/63 [00:04<00:10,  4.32it/s, loss=0.6616, acc=50.82%, img/s=138.1, eta=0.2m]
Epoch 1/1:  30%|███       | 19/63 [00:04<00:10,  4.31it/s, loss=0.6616, acc=50.82%, img/s=138.1, eta=0.2m]
[36m(ClientAppActor pid=32867)[0m 
Epoch 1/1:  30%|███       | 19/63 [00:04<00:10,  4.31it/s, loss=0.7734, acc=50.31%, img/s=138.1, eta=0.2m]
Epoch 1/1:  32%|███▏      | 20/63 [00:04<00:09,  4.32it/s, loss=0.7734, acc=50.31%, img/s=138.1, eta=0.2m]
[36m(ClientAppActor pid=32867)[0m 
Epoch 1/1:  32%|███▏      | 20/63 [00:04<00:09,  4.32it/s, loss=0.7113, acc=50.15%, img/s=138.0, eta=0.2m]
Epoch 1/1:  33%|███▎      | 21/63 [00:04<00:09,  4.31it/s, loss=0.7113, acc=50.15%, img/s=138.0, eta=0.2m]
[36m(ClientAppActor pid=32867)[0m 
Epoch 1/1:  33%|███▎      | 21/63 [00:05<00:09,  4.31it/s, loss=0.7428, acc=49.86%, img/s=138.0, eta=0.2m]
Epoch 1/1:  35%|███▍      | 22/63 [00:05<00:09,  4.30it/s, loss=0.7428, acc=49.86%, img/s=138.0, eta=0.2m]
[36m(ClientAppActor pid=32867)[0m 
Epoch 1/1:  35%|███▍      | 22/63 [00:05<00:09,  4.30it/s, loss=0.7052, acc=50.00%, img/s=138.0, eta=0.2m]
Epoch 1/1:  37%|███▋      | 23/63 [00:05<00:09,  4.31it/s, loss=0.7052, acc=50.00%, img/s=138.0, eta=0.2m]
[36m(ClientAppActor pid=32867)[0m 
Epoch 1/1:  37%|███▋      | 23/63 [00:05<00:09,  4.31it/s, loss=0.6973, acc=50.13%, img/s=138.0, eta=0.2m]
Epoch 1/1:  38%|███▊      | 24/63 [00:05<00:09,  4.31it/s, loss=0.6973, acc=50.13%, img/s=138.0, eta=0.2m]
[36m(ClientAppActor pid=32867)[0m 
Epoch 1/1:  38%|███▊      | 24/63 [00:05<00:09,  4.31it/s, loss=0.7414, acc=49.62%, img/s=138.0, eta=0.1m]
Epoch 1/1:  40%|███▉      | 25/63 [00:05<00:08,  4.31it/s, loss=0.7414, acc=49.62%, img/s=138.0, eta=0.1m]
[36m(ClientAppActor pid=32867)[0m 
Epoch 1/1:  40%|███▉      | 25/63 [00:06<00:08,  4.31it/s, loss=0.7201, acc=49.52%, img/s=138.0, eta=0.1m]
Epoch 1/1:  41%|████▏     | 26/63 [00:06<00:08,  4.31it/s, loss=0.7201, acc=49.52%, img/s=138.0, eta=0.1m]
[36m(ClientAppActor pid=32867)[0m 
Epoch 1/1:  41%|████▏     | 26/63 [00:06<00:08,  4.31it/s, loss=0.7134, acc=49.77%, img/s=138.0, eta=0.1m]
Epoch 1/1:  43%|████▎     | 27/63 [00:06<00:08,  4.32it/s, loss=0.7134, acc=49.77%, img/s=138.0, eta=0.1m]
[36m(ClientAppActor pid=32867)[0m 
Epoch 1/1:  43%|████▎     | 27/63 [00:06<00:08,  4.32it/s, loss=0.7128, acc=49.89%, img/s=138.1, eta=0.1m]
Epoch 1/1:  44%|████▍     | 28/63 [00:06<00:08,  4.32it/s, loss=0.7128, acc=49.89%, img/s=138.1, eta=0.1m]
[36m(ClientAppActor pid=32867)[0m 
Epoch 1/1:  44%|████▍     | 28/63 [00:06<00:08,  4.32it/s, loss=0.6934, acc=50.11%, img/s=138.1, eta=0.1m]
Epoch 1/1:  46%|████▌     | 29/63 [00:06<00:07,  4.32it/s, loss=0.6934, acc=50.11%, img/s=138.1, eta=0.1m]
[36m(ClientAppActor pid=32867)[0m 
Epoch 1/1:  46%|████▌     | 29/63 [00:06<00:07,  4.32it/s, loss=0.6692, acc=50.62%, img/s=138.0, eta=0.1m]
Epoch 1/1:  48%|████▊     | 30/63 [00:06<00:07,  4.31it/s, loss=0.6692, acc=50.62%, img/s=138.0, eta=0.1m]
[36m(ClientAppActor pid=32867)[0m 
Epoch 1/1:  48%|████▊     | 30/63 [00:07<00:07,  4.31it/s, loss=0.6887, acc=50.81%, img/s=138.0, eta=0.1m]
Epoch 1/1:  49%|████▉     | 31/63 [00:07<00:07,  4.30it/s, loss=0.6887, acc=50.81%, img/s=138.0, eta=0.1m]
[36m(ClientAppActor pid=32867)[0m 
Epoch 1/1:  49%|████▉     | 31/63 [00:07<00:07,  4.30it/s, loss=0.7252, acc=50.59%, img/s=138.0, eta=0.1m]
Epoch 1/1:  51%|█████     | 32/63 [00:07<00:07,  4.30it/s, loss=0.7252, acc=50.59%, img/s=138.0, eta=0.1m]
[36m(ClientAppActor pid=32867)[0m 
Epoch 1/1:  51%|█████     | 32/63 [00:07<00:07,  4.30it/s, loss=0.6952, acc=50.57%, img/s=138.0, eta=0.1m]
Epoch 1/1:  52%|█████▏    | 33/63 [00:07<00:06,  4.31it/s, loss=0.6952, acc=50.57%, img/s=138.0, eta=0.1m]
[36m(ClientAppActor pid=32867)[0m 
Epoch 1/1:  52%|█████▏    | 33/63 [00:07<00:06,  4.31it/s, loss=0.7471, acc=50.18%, img/s=138.0, eta=0.1m]
Epoch 1/1:  54%|█████▍    | 34/63 [00:07<00:06,  4.31it/s, loss=0.7471, acc=50.18%, img/s=138.0, eta=0.1m]
[36m(ClientAppActor pid=32867)[0m 
Epoch 1/1:  54%|█████▍    | 34/63 [00:08<00:06,  4.31it/s, loss=0.7117, acc=49.82%, img/s=138.0, eta=0.1m]
Epoch 1/1:  56%|█████▌    | 35/63 [00:08<00:06,  4.31it/s, loss=0.7117, acc=49.82%, img/s=138.0, eta=0.1m]
[36m(ClientAppActor pid=32867)[0m 
Epoch 1/1:  56%|█████▌    | 35/63 [00:08<00:06,  4.31it/s, loss=0.7106, acc=49.74%, img/s=138.0, eta=0.1m]
Epoch 1/1:  57%|█████▋    | 36/63 [00:08<00:06,  4.32it/s, loss=0.7106, acc=49.74%, img/s=138.0, eta=0.1m]
[36m(ClientAppActor pid=32867)[0m 
Epoch 1/1:  57%|█████▋    | 36/63 [00:08<00:06,  4.32it/s, loss=0.6966, acc=49.58%, img/s=138.0, eta=0.1m]
Epoch 1/1:  59%|█████▊    | 37/63 [00:08<00:06,  4.32it/s, loss=0.6966, acc=49.58%, img/s=138.0, eta=0.1m]
[36m(ClientAppActor pid=32867)[0m 
Epoch 1/1:  59%|█████▊    | 37/63 [00:08<00:06,  4.32it/s, loss=0.6875, acc=49.67%, img/s=138.0, eta=0.1m]
Epoch 1/1:  60%|██████    | 38/63 [00:08<00:05,  4.31it/s, loss=0.6875, acc=49.67%, img/s=138.0, eta=0.1m]
[36m(ClientAppActor pid=32867)[0m 
Epoch 1/1:  60%|██████    | 38/63 [00:09<00:05,  4.31it/s, loss=0.6804, acc=49.92%, img/s=138.0, eta=0.1m]
Epoch 1/1:  62%|██████▏   | 39/63 [00:09<00:05,  4.31it/s, loss=0.6804, acc=49.92%, img/s=138.0, eta=0.1m]
[36m(ClientAppActor pid=32867)[0m 
Epoch 1/1:  62%|██████▏   | 39/63 [00:09<00:05,  4.31it/s, loss=0.6832, acc=50.08%, img/s=138.0, eta=0.1m]
Epoch 1/1:  63%|██████▎   | 40/63 [00:09<00:05,  4.32it/s, loss=0.6832, acc=50.08%, img/s=138.0, eta=0.1m]
[36m(ClientAppActor pid=32867)[0m 
Epoch 1/1:  63%|██████▎   | 40/63 [00:09<00:05,  4.32it/s, loss=0.7000, acc=50.00%, img/s=138.0, eta=0.1m]
Epoch 1/1:  65%|██████▌   | 41/63 [00:09<00:05,  4.31it/s, loss=0.7000, acc=50.00%, img/s=138.0, eta=0.1m]
[36m(ClientAppActor pid=32867)[0m 
Epoch 1/1:  65%|██████▌   | 41/63 [00:09<00:05,  4.31it/s, loss=0.7027, acc=49.93%, img/s=138.0, eta=0.1m]
Epoch 1/1:  67%|██████▋   | 42/63 [00:09<00:04,  4.31it/s, loss=0.7027, acc=49.93%, img/s=138.0, eta=0.1m]
[36m(ClientAppActor pid=32867)[0m 
Epoch 1/1:  67%|██████▋   | 42/63 [00:09<00:04,  4.31it/s, loss=0.7039, acc=50.07%, img/s=138.0, eta=0.1m]
Epoch 1/1:  68%|██████▊   | 43/63 [00:09<00:04,  4.31it/s, loss=0.7039, acc=50.07%, img/s=138.0, eta=0.1m]
[36m(ClientAppActor pid=32867)[0m 
Epoch 1/1:  68%|██████▊   | 43/63 [00:10<00:04,  4.31it/s, loss=0.6992, acc=50.14%, img/s=138.0, eta=0.1m]
Epoch 1/1:  70%|██████▉   | 44/63 [00:10<00:04,  4.32it/s, loss=0.6992, acc=50.14%, img/s=138.0, eta=0.1m]
[36m(ClientAppActor pid=32867)[0m 
Epoch 1/1:  70%|██████▉   | 44/63 [00:10<00:04,  4.32it/s, loss=0.6391, acc=50.49%, img/s=138.0, eta=0.1m]
Epoch 1/1:  71%|███████▏  | 45/63 [00:10<00:04,  4.32it/s, loss=0.6391, acc=50.49%, img/s=138.0, eta=0.1m]
[36m(ClientAppActor pid=32867)[0m 
Epoch 1/1:  71%|███████▏  | 45/63 [00:10<00:04,  4.32it/s, loss=0.7358, acc=50.27%, img/s=138.0, eta=0.1m]
Epoch 1/1:  73%|███████▎  | 46/63 [00:10<00:03,  4.31it/s, loss=0.7358, acc=50.27%, img/s=138.0, eta=0.1m]
[36m(ClientAppActor pid=32867)[0m 
Epoch 1/1:  73%|███████▎  | 46/63 [00:10<00:03,  4.31it/s, loss=0.6803, acc=50.40%, img/s=138.0, eta=0.1m]
Epoch 1/1:  75%|███████▍  | 47/63 [00:10<00:03,  4.30it/s, loss=0.6803, acc=50.40%, img/s=138.0, eta=0.1m]
[36m(ClientAppActor pid=32867)[0m 
Epoch 1/1:  75%|███████▍  | 47/63 [00:11<00:03,  4.30it/s, loss=0.7050, acc=50.26%, img/s=138.0, eta=0.1m]
Epoch 1/1:  76%|███████▌  | 48/63 [00:11<00:03,  4.30it/s, loss=0.7050, acc=50.26%, img/s=138.0, eta=0.1m]
[36m(ClientAppActor pid=32867)[0m 
Epoch 1/1:  76%|███████▌  | 48/63 [00:11<00:03,  4.30it/s, loss=0.7048, acc=50.26%, img/s=138.0, eta=0.1m]
Epoch 1/1:  78%|███████▊  | 49/63 [00:11<00:03,  4.31it/s, loss=0.7048, acc=50.26%, img/s=138.0, eta=0.1m]
[36m(ClientAppActor pid=32867)[0m 
Epoch 1/1:  78%|███████▊  | 49/63 [00:11<00:03,  4.31it/s, loss=0.6853, acc=50.31%, img/s=138.0, eta=0.1m]
Epoch 1/1:  79%|███████▉  | 50/63 [00:11<00:03,  4.32it/s, loss=0.6853, acc=50.31%, img/s=138.0, eta=0.1m]
[36m(ClientAppActor pid=32867)[0m 
Epoch 1/1:  79%|███████▉  | 50/63 [00:11<00:03,  4.32it/s, loss=0.6907, acc=50.49%, img/s=138.0, eta=0.0m]
Epoch 1/1:  81%|████████  | 51/63 [00:11<00:02,  4.31it/s, loss=0.6907, acc=50.49%, img/s=138.0, eta=0.0m]
[36m(ClientAppActor pid=32867)[0m 
Epoch 1/1:  81%|████████  | 51/63 [00:12<00:02,  4.31it/s, loss=0.6890, acc=50.60%, img/s=138.0, eta=0.0m]
Epoch 1/1:  83%|████████▎ | 52/63 [00:12<00:02,  4.31it/s, loss=0.6890, acc=50.60%, img/s=138.0, eta=0.0m]
[36m(ClientAppActor pid=32867)[0m 
Epoch 1/1:  83%|████████▎ | 52/63 [00:12<00:02,  4.31it/s, loss=0.7151, acc=50.35%, img/s=138.0, eta=0.0m]
Epoch 1/1:  84%|████████▍ | 53/63 [00:12<00:02,  4.30it/s, loss=0.7151, acc=50.35%, img/s=138.0, eta=0.0m]
[36m(ClientAppActor pid=32867)[0m 
Epoch 1/1:  84%|████████▍ | 53/63 [00:12<00:02,  4.30it/s, loss=0.7159, acc=50.23%, img/s=138.0, eta=0.0m]
Epoch 1/1:  86%|████████▌ | 54/63 [00:12<00:02,  4.31it/s, loss=0.7159, acc=50.23%, img/s=138.0, eta=0.0m]
[36m(ClientAppActor pid=32867)[0m 
Epoch 1/1:  86%|████████▌ | 54/63 [00:12<00:02,  4.31it/s, loss=0.6919, acc=50.17%, img/s=138.0, eta=0.0m]
Epoch 1/1:  87%|████████▋ | 55/63 [00:12<00:01,  4.31it/s, loss=0.6919, acc=50.17%, img/s=138.0, eta=0.0m]
[36m(ClientAppActor pid=32867)[0m 
Epoch 1/1:  87%|████████▋ | 55/63 [00:12<00:01,  4.31it/s, loss=0.6949, acc=50.22%, img/s=138.0, eta=0.0m]
Epoch 1/1:  89%|████████▉ | 56/63 [00:12<00:01,  4.31it/s, loss=0.6949, acc=50.22%, img/s=138.0, eta=0.0m]
[36m(ClientAppActor pid=32867)[0m 
Epoch 1/1:  89%|████████▉ | 56/63 [00:13<00:01,  4.31it/s, loss=0.6805, acc=50.27%, img/s=138.0, eta=0.0m]
Epoch 1/1:  90%|█████████ | 57/63 [00:13<00:01,  4.32it/s, loss=0.6805, acc=50.27%, img/s=138.0, eta=0.0m]
[36m(ClientAppActor pid=32867)[0m 
Epoch 1/1:  90%|█████████ | 57/63 [00:13<00:01,  4.32it/s, loss=0.6881, acc=50.27%, img/s=138.0, eta=0.0m]
Epoch 1/1:  92%|█████████▏| 58/63 [00:13<00:01,  4.32it/s, loss=0.6881, acc=50.27%, img/s=138.0, eta=0.0m]
[36m(ClientAppActor pid=32867)[0m 
Epoch 1/1:  92%|█████████▏| 58/63 [00:13<00:01,  4.32it/s, loss=0.7049, acc=50.32%, img/s=138.0, eta=0.0m]
Epoch 1/1:  94%|█████████▎| 59/63 [00:13<00:00,  4.31it/s, loss=0.7049, acc=50.32%, img/s=138.0, eta=0.0m]
[36m(ClientAppActor pid=32867)[0m 
Epoch 1/1:  94%|█████████▎| 59/63 [00:13<00:00,  4.31it/s, loss=0.7378, acc=50.05%, img/s=138.0, eta=0.0m]
Epoch 1/1:  95%|█████████▌| 60/63 [00:13<00:00,  4.30it/s, loss=0.7378, acc=50.05%, img/s=138.0, eta=0.0m]
[36m(ClientAppActor pid=32867)[0m 
Epoch 1/1:  95%|█████████▌| 60/63 [00:14<00:00,  4.30it/s, loss=0.7323, acc=49.85%, img/s=138.0, eta=0.0m]
Epoch 1/1:  97%|█████████▋| 61/63 [00:14<00:00,  4.31it/s, loss=0.7323, acc=49.85%, img/s=138.0, eta=0.0m]
[36m(ClientAppActor pid=32867)[0m 
Epoch 1/1:  97%|█████████▋| 61/63 [00:14<00:00,  4.31it/s, loss=0.7061, acc=49.85%, img/s=138.0, eta=0.0m]
Epoch 1/1:  98%|█████████▊| 62/63 [00:14<00:00,  4.31it/s, loss=0.7061, acc=49.85%, img/s=138.0, eta=0.0m]
[36m(ClientAppActor pid=32867)[0m 
Epoch 1/1:  98%|█████████▊| 62/63 [00:14<00:00,  4.31it/s, loss=0.6739, acc=50.00%, img/s=69.4, eta=0.0m] 
Epoch 1/1: 100%|██████████| 63/63 [00:14<00:00,  4.87it/s, loss=0.6739, acc=50.00%, img/s=69.4, eta=0.0m]
Epoch 1/1: 100%|██████████| 63/63 [00:14<00:00,  4.34it/s, loss=0.6739, acc=50.00%, img/s=69.4, eta=0.0m]
[92mINFO [0m:      aggregate_fit: received 5 results and 0 failures
[92mINFO [0m:      configure_evaluate: strategy sampled 5 clients (out of 5)
[36m(ClientAppActor pid=32867)[0m Client 5 using cuda
[36m(ClientAppActor pid=32867)[0m {'fake': 0, 'real': 1}
[36m(ClientAppActor pid=32867)[0m [DEBUG MODE] Train=2000, Val=100, Test=100
[36m(ClientAppActor pid=32867)[0m 
[36m(ClientAppActor pid=32867)[0m Client 5 Class Distribution
[36m(ClientAppActor pid=32867)[0m Train: Counter({0: 1014, 1: 986})
[36m(ClientAppActor pid=32867)[0m Val  : Counter({0: 56, 1: 44})
[36m(ClientAppActor pid=32867)[0m Test : Counter({0: 51, 1: 49})
[36m(ClientAppActor pid=32867)[0m Client 5
[36m(ClientAppActor pid=32867)[0m Train Images: 2000
[36m(ClientAppActor pid=32867)[0m Test Images : 100
[36m(ClientAppActor pid=32867)[0m Validate Images : 100
[36m(ClientAppActor pid=32867)[0m Client 5 starting fit...
[36m(ClientAppActor pid=32867)[0m Client 5 received class memories
[36m(ClientAppActor pid=32867)[0m Real memory norm=0.9117
[36m(ClientAppActor pid=32867)[0m Fake memory norm=0.9050
[36m(ClientAppActor pid=32867)[0m Client 5 starting training...
[36m(ClientAppActor pid=32867)[0m START classifier norm: 13.066547393798828
[36m(ClientAppActor pid=32867)[0m Artifact bias shape: torch.Size([32, 8, 197, 197])
[36m(ClientAppActor pid=32867)[0m 
[36m(ClientAppActor pid=32867)[0m Batch 0/63
[36m(ClientAppActor pid=32867)[0m GPU Allocated: 1.83 GB
[36m(ClientAppActor pid=32867)[0m GPU Reserved : 3.86 GB
[36m(ClientAppActor pid=32867)[0m 
[36m(ClientAppActor pid=32867)[0m ==================================================
[36m(ClientAppActor pid=32867)[0m Epoch 1 Complete
[36m(ClientAppActor pid=32867)[0m Average Loss : 0.7089
[36m(ClientAppActor pid=32867)[0m Accuracy     : 49.95%
[36m(ClientAppActor pid=32867)[0m Time         : 14.47s
[36m(ClientAppActor pid=32867)[0m Images       : 2000
[36m(ClientAppActor pid=32867)[0m Images/sec   : 138.17
[36m(ClientAppActor pid=32867)[0m GPU Allocated: 1.82 GB
[36m(ClientAppActor pid=32867)[0m GPU Reserved : 3.86 GB
[36m(ClientAppActor pid=32867)[0m ==================================================
[36m(ClientAppActor pid=32867)[0m END classifier norm: 13.064990043640137
[36m(ClientAppActor pid=32867)[0m Client 5 finished training
[36m(ClientAppActor pid=32867)[0m Client 5 extracting parameters...
[36m(ClientAppActor pid=32867)[0m Client 5 parameter extraction complete
[36m(ClientAppActor pid=32867)[0m Client 5 returning results
[36m(ClientAppActor pid=32867)[0m Client 3 using cuda
[36m(ClientAppActor pid=32867)[0m {'fake': 0, 'real': 1}
[36m(ClientAppActor pid=32867)[0m [DEBUG MODE] Train=2000, Val=100, Test=100
[36m(ClientAppActor pid=32867)[0m 
[36m(ClientAppActor pid=32867)[0m Client 3 Class Distribution
[36m(ClientAppActor pid=32867)[0m Train: Counter({1: 1024, 0: 976})
[36m(ClientAppActor pid=32867)[0m Val  : Counter({1: 54, 0: 46})
[36m(ClientAppActor pid=32867)[0m Test : Counter({1: 50, 0: 50})
[36m(ClientAppActor pid=32867)[0m Client 3
[36m(ClientAppActor pid=32867)[0m Train Images: 2000
[36m(ClientAppActor pid=32867)[0m Test Images : 100
[36m(ClientAppActor pid=32867)[0m Validate Images : 100
[36m(ClientAppActor pid=32867)[0m Client 3 starting fit...
[36m(ClientAppActor pid=32867)[0m Client 3 received class memories
[36m(ClientAppActor pid=32867)[0m Real memory norm=0.9117
[36m(ClientAppActor pid=32867)[0m Fake memory norm=0.9050
[36m(ClientAppActor pid=32867)[0m Client 3 starting training...
[36m(ClientAppActor pid=32867)[0m START classifier norm: 13.066547393798828
[36m(ClientAppActor pid=32867)[0m Artifact bias shape: torch.Size([32, 8, 197, 197])
[36m(ClientAppActor pid=32867)[0m 
[36m(ClientAppActor pid=32867)[0m Batch 0/63
[36m(ClientAppActor pid=32867)[0m GPU Allocated: 1.83 GB
[36m(ClientAppActor pid=32867)[0m GPU Reserved : 3.86 GB
[36m(ClientAppActor pid=32867)[0m 
[36m(ClientAppActor pid=32867)[0m ==================================================
[36m(ClientAppActor pid=32867)[0m Epoch 1 Complete
[36m(ClientAppActor pid=32867)[0m Average Loss : 0.7093
[36m(ClientAppActor pid=32867)[0m Accuracy     : 50.35%
[36m(ClientAppActor pid=32867)[0m Time         : 14.53s
[36m(ClientAppActor pid=32867)[0m Images       : 2000
[36m(ClientAppActor pid=32867)[0m Images/sec   : 137.64
[36m(ClientAppActor pid=32867)[0m GPU Allocated: 1.82 GB
[36m(ClientAppActor pid=32867)[0m GPU Reserved : 3.86 GB
[36m(ClientAppActor pid=32867)[0m ==================================================
[36m(ClientAppActor pid=32867)[0m END classifier norm: 13.064245223999023
[36m(ClientAppActor pid=32867)[0m Client 3 finished training
[36m(ClientAppActor pid=32867)[0m Client 3 extracting parameters...
[36m(ClientAppActor pid=32867)[0m Client 3 parameter extraction complete
[36m(ClientAppActor pid=32867)[0m Client 3 returning results
[36m(ClientAppActor pid=32867)[0m Client 2 using cuda
[36m(ClientAppActor pid=32867)[0m {'fake': 0, 'real': 1}
[36m(ClientAppActor pid=32867)[0m [DEBUG MODE] Train=2000, Val=100, Test=100
[36m(ClientAppActor pid=32867)[0m 
[36m(ClientAppActor pid=32867)[0m Client 2 Class Distribution
[36m(ClientAppActor pid=32867)[0m Train: Counter({0: 1012, 1: 988})
[36m(ClientAppActor pid=32867)[0m Val  : Counter({0: 60, 1: 40})
[36m(ClientAppActor pid=32867)[0m Test : Counter({0: 51, 1: 49})
[36m(ClientAppActor pid=32867)[0m Client 2
[36m(ClientAppActor pid=32867)[0m Train Images: 2000
[36m(ClientAppActor pid=32867)[0m Test Images : 100
[36m(ClientAppActor pid=32867)[0m Validate Images : 100
[36m(ClientAppActor pid=32867)[0m Client 2 starting fit...
[36m(ClientAppActor pid=32867)[0m Client 2 received class memories
[36m(ClientAppActor pid=32867)[0m Real memory norm=0.9117
[36m(ClientAppActor pid=32867)[0m Fake memory norm=0.9050
[36m(ClientAppActor pid=32867)[0m Client 2 starting training...
[36m(ClientAppActor pid=32867)[0m START classifier norm: 13.066547393798828
[36m(ClientAppActor pid=32867)[0m Artifact bias shape: torch.Size([32, 8, 197, 197])
[36m(ClientAppActor pid=32867)[0m 
[36m(ClientAppActor pid=32867)[0m Batch 0/63
[36m(ClientAppActor pid=32867)[0m GPU Allocated: 1.83 GB
[36m(ClientAppActor pid=32867)[0m GPU Reserved : 3.86 GB
[36m(ClientAppActor pid=32867)[0m 
[36m(ClientAppActor pid=32867)[0m ==================================================
[36m(ClientAppActor pid=32867)[0m Epoch 1 Complete
[36m(ClientAppActor pid=32867)[0m Average Loss : 0.7046
[36m(ClientAppActor pid=32867)[0m Accuracy     : 50.00%
[36m(ClientAppActor pid=32867)[0m Time         : 14.52s
[36m(ClientAppActor pid=32867)[0m Images       : 2000
[36m(ClientAppActor pid=32867)[0m Images/sec   : 137.73
[36m(ClientAppActor pid=32867)[0m GPU Allocated: 1.82 GB
[36m(ClientAppActor pid=32867)[0m GPU Reserved : 3.86 GB
[36m(ClientAppActor pid=32867)[0m ==================================================
[36m(ClientAppActor pid=32867)[0m END classifier norm: 13.065207481384277
[36m(ClientAppActor pid=32867)[0m Client 2 finished training
[36m(ClientAppActor pid=32867)[0m Client 2 extracting parameters...
[36m(ClientAppActor pid=32867)[0m Client 2 parameter extraction complete
[36m(ClientAppActor pid=32867)[0m Client 2 returning results

FAFT Round 2: results=5, failures=0

Round 2 Prototype Aggregated

Real memory norm = 0.9100
Fake memory norm = 0.9043
Saved: saved_models/global_model_round_2.pth
Round 2: model saved successfully
Broadcasting 205 tensors (203 weights + memory)
[36m(ClientAppActor pid=32867)[0m Client 4 using cuda
[36m(ClientAppActor pid=32867)[0m {'fake': 0, 'real': 1}
[36m(ClientAppActor pid=32867)[0m [DEBUG MODE] Train=2000, Val=100, Test=100
[36m(ClientAppActor pid=32867)[0m 
[36m(ClientAppActor pid=32867)[0m Client 4 Class Distribution
[36m(ClientAppActor pid=32867)[0m Train: Counter({0: 1013, 1: 987})
[36m(ClientAppActor pid=32867)[0m Val  : Counter({0: 56, 1: 44})
[36m(ClientAppActor pid=32867)[0m Test : Counter({1: 53, 0: 47})
[36m(ClientAppActor pid=32867)[0m Client 4
[36m(ClientAppActor pid=32867)[0m Train Images: 2000
[36m(ClientAppActor pid=32867)[0m Test Images : 100
[36m(ClientAppActor pid=32867)[0m Validate Images : 100
[36m(ClientAppActor pid=32867)[0m 
Testing:   0%|          | 0/4 [00:00<?, ?it/s]
[36m(ClientAppActor pid=32867)[0m 
Testing:  25%|██▌       | 1/4 [00:00<00:00,  7.07it/s]
[36m(ClientAppActor pid=32867)[0m 
Testing:  50%|█████     | 2/4 [00:00<00:00,  7.18it/s]
[36m(ClientAppActor pid=32867)[0m 
Testing:  75%|███████▌  | 3/4 [00:00<00:00,  7.19it/s]
Testing: 100%|██████████| 4/4 [00:00<00:00,  9.07it/s]
[36m(ClientAppActor pid=32867)[0m 
Testing:   0%|          | 0/4 [00:00<?, ?it/s]
[36m(ClientAppActor pid=32867)[0m 
Testing:  25%|██▌       | 1/4 [00:00<00:00,  7.20it/s]
[36m(ClientAppActor pid=32867)[0m 
Testing:  50%|█████     | 2/4 [00:00<00:00,  7.15it/s]
[36m(ClientAppActor pid=32867)[0m 
Testing:  75%|███████▌  | 3/4 [00:00<00:00,  7.12it/s]
[36m(ClientAppActor pid=32867)[0m 
Testing: 100%|██████████| 4/4 [00:00<00:00,  9.01it/s]
[36m(ClientAppActor pid=32867)[0m 
Testing:   0%|          | 0/4 [00:00<?, ?it/s]
[36m(ClientAppActor pid=32867)[0m 
Testing:  25%|██▌       | 1/4 [00:00<00:00,  7.20it/s]
[36m(ClientAppActor pid=32867)[0m 
Testing:  50%|█████     | 2/4 [00:00<00:00,  7.23it/s]
[36m(ClientAppActor pid=32867)[0m 
Testing:  75%|███████▌  | 3/4 [00:00<00:00,  7.19it/s]
Testing: 100%|██████████| 4/4 [00:00<00:00,  9.09it/s]
[36m(ClientAppActor pid=32867)[0m 
Testing:   0%|          | 0/4 [00:00<?, ?it/s]
[36m(ClientAppActor pid=32867)[0m 
Testing:  25%|██▌       | 1/4 [00:00<00:00,  7.15it/s]
[36m(ClientAppActor pid=32867)[0m 
Testing:  50%|█████     | 2/4 [00:00<00:00,  7.14it/s]
[36m(ClientAppActor pid=32867)[0m 
Testing:  75%|███████▌  | 3/4 [00:00<00:00,  7.17it/s]
Testing: 100%|██████████| 4/4 [00:00<00:00,  9.06it/s]
[36m(ClientAppActor pid=32867)[0m 
Testing:   0%|          | 0/4 [00:00<?, ?it/s]
[36m(ClientAppActor pid=32867)[0m 
Testing:  25%|██▌       | 1/4 [00:00<00:00,  7.09it/s]
[36m(ClientAppActor pid=32867)[0m 
Testing:  50%|█████     | 2/4 [00:00<00:00,  7.11it/s]
[92mINFO [0m:      aggregate_evaluate: received 5 results and 0 failures
[92mINFO [0m:      
[92mINFO [0m:      [ROUND 3]
[92mINFO [0m:      configure_fit: strategy sampled 5 clients (out of 5)
[36m(ClientAppActor pid=32867)[0m 
Testing:  75%|███████▌  | 3/4 [00:00<00:00,  7.15it/s]
Testing: 100%|██████████| 4/4 [00:00<00:00,  9.03it/s]
[36m(ClientAppActor pid=32867)[0m 
Epoch 1/1:   0%|          | 0/63 [00:00<?, ?it/s]
[36m(ClientAppActor pid=32867)[0m 
Epoch 1/1:   0%|          | 0/63 [00:00<?, ?it/s, loss=0.6932, acc=40.62%, img/s=132.4, eta=0.2m]
Epoch 1/1:   2%|▏         | 1/63 [00:00<00:14,  4.13it/s, loss=0.6932, acc=40.62%, img/s=132.4, eta=0.2m]
[36m(ClientAppActor pid=32867)[0m 
Epoch 1/1:   2%|▏         | 1/63 [00:00<00:14,  4.13it/s, loss=0.7295, acc=39.06%, img/s=134.9, eta=0.2m]
Epoch 1/1:   3%|▎         | 2/63 [00:00<00:14,  4.23it/s, loss=0.7295, acc=39.06%, img/s=134.9, eta=0.2m]
[36m(ClientAppActor pid=32867)[0m 
Epoch 1/1:   3%|▎         | 2/63 [00:00<00:14,  4.23it/s, loss=0.6876, acc=44.79%, img/s=136.1, eta=0.2m]
Epoch 1/1:   5%|▍         | 3/63 [00:00<00:14,  4.27it/s, loss=0.6876, acc=44.79%, img/s=136.1, eta=0.2m]
[36m(ClientAppActor pid=32867)[0m 
Epoch 1/1:   5%|▍         | 3/63 [00:00<00:14,  4.27it/s, loss=0.6904, acc=47.66%, img/s=136.3, eta=0.2m]
Epoch 1/1:   6%|▋         | 4/63 [00:00<00:13,  4.28it/s, loss=0.6904, acc=47.66%, img/s=136.3, eta=0.2m]
[36m(ClientAppActor pid=32867)[0m 
Epoch 1/1:   6%|▋         | 4/63 [00:01<00:13,  4.28it/s, loss=0.7039, acc=45.62%, img/s=136.6, eta=0.2m]
Epoch 1/1:   8%|▊         | 5/63 [00:01<00:13,  4.29it/s, loss=0.7039, acc=45.62%, img/s=136.6, eta=0.2m]
[36m(ClientAppActor pid=32867)[0m 
Epoch 1/1:   8%|▊         | 5/63 [00:01<00:13,  4.29it/s, loss=0.7006, acc=46.35%, img/s=136.6, eta=0.2m]
Epoch 1/1:  10%|▉         | 6/63 [00:01<00:13,  4.28it/s, loss=0.7006, acc=46.35%, img/s=136.6, eta=0.2m]
[36m(ClientAppActor pid=32867)[0m 
Epoch 1/1:  10%|▉         | 6/63 [00:01<00:13,  4.28it/s, loss=0.7183, acc=44.64%, img/s=136.9, eta=0.2m]
Epoch 1/1:  11%|█         | 7/63 [00:01<00:13,  4.30it/s, loss=0.7183, acc=44.64%, img/s=136.9, eta=0.2m]
[36m(ClientAppActor pid=32867)[0m 
Epoch 1/1:  11%|█         | 7/63 [00:01<00:13,  4.30it/s, loss=0.6892, acc=44.53%, img/s=137.0, eta=0.2m]
Epoch 1/1:  13%|█▎        | 8/63 [00:01<00:12,  4.30it/s, loss=0.6892, acc=44.53%, img/s=137.0, eta=0.2m]
[36m(ClientAppActor pid=32867)[0m 
Epoch 1/1:  13%|█▎        | 8/63 [00:02<00:12,  4.30it/s, loss=0.6991, acc=45.49%, img/s=137.0, eta=0.2m]
Epoch 1/1:  14%|█▍        | 9/63 [00:02<00:12,  4.30it/s, loss=0.6991, acc=45.49%, img/s=137.0, eta=0.2m]
[36m(ClientAppActor pid=32867)[0m 
Epoch 1/1:  14%|█▍        | 9/63 [00:02<00:12,  4.30it/s, loss=0.6940, acc=45.62%, img/s=137.1, eta=0.2m]
Epoch 1/1:  16%|█▌        | 10/63 [00:02<00:12,  4.30it/s, loss=0.6940, acc=45.62%, img/s=137.1, eta=0.2m]
[36m(ClientAppActor pid=32867)[0m 
Epoch 1/1:  16%|█▌        | 10/63 [00:02<00:12,  4.30it/s, loss=0.6930, acc=46.02%, img/s=137.2, eta=0.2m]
Epoch 1/1:  17%|█▋        | 11/63 [00:02<00:12,  4.30it/s, loss=0.6930, acc=46.02%, img/s=137.2, eta=0.2m]
[36m(ClientAppActor pid=32867)[0m 
Epoch 1/1:  17%|█▋        | 11/63 [00:02<00:12,  4.30it/s, loss=0.6914, acc=46.88%, img/s=137.2, eta=0.2m]
Epoch 1/1:  19%|█▉        | 12/63 [00:02<00:11,  4.30it/s, loss=0.6914, acc=46.88%, img/s=137.2, eta=0.2m]
[36m(ClientAppActor pid=32867)[0m 
Epoch 1/1:  19%|█▉        | 12/63 [00:03<00:11,  4.30it/s, loss=0.6823, acc=46.88%, img/s=137.2, eta=0.2m]
Epoch 1/1:  21%|██        | 13/63 [00:03<00:11,  4.30it/s, loss=0.6823, acc=46.88%, img/s=137.2, eta=0.2m]
[36m(ClientAppActor pid=32867)[0m 
Epoch 1/1:  21%|██        | 13/63 [00:03<00:11,  4.30it/s, loss=0.6968, acc=46.88%, img/s=137.3, eta=0.2m]
Epoch 1/1:  22%|██▏       | 14/63 [00:03<00:11,  4.31it/s, loss=0.6968, acc=46.88%, img/s=137.3, eta=0.2m]
[36m(ClientAppActor pid=32867)[0m 
Epoch 1/1:  22%|██▏       | 14/63 [00:03<00:11,  4.31it/s, loss=0.6826, acc=47.29%, img/s=137.3, eta=0.2m]
Epoch 1/1:  24%|██▍       | 15/63 [00:03<00:11,  4.30it/s, loss=0.6826, acc=47.29%, img/s=137.3, eta=0.2m]
[36m(ClientAppActor pid=32867)[0m 
Epoch 1/1:  24%|██▍       | 15/63 [00:03<00:11,  4.30it/s, loss=0.7018, acc=46.68%, img/s=137.3, eta=0.2m]
Epoch 1/1:  25%|██▌       | 16/63 [00:03<00:10,  4.30it/s, loss=0.7018, acc=46.68%, img/s=137.3, eta=0.2m]
[36m(ClientAppActor pid=32867)[0m 
Epoch 1/1:  25%|██▌       | 16/63 [00:03<00:10,  4.30it/s, loss=0.7184, acc=46.14%, img/s=137.3, eta=0.2m]
Epoch 1/1:  27%|██▋       | 17/63 [00:03<00:10,  4.29it/s, loss=0.7184, acc=46.14%, img/s=137.3, eta=0.2m]
[36m(ClientAppActor pid=32867)[0m 
Epoch 1/1:  27%|██▋       | 17/63 [00:04<00:10,  4.29it/s, loss=0.6786, acc=46.88%, img/s=137.3, eta=0.2m]
Epoch 1/1:  29%|██▊       | 18/63 [00:04<00:10,  4.29it/s, loss=0.6786, acc=46.88%, img/s=137.3, eta=0.2m]
[36m(ClientAppActor pid=32867)[0m 
Epoch 1/1:  29%|██▊       | 18/63 [00:04<00:10,  4.29it/s, loss=0.6911, acc=46.88%, img/s=137.2, eta=0.2m]
Epoch 1/1:  30%|███       | 19/63 [00:04<00:10,  4.28it/s, loss=0.6911, acc=46.88%, img/s=137.2, eta=0.2m]
[36m(ClientAppActor pid=32867)[0m 
Epoch 1/1:  30%|███       | 19/63 [00:04<00:10,  4.28it/s, loss=0.7209, acc=46.56%, img/s=137.3, eta=0.2m]
Epoch 1/1:  32%|███▏      | 20/63 [00:04<00:10,  4.30it/s, loss=0.7209, acc=46.56%, img/s=137.3, eta=0.2m]
[36m(ClientAppActor pid=32867)[0m 
Epoch 1/1:  32%|███▏      | 20/63 [00:04<00:10,  4.30it/s, loss=0.7013, acc=46.73%, img/s=137.3, eta=0.2m]
Epoch 1/1:  33%|███▎      | 21/63 [00:04<00:09,  4.29it/s, loss=0.7013, acc=46.73%, img/s=137.3, eta=0.2m]
[36m(ClientAppActor pid=32867)[0m 
Epoch 1/1:  33%|███▎      | 21/63 [00:05<00:09,  4.29it/s, loss=0.6961, acc=46.88%, img/s=137.3, eta=0.2m]
Epoch 1/1:  35%|███▍      | 22/63 [00:05<00:09,  4.29it/s, loss=0.6961, acc=46.88%, img/s=137.3, eta=0.2m]
[36m(ClientAppActor pid=32867)[0m 
Epoch 1/1:  35%|███▍      | 22/63 [00:05<00:09,  4.29it/s, loss=0.7139, acc=46.60%, img/s=137.3, eta=0.2m]
Epoch 1/1:  37%|███▋      | 23/63 [00:05<00:09,  4.29it/s, loss=0.7139, acc=46.60%, img/s=137.3, eta=0.2m]
[36m(ClientAppActor pid=32867)[0m 
Epoch 1/1:  37%|███▋      | 23/63 [00:05<00:09,  4.29it/s, loss=0.7003, acc=46.61%, img/s=137.2, eta=0.2m]
Epoch 1/1:  38%|███▊      | 24/63 [00:05<00:09,  4.27it/s, loss=0.7003, acc=46.61%, img/s=137.2, eta=0.2m]
[36m(ClientAppActor pid=32867)[0m 
Epoch 1/1:  38%|███▊      | 24/63 [00:05<00:09,  4.27it/s, loss=0.6766, acc=47.50%, img/s=137.2, eta=0.1m]
Epoch 1/1:  40%|███▉      | 25/63 [00:05<00:08,  4.28it/s, loss=0.6766, acc=47.50%, img/s=137.2, eta=0.1m]
[36m(ClientAppActor pid=32867)[0m 
Epoch 1/1:  40%|███▉      | 25/63 [00:06<00:08,  4.28it/s, loss=0.7073, acc=47.12%, img/s=137.2, eta=0.1m]
Epoch 1/1:  41%|████▏     | 26/63 [00:06<00:08,  4.29it/s, loss=0.7073, acc=47.12%, img/s=137.2, eta=0.1m]
[36m(ClientAppActor pid=32867)[0m 
Epoch 1/1:  41%|████▏     | 26/63 [00:06<00:08,  4.29it/s, loss=0.7103, acc=46.88%, img/s=137.3, eta=0.1m]
Epoch 1/1:  43%|████▎     | 27/63 [00:06<00:08,  4.30it/s, loss=0.7103, acc=46.88%, img/s=137.3, eta=0.1m]
[36m(ClientAppActor pid=32867)[0m 
Epoch 1/1:  43%|████▎     | 27/63 [00:06<00:08,  4.30it/s, loss=0.6868, acc=47.21%, img/s=137.3, eta=0.1m]
Epoch 1/1:  44%|████▍     | 28/63 [00:06<00:08,  4.31it/s, loss=0.6868, acc=47.21%, img/s=137.3, eta=0.1m]
[36m(ClientAppActor pid=32867)[0m 
Epoch 1/1:  44%|████▍     | 28/63 [00:06<00:08,  4.31it/s, loss=0.6829, acc=47.41%, img/s=137.4, eta=0.1m]
Epoch 1/1:  46%|████▌     | 29/63 [00:06<00:07,  4.32it/s, loss=0.6829, acc=47.41%, img/s=137.4, eta=0.1m]
[36m(ClientAppActor pid=32867)[0m 
Epoch 1/1:  46%|████▌     | 29/63 [00:06<00:07,  4.32it/s, loss=0.6769, acc=48.02%, img/s=137.4, eta=0.1m]
Epoch 1/1:  48%|████▊     | 30/63 [00:06<00:07,  4.30it/s, loss=0.6769, acc=48.02%, img/s=137.4, eta=0.1m]
[36m(ClientAppActor pid=32867)[0m 
Epoch 1/1:  48%|████▊     | 30/63 [00:07<00:07,  4.30it/s, loss=0.7079, acc=47.98%, img/s=137.4, eta=0.1m]
Epoch 1/1:  49%|████▉     | 31/63 [00:07<00:07,  4.31it/s, loss=0.7079, acc=47.98%, img/s=137.4, eta=0.1m]
[36m(ClientAppActor pid=32867)[0m 
Epoch 1/1:  49%|████▉     | 31/63 [00:07<00:07,  4.31it/s, loss=0.6897, acc=47.95%, img/s=137.4, eta=0.1m]
Epoch 1/1:  51%|█████     | 32/63 [00:07<00:07,  4.30it/s, loss=0.6897, acc=47.95%, img/s=137.4, eta=0.1m]
[36m(ClientAppActor pid=32867)[0m 
Epoch 1/1:  51%|█████     | 32/63 [00:07<00:07,  4.30it/s, loss=0.6841, acc=48.01%, img/s=137.4, eta=0.1m]
Epoch 1/1:  52%|█████▏    | 33/63 [00:07<00:06,  4.30it/s, loss=0.6841, acc=48.01%, img/s=137.4, eta=0.1m]
[36m(ClientAppActor pid=32867)[0m 
Epoch 1/1:  52%|█████▏    | 33/63 [00:07<00:06,  4.30it/s, loss=0.6868, acc=48.25%, img/s=137.4, eta=0.1m]
Epoch 1/1:  54%|█████▍    | 34/63 [00:07<00:06,  4.30it/s, loss=0.6868, acc=48.25%, img/s=137.4, eta=0.1m]
[36m(ClientAppActor pid=32867)[0m 
Epoch 1/1:  54%|█████▍    | 34/63 [00:08<00:06,  4.30it/s, loss=0.6593, acc=48.57%, img/s=137.4, eta=0.1m]
Epoch 1/1:  56%|█████▌    | 35/63 [00:08<00:06,  4.31it/s, loss=0.6593, acc=48.57%, img/s=137.4, eta=0.1m]
[36m(ClientAppActor pid=32867)[0m 
Epoch 1/1:  56%|█████▌    | 35/63 [00:08<00:06,  4.31it/s, loss=0.7391, acc=48.09%, img/s=137.4, eta=0.1m]
Epoch 1/1:  57%|█████▋    | 36/63 [00:08<00:06,  4.31it/s, loss=0.7391, acc=48.09%, img/s=137.4, eta=0.1m]
[36m(ClientAppActor pid=32867)[0m 
Epoch 1/1:  57%|█████▋    | 36/63 [00:08<00:06,  4.31it/s, loss=0.7016, acc=48.23%, img/s=137.5, eta=0.1m]
Epoch 1/1:  59%|█████▊    | 37/63 [00:08<00:06,  4.32it/s, loss=0.7016, acc=48.23%, img/s=137.5, eta=0.1m]
[36m(ClientAppActor pid=32867)[0m 
Epoch 1/1:  59%|█████▊    | 37/63 [00:08<00:06,  4.32it/s, loss=0.6935, acc=48.44%, img/s=137.5, eta=0.1m]
Epoch 1/1:  60%|██████    | 38/63 [00:08<00:05,  4.32it/s, loss=0.6935, acc=48.44%, img/s=137.5, eta=0.1m]
[36m(ClientAppActor pid=32867)[0m 
Epoch 1/1:  60%|██████    | 38/63 [00:09<00:05,  4.32it/s, loss=0.6947, acc=48.48%, img/s=137.5, eta=0.1m]
Epoch 1/1:  62%|██████▏   | 39/63 [00:09<00:05,  4.31it/s, loss=0.6947, acc=48.48%, img/s=137.5, eta=0.1m]
[36m(ClientAppActor pid=32867)[0m 
Epoch 1/1:  62%|██████▏   | 39/63 [00:09<00:05,  4.31it/s, loss=0.6999, acc=48.36%, img/s=137.5, eta=0.1m]
Epoch 1/1:  63%|██████▎   | 40/63 [00:09<00:05,  4.32it/s, loss=0.6999, acc=48.36%, img/s=137.5, eta=0.1m]
[36m(ClientAppActor pid=32867)[0m 
Epoch 1/1:  63%|██████▎   | 40/63 [00:09<00:05,  4.32it/s, loss=0.7310, acc=48.02%, img/s=137.5, eta=0.1m]
Epoch 1/1:  65%|██████▌   | 41/63 [00:09<00:05,  4.31it/s, loss=0.7310, acc=48.02%, img/s=137.5, eta=0.1m]
[36m(ClientAppActor pid=32867)[0m 
Epoch 1/1:  65%|██████▌   | 41/63 [00:09<00:05,  4.31it/s, loss=0.6881, acc=48.07%, img/s=137.5, eta=0.1m]
Epoch 1/1:  67%|██████▋   | 42/63 [00:09<00:04,  4.31it/s, loss=0.6881, acc=48.07%, img/s=137.5, eta=0.1m]
[36m(ClientAppActor pid=32867)[0m 
Epoch 1/1:  67%|██████▋   | 42/63 [00:10<00:04,  4.31it/s, loss=0.6750, acc=48.26%, img/s=137.5, eta=0.1m]
Epoch 1/1:  68%|██████▊   | 43/63 [00:10<00:04,  4.29it/s, loss=0.6750, acc=48.26%, img/s=137.5, eta=0.1m]
[36m(ClientAppActor pid=32867)[0m 
Epoch 1/1:  68%|██████▊   | 43/63 [00:10<00:04,  4.29it/s, loss=0.7015, acc=48.37%, img/s=137.5, eta=0.1m]
Epoch 1/1:  70%|██████▉   | 44/63 [00:10<00:04,  4.30it/s, loss=0.7015, acc=48.37%, img/s=137.5, eta=0.1m]
[36m(ClientAppActor pid=32867)[0m 
Epoch 1/1:  70%|██████▉   | 44/63 [00:10<00:04,  4.30it/s, loss=0.6726, acc=48.68%, img/s=137.5, eta=0.1m]
Epoch 1/1:  71%|███████▏  | 45/63 [00:10<00:04,  4.30it/s, loss=0.6726, acc=48.68%, img/s=137.5, eta=0.1m]
[36m(ClientAppActor pid=32867)[0m 
Epoch 1/1:  71%|███████▏  | 45/63 [00:10<00:04,  4.30it/s, loss=0.6890, acc=48.78%, img/s=137.5, eta=0.1m]
Epoch 1/1:  73%|███████▎  | 46/63 [00:10<00:03,  4.31it/s, loss=0.6890, acc=48.78%, img/s=137.5, eta=0.1m]
[36m(ClientAppActor pid=32867)[0m 
Epoch 1/1:  73%|███████▎  | 46/63 [00:10<00:03,  4.31it/s, loss=0.6855, acc=48.74%, img/s=137.5, eta=0.1m]
Epoch 1/1:  75%|███████▍  | 47/63 [00:10<00:03,  4.30it/s, loss=0.6855, acc=48.74%, img/s=137.5, eta=0.1m]
[36m(ClientAppActor pid=32867)[0m 
Epoch 1/1:  75%|███████▍  | 47/63 [00:11<00:03,  4.30it/s, loss=0.6974, acc=48.63%, img/s=137.5, eta=0.1m]
Epoch 1/1:  76%|███████▌  | 48/63 [00:11<00:03,  4.31it/s, loss=0.6974, acc=48.63%, img/s=137.5, eta=0.1m]
[36m(ClientAppActor pid=32867)[0m 
Epoch 1/1:  76%|███████▌  | 48/63 [00:11<00:03,  4.31it/s, loss=0.6957, acc=48.60%, img/s=137.5, eta=0.1m]
Epoch 1/1:  78%|███████▊  | 49/63 [00:11<00:03,  4.31it/s, loss=0.6957, acc=48.60%, img/s=137.5, eta=0.1m]
[36m(ClientAppActor pid=32867)[0m 
Epoch 1/1:  78%|███████▊  | 49/63 [00:11<00:03,  4.31it/s, loss=0.6726, acc=48.81%, img/s=137.5, eta=0.1m]
Epoch 1/1:  79%|███████▉  | 50/63 [00:11<00:03,  4.30it/s, loss=0.6726, acc=48.81%, img/s=137.5, eta=0.1m]
[36m(ClientAppActor pid=32867)[0m 
Epoch 1/1:  79%|███████▉  | 50/63 [00:11<00:03,  4.30it/s, loss=0.6778, acc=48.90%, img/s=137.5, eta=0.0m]
Epoch 1/1:  81%|████████  | 51/63 [00:11<00:02,  4.30it/s, loss=0.6778, acc=48.90%, img/s=137.5, eta=0.0m]
[36m(ClientAppActor pid=32867)[0m 
Epoch 1/1:  81%|████████  | 51/63 [00:12<00:02,  4.30it/s, loss=0.7175, acc=48.62%, img/s=137.5, eta=0.0m]
Epoch 1/1:  83%|████████▎ | 52/63 [00:12<00:02,  4.30it/s, loss=0.7175, acc=48.62%, img/s=137.5, eta=0.0m]
[36m(ClientAppActor pid=32867)[0m 
Epoch 1/1:  83%|████████▎ | 52/63 [00:12<00:02,  4.30it/s, loss=0.6624, acc=49.06%, img/s=137.5, eta=0.0m]
Epoch 1/1:  84%|████████▍ | 53/63 [00:12<00:02,  4.30it/s, loss=0.6624, acc=49.06%, img/s=137.5, eta=0.0m]
[36m(ClientAppActor pid=32867)[0m 
Epoch 1/1:  84%|████████▍ | 53/63 [00:12<00:02,  4.30it/s, loss=0.6488, acc=49.42%, img/s=137.5, eta=0.0m]
Epoch 1/1:  86%|████████▌ | 54/63 [00:12<00:02,  4.30it/s, loss=0.6488, acc=49.42%, img/s=137.5, eta=0.0m]
[36m(ClientAppActor pid=32867)[0m 
Epoch 1/1:  86%|████████▌ | 54/63 [00:12<00:02,  4.30it/s, loss=0.6436, acc=49.77%, img/s=137.5, eta=0.0m]
Epoch 1/1:  87%|████████▋ | 55/63 [00:12<00:01,  4.30it/s, loss=0.6436, acc=49.77%, img/s=137.5, eta=0.0m]
[36m(ClientAppActor pid=32867)[0m 
Epoch 1/1:  87%|████████▋ | 55/63 [00:13<00:01,  4.30it/s, loss=0.6394, acc=50.00%, img/s=137.5, eta=0.0m]
Epoch 1/1:  89%|████████▉ | 56/63 [00:13<00:01,  4.28it/s, loss=0.6394, acc=50.00%, img/s=137.5, eta=0.0m]
[36m(ClientAppActor pid=32867)[0m 
Epoch 1/1:  89%|████████▉ | 56/63 [00:13<00:01,  4.28it/s, loss=0.6638, acc=50.22%, img/s=137.5, eta=0.0m]
Epoch 1/1:  90%|█████████ | 57/63 [00:13<00:01,  4.29it/s, loss=0.6638, acc=50.22%, img/s=137.5, eta=0.0m]
[36m(ClientAppActor pid=32867)[0m 
Epoch 1/1:  90%|█████████ | 57/63 [00:13<00:01,  4.29it/s, loss=0.7007, acc=50.32%, img/s=137.5, eta=0.0m]
Epoch 1/1:  92%|█████████▏| 58/63 [00:13<00:01,  4.30it/s, loss=0.7007, acc=50.32%, img/s=137.5, eta=0.0m]
[36m(ClientAppActor pid=32867)[0m 
Epoch 1/1:  92%|█████████▏| 58/63 [00:13<00:01,  4.30it/s, loss=0.8692, acc=50.05%, img/s=137.8, eta=0.0m]
Epoch 1/1:  94%|█████████▎| 59/63 [00:13<00:00,  4.45it/s, loss=0.8692, acc=50.05%, img/s=137.8, eta=0.0m]
[36m(ClientAppActor pid=32867)[0m 
Epoch 1/1:  94%|█████████▎| 59/63 [00:13<00:00,  4.45it/s, loss=0.9396, acc=49.64%, img/s=137.8, eta=0.0m]
Epoch 1/1:  95%|█████████▌| 60/63 [00:13<00:00,  4.40it/s, loss=0.9396, acc=49.64%, img/s=137.8, eta=0.0m]
[36m(ClientAppActor pid=32867)[0m 
Epoch 1/1:  95%|█████████▌| 60/63 [00:14<00:00,  4.40it/s, loss=0.7618, acc=49.59%, img/s=137.8, eta=0.0m]
Epoch 1/1:  97%|█████████▋| 61/63 [00:14<00:00,  4.38it/s, loss=0.7618, acc=49.59%, img/s=137.8, eta=0.0m]
[36m(ClientAppActor pid=32867)[0m 
Epoch 1/1:  97%|█████████▋| 61/63 [00:14<00:00,  4.38it/s, loss=0.7167, acc=49.60%, img/s=137.8, eta=0.0m]
Epoch 1/1:  98%|█████████▊| 62/63 [00:14<00:00,  4.36it/s, loss=0.7167, acc=49.60%, img/s=137.8, eta=0.0m]
[36m(ClientAppActor pid=32867)[0m 
Epoch 1/1:  98%|█████████▊| 62/63 [00:14<00:00,  4.36it/s, loss=0.6466, acc=49.70%, img/s=69.3, eta=0.0m] 
Epoch 1/1: 100%|██████████| 63/63 [00:14<00:00,  4.91it/s, loss=0.6466, acc=49.70%, img/s=69.3, eta=0.0m]
Epoch 1/1: 100%|██████████| 63/63 [00:14<00:00,  4.33it/s, loss=0.6466, acc=49.70%, img/s=69.3, eta=0.0m]
[36m(ClientAppActor pid=32867)[0m 
[36m(ClientAppActor pid=32867)[0m CLIENT 4 STARTING EVALUATION
[36m(ClientAppActor pid=32867)[0m Client 4 received class memories
[36m(ClientAppActor pid=32867)[0m Real memory norm=0.9100
[36m(ClientAppActor pid=32867)[0m Fake memory norm=0.9043
[36m(ClientAppActor pid=32867)[0m Artifact bias shape: torch.Size([32, 8, 197, 197])
[36m(ClientAppActor pid=32867)[0m Accuracy: 0.5200
[36m(ClientAppActor pid=32867)[0m 
[36m(ClientAppActor pid=32867)[0m CLIENT 4 EVALUATION COMPLETE
[36m(ClientAppActor pid=32867)[0m Client 1 using cuda
[36m(ClientAppActor pid=32867)[0m {'fake': 0, 'real': 1}
[36m(ClientAppActor pid=32867)[0m [DEBUG MODE] Train=2000, Val=100, Test=100
[36m(ClientAppActor pid=32867)[0m 
[36m(ClientAppActor pid=32867)[0m Client 1 Class Distribution
[36m(ClientAppActor pid=32867)[0m Train: Counter({1: 1011, 0: 989})
[36m(ClientAppActor pid=32867)[0m Val  : Counter({0: 55, 1: 45})
[36m(ClientAppActor pid=32867)[0m Test : Counter({0: 53, 1: 47})
[36m(ClientAppActor pid=32867)[0m Client 1
[36m(ClientAppActor pid=32867)[0m Train Images: 2000
[36m(ClientAppActor pid=32867)[0m Test Images : 100
[36m(ClientAppActor pid=32867)[0m Validate Images : 100
[36m(ClientAppActor pid=32867)[0m 
[36m(ClientAppActor pid=32867)[0m CLIENT 1 STARTING EVALUATION
[36m(ClientAppActor pid=32867)[0m Client 1 received class memories
[36m(ClientAppActor pid=32867)[0m Real memory norm=0.9100
[36m(ClientAppActor pid=32867)[0m Fake memory norm=0.9043
[36m(ClientAppActor pid=32867)[0m Artifact bias shape: torch.Size([32, 8, 197, 197])
[36m(ClientAppActor pid=32867)[0m Accuracy: 0.4800
[36m(ClientAppActor pid=32867)[0m 
[36m(ClientAppActor pid=32867)[0m CLIENT 1 EVALUATION COMPLETE
[36m(ClientAppActor pid=32867)[0m Client 2 using cuda
[36m(ClientAppActor pid=32867)[0m {'fake': 0, 'real': 1}
[36m(ClientAppActor pid=32867)[0m [DEBUG MODE] Train=2000, Val=100, Test=100
[36m(ClientAppActor pid=32867)[0m 
[36m(ClientAppActor pid=32867)[0m Client 2 Class Distribution
[36m(ClientAppActor pid=32867)[0m Train: Counter({0: 1012, 1: 988})
[36m(ClientAppActor pid=32867)[0m Val  : Counter({0: 60, 1: 40})
[36m(ClientAppActor pid=32867)[0m Test : Counter({0: 51, 1: 49})
[36m(ClientAppActor pid=32867)[0m Client 2
[36m(ClientAppActor pid=32867)[0m Train Images: 2000
[36m(ClientAppActor pid=32867)[0m Test Images : 100
[36m(ClientAppActor pid=32867)[0m Validate Images : 100
[36m(ClientAppActor pid=32867)[0m 
[36m(ClientAppActor pid=32867)[0m CLIENT 2 STARTING EVALUATION
[36m(ClientAppActor pid=32867)[0m Client 2 received class memories
[36m(ClientAppActor pid=32867)[0m Real memory norm=0.9100
[36m(ClientAppActor pid=32867)[0m Fake memory norm=0.9043
[36m(ClientAppActor pid=32867)[0m Artifact bias shape: torch.Size([32, 8, 197, 197])
[36m(ClientAppActor pid=32867)[0m Accuracy: 0.5300
[36m(ClientAppActor pid=32867)[0m 
[36m(ClientAppActor pid=32867)[0m CLIENT 2 EVALUATION COMPLETE
[36m(ClientAppActor pid=32867)[0m Client 5 using cuda
[36m(ClientAppActor pid=32867)[0m {'fake': 0, 'real': 1}
[36m(ClientAppActor pid=32867)[0m [DEBUG MODE] Train=2000, Val=100, Test=100
[36m(ClientAppActor pid=32867)[0m 
[36m(ClientAppActor pid=32867)[0m Client 5 Class Distribution
[36m(ClientAppActor pid=32867)[0m Train: Counter({0: 1014, 1: 986})
[36m(ClientAppActor pid=32867)[0m Val  : Counter({0: 56, 1: 44})
[36m(ClientAppActor pid=32867)[0m Test : Counter({0: 51, 1: 49})
[36m(ClientAppActor pid=32867)[0m Client 5
[36m(ClientAppActor pid=32867)[0m Train Images: 2000
[36m(ClientAppActor pid=32867)[0m Test Images : 100
[36m(ClientAppActor pid=32867)[0m Validate Images : 100
[36m(ClientAppActor pid=32867)[0m 
[36m(ClientAppActor pid=32867)[0m CLIENT 5 STARTING EVALUATION
[36m(ClientAppActor pid=32867)[0m Client 5 received class memories
[36m(ClientAppActor pid=32867)[0m Real memory norm=0.9100
[36m(ClientAppActor pid=32867)[0m Fake memory norm=0.9043
[36m(ClientAppActor pid=32867)[0m Artifact bias shape: torch.Size([32, 8, 197, 197])
[36m(ClientAppActor pid=32867)[0m Accuracy: 0.5300
[36m(ClientAppActor pid=32867)[0m 
[36m(ClientAppActor pid=32867)[0m CLIENT 5 EVALUATION COMPLETE
[36m(ClientAppActor pid=32867)[0m Client 3 using cuda
[36m(ClientAppActor pid=32867)[0m {'fake': 0, 'real': 1}
[36m(ClientAppActor pid=32867)[0m [DEBUG MODE] Train=2000, Val=100, Test=100
[36m(ClientAppActor pid=32867)[0m 
[36m(ClientAppActor pid=32867)[0m Client 3 Class Distribution
[36m(ClientAppActor pid=32867)[0m Train: Counter({1: 1024, 0: 976})
[36m(ClientAppActor pid=32867)[0m Val  : Counter({1: 54, 0: 46})
[36m(ClientAppActor pid=32867)[0m Test : Counter({1: 50, 0: 50})
[36m(ClientAppActor pid=32867)[0m Client 3
[36m(ClientAppActor pid=32867)[0m Train Images: 2000
[36m(ClientAppActor pid=32867)[0m Test Images : 100
[36m(ClientAppActor pid=32867)[0m Validate Images : 100
[36m(ClientAppActor pid=32867)[0m 
[36m(ClientAppActor pid=32867)[0m CLIENT 3 STARTING EVALUATION
[36m(ClientAppActor pid=32867)[0m Client 3 received class memories
[36m(ClientAppActor pid=32867)[0m Real memory norm=0.9100
[36m(ClientAppActor pid=32867)[0m Fake memory norm=0.9043
[36m(ClientAppActor pid=32867)[0m Artifact bias shape: torch.Size([32, 8, 197, 197])
[36m(ClientAppActor pid=32867)[0m Accuracy: 0.4600
[36m(ClientAppActor pid=32867)[0m 
[36m(ClientAppActor pid=32867)[0m CLIENT 3 EVALUATION COMPLETE
[36m(ClientAppActor pid=32867)[0m Client 3 using cuda
[36m(ClientAppActor pid=32867)[0m {'fake': 0, 'real': 1}
[36m(ClientAppActor pid=32867)[0m [DEBUG MODE] Train=2000, Val=100, Test=100
[36m(ClientAppActor pid=32867)[0m 
[36m(ClientAppActor pid=32867)[0m Client 3 Class Distribution
[36m(ClientAppActor pid=32867)[0m Train: Counter({1: 1024, 0: 976})
[36m(ClientAppActor pid=32867)[0m Val  : Counter({1: 54, 0: 46})
[36m(ClientAppActor pid=32867)[0m Test : Counter({1: 50, 0: 50})
[36m(ClientAppActor pid=32867)[0m Client 3
[36m(ClientAppActor pid=32867)[0m Train Images: 2000
[36m(ClientAppActor pid=32867)[0m Test Images : 100
[36m(ClientAppActor pid=32867)[0m Validate Images : 100
[36m(ClientAppActor pid=32867)[0m Client 3 starting fit...
[36m(ClientAppActor pid=32867)[0m Client 3 received class memories
[36m(ClientAppActor pid=32867)[0m Real memory norm=0.9100
[36m(ClientAppActor pid=32867)[0m Fake memory norm=0.9043
[36m(ClientAppActor pid=32867)[0m Client 3 starting training...
[36m(ClientAppActor pid=32867)[0m START classifier norm: 13.062769889831543
[36m(ClientAppActor pid=32867)[0m Artifact bias shape: torch.Size([32, 8, 197, 197])
[36m(ClientAppActor pid=32867)[0m 
[36m(ClientAppActor pid=32867)[0m Batch 0/63
[36m(ClientAppActor pid=32867)[0m GPU Allocated: 1.83 GB
[36m(ClientAppActor pid=32867)[0m GPU Reserved : 3.86 GB
[36m(ClientAppActor pid=32867)[0m 
[36m(ClientAppActor pid=32867)[0m ==================================================
[36m(ClientAppActor pid=32867)[0m Epoch 1 Complete
[36m(ClientAppActor pid=32867)[0m Average Loss : 0.6995
[36m(ClientAppActor pid=32867)[0m Accuracy     : 49.70%
[36m(ClientAppActor pid=32867)[0m Time         : 14.54s
[36m(ClientAppActor pid=32867)[0m Images       : 2000
[36m(ClientAppActor pid=32867)[0m Images/sec   : 137.52
[36m(ClientAppActor pid=32867)[0m GPU Allocated: 1.82 GB
[36m(ClientAppActor pid=32867)[0m GPU Reserved : 3.86 GB
[36m(ClientAppActor pid=32867)[0m ==================================================
[36m(ClientAppActor pid=32867)[0m END classifier norm: 13.062987327575684
[36m(ClientAppActor pid=32867)[0m Client 3 finished training
[36m(ClientAppActor pid=32867)[0m Client 3 extracting parameters...
[36m(ClientAppActor pid=32867)[0m Client 3 parameter extraction complete
[36m(ClientAppActor pid=32867)[0m Client 3 returning results
[36m(ClientAppActor pid=32867)[0m Client 1 using cuda
[36m(ClientAppActor pid=32867)[0m {'fake': 0, 'real': 1}
[36m(ClientAppActor pid=32867)[0m [DEBUG MODE] Train=2000, Val=100, Test=100
[36m(ClientAppActor pid=32867)[0m 
[36m(ClientAppActor pid=32867)[0m 
Epoch 1/1:   0%|          | 0/63 [00:00<?, ?it/s]
[36m(ClientAppActor pid=32867)[0m 
Epoch 1/1:   0%|          | 0/63 [00:00<?, ?it/s, loss=0.6813, acc=65.62%, img/s=134.4, eta=0.2m]
Epoch 1/1:   2%|▏         | 1/63 [00:00<00:14,  4.20it/s, loss=0.6813, acc=65.62%, img/s=134.4, eta=0.2m]
[36m(ClientAppActor pid=32867)[0m 
Epoch 1/1:   2%|▏         | 1/63 [00:00<00:14,  4.20it/s, loss=0.6919, acc=59.38%, img/s=136.0, eta=0.2m]
Epoch 1/1:   3%|▎         | 2/63 [00:00<00:14,  4.26it/s, loss=0.6919, acc=59.38%, img/s=136.0, eta=0.2m]
[36m(ClientAppActor pid=32867)[0m 
Epoch 1/1:   3%|▎         | 2/63 [00:00<00:14,  4.26it/s, loss=0.6877, acc=56.25%, img/s=136.6, eta=0.2m]
Epoch 1/1:   5%|▍         | 3/63 [00:00<00:14,  4.28it/s, loss=0.6877, acc=56.25%, img/s=136.6, eta=0.2m]
[36m(ClientAppActor pid=32867)[0m 
Epoch 1/1:   5%|▍         | 3/63 [00:00<00:14,  4.28it/s, loss=0.7016, acc=53.12%, img/s=136.7, eta=0.2m]
Epoch 1/1:   6%|▋         | 4/63 [00:00<00:13,  4.28it/s, loss=0.7016, acc=53.12%, img/s=136.7, eta=0.2m]
[36m(ClientAppActor pid=32867)[0m 
Epoch 1/1:   6%|▋         | 4/63 [00:01<00:13,  4.28it/s, loss=0.7080, acc=51.25%, img/s=136.9, eta=0.2m]
Epoch 1/1:   8%|▊         | 5/63 [00:01<00:13,  4.29it/s, loss=0.7080, acc=51.25%, img/s=136.9, eta=0.2m]
[36m(ClientAppActor pid=32867)[0m 
Epoch 1/1:   8%|▊         | 5/63 [00:01<00:13,  4.29it/s, loss=0.6748, acc=52.60%, img/s=136.8, eta=0.2m]
Epoch 1/1:  10%|▉         | 6/63 [00:01<00:13,  4.28it/s, loss=0.6748, acc=52.60%, img/s=136.8, eta=0.2m]
[36m(ClientAppActor pid=32867)[0m 
Epoch 1/1:  10%|▉         | 6/63 [00:01<00:13,  4.28it/s, loss=0.7033, acc=50.89%, img/s=137.0, eta=0.2m]
Epoch 1/1:  11%|█         | 7/63 [00:01<00:13,  4.29it/s, loss=0.7033, acc=50.89%, img/s=137.0, eta=0.2m]
[36m(ClientAppActor pid=32867)[0m 
Epoch 1/1:  11%|█         | 7/63 [00:01<00:13,  4.29it/s, loss=0.7030, acc=50.78%, img/s=137.0, eta=0.2m]
Epoch 1/1:  13%|█▎        | 8/63 [00:01<00:12,  4.29it/s, loss=0.7030, acc=50.78%, img/s=137.0, eta=0.2m]
[36m(ClientAppActor pid=32867)[0m 
Epoch 1/1:  13%|█▎        | 8/63 [00:02<00:12,  4.29it/s, loss=0.6970, acc=51.04%, img/s=137.2, eta=0.2m]
Epoch 1/1:  14%|█▍        | 9/63 [00:02<00:12,  4.30it/s, loss=0.6970, acc=51.04%, img/s=137.2, eta=0.2m]
[36m(ClientAppActor pid=32867)[0m 
Epoch 1/1:  14%|█▍        | 9/63 [00:02<00:12,  4.30it/s, loss=0.6927, acc=51.25%, img/s=137.2, eta=0.2m]
Epoch 1/1:  16%|█▌        | 10/63 [00:02<00:12,  4.30it/s, loss=0.6927, acc=51.25%, img/s=137.2, eta=0.2m]
[36m(ClientAppActor pid=32867)[0m 
Epoch 1/1:  16%|█▌        | 10/63 [00:02<00:12,  4.30it/s, loss=0.6914, acc=51.14%, img/s=137.2, eta=0.2m]
Epoch 1/1:  17%|█▋        | 11/63 [00:02<00:12,  4.29it/s, loss=0.6914, acc=51.14%, img/s=137.2, eta=0.2m]
[36m(ClientAppActor pid=32867)[0m 
Epoch 1/1:  17%|█▋        | 11/63 [00:02<00:12,  4.29it/s, loss=0.6977, acc=50.52%, img/s=137.3, eta=0.2m]
Epoch 1/1:  19%|█▉        | 12/63 [00:02<00:11,  4.30it/s, loss=0.6977, acc=50.52%, img/s=137.3, eta=0.2m]
[36m(ClientAppActor pid=32867)[0m 
Epoch 1/1:  19%|█▉        | 12/63 [00:03<00:11,  4.30it/s, loss=0.7082, acc=50.00%, img/s=137.3, eta=0.2m]
Epoch 1/1:  21%|██        | 13/63 [00:03<00:11,  4.30it/s, loss=0.7082, acc=50.00%, img/s=137.3, eta=0.2m]
[36m(ClientAppActor pid=32867)[0m 
Epoch 1/1:  21%|██        | 13/63 [00:03<00:11,  4.30it/s, loss=0.6969, acc=50.00%, img/s=137.3, eta=0.2m]
Epoch 1/1:  22%|██▏       | 14/63 [00:03<00:11,  4.31it/s, loss=0.6969, acc=50.00%, img/s=137.3, eta=0.2m]
[36m(ClientAppActor pid=32867)[0m 
Epoch 1/1:  22%|██▏       | 14/63 [00:03<00:11,  4.31it/s, loss=0.6408, acc=51.25%, img/s=137.4, eta=0.2m]
Epoch 1/1:  24%|██▍       | 15/63 [00:03<00:11,  4.30it/s, loss=0.6408, acc=51.25%, img/s=137.4, eta=0.2m]
[36m(ClientAppActor pid=32867)[0m 
Epoch 1/1:  24%|██▍       | 15/63 [00:03<00:11,  4.30it/s, loss=0.6991, acc=51.56%, img/s=137.4, eta=0.2m]
Epoch 1/1:  25%|██▌       | 16/63 [00:03<00:10,  4.30it/s, loss=0.6991, acc=51.56%, img/s=137.4, eta=0.2m]
[36m(ClientAppActor pid=32867)[0m 
Epoch 1/1:  25%|██▌       | 16/63 [00:03<00:10,  4.30it/s, loss=0.6976, acc=51.65%, img/s=137.3, eta=0.2m]
Epoch 1/1:  27%|██▋       | 17/63 [00:03<00:10,  4.29it/s, loss=0.6976, acc=51.65%, img/s=137.3, eta=0.2m]
[36m(ClientAppActor pid=32867)[0m 
Epoch 1/1:  27%|██▋       | 17/63 [00:04<00:10,  4.29it/s, loss=0.6973, acc=51.91%, img/s=137.4, eta=0.2m]
Epoch 1/1:  29%|██▊       | 18/63 [00:04<00:10,  4.30it/s, loss=0.6973, acc=51.91%, img/s=137.4, eta=0.2m]
[36m(ClientAppActor pid=32867)[0m 
Epoch 1/1:  29%|██▊       | 18/63 [00:04<00:10,  4.30it/s, loss=0.7284, acc=51.64%, img/s=137.4, eta=0.2m]
Epoch 1/1:  30%|███       | 19/63 [00:04<00:10,  4.31it/s, loss=0.7284, acc=51.64%, img/s=137.4, eta=0.2m]
[36m(ClientAppActor pid=32867)[0m 
Epoch 1/1:  30%|███       | 19/63 [00:04<00:10,  4.31it/s, loss=0.7193, acc=51.41%, img/s=137.5, eta=0.2m]
Epoch 1/1:  32%|███▏      | 20/63 [00:04<00:09,  4.31it/s, loss=0.7193, acc=51.41%, img/s=137.5, eta=0.2m]
[36m(ClientAppActor pid=32867)[0m 
Epoch 1/1:  32%|███▏      | 20/63 [00:04<00:09,  4.31it/s, loss=0.7116, acc=51.04%, img/s=137.4, eta=0.2m]
Epoch 1/1:  33%|███▎      | 21/63 [00:04<00:09,  4.30it/s, loss=0.7116, acc=51.04%, img/s=137.4, eta=0.2m]
[36m(ClientAppActor pid=32867)[0m 
Epoch 1/1:  33%|███▎      | 21/63 [00:05<00:09,  4.30it/s, loss=0.6735, acc=51.14%, img/s=137.4, eta=0.2m]
Epoch 1/1:  35%|███▍      | 22/63 [00:05<00:09,  4.30it/s, loss=0.6735, acc=51.14%, img/s=137.4, eta=0.2m]
[36m(ClientAppActor pid=32867)[0m 
Epoch 1/1:  35%|███▍      | 22/63 [00:05<00:09,  4.30it/s, loss=0.6983, acc=50.68%, img/s=137.4, eta=0.2m]
Epoch 1/1:  37%|███▋      | 23/63 [00:05<00:09,  4.29it/s, loss=0.6983, acc=50.68%, img/s=137.4, eta=0.2m]
[36m(ClientAppActor pid=32867)[0m 
Epoch 1/1:  37%|███▋      | 23/63 [00:05<00:09,  4.29it/s, loss=0.6779, acc=50.78%, img/s=137.4, eta=0.2m]
Epoch 1/1:  38%|███▊      | 24/63 [00:05<00:09,  4.29it/s, loss=0.6779, acc=50.78%, img/s=137.4, eta=0.2m]
[36m(ClientAppActor pid=32867)[0m 
Epoch 1/1:  38%|███▊      | 24/63 [00:05<00:09,  4.29it/s, loss=0.6810, acc=50.75%, img/s=137.5, eta=0.1m]
Epoch 1/1:  40%|███▉      | 25/63 [00:05<00:08,  4.31it/s, loss=0.6810, acc=50.75%, img/s=137.5, eta=0.1m]
[36m(ClientAppActor pid=32867)[0m 
Epoch 1/1:  40%|███▉      | 25/63 [00:06<00:08,  4.31it/s, loss=0.7451, acc=50.24%, img/s=138.1, eta=0.1m]
Epoch 1/1:  41%|████▏     | 26/63 [00:06<00:08,  4.46it/s, loss=0.7451, acc=50.24%, img/s=138.1, eta=0.1m]
[36m(ClientAppActor pid=32867)[0m 
Epoch 1/1:  41%|████▏     | 26/63 [00:06<00:08,  4.46it/s, loss=0.7051, acc=50.23%, img/s=138.1, eta=0.1m]
Epoch 1/1:  43%|████▎     | 27/63 [00:06<00:08,  4.41it/s, loss=0.7051, acc=50.23%, img/s=138.1, eta=0.1m]
[36m(ClientAppActor pid=32867)[0m 
Epoch 1/1:  43%|████▎     | 27/63 [00:06<00:08,  4.41it/s, loss=0.7093, acc=50.11%, img/s=138.0, eta=0.1m]
Epoch 1/1:  44%|████▍     | 28/63 [00:06<00:08,  4.37it/s, loss=0.7093, acc=50.11%, img/s=138.0, eta=0.1m]
[36m(ClientAppActor pid=32867)[0m 
Epoch 1/1:  44%|████▍     | 28/63 [00:06<00:08,  4.37it/s, loss=0.7355, acc=49.57%, img/s=138.0, eta=0.1m]
Epoch 1/1:  46%|████▌     | 29/63 [00:06<00:07,  4.34it/s, loss=0.7355, acc=49.57%, img/s=138.0, eta=0.1m]
[36m(ClientAppActor pid=32867)[0m 
Epoch 1/1:  46%|████▌     | 29/63 [00:06<00:07,  4.34it/s, loss=0.6829, acc=49.79%, img/s=137.9, eta=0.1m]
Epoch 1/1:  48%|████▊     | 30/63 [00:06<00:07,  4.32it/s, loss=0.6829, acc=49.79%, img/s=137.9, eta=0.1m]
[36m(ClientAppActor pid=32867)[0m 
Epoch 1/1:  48%|████▊     | 30/63 [00:07<00:07,  4.32it/s, loss=0.6659, acc=50.20%, img/s=137.9, eta=0.1m]
Epoch 1/1:  49%|████▉     | 31/63 [00:07<00:07,  4.31it/s, loss=0.6659, acc=50.20%, img/s=137.9, eta=0.1m]
[36m(ClientAppActor pid=32867)[0m 
Epoch 1/1:  49%|████▉     | 31/63 [00:07<00:07,  4.31it/s, loss=0.6737, acc=50.29%, img/s=137.9, eta=0.1m]
Epoch 1/1:  51%|█████     | 32/63 [00:07<00:07,  4.29it/s, loss=0.6737, acc=50.29%, img/s=137.9, eta=0.1m]
[36m(ClientAppActor pid=32867)[0m 
Epoch 1/1:  51%|█████     | 32/63 [00:07<00:07,  4.29it/s, loss=0.6845, acc=50.38%, img/s=137.9, eta=0.1m]
Epoch 1/1:  52%|█████▏    | 33/63 [00:07<00:06,  4.30it/s, loss=0.6845, acc=50.38%, img/s=137.9, eta=0.1m]
[36m(ClientAppActor pid=32867)[0m 
Epoch 1/1:  52%|█████▏    | 33/63 [00:07<00:06,  4.30it/s, loss=0.7323, acc=50.09%, img/s=137.9, eta=0.1m]
Epoch 1/1:  54%|█████▍    | 34/63 [00:07<00:06,  4.30it/s, loss=0.7323, acc=50.09%, img/s=137.9, eta=0.1m]
[36m(ClientAppActor pid=32867)[0m 
Epoch 1/1:  54%|█████▍    | 34/63 [00:08<00:06,  4.30it/s, loss=0.7016, acc=50.09%, img/s=137.8, eta=0.1m]
Epoch 1/1:  56%|█████▌    | 35/63 [00:08<00:06,  4.29it/s, loss=0.7016, acc=50.09%, img/s=137.8, eta=0.1m]
[36m(ClientAppActor pid=32867)[0m 
Epoch 1/1:  56%|█████▌    | 35/63 [00:08<00:06,  4.29it/s, loss=0.7124, acc=49.74%, img/s=137.8, eta=0.1m]
Epoch 1/1:  57%|█████▋    | 36/63 [00:08<00:06,  4.30it/s, loss=0.7124, acc=49.74%, img/s=137.8, eta=0.1m]
[36m(ClientAppActor pid=32867)[0m 
Epoch 1/1:  57%|█████▋    | 36/63 [00:08<00:06,  4.30it/s, loss=0.7027, acc=49.49%, img/s=137.8, eta=0.1m]
Epoch 1/1:  59%|█████▊    | 37/63 [00:08<00:06,  4.30it/s, loss=0.7027, acc=49.49%, img/s=137.8, eta=0.1m]
[36m(ClientAppActor pid=32867)[0m 
Epoch 1/1:  59%|█████▊    | 37/63 [00:08<00:06,  4.30it/s, loss=0.6964, acc=49.42%, img/s=137.8, eta=0.1m]
Epoch 1/1:  60%|██████    | 38/63 [00:08<00:05,  4.29it/s, loss=0.6964, acc=49.42%, img/s=137.8, eta=0.1m]
[36m(ClientAppActor pid=32867)[0m 
Epoch 1/1:  60%|██████    | 38/63 [00:09<00:05,  4.29it/s, loss=0.6657, acc=49.60%, img/s=137.8, eta=0.1m]
Epoch 1/1:  62%|██████▏   | 39/63 [00:09<00:05,  4.30it/s, loss=0.6657, acc=49.60%, img/s=137.8, eta=0.1m]
[36m(ClientAppActor pid=32867)[0m 
Epoch 1/1:  62%|██████▏   | 39/63 [00:09<00:05,  4.30it/s, loss=0.7094, acc=49.61%, img/s=137.8, eta=0.1m]
Epoch 1/1:  63%|██████▎   | 40/63 [00:09<00:05,  4.30it/s, loss=0.7094, acc=49.61%, img/s=137.8, eta=0.1m]
[36m(ClientAppActor pid=32867)[0m 
Epoch 1/1:  63%|██████▎   | 40/63 [00:09<00:05,  4.30it/s, loss=0.7795, acc=49.31%, img/s=137.8, eta=0.1m]
Epoch 1/1:  65%|██████▌   | 41/63 [00:09<00:05,  4.29it/s, loss=0.7795, acc=49.31%, img/s=137.8, eta=0.1m]
[36m(ClientAppActor pid=32867)[0m 
Epoch 1/1:  65%|██████▌   | 41/63 [00:09<00:05,  4.29it/s, loss=0.7325, acc=49.03%, img/s=137.8, eta=0.1m]
Epoch 1/1:  67%|██████▋   | 42/63 [00:09<00:04,  4.30it/s, loss=0.7325, acc=49.03%, img/s=137.8, eta=0.1m]
[36m(ClientAppActor pid=32867)[0m 
Epoch 1/1:  67%|██████▋   | 42/63 [00:09<00:04,  4.30it/s, loss=0.7044, acc=48.91%, img/s=137.8, eta=0.1m]
Epoch 1/1:  68%|██████▊   | 43/63 [00:09<00:04,  4.30it/s, loss=0.7044, acc=48.91%, img/s=137.8, eta=0.1m]
[36m(ClientAppActor pid=32867)[0m 
Epoch 1/1:  68%|██████▊   | 43/63 [00:10<00:04,  4.30it/s, loss=0.6847, acc=49.15%, img/s=137.8, eta=0.1m]
Epoch 1/1:  70%|██████▉   | 44/63 [00:10<00:04,  4.30it/s, loss=0.6847, acc=49.15%, img/s=137.8, eta=0.1m]
[36m(ClientAppActor pid=32867)[0m 
Epoch 1/1:  70%|██████▉   | 44/63 [00:10<00:04,  4.30it/s, loss=0.6857, acc=49.24%, img/s=137.8, eta=0.1m]
Epoch 1/1:  71%|███████▏  | 45/63 [00:10<00:04,  4.29it/s, loss=0.6857, acc=49.24%, img/s=137.8, eta=0.1m]
[36m(ClientAppActor pid=32867)[0m 
Epoch 1/1:  71%|███████▏  | 45/63 [00:10<00:04,  4.29it/s, loss=0.6926, acc=49.25%, img/s=137.8, eta=0.1m]
Epoch 1/1:  73%|███████▎  | 46/63 [00:10<00:03,  4.30it/s, loss=0.6926, acc=49.25%, img/s=137.8, eta=0.1m]
[36m(ClientAppActor pid=32867)[0m 
Epoch 1/1:  73%|███████▎  | 46/63 [00:10<00:03,  4.30it/s, loss=0.6774, acc=49.60%, img/s=137.7, eta=0.1m]
Epoch 1/1:  75%|███████▍  | 47/63 [00:10<00:03,  4.29it/s, loss=0.6774, acc=49.60%, img/s=137.7, eta=0.1m]
[36m(ClientAppActor pid=32867)[0m 
Epoch 1/1:  75%|███████▍  | 47/63 [00:11<00:03,  4.29it/s, loss=0.6979, acc=49.74%, img/s=137.7, eta=0.1m]
Epoch 1/1:  76%|███████▌  | 48/63 [00:11<00:03,  4.29it/s, loss=0.6979, acc=49.74%, img/s=137.7, eta=0.1m]
[36m(ClientAppActor pid=32867)[0m 
Epoch 1/1:  76%|███████▌  | 48/63 [00:11<00:03,  4.29it/s, loss=0.6849, acc=49.94%, img/s=137.7, eta=0.1m]
Epoch 1/1:  78%|███████▊  | 49/63 [00:11<00:03,  4.30it/s, loss=0.6849, acc=49.94%, img/s=137.7, eta=0.1m]
[36m(ClientAppActor pid=32867)[0m 
Epoch 1/1:  78%|███████▊  | 49/63 [00:11<00:03,  4.30it/s, loss=0.6654, acc=50.25%, img/s=137.7, eta=0.1m]
Epoch 1/1:  79%|███████▉  | 50/63 [00:11<00:03,  4.30it/s, loss=0.6654, acc=50.25%, img/s=137.7, eta=0.1m]
[36m(ClientAppActor pid=32867)[0m 
Epoch 1/1:  79%|███████▉  | 50/63 [00:11<00:03,  4.30it/s, loss=0.7200, acc=50.31%, img/s=137.7, eta=0.0m]
Epoch 1/1:  81%|████████  | 51/63 [00:11<00:02,  4.29it/s, loss=0.7200, acc=50.31%, img/s=137.7, eta=0.0m]
[36m(ClientAppActor pid=32867)[0m 
Epoch 1/1:  81%|████████  | 51/63 [00:12<00:02,  4.29it/s, loss=0.7287, acc=50.24%, img/s=137.7, eta=0.0m]
Epoch 1/1:  83%|████████▎ | 52/63 [00:12<00:02,  4.30it/s, loss=0.7287, acc=50.24%, img/s=137.7, eta=0.0m]
[36m(ClientAppActor pid=32867)[0m 
Epoch 1/1:  83%|████████▎ | 52/63 [00:12<00:02,  4.30it/s, loss=0.7178, acc=50.18%, img/s=137.7, eta=0.0m]
Epoch 1/1:  84%|████████▍ | 53/63 [00:12<00:02,  4.29it/s, loss=0.7178, acc=50.18%, img/s=137.7, eta=0.0m]
[36m(ClientAppActor pid=32867)[0m 
Epoch 1/1:  84%|████████▍ | 53/63 [00:12<00:02,  4.29it/s, loss=0.7212, acc=50.12%, img/s=137.7, eta=0.0m]
Epoch 1/1:  86%|████████▌ | 54/63 [00:12<00:02,  4.29it/s, loss=0.7212, acc=50.12%, img/s=137.7, eta=0.0m]
[36m(ClientAppActor pid=32867)[0m 
Epoch 1/1:  86%|████████▌ | 54/63 [00:12<00:02,  4.29it/s, loss=0.7139, acc=50.00%, img/s=137.7, eta=0.0m]
Epoch 1/1:  87%|████████▋ | 55/63 [00:12<00:01,  4.29it/s, loss=0.7139, acc=50.00%, img/s=137.7, eta=0.0m]
[36m(ClientAppActor pid=32867)[0m 
Epoch 1/1:  87%|████████▋ | 55/63 [00:13<00:01,  4.29it/s, loss=0.7202, acc=50.00%, img/s=137.7, eta=0.0m]
Epoch 1/1:  89%|████████▉ | 56/63 [00:13<00:01,  4.29it/s, loss=0.7202, acc=50.00%, img/s=137.7, eta=0.0m]
[36m(ClientAppActor pid=32867)[0m 
Epoch 1/1:  89%|████████▉ | 56/63 [00:13<00:01,  4.29it/s, loss=0.7012, acc=49.84%, img/s=137.7, eta=0.0m]
Epoch 1/1:  90%|█████████ | 57/63 [00:13<00:01,  4.29it/s, loss=0.7012, acc=49.84%, img/s=137.7, eta=0.0m]
[36m(ClientAppActor pid=32867)[0m 
Epoch 1/1:  90%|█████████ | 57/63 [00:13<00:01,  4.29it/s, loss=0.7001, acc=49.89%, img/s=137.7, eta=0.0m]
Epoch 1/1:  92%|█████████▏| 58/63 [00:13<00:01,  4.29it/s, loss=0.7001, acc=49.89%, img/s=137.7, eta=0.0m]
[36m(ClientAppActor pid=32867)[0m 
Epoch 1/1:  92%|█████████▏| 58/63 [00:13<00:01,  4.29it/s, loss=0.7037, acc=49.95%, img/s=137.6, eta=0.0m]
Epoch 1/1:  94%|█████████▎| 59/63 [00:13<00:00,  4.28it/s, loss=0.7037, acc=49.95%, img/s=137.6, eta=0.0m]
[36m(ClientAppActor pid=32867)[0m 
Epoch 1/1:  94%|█████████▎| 59/63 [00:13<00:00,  4.28it/s, loss=0.7129, acc=49.84%, img/s=137.6, eta=0.0m]
Epoch 1/1:  95%|█████████▌| 60/63 [00:13<00:00,  4.28it/s, loss=0.7129, acc=49.84%, img/s=137.6, eta=0.0m]
[36m(ClientAppActor pid=32867)[0m 
Epoch 1/1:  95%|█████████▌| 60/63 [00:14<00:00,  4.28it/s, loss=0.6972, acc=49.90%, img/s=137.6, eta=0.0m]
Epoch 1/1:  97%|█████████▋| 61/63 [00:14<00:00,  4.29it/s, loss=0.6972, acc=49.90%, img/s=137.6, eta=0.0m]
[36m(ClientAppActor pid=32867)[0m 
Epoch 1/1:  97%|█████████▋| 61/63 [00:14<00:00,  4.29it/s, loss=0.7001, acc=49.95%, img/s=137.6, eta=0.0m]
Epoch 1/1:  98%|█████████▊| 62/63 [00:14<00:00,  4.28it/s, loss=0.7001, acc=49.95%, img/s=137.6, eta=0.0m]
[36m(ClientAppActor pid=32867)[0m 
Epoch 1/1:  98%|█████████▊| 62/63 [00:14<00:00,  4.28it/s, loss=0.6985, acc=49.90%, img/s=69.2, eta=0.0m] 
Epoch 1/1: 100%|██████████| 63/63 [00:14<00:00,  4.84it/s, loss=0.6985, acc=49.90%, img/s=69.2, eta=0.0m]
Epoch 1/1: 100%|██████████| 63/63 [00:14<00:00,  4.33it/s, loss=0.6985, acc=49.90%, img/s=69.2, eta=0.0m]
[36m(ClientAppActor pid=32867)[0m 
Epoch 1/1:   0%|          | 0/63 [00:00<?, ?it/s]
[36m(ClientAppActor pid=32867)[0m 
Epoch 1/1:   0%|          | 0/63 [00:00<?, ?it/s, loss=0.7014, acc=43.75%, img/s=132.5, eta=0.2m]
Epoch 1/1:   2%|▏         | 1/63 [00:00<00:14,  4.14it/s, loss=0.7014, acc=43.75%, img/s=132.5, eta=0.2m]
[36m(ClientAppActor pid=32867)[0m 
Epoch 1/1:   2%|▏         | 1/63 [00:00<00:14,  4.14it/s, loss=0.6954, acc=45.31%, img/s=135.1, eta=0.2m]
Epoch 1/1:   3%|▎         | 2/63 [00:00<00:14,  4.24it/s, loss=0.6954, acc=45.31%, img/s=135.1, eta=0.2m]
[36m(ClientAppActor pid=32867)[0m 
Epoch 1/1:   3%|▎         | 2/63 [00:00<00:14,  4.24it/s, loss=0.6941, acc=46.88%, img/s=134.4, eta=0.2m]
Epoch 1/1:   5%|▍         | 3/63 [00:00<00:14,  4.20it/s, loss=0.6941, acc=46.88%, img/s=134.4, eta=0.2m]
[36m(ClientAppActor pid=32867)[0m 
Epoch 1/1:   5%|▍         | 3/63 [00:00<00:14,  4.20it/s, loss=0.6859, acc=47.66%, img/s=135.1, eta=0.2m]
Epoch 1/1:   6%|▋         | 4/63 [00:00<00:13,  4.24it/s, loss=0.6859, acc=47.66%, img/s=135.1, eta=0.2m]
[36m(ClientAppActor pid=32867)[0m 
Epoch 1/1:   6%|▋         | 4/63 [00:01<00:13,  4.24it/s, loss=0.6933, acc=48.75%, img/s=135.8, eta=0.2m]
Epoch 1/1:   8%|▊         | 5/63 [00:01<00:13,  4.27it/s, loss=0.6933, acc=48.75%, img/s=135.8, eta=0.2m]
[36m(ClientAppActor pid=32867)[0m 
Epoch 1/1:   8%|▊         | 5/63 [00:01<00:13,  4.27it/s, loss=0.7384, acc=47.40%, img/s=136.2, eta=0.2m]
Epoch 1/1:  10%|▉         | 6/63 [00:01<00:13,  4.29it/s, loss=0.7384, acc=47.40%, img/s=136.2, eta=0.2m]
[36m(ClientAppActor pid=32867)[0m 
Epoch 1/1:  10%|▉         | 6/63 [00:01<00:13,  4.29it/s, loss=0.7227, acc=46.43%, img/s=136.5, eta=0.2m]
Epoch 1/1:  11%|█         | 7/63 [00:01<00:13,  4.30it/s, loss=0.7227, acc=46.43%, img/s=136.5, eta=0.2m]
[36m(ClientAppActor pid=32867)[0m 
Epoch 1/1:  11%|█         | 7/63 [00:01<00:13,  4.30it/s, loss=0.6920, acc=46.09%, img/s=136.5, eta=0.2m]
Epoch 1/1:  13%|█▎        | 8/63 [00:01<00:12,  4.29it/s, loss=0.6920, acc=46.09%, img/s=136.5, eta=0.2m]
[36m(ClientAppActor pid=32867)[0m 
Epoch 1/1:  13%|█▎        | 8/63 [00:02<00:12,  4.29it/s, loss=0.7111, acc=45.14%, img/s=136.6, eta=0.2m]
Epoch 1/1:  14%|█▍        | 9/63 [00:02<00:12,  4.29it/s, loss=0.7111, acc=45.14%, img/s=136.6, eta=0.2m]
[36m(ClientAppActor pid=32867)[0m 
Epoch 1/1:  14%|█▍        | 9/63 [00:02<00:12,  4.29it/s, loss=0.7091, acc=44.38%, img/s=136.6, eta=0.2m]
Epoch 1/1:  16%|█▌        | 10/63 [00:02<00:12,  4.28it/s, loss=0.7091, acc=44.38%, img/s=136.6, eta=0.2m]
[36m(ClientAppActor pid=32867)[0m 
Epoch 1/1:  16%|█▌        | 10/63 [00:02<00:12,  4.28it/s, loss=0.6772, acc=46.02%, img/s=136.7, eta=0.2m]
Epoch 1/1:  17%|█▋        | 11/63 [00:02<00:12,  4.29it/s, loss=0.6772, acc=46.02%, img/s=136.7, eta=0.2m]
[36m(ClientAppActor pid=32867)[0m 
Epoch 1/1:  17%|█▋        | 11/63 [00:02<00:12,  4.29it/s, loss=0.6931, acc=45.83%, img/s=136.7, eta=0.2m]
Epoch 1/1:  19%|█▉        | 12/63 [00:02<00:11,  4.29it/s, loss=0.6931, acc=45.83%, img/s=136.7, eta=0.2m]
[36m(ClientAppActor pid=32867)[0m 
Epoch 1/1:  19%|█▉        | 12/63 [00:03<00:11,  4.29it/s, loss=0.6980, acc=46.39%, img/s=136.9, eta=0.2m]
Epoch 1/1:  21%|██        | 13/63 [00:03<00:11,  4.31it/s, loss=0.6980, acc=46.39%, img/s=136.9, eta=0.2m]
[36m(ClientAppActor pid=32867)[0m 
Epoch 1/1:  21%|██        | 13/63 [00:03<00:11,  4.31it/s, loss=0.7123, acc=45.54%, img/s=136.9, eta=0.2m]
Epoch 1/1:  22%|██▏       | 14/63 [00:03<00:11,  4.29it/s, loss=0.7123, acc=45.54%, img/s=136.9, eta=0.2m]
[36m(ClientAppActor pid=32867)[0m 
Epoch 1/1:  22%|██▏       | 14/63 [00:03<00:11,  4.29it/s, loss=0.7095, acc=45.00%, img/s=137.0, eta=0.2m]
Epoch 1/1:  24%|██▍       | 15/63 [00:03<00:11,  4.30it/s, loss=0.7095, acc=45.00%, img/s=137.0, eta=0.2m]
[36m(ClientAppActor pid=32867)[0m 
Epoch 1/1:  24%|██▍       | 15/63 [00:03<00:11,  4.30it/s, loss=0.7005, acc=45.31%, img/s=137.0, eta=0.2m]
Epoch 1/1:  25%|██▌       | 16/63 [00:03<00:10,  4.31it/s, loss=0.7005, acc=45.31%, img/s=137.0, eta=0.2m]
[36m(ClientAppActor pid=32867)[0m 
Epoch 1/1:  25%|██▌       | 16/63 [00:03<00:10,  4.31it/s, loss=0.7039, acc=44.85%, img/s=137.1, eta=0.2m]
Epoch 1/1:  27%|██▋       | 17/63 [00:03<00:10,  4.30it/s, loss=0.7039, acc=44.85%, img/s=137.1, eta=0.2m]
[36m(ClientAppActor pid=32867)[0m 
Epoch 1/1:  27%|██▋       | 17/63 [00:04<00:10,  4.30it/s, loss=0.6985, acc=44.62%, img/s=137.1, eta=0.2m]
Epoch 1/1:  29%|██▊       | 18/63 [00:04<00:10,  4.30it/s, loss=0.6985, acc=44.62%, img/s=137.1, eta=0.2m]
[36m(ClientAppActor pid=32867)[0m 
Epoch 1/1:  29%|██▊       | 18/63 [00:04<00:10,  4.30it/s, loss=0.6692, acc=45.89%, img/s=137.1, eta=0.2m]
Epoch 1/1:  30%|███       | 19/63 [00:04<00:10,  4.30it/s, loss=0.6692, acc=45.89%, img/s=137.1, eta=0.2m]
[36m(ClientAppActor pid=32867)[0m 
Epoch 1/1:  30%|███       | 19/63 [00:04<00:10,  4.30it/s, loss=0.6895, acc=45.78%, img/s=137.1, eta=0.2m]
Epoch 1/1:  32%|███▏      | 20/63 [00:04<00:10,  4.30it/s, loss=0.6895, acc=45.78%, img/s=137.1, eta=0.2m]
[36m(ClientAppActor pid=32867)[0m 
Epoch 1/1:  32%|███▏      | 20/63 [00:04<00:10,  4.30it/s, loss=0.7044, acc=46.13%, img/s=137.1, eta=0.2m]
Epoch 1/1:  33%|███▎      | 21/63 [00:04<00:09,  4.29it/s, loss=0.7044, acc=46.13%, img/s=137.1, eta=0.2m]
[36m(ClientAppActor pid=32867)[0m 
Epoch 1/1:  33%|███▎      | 21/63 [00:05<00:09,  4.29it/s, loss=0.7580, acc=45.74%, img/s=137.2, eta=0.2m]
Epoch 1/1:  35%|███▍      | 22/63 [00:05<00:09,  4.30it/s, loss=0.7580, acc=45.74%, img/s=137.2, eta=0.2m]
[36m(ClientAppActor pid=32867)[0m 
Epoch 1/1:  35%|███▍      | 22/63 [00:05<00:09,  4.30it/s, loss=0.7187, acc=45.79%, img/s=137.1, eta=0.2m]
Epoch 1/1:  37%|███▋      | 23/63 [00:05<00:09,  4.29it/s, loss=0.7187, acc=45.79%, img/s=137.1, eta=0.2m]
[36m(ClientAppActor pid=32867)[0m 
Epoch 1/1:  37%|███▋      | 23/63 [00:05<00:09,  4.29it/s, loss=0.7308, acc=45.70%, img/s=137.2, eta=0.2m]
Epoch 1/1:  38%|███▊      | 24/63 [00:05<00:09,  4.30it/s, loss=0.7308, acc=45.70%, img/s=137.2, eta=0.2m]
[36m(ClientAppActor pid=32867)[0m 
Epoch 1/1:  38%|███▊      | 24/63 [00:05<00:09,  4.30it/s, loss=0.6764, acc=46.50%, img/s=137.2, eta=0.1m]
Epoch 1/1:  40%|███▉      | 25/63 [00:05<00:08,  4.29it/s, loss=0.6764, acc=46.50%, img/s=137.2, eta=0.1m]
[36m(ClientAppActor pid=32867)[0m 
Epoch 1/1:  40%|███▉      | 25/63 [00:06<00:08,  4.29it/s, loss=0.6806, acc=47.00%, img/s=137.2, eta=0.1m]
Epoch 1/1:  41%|████▏     | 26/63 [00:06<00:08,  4.31it/s, loss=0.6806, acc=47.00%, img/s=137.2, eta=0.1m]
[36m(ClientAppActor pid=32867)[0m 
Epoch 1/1:  41%|████▏     | 26/63 [00:06<00:08,  4.31it/s, loss=0.7032, acc=47.11%, img/s=137.1, eta=0.1m]
Epoch 1/1:  43%|████▎     | 27/63 [00:06<00:08,  4.26it/s, loss=0.7032, acc=47.11%, img/s=137.1, eta=0.1m]
[36m(ClientAppActor pid=32867)[0m 
Epoch 1/1:  43%|████▎     | 27/63 [00:06<00:08,  4.26it/s, loss=0.7011, acc=46.99%, img/s=136.8, eta=0.1m]
Epoch 1/1:  44%|████▍     | 28/63 [00:06<00:08,  4.19it/s, loss=0.7011, acc=46.99%, img/s=136.8, eta=0.1m]
[36m(ClientAppActor pid=32867)[0m 
Epoch 1/1:  44%|████▍     | 28/63 [00:06<00:08,  4.19it/s, loss=0.6871, acc=47.20%, img/s=136.4, eta=0.1m]
Epoch 1/1:  46%|████▌     | 29/63 [00:06<00:08,  4.13it/s, loss=0.6871, acc=47.20%, img/s=136.4, eta=0.1m]
[36m(ClientAppActor pid=32867)[0m 
Epoch 1/1:  46%|████▌     | 29/63 [00:07<00:08,  4.13it/s, loss=0.6797, acc=47.60%, img/s=136.2, eta=0.1m]
Epoch 1/1:  48%|████▊     | 30/63 [00:07<00:08,  4.10it/s, loss=0.6797, acc=47.60%, img/s=136.2, eta=0.1m]
[36m(ClientAppActor pid=32867)[0m 
Epoch 1/1:  48%|████▊     | 30/63 [00:07<00:08,  4.10it/s, loss=0.7493, acc=47.18%, img/s=136.6, eta=0.1m]
Epoch 1/1:  49%|████▉     | 31/63 [00:07<00:07,  4.26it/s, loss=0.7493, acc=47.18%, img/s=136.6, eta=0.1m]
[36m(ClientAppActor pid=32867)[0m 
Epoch 1/1:  49%|████▉     | 31/63 [00:07<00:07,  4.26it/s, loss=0.7541, acc=46.97%, img/s=136.6, eta=0.1m]
Epoch 1/1:  51%|█████     | 32/63 [00:07<00:07,  4.28it/s, loss=0.7541, acc=46.97%, img/s=136.6, eta=0.1m]
[36m(ClientAppActor pid=32867)[0m 
Epoch 1/1:  51%|█████     | 32/63 [00:07<00:07,  4.28it/s, loss=0.6487, acc=47.63%, img/s=136.6, eta=0.1m]
Epoch 1/1:  52%|█████▏    | 33/63 [00:07<00:07,  4.28it/s, loss=0.6487, acc=47.63%, img/s=136.6, eta=0.1m]
[36m(ClientAppActor pid=32867)[0m 
Epoch 1/1:  52%|█████▏    | 33/63 [00:07<00:07,  4.28it/s, loss=0.6930, acc=47.61%, img/s=136.7, eta=0.1m]
Epoch 1/1:  54%|█████▍    | 34/63 [00:07<00:06,  4.29it/s, loss=0.6930, acc=47.61%, img/s=136.7, eta=0.1m]
[36m(ClientAppActor pid=32867)[0m 
Epoch 1/1:  54%|█████▍    | 34/63 [00:08<00:06,  4.29it/s, loss=0.6883, acc=47.59%, img/s=136.6, eta=0.1m]
Epoch 1/1:  56%|█████▌    | 35/63 [00:08<00:06,  4.27it/s, loss=0.6883, acc=47.59%, img/s=136.6, eta=0.1m]
[36m(ClientAppActor pid=32867)[0m 
Epoch 1/1:  56%|█████▌    | 35/63 [00:08<00:06,  4.27it/s, loss=0.7085, acc=47.74%, img/s=136.6, eta=0.1m]
Epoch 1/1:  57%|█████▋    | 36/63 [00:08<00:06,  4.26it/s, loss=0.7085, acc=47.74%, img/s=136.6, eta=0.1m]
[36m(ClientAppActor pid=32867)[0m 
Epoch 1/1:  57%|█████▋    | 36/63 [00:08<00:06,  4.26it/s, loss=0.6802, acc=48.14%, img/s=136.6, eta=0.1m]
Epoch 1/1:  59%|█████▊    | 37/63 [00:08<00:06,  4.27it/s, loss=0.6802, acc=48.14%, img/s=136.6, eta=0.1m]
[36m(ClientAppActor pid=32867)[0m 
Epoch 1/1:  59%|█████▊    | 37/63 [00:08<00:06,  4.27it/s, loss=0.6955, acc=48.19%, img/s=136.6, eta=0.1m]
Epoch 1/1:  60%|██████    | 38/63 [00:08<00:05,  4.26it/s, loss=0.6955, acc=48.19%, img/s=136.6, eta=0.1m]
[36m(ClientAppActor pid=32867)[0m 
Epoch 1/1:  60%|██████    | 38/63 [00:09<00:05,  4.26it/s, loss=0.6863, acc=48.40%, img/s=136.3, eta=0.1m]
Epoch 1/1:  62%|██████▏   | 39/63 [00:09<00:05,  4.17it/s, loss=0.6863, acc=48.40%, img/s=136.3, eta=0.1m]
[36m(ClientAppActor pid=32867)[0m 
Epoch 1/1:  62%|██████▏   | 39/63 [00:09<00:05,  4.17it/s, loss=0.6776, acc=48.67%, img/s=136.1, eta=0.1m]
Epoch 1/1:  63%|██████▎   | 40/63 [00:09<00:05,  4.11it/s, loss=0.6776, acc=48.67%, img/s=136.1, eta=0.1m]
[36m(ClientAppActor pid=32867)[0m 
Epoch 1/1:  63%|██████▎   | 40/63 [00:09<00:05,  4.11it/s, loss=0.6981, acc=48.78%, img/s=135.9, eta=0.1m]
Epoch 1/1:  65%|██████▌   | 41/63 [00:09<00:05,  4.08it/s, loss=0.6981, acc=48.78%, img/s=135.9, eta=0.1m]
[36m(ClientAppActor pid=32867)[0m 
Epoch 1/1:  65%|██████▌   | 41/63 [00:09<00:05,  4.08it/s, loss=0.6709, acc=48.96%, img/s=135.7, eta=0.1m]
Epoch 1/1:  67%|██████▋   | 42/63 [00:09<00:05,  4.06it/s, loss=0.6709, acc=48.96%, img/s=135.7, eta=0.1m]
[36m(ClientAppActor pid=32867)[0m 
Epoch 1/1:  67%|██████▋   | 42/63 [00:10<00:05,  4.06it/s, loss=0.6872, acc=49.06%, img/s=135.6, eta=0.1m]
Epoch 1/1:  68%|██████▊   | 43/63 [00:10<00:04,  4.06it/s, loss=0.6872, acc=49.06%, img/s=135.6, eta=0.1m]
[36m(ClientAppActor pid=32867)[0m 
Epoch 1/1:  68%|██████▊   | 43/63 [00:10<00:04,  4.06it/s, loss=0.6713, acc=49.15%, img/s=135.4, eta=0.1m]
Epoch 1/1:  70%|██████▉   | 44/63 [00:10<00:04,  4.06it/s, loss=0.6713, acc=49.15%, img/s=135.4, eta=0.1m]
[36m(ClientAppActor pid=32867)[0m 
Epoch 1/1:  70%|██████▉   | 44/63 [00:10<00:04,  4.06it/s, loss=0.6806, acc=49.38%, img/s=135.2, eta=0.1m]
Epoch 1/1:  71%|███████▏  | 45/63 [00:10<00:04,  4.03it/s, loss=0.6806, acc=49.38%, img/s=135.2, eta=0.1m]
[36m(ClientAppActor pid=32867)[0m 
Epoch 1/1:  71%|███████▏  | 45/63 [00:10<00:04,  4.03it/s, loss=0.6724, acc=49.52%, img/s=135.0, eta=0.1m]
Epoch 1/1:  73%|███████▎  | 46/63 [00:10<00:04,  3.99it/s, loss=0.6724, acc=49.52%, img/s=135.0, eta=0.1m]
[36m(ClientAppActor pid=32867)[0m 
Epoch 1/1:  73%|███████▎  | 46/63 [00:11<00:04,  3.99it/s, loss=0.7092, acc=49.47%, img/s=134.9, eta=0.1m]
Epoch 1/1:  75%|███████▍  | 47/63 [00:11<00:03,  4.01it/s, loss=0.7092, acc=49.47%, img/s=134.9, eta=0.1m]
[36m(ClientAppActor pid=32867)[0m 
Epoch 1/1:  75%|███████▍  | 47/63 [00:11<00:03,  4.01it/s, loss=0.6744, acc=49.67%, img/s=134.7, eta=0.1m]
Epoch 1/1:  76%|███████▌  | 48/63 [00:11<00:03,  4.01it/s, loss=0.6744, acc=49.67%, img/s=134.7, eta=0.1m]
[36m(ClientAppActor pid=32867)[0m 
Epoch 1/1:  76%|███████▌  | 48/63 [00:11<00:03,  4.01it/s, loss=0.6769, acc=49.74%, img/s=134.5, eta=0.1m]
Epoch 1/1:  78%|███████▊  | 49/63 [00:11<00:03,  3.97it/s, loss=0.6769, acc=49.74%, img/s=134.5, eta=0.1m]
[36m(ClientAppActor pid=32867)[0m 
Epoch 1/1:  78%|███████▊  | 49/63 [00:11<00:03,  3.97it/s, loss=0.7178, acc=49.69%, img/s=134.4, eta=0.1m]
Epoch 1/1:  79%|███████▉  | 50/63 [00:11<00:03,  3.98it/s, loss=0.7178, acc=49.69%, img/s=134.4, eta=0.1m]
[36m(ClientAppActor pid=32867)[0m 
Epoch 1/1:  79%|███████▉  | 50/63 [00:12<00:03,  3.98it/s, loss=0.6720, acc=49.94%, img/s=134.2, eta=0.0m]
Epoch 1/1:  81%|████████  | 51/63 [00:12<00:03,  3.98it/s, loss=0.6720, acc=49.94%, img/s=134.2, eta=0.0m]
[36m(ClientAppActor pid=32867)[0m 
Epoch 1/1:  81%|████████  | 51/63 [00:12<00:03,  3.98it/s, loss=0.6776, acc=50.00%, img/s=134.1, eta=0.0m]
Epoch 1/1:  83%|████████▎ | 52/63 [00:12<00:02,  4.01it/s, loss=0.6776, acc=50.00%, img/s=134.1, eta=0.0m]
[36m(ClientAppActor pid=32867)[0m 
Epoch 1/1:  83%|████████▎ | 52/63 [00:12<00:02,  4.01it/s, loss=0.6493, acc=50.18%, img/s=134.1, eta=0.0m]
Epoch 1/1:  84%|████████▍ | 53/63 [00:12<00:02,  4.02it/s, loss=0.6493, acc=50.18%, img/s=134.1, eta=0.0m]
[36m(ClientAppActor pid=32867)[0m 
Epoch 1/1:  84%|████████▍ | 53/63 [00:12<00:02,  4.02it/s, loss=0.6947, acc=50.29%, img/s=134.0, eta=0.0m]
Epoch 1/1:  86%|████████▌ | 54/63 [00:12<00:02,  4.04it/s, loss=0.6947, acc=50.29%, img/s=134.0, eta=0.0m]
[36m(ClientAppActor pid=32867)[0m 
Epoch 1/1:  86%|████████▌ | 54/63 [00:13<00:02,  4.04it/s, loss=0.6912, acc=50.40%, img/s=134.0, eta=0.0m]
Epoch 1/1:  87%|████████▋ | 55/63 [00:13<00:01,  4.06it/s, loss=0.6912, acc=50.40%, img/s=134.0, eta=0.0m]
[36m(ClientAppActor pid=32867)[0m 
Epoch 1/1:  87%|████████▋ | 55/63 [00:13<00:01,  4.06it/s, loss=0.6962, acc=50.39%, img/s=133.9, eta=0.0m]
Epoch 1/1:  89%|████████▉ | 56/63 [00:13<00:01,  4.07it/s, loss=0.6962, acc=50.39%, img/s=133.9, eta=0.0m]
[36m(ClientAppActor pid=32867)[0m 
Epoch 1/1:  89%|████████▉ | 56/63 [00:13<00:01,  4.07it/s, loss=0.7015, acc=50.27%, img/s=133.8, eta=0.0m]
Epoch 1/1:  90%|█████████ | 57/63 [00:13<00:01,  4.07it/s, loss=0.7015, acc=50.27%, img/s=133.8, eta=0.0m]
[36m(ClientAppActor pid=32867)[0m 
Epoch 1/1:  90%|█████████ | 57/63 [00:13<00:01,  4.07it/s, loss=0.6382, acc=50.54%, img/s=133.7, eta=0.0m]
Epoch 1/1:  92%|█████████▏| 58/63 [00:13<00:01,  4.04it/s, loss=0.6382, acc=50.54%, img/s=133.7, eta=0.0m]
[36m(ClientAppActor pid=32867)[0m 
Epoch 1/1:  92%|█████████▏| 58/63 [00:14<00:01,  4.04it/s, loss=0.7181, acc=50.53%, img/s=133.6, eta=0.0m]
Epoch 1/1:  94%|█████████▎| 59/63 [00:14<00:00,  4.04it/s, loss=0.7181, acc=50.53%, img/s=133.6, eta=0.0m]
[36m(ClientAppActor pid=32867)[0m 
Epoch 1/1:  94%|█████████▎| 59/63 [00:14<00:00,  4.04it/s, loss=0.6894, acc=50.62%, img/s=133.7, eta=0.0m]
Epoch 1/1:  95%|█████████▌| 60/63 [00:14<00:00,  4.10it/s, loss=0.6894, acc=50.62%, img/s=133.7, eta=0.0m]
[36m(ClientAppActor pid=32867)[0m 
Epoch 1/1:  95%|█████████▌| 60/63 [00:14<00:00,  4.10it/s, loss=0.6585, acc=50.82%, img/s=133.7, eta=0.0m]
Epoch 1/1:  97%|█████████▋| 61/63 [00:14<00:00,  4.11it/s, loss=0.6585, acc=50.82%, img/s=133.7, eta=0.0m]
[36m(ClientAppActor pid=32867)[0m 
Epoch 1/1:  97%|█████████▋| 61/63 [00:14<00:00,  4.11it/s, loss=0.6962, acc=50.91%, img/s=133.6, eta=0.0m]
Epoch 1/1:  98%|█████████▊| 62/63 [00:14<00:00,  4.11it/s, loss=0.6962, acc=50.91%, img/s=133.6, eta=0.0m]
[36m(ClientAppActor pid=32867)[0m 
Epoch 1/1:  98%|█████████▊| 62/63 [00:14<00:00,  4.11it/s, loss=0.6089, acc=51.00%, img/s=67.2, eta=0.0m] 
Epoch 1/1: 100%|██████████| 63/63 [00:14<00:00,  4.69it/s, loss=0.6089, acc=51.00%, img/s=67.2, eta=0.0m]
Epoch 1/1: 100%|██████████| 63/63 [00:14<00:00,  4.20it/s, loss=0.6089, acc=51.00%, img/s=67.2, eta=0.0m]
[36m(ClientAppActor pid=32867)[0m 
Epoch 1/1:   0%|          | 0/63 [00:00<?, ?it/s]
[36m(ClientAppActor pid=32867)[0m 
Epoch 1/1:   0%|          | 0/63 [00:00<?, ?it/s, loss=0.6878, acc=59.38%, img/s=134.4, eta=0.2m]
Epoch 1/1:   2%|▏         | 1/63 [00:00<00:14,  4.20it/s, loss=0.6878, acc=59.38%, img/s=134.4, eta=0.2m]
[36m(ClientAppActor pid=32867)[0m 
Epoch 1/1:   2%|▏         | 1/63 [00:00<00:14,  4.20it/s, loss=0.6805, acc=54.69%, img/s=136.1, eta=0.2m]
Epoch 1/1:   3%|▎         | 2/63 [00:00<00:14,  4.26it/s, loss=0.6805, acc=54.69%, img/s=136.1, eta=0.2m]
[36m(ClientAppActor pid=32867)[0m 
Epoch 1/1:   3%|▎         | 2/63 [00:00<00:14,  4.26it/s, loss=0.7041, acc=54.17%, img/s=136.7, eta=0.2m]
Epoch 1/1:   5%|▍         | 3/63 [00:00<00:14,  4.28it/s, loss=0.7041, acc=54.17%, img/s=136.7, eta=0.2m]
[36m(ClientAppActor pid=32867)[0m 
Epoch 1/1:   5%|▍         | 3/63 [00:00<00:14,  4.28it/s, loss=0.7097, acc=49.22%, img/s=136.9, eta=0.2m]
Epoch 1/1:   6%|▋         | 4/63 [00:00<00:13,  4.29it/s, loss=0.7097, acc=49.22%, img/s=136.9, eta=0.2m]
[36m(ClientAppActor pid=32867)[0m 
Epoch 1/1:   6%|▋         | 4/63 [00:01<00:13,  4.29it/s, loss=0.6967, acc=50.00%, img/s=137.1, eta=0.2m]
Epoch 1/1:   8%|▊         | 5/63 [00:01<00:13,  4.30it/s, loss=0.6967, acc=50.00%, img/s=137.1, eta=0.2m]
[36m(ClientAppActor pid=32867)[0m 
Epoch 1/1:   8%|▊         | 5/63 [00:01<00:13,  4.30it/s, loss=0.6997, acc=50.52%, img/s=137.2, eta=0.2m]
Epoch 1/1:  10%|▉         | 6/63 [00:01<00:13,  4.30it/s, loss=0.6997, acc=50.52%, img/s=137.2, eta=0.2m]
[36m(ClientAppActor pid=32867)[0m 
Epoch 1/1:  10%|▉         | 6/63 [00:01<00:13,  4.30it/s, loss=0.7728, acc=47.77%, img/s=137.3, eta=0.2m]
Epoch 1/1:  11%|█         | 7/63 [00:01<00:13,  4.30it/s, loss=0.7728, acc=47.77%, img/s=137.3, eta=0.2m]
[36m(ClientAppActor pid=32867)[0m 
Epoch 1/1:  11%|█         | 7/63 [00:01<00:13,  4.30it/s, loss=0.7177, acc=47.66%, img/s=137.3, eta=0.2m]
Epoch 1/1:  13%|█▎        | 8/63 [00:01<00:12,  4.30it/s, loss=0.7177, acc=47.66%, img/s=137.3, eta=0.2m]
[36m(ClientAppActor pid=32867)[0m 
Epoch 1/1:  13%|█▎        | 8/63 [00:02<00:12,  4.30it/s, loss=0.6911, acc=48.61%, img/s=137.4, eta=0.2m]
Epoch 1/1:  14%|█▍        | 9/63 [00:02<00:12,  4.31it/s, loss=0.6911, acc=48.61%, img/s=137.4, eta=0.2m]
[36m(ClientAppActor pid=32867)[0m 
Epoch 1/1:  14%|█▍        | 9/63 [00:02<00:12,  4.31it/s, loss=0.7023, acc=48.44%, img/s=137.5, eta=0.2m]
Epoch 1/1:  16%|█▌        | 10/63 [00:02<00:12,  4.31it/s, loss=0.7023, acc=48.44%, img/s=137.5, eta=0.2m]
[36m(ClientAppActor pid=32867)[0m 
Epoch 1/1:  16%|█▌        | 10/63 [00:02<00:12,  4.31it/s, loss=0.6975, acc=48.58%, img/s=137.4, eta=0.2m]
Epoch 1/1:  17%|█▋        | 11/63 [00:02<00:12,  4.29it/s, loss=0.6975, acc=48.58%, img/s=137.4, eta=0.2m]
[36m(ClientAppActor pid=32867)[0m 
Epoch 1/1:  17%|█▋        | 11/63 [00:02<00:12,  4.29it/s, loss=0.6969, acc=48.96%, img/s=137.4, eta=0.2m]
Epoch 1/1:  19%|█▉        | 12/63 [00:02<00:11,  4.30it/s, loss=0.6969, acc=48.96%, img/s=137.4, eta=0.2m]
[36m(ClientAppActor pid=32867)[0m 
Epoch 1/1:  19%|█▉        | 12/63 [00:03<00:11,  4.30it/s, loss=0.6936, acc=49.04%, img/s=137.5, eta=0.2m]
Epoch 1/1:  21%|██        | 13/63 [00:03<00:11,  4.31it/s, loss=0.6936, acc=49.04%, img/s=137.5, eta=0.2m]
[36m(ClientAppActor pid=32867)[0m 
Epoch 1/1:  21%|██        | 13/63 [00:03<00:11,  4.31it/s, loss=0.6669, acc=49.33%, img/s=137.6, eta=0.2m]
Epoch 1/1:  22%|██▏       | 14/63 [00:03<00:11,  4.32it/s, loss=0.6669, acc=49.33%, img/s=137.6, eta=0.2m]
[36m(ClientAppActor pid=32867)[0m 
Epoch 1/1:  22%|██▏       | 14/63 [00:03<00:11,  4.32it/s, loss=0.6831, acc=50.00%, img/s=137.6, eta=0.2m]
Epoch 1/1:  24%|██▍       | 15/63 [00:03<00:11,  4.32it/s, loss=0.6831, acc=50.00%, img/s=137.6, eta=0.2m]
[36m(ClientAppActor pid=32867)[0m 
Epoch 1/1:  24%|██▍       | 15/63 [00:03<00:11,  4.32it/s, loss=0.6989, acc=50.20%, img/s=137.6, eta=0.2m]
Epoch 1/1:  25%|██▌       | 16/63 [00:03<00:10,  4.31it/s, loss=0.6989, acc=50.20%, img/s=137.6, eta=0.2m]
[36m(ClientAppActor pid=32867)[0m 
Epoch 1/1:  25%|██▌       | 16/63 [00:03<00:10,  4.31it/s, loss=0.7356, acc=50.00%, img/s=137.6, eta=0.2m]
Epoch 1/1:  27%|██▋       | 17/63 [00:03<00:10,  4.31it/s, loss=0.7356, acc=50.00%, img/s=137.6, eta=0.2m]
[36m(ClientAppActor pid=32867)[0m 
Epoch 1/1:  27%|██▋       | 17/63 [00:04<00:10,  4.31it/s, loss=0.7486, acc=49.48%, img/s=137.6, eta=0.2m]
Epoch 1/1:  29%|██▊       | 18/63 [00:04<00:10,  4.30it/s, loss=0.7486, acc=49.48%, img/s=137.6, eta=0.2m]
[36m(ClientAppActor pid=32867)[0m 
Epoch 1/1:  29%|██▊       | 18/63 [00:04<00:10,  4.30it/s, loss=0.7033, acc=49.34%, img/s=137.6, eta=0.2m]
Epoch 1/1:  30%|███       | 19/63 [00:04<00:10,  4.30it/s, loss=0.7033, acc=49.34%, img/s=137.6, eta=0.2m]
[36m(ClientAppActor pid=32867)[0m 
Epoch 1/1:  30%|███       | 19/63 [00:04<00:10,  4.30it/s, loss=0.6808, acc=49.53%, img/s=137.6, eta=0.2m]
Epoch 1/1:  32%|███▏      | 20/63 [00:04<00:10,  4.30it/s, loss=0.6808, acc=49.53%, img/s=137.6, eta=0.2m]
[36m(ClientAppActor pid=32867)[0m 
Epoch 1/1:  32%|███▏      | 20/63 [00:04<00:10,  4.30it/s, loss=0.7001, acc=48.96%, img/s=137.6, eta=0.2m]
Epoch 1/1:  33%|███▎      | 21/63 [00:04<00:09,  4.29it/s, loss=0.7001, acc=48.96%, img/s=137.6, eta=0.2m]
[36m(ClientAppActor pid=32867)[0m 
Epoch 1/1:  33%|███▎      | 21/63 [00:05<00:09,  4.29it/s, loss=0.7057, acc=49.15%, img/s=137.6, eta=0.2m]
Epoch 1/1:  35%|███▍      | 22/63 [00:05<00:09,  4.29it/s, loss=0.7057, acc=49.15%, img/s=137.6, eta=0.2m]
[36m(ClientAppActor pid=32867)[0m 
Epoch 1/1:  35%|███▍      | 22/63 [00:05<00:09,  4.29it/s, loss=0.6604, acc=49.73%, img/s=137.6, eta=0.2m]
Epoch 1/1:  37%|███▋      | 23/63 [00:05<00:09,  4.30it/s, loss=0.6604, acc=49.73%, img/s=137.6, eta=0.2m]
[36m(ClientAppActor pid=32867)[0m 
Epoch 1/1:  37%|███▋      | 23/63 [00:05<00:09,  4.30it/s, loss=0.6715, acc=50.39%, img/s=137.6, eta=0.2m]
Epoch 1/1:  38%|███▊      | 24/63 [00:05<00:09,  4.30it/s, loss=0.6715, acc=50.39%, img/s=137.6, eta=0.2m]
[36m(ClientAppActor pid=32867)[0m 
Epoch 1/1:  38%|███▊      | 24/63 [00:05<00:09,  4.30it/s, loss=0.6901, acc=50.50%, img/s=137.5, eta=0.1m]
Epoch 1/1:  40%|███▉      | 25/63 [00:05<00:08,  4.29it/s, loss=0.6901, acc=50.50%, img/s=137.5, eta=0.1m]
[36m(ClientAppActor pid=32867)[0m 
Epoch 1/1:  40%|███▉      | 25/63 [00:06<00:08,  4.29it/s, loss=0.7481, acc=50.12%, img/s=137.6, eta=0.1m]
Epoch 1/1:  41%|████▏     | 26/63 [00:06<00:08,  4.30it/s, loss=0.7481, acc=50.12%, img/s=137.6, eta=0.1m]
[36m(ClientAppActor pid=32867)[0m 
Epoch 1/1:  41%|████▏     | 26/63 [00:06<00:08,  4.30it/s, loss=0.7042, acc=50.12%, img/s=137.6, eta=0.1m]
Epoch 1/1:  43%|████▎     | 27/63 [00:06<00:08,  4.30it/s, loss=0.7042, acc=50.12%, img/s=137.6, eta=0.1m]
[36m(ClientAppActor pid=32867)[0m 
Epoch 1/1:  43%|████▎     | 27/63 [00:06<00:08,  4.30it/s, loss=0.7073, acc=50.11%, img/s=137.6, eta=0.1m]
Epoch 1/1:  44%|████▍     | 28/63 [00:06<00:08,  4.30it/s, loss=0.7073, acc=50.11%, img/s=137.6, eta=0.1m]
[36m(ClientAppActor pid=32867)[0m 
Epoch 1/1:  44%|████▍     | 28/63 [00:06<00:08,  4.30it/s, loss=0.7117, acc=49.89%, img/s=137.6, eta=0.1m]
Epoch 1/1:  46%|████▌     | 29/63 [00:06<00:07,  4.30it/s, loss=0.7117, acc=49.89%, img/s=137.6, eta=0.1m]
[36m(ClientAppActor pid=32867)[0m 
Epoch 1/1:  46%|████▌     | 29/63 [00:06<00:07,  4.30it/s, loss=0.7089, acc=49.58%, img/s=137.6, eta=0.1m]
Epoch 1/1:  48%|████▊     | 30/63 [00:06<00:07,  4.30it/s, loss=0.7089, acc=49.58%, img/s=137.6, eta=0.1m]
[36m(ClientAppActor pid=32867)[0m 
Epoch 1/1:  48%|████▊     | 30/63 [00:07<00:07,  4.30it/s, loss=0.7004, acc=49.60%, img/s=137.6, eta=0.1m]
Epoch 1/1:  49%|████▉     | 31/63 [00:07<00:07,  4.31it/s, loss=0.7004, acc=49.60%, img/s=137.6, eta=0.1m]
[36m(ClientAppActor pid=32867)[0m 
Epoch 1/1:  49%|████▉     | 31/63 [00:07<00:07,  4.31it/s, loss=0.7061, acc=49.32%, img/s=137.5, eta=0.1m]
Epoch 1/1:  51%|█████     | 32/63 [00:07<00:07,  4.27it/s, loss=0.7061, acc=49.32%, img/s=137.5, eta=0.1m]
[36m(ClientAppActor pid=32867)[0m 
Epoch 1/1:  51%|█████     | 32/63 [00:07<00:07,  4.27it/s, loss=0.7239, acc=48.96%, img/s=137.3, eta=0.1m]
Epoch 1/1:  52%|█████▏    | 33/63 [00:07<00:07,  4.21it/s, loss=0.7239, acc=48.96%, img/s=137.3, eta=0.1m]
[36m(ClientAppActor pid=32867)[0m 
Epoch 1/1:  52%|█████▏    | 33/63 [00:07<00:07,  4.21it/s, loss=0.6955, acc=49.08%, img/s=137.0, eta=0.1m]
Epoch 1/1:  54%|█████▍    | 34/63 [00:07<00:06,  4.15it/s, loss=0.6955, acc=49.08%, img/s=137.0, eta=0.1m]
[36m(ClientAppActor pid=32867)[0m 
Epoch 1/1:  54%|█████▍    | 34/63 [00:08<00:06,  4.15it/s, loss=0.7084, acc=48.93%, img/s=136.7, eta=0.1m]
Epoch 1/1:  56%|█████▌    | 35/63 [00:08<00:06,  4.11it/s, loss=0.7084, acc=48.93%, img/s=136.7, eta=0.1m]
[36m(ClientAppActor pid=32867)[0m 
Epoch 1/1:  56%|█████▌    | 35/63 [00:08<00:06,  4.11it/s, loss=0.6817, acc=48.87%, img/s=136.5, eta=0.1m]
Epoch 1/1:  57%|█████▋    | 36/63 [00:08<00:06,  4.09it/s, loss=0.6817, acc=48.87%, img/s=136.5, eta=0.1m]
[36m(ClientAppActor pid=32867)[0m 
Epoch 1/1:  57%|█████▋    | 36/63 [00:08<00:06,  4.09it/s, loss=0.6821, acc=49.24%, img/s=136.3, eta=0.1m]
Epoch 1/1:  59%|█████▊    | 37/63 [00:08<00:06,  4.07it/s, loss=0.6821, acc=49.24%, img/s=136.3, eta=0.1m]
[36m(ClientAppActor pid=32867)[0m 
Epoch 1/1:  59%|█████▊    | 37/63 [00:08<00:06,  4.07it/s, loss=0.7055, acc=49.01%, img/s=136.1, eta=0.1m]
Epoch 1/1:  60%|██████    | 38/63 [00:08<00:06,  4.07it/s, loss=0.7055, acc=49.01%, img/s=136.1, eta=0.1m]
[36m(ClientAppActor pid=32867)[0m 
Epoch 1/1:  60%|██████    | 38/63 [00:09<00:06,  4.07it/s, loss=0.6887, acc=48.88%, img/s=136.0, eta=0.1m]
Epoch 1/1:  62%|██████▏   | 39/63 [00:09<00:05,  4.06it/s, loss=0.6887, acc=48.88%, img/s=136.0, eta=0.1m]
[36m(ClientAppActor pid=32867)[0m 
Epoch 1/1:  62%|██████▏   | 39/63 [00:09<00:05,  4.06it/s, loss=0.6892, acc=48.83%, img/s=136.0, eta=0.1m]
Epoch 1/1:  63%|██████▎   | 40/63 [00:09<00:05,  4.12it/s, loss=0.6892, acc=48.83%, img/s=136.0, eta=0.1m]
[36m(ClientAppActor pid=32867)[0m 
Epoch 1/1:  63%|██████▎   | 40/63 [00:09<00:05,  4.12it/s, loss=0.6592, acc=49.39%, img/s=136.0, eta=0.1m]
Epoch 1/1:  65%|██████▌   | 41/63 [00:09<00:05,  4.17it/s, loss=0.6592, acc=49.39%, img/s=136.0, eta=0.1m]
[36m(ClientAppActor pid=32867)[0m 
Epoch 1/1:  65%|██████▌   | 41/63 [00:09<00:05,  4.17it/s, loss=0.6799, acc=49.55%, img/s=136.1, eta=0.1m]
Epoch 1/1:  67%|██████▋   | 42/63 [00:09<00:04,  4.21it/s, loss=0.6799, acc=49.55%, img/s=136.1, eta=0.1m]
[36m(ClientAppActor pid=32867)[0m 
Epoch 1/1:  67%|██████▋   | 42/63 [00:10<00:04,  4.21it/s, loss=0.6981, acc=49.56%, img/s=136.1, eta=0.1m]
Epoch 1/1:  68%|██████▊   | 43/63 [00:10<00:04,  4.24it/s, loss=0.6981, acc=49.56%, img/s=136.1, eta=0.1m]
[36m(ClientAppActor pid=32867)[0m 
Epoch 1/1:  68%|██████▊   | 43/63 [00:10<00:04,  4.24it/s, loss=0.6803, acc=49.86%, img/s=136.1, eta=0.1m]
Epoch 1/1:  70%|██████▉   | 44/63 [00:10<00:04,  4.27it/s, loss=0.6803, acc=49.86%, img/s=136.1, eta=0.1m]
[36m(ClientAppActor pid=32867)[0m 
Epoch 1/1:  70%|██████▉   | 44/63 [00:10<00:04,  4.27it/s, loss=0.7146, acc=49.65%, img/s=136.2, eta=0.1m]
Epoch 1/1:  71%|███████▏  | 45/63 [00:10<00:04,  4.27it/s, loss=0.7146, acc=49.65%, img/s=136.2, eta=0.1m]
[36m(ClientAppActor pid=32867)[0m 
Epoch 1/1:  71%|███████▏  | 45/63 [00:10<00:04,  4.27it/s, loss=0.6934, acc=49.66%, img/s=136.2, eta=0.1m]
Epoch 1/1:  73%|███████▎  | 46/63 [00:10<00:03,  4.28it/s, loss=0.6934, acc=49.66%, img/s=136.2, eta=0.1m]
[36m(ClientAppActor pid=32867)[0m 
Epoch 1/1:  73%|███████▎  | 46/63 [00:11<00:03,  4.28it/s, loss=0.7059, acc=49.34%, img/s=136.2, eta=0.1m]
Epoch 1/1:  75%|███████▍  | 47/63 [00:11<00:03,  4.29it/s, loss=0.7059, acc=49.34%, img/s=136.2, eta=0.1m]
[36m(ClientAppActor pid=32867)[0m 
Epoch 1/1:  75%|███████▍  | 47/63 [00:11<00:03,  4.29it/s, loss=0.6709, acc=49.61%, img/s=136.3, eta=0.1m]
Epoch 1/1:  76%|███████▌  | 48/63 [00:11<00:03,  4.30it/s, loss=0.6709, acc=49.61%, img/s=136.3, eta=0.1m]
[36m(ClientAppActor pid=32867)[0m 
Epoch 1/1:  76%|███████▌  | 48/63 [00:11<00:03,  4.30it/s, loss=0.6968, acc=49.74%, img/s=136.3, eta=0.1m]
Epoch 1/1:  78%|███████▊  | 49/63 [00:11<00:03,  4.31it/s, loss=0.6968, acc=49.74%, img/s=136.3, eta=0.1m]
[36m(ClientAppActor pid=32867)[0m 
Epoch 1/1:  78%|███████▊  | 49/63 [00:11<00:03,  4.31it/s, loss=0.6806, acc=49.75%, img/s=136.4, eta=0.1m]
Epoch 1/1:  79%|███████▉  | 50/63 [00:11<00:03,  4.31it/s, loss=0.6806, acc=49.75%, img/s=136.4, eta=0.1m]
[36m(ClientAppActor pid=32867)[0m 
Epoch 1/1:  79%|███████▉  | 50/63 [00:11<00:03,  4.31it/s, loss=0.6733, acc=49.82%, img/s=136.4, eta=0.0m]
Epoch 1/1:  81%|████████  | 51/63 [00:11<00:02,  4.31it/s, loss=0.6733, acc=49.82%, img/s=136.4, eta=0.0m]
[36m(ClientAppActor pid=32867)[0m 
Epoch 1/1:  81%|████████  | 51/63 [00:12<00:02,  4.31it/s, loss=0.6712, acc=50.18%, img/s=136.4, eta=0.0m]
Epoch 1/1:  83%|████████▎ | 52/63 [00:12<00:02,  4.31it/s, loss=0.6712, acc=50.18%, img/s=136.4, eta=0.0m]
[36m(ClientAppActor pid=32867)[0m 
Epoch 1/1:  83%|████████▎ | 52/63 [00:12<00:02,  4.31it/s, loss=0.7117, acc=50.24%, img/s=136.4, eta=0.0m]
Epoch 1/1:  84%|████████▍ | 53/63 [00:12<00:02,  4.30it/s, loss=0.7117, acc=50.24%, img/s=136.4, eta=0.0m]
[36m(ClientAppActor pid=32867)[0m 
Epoch 1/1:  84%|████████▍ | 53/63 [00:12<00:02,  4.30it/s, loss=0.7607, acc=50.12%, img/s=136.5, eta=0.0m]
Epoch 1/1:  86%|████████▌ | 54/63 [00:12<00:02,  4.31it/s, loss=0.7607, acc=50.12%, img/s=136.5, eta=0.0m]
[36m(ClientAppActor pid=32867)[0m 
Epoch 1/1:  86%|████████▌ | 54/63 [00:12<00:02,  4.31it/s, loss=0.7143, acc=50.11%, img/s=136.5, eta=0.0m]
Epoch 1/1:  87%|████████▋ | 55/63 [00:12<00:01,  4.31it/s, loss=0.7143, acc=50.11%, img/s=136.5, eta=0.0m]
[36m(ClientAppActor pid=32867)[0m 
Epoch 1/1:  87%|████████▋ | 55/63 [00:13<00:01,  4.31it/s, loss=0.7061, acc=50.11%, img/s=136.5, eta=0.0m]
Epoch 1/1:  89%|████████▉ | 56/63 [00:13<00:01,  4.31it/s, loss=0.7061, acc=50.11%, img/s=136.5, eta=0.0m]
[36m(ClientAppActor pid=32867)[0m 
Epoch 1/1:  89%|████████▉ | 56/63 [00:13<00:01,  4.31it/s, loss=0.7189, acc=49.89%, img/s=136.5, eta=0.0m]
Epoch 1/1:  90%|█████████ | 57/63 [00:13<00:01,  4.31it/s, loss=0.7189, acc=49.89%, img/s=136.5, eta=0.0m]
[36m(ClientAppActor pid=32867)[0m 
Epoch 1/1:  90%|█████████ | 57/63 [00:13<00:01,  4.31it/s, loss=0.6681, acc=50.11%, img/s=136.6, eta=0.0m]
Epoch 1/1:  92%|█████████▏| 58/63 [00:13<00:01,  4.31it/s, loss=0.6681, acc=50.11%, img/s=136.6, eta=0.0m]
[36m(ClientAppActor pid=32867)[0m 
Epoch 1/1:  92%|█████████▏| 58/63 [00:13<00:01,  4.31it/s, loss=0.6930, acc=50.05%, img/s=136.6, eta=0.0m]
Epoch 1/1:  94%|█████████▎| 59/63 [00:13<00:00,  4.32it/s, loss=0.6930, acc=50.05%, img/s=136.6, eta=0.0m]
[36m(ClientAppActor pid=32867)[0m 
Epoch 1/1:  94%|█████████▎| 59/63 [00:14<00:00,  4.32it/s, loss=0.6813, acc=50.16%, img/s=136.5, eta=0.0m]
Epoch 1/1:  95%|█████████▌| 60/63 [00:14<00:00,  4.28it/s, loss=0.6813, acc=50.16%, img/s=136.5, eta=0.0m]
[36m(ClientAppActor pid=32867)[0m 
Epoch 1/1:  95%|█████████▌| 60/63 [00:14<00:00,  4.28it/s, loss=0.7011, acc=50.20%, img/s=136.4, eta=0.0m]
Epoch 1/1:  97%|█████████▋| 61/63 [00:14<00:00,  4.19it/s, loss=0.7011, acc=50.20%, img/s=136.4, eta=0.0m]
[36m(ClientAppActor pid=32867)[0m 
Epoch 1/1:  97%|█████████▋| 61/63 [00:14<00:00,  4.19it/s, loss=0.6535, acc=50.40%, img/s=136.3, eta=0.0m]
Epoch 1/1:  98%|█████████▊| 62/63 [00:14<00:00,  4.15it/s, loss=0.6535, acc=50.40%, img/s=136.3, eta=0.0m]
[36m(ClientAppActor pid=32867)[0m 
Epoch 1/1:  98%|█████████▊| 62/63 [00:14<00:00,  4.15it/s, loss=0.7472, acc=50.30%, img/s=68.5, eta=0.0m] 
Epoch 1/1: 100%|██████████| 63/63 [00:14<00:00,  4.67it/s, loss=0.7472, acc=50.30%, img/s=68.5, eta=0.0m]
Epoch 1/1: 100%|██████████| 63/63 [00:14<00:00,  4.28it/s, loss=0.7472, acc=50.30%, img/s=68.5, eta=0.0m]
[36m(ClientAppActor pid=32867)[0m 
Epoch 1/1:   0%|          | 0/63 [00:00<?, ?it/s]
[36m(ClientAppActor pid=32867)[0m Client 1 Class Distribution
[36m(ClientAppActor pid=32867)[0m Train: Counter({1: 1011, 0: 989})
[36m(ClientAppActor pid=32867)[0m Val  : Counter({0: 55, 1: 45})
[36m(ClientAppActor pid=32867)[0m Test : Counter({0: 53, 1: 47})
[36m(ClientAppActor pid=32867)[0m Client 1
[36m(ClientAppActor pid=32867)[0m Train Images: 2000
[36m(ClientAppActor pid=32867)[0m Test Images : 100
[36m(ClientAppActor pid=32867)[0m Validate Images : 100
[36m(ClientAppActor pid=32867)[0m Client 1 starting fit...
[36m(ClientAppActor pid=32867)[0m Client 1 received class memories
[36m(ClientAppActor pid=32867)[0m Real memory norm=0.9100
[36m(ClientAppActor pid=32867)[0m Fake memory norm=0.9043
[36m(ClientAppActor pid=32867)[0m Client 1 starting training...
[36m(ClientAppActor pid=32867)[0m START classifier norm: 13.062769889831543
[36m(ClientAppActor pid=32867)[0m Artifact bias shape: torch.Size([32, 8, 197, 197])
[36m(ClientAppActor pid=32867)[0m 
[36m(ClientAppActor pid=32867)[0m Batch 0/63
[36m(ClientAppActor pid=32867)[0m GPU Allocated: 1.83 GB
[36m(ClientAppActor pid=32867)[0m GPU Reserved : 3.86 GB
[36m(ClientAppActor pid=32867)[0m 
[36m(ClientAppActor pid=32867)[0m ==================================================
[36m(ClientAppActor pid=32867)[0m Epoch 1 Complete
[36m(ClientAppActor pid=32867)[0m Average Loss : 0.7004
[36m(ClientAppActor pid=32867)[0m Accuracy     : 49.90%
[36m(ClientAppActor pid=32867)[0m Time         : 14.56s
[36m(ClientAppActor pid=32867)[0m Images       : 2000
[36m(ClientAppActor pid=32867)[0m Images/sec   : 137.35
[36m(ClientAppActor pid=32867)[0m GPU Allocated: 1.82 GB
[36m(ClientAppActor pid=32867)[0m GPU Reserved : 3.86 GB
[36m(ClientAppActor pid=32867)[0m ==================================================
[36m(ClientAppActor pid=32867)[0m END classifier norm: 13.063051223754883
[36m(ClientAppActor pid=32867)[0m Client 1 finished training
[36m(ClientAppActor pid=32867)[0m Client 1 extracting parameters...
[36m(ClientAppActor pid=32867)[0m Client 1 parameter extraction complete
[36m(ClientAppActor pid=32867)[0m Client 1 returning results
[36m(ClientAppActor pid=32867)[0m Client 2 using cuda
[36m(ClientAppActor pid=32867)[0m {'fake': 0, 'real': 1}
[36m(ClientAppActor pid=32867)[0m [DEBUG MODE] Train=2000, Val=100, Test=100
[36m(ClientAppActor pid=32867)[0m 
[36m(ClientAppActor pid=32867)[0m Client 2 Class Distribution
[36m(ClientAppActor pid=32867)[0m Train: Counter({0: 1012, 1: 988})
[36m(ClientAppActor pid=32867)[0m Val  : Counter({0: 60, 1: 40})
[36m(ClientAppActor pid=32867)[0m Test : Counter({0: 51, 1: 49})
[36m(ClientAppActor pid=32867)[0m Client 2
[36m(ClientAppActor pid=32867)[0m Train Images: 2000
[36m(ClientAppActor pid=32867)[0m Test Images : 100
[36m(ClientAppActor pid=32867)[0m Validate Images : 100
[36m(ClientAppActor pid=32867)[0m Client 2 starting fit...
[36m(ClientAppActor pid=32867)[0m Client 2 received class memories
[36m(ClientAppActor pid=32867)[0m Real memory norm=0.9100
[36m(ClientAppActor pid=32867)[0m Fake memory norm=0.9043
[36m(ClientAppActor pid=32867)[0m Client 2 starting training...
[36m(ClientAppActor pid=32867)[0m START classifier norm: 13.062769889831543
[36m(ClientAppActor pid=32867)[0m Artifact bias shape: torch.Size([32, 8, 197, 197])
[36m(ClientAppActor pid=32867)[0m 
[36m(ClientAppActor pid=32867)[0m Batch 0/63
[36m(ClientAppActor pid=32867)[0m GPU Allocated: 1.83 GB
[36m(ClientAppActor pid=32867)[0m GPU Reserved : 3.86 GB
[36m(ClientAppActor pid=32867)[0m 
[36m(ClientAppActor pid=32867)[0m ==================================================
[36m(ClientAppActor pid=32867)[0m Epoch 1 Complete
[36m(ClientAppActor pid=32867)[0m Average Loss : 0.6931
[36m(ClientAppActor pid=32867)[0m Accuracy     : 51.00%
[36m(ClientAppActor pid=32867)[0m Time         : 14.99s
[36m(ClientAppActor pid=32867)[0m Images       : 2000
[36m(ClientAppActor pid=32867)[0m Images/sec   : 133.40
[36m(ClientAppActor pid=32867)[0m GPU Allocated: 1.82 GB
[36m(ClientAppActor pid=32867)[0m GPU Reserved : 3.86 GB
[36m(ClientAppActor pid=32867)[0m ==================================================
[36m(ClientAppActor pid=32867)[0m END classifier norm: 13.064090728759766
[36m(ClientAppActor pid=32867)[0m Client 2 finished training
[36m(ClientAppActor pid=32867)[0m Client 2 extracting parameters...
[36m(ClientAppActor pid=32867)[0m Client 2 parameter extraction complete
[36m(ClientAppActor pid=32867)[0m Client 2 returning results
[36m(ClientAppActor pid=32867)[0m Client 5 using cuda
[36m(ClientAppActor pid=32867)[0m {'fake': 0, 'real': 1}
[36m(ClientAppActor pid=32867)[0m [DEBUG MODE] Train=2000, Val=100, Test=100
[36m(ClientAppActor pid=32867)[0m 
[36m(ClientAppActor pid=32867)[0m Client 5 Class Distribution
[36m(ClientAppActor pid=32867)[0m Train: Counter({0: 1014, 1: 986})
[36m(ClientAppActor pid=32867)[0m Val  : Counter({0: 56, 1: 44})
[36m(ClientAppActor pid=32867)[0m Test : Counter({0: 51, 1: 49})
[36m(ClientAppActor pid=32867)[0m Client 5
[36m(ClientAppActor pid=32867)[0m Train Images: 2000
[36m(ClientAppActor pid=32867)[0m Test Images : 100
[36m(ClientAppActor pid=32867)[0m Validate Images : 100
[36m(ClientAppActor pid=32867)[0m Client 5 starting fit...
[36m(ClientAppActor pid=32867)[0m Client 5 received class memories
[36m(ClientAppActor pid=32867)[0m Real memory norm=0.9100
[36m(ClientAppActor pid=32867)[0m Fake memory norm=0.9043
[36m(ClientAppActor pid=32867)[0m Client 5 starting training...
[36m(ClientAppActor pid=32867)[0m START classifier norm: 13.062769889831543
[36m(ClientAppActor pid=32867)[0m Artifact bias shape: torch.Size([32, 8, 197, 197])
[36m(ClientAppActor pid=32867)[0m 
[36m(ClientAppActor pid=32867)[0m Batch 0/63
[36m(ClientAppActor pid=32867)[0m GPU Allocated: 1.83 GB
[36m(ClientAppActor pid=32867)[0m GPU Reserved : 3.86 GB
[36m(ClientAppActor pid=32867)[0m 
[36m(ClientAppActor pid=32867)[0m ==================================================
[36m(ClientAppActor pid=32867)[0m Epoch 1 Complete
[36m(ClientAppActor pid=32867)[0m Average Loss : 0.6990
[36m(ClientAppActor pid=32867)[0m Accuracy     : 50.30%
[36m(ClientAppActor pid=32867)[0m Time         : 14.71s
[36m(ClientAppActor pid=32867)[0m Images       : 2000
[36m(ClientAppActor pid=32867)[0m Images/sec   : 135.98
[36m(ClientAppActor pid=32867)[0m GPU Allocated: 1.82 GB
[36m(ClientAppActor pid=32867)[0m GPU Reserved : 3.86 GB
[36m(ClientAppActor pid=32867)[0m ==================================================
[36m(ClientAppActor pid=32867)[0m END classifier norm: 13.063023567199707
[36m(ClientAppActor pid=32867)[0m Client 5 finished training
[36m(ClientAppActor pid=32867)[0m Client 5 extracting parameters...
[36m(ClientAppActor pid=32867)[0m Client 5 parameter extraction complete
[36m(ClientAppActor pid=32867)[0m Client 5 returning results
[36m(ClientAppActor pid=32867)[0m Client 4 using cuda
[36m(ClientAppActor pid=32867)[0m {'fake': 0, 'real': 1}
[36m(ClientAppActor pid=32867)[0m [DEBUG MODE] Train=2000, Val=100, Test=100
[36m(ClientAppActor pid=32867)[0m 
[36m(ClientAppActor pid=32867)[0m Client 4 Class Distribution
[36m(ClientAppActor pid=32867)[0m Train: Counter({0: 1013, 1: 987})
[36m(ClientAppActor pid=32867)[0m Val  : Counter({0: 56, 1: 44})
[36m(ClientAppActor pid=32867)[0m Test : Counter({1: 53, 0: 47})
[36m(ClientAppActor pid=32867)[0m Client 4
[36m(ClientAppActor pid=32867)[0m Train Images: 2000
[36m(ClientAppActor pid=32867)[0m Test Images : 100
[36m(ClientAppActor pid=32867)[0m Validate Images : 100
[36m(ClientAppActor pid=32867)[0m Client 4 starting fit...
[36m(ClientAppActor pid=32867)[0m Client 4 received class memories
[36m(ClientAppActor pid=32867)[0m Real memory norm=0.9100
[36m(ClientAppActor pid=32867)[0m Fake memory norm=0.9043
[36m(ClientAppActor pid=32867)[0m Client 4 starting training...
[36m(ClientAppActor pid=32867)[0m START classifier norm: 13.062769889831543
[36m(ClientAppActor pid=32867)[0m 
Epoch 1/1:   0%|          | 0/63 [00:00<?, ?it/s, loss=0.6868, acc=56.25%, img/s=127.4, eta=0.3m]
Epoch 1/1:   2%|▏         | 1/63 [00:00<00:15,  3.98it/s, loss=0.6868, acc=56.25%, img/s=127.4, eta=0.3m]
[36m(ClientAppActor pid=32867)[0m 
Epoch 1/1:   2%|▏         | 1/63 [00:00<00:15,  3.98it/s, loss=0.7226, acc=48.44%, img/s=128.3, eta=0.3m]
Epoch 1/1:   3%|▎         | 2/63 [00:00<00:15,  4.02it/s, loss=0.7226, acc=48.44%, img/s=128.3, eta=0.3m]
[36m(ClientAppActor pid=32867)[0m 
Epoch 1/1:   3%|▎         | 2/63 [00:00<00:15,  4.02it/s, loss=0.6928, acc=51.04%, img/s=128.2, eta=0.2m]
Epoch 1/1:   5%|▍         | 3/63 [00:00<00:14,  4.01it/s, loss=0.6928, acc=51.04%, img/s=128.2, eta=0.2m]
[36m(ClientAppActor pid=32867)[0m 
Epoch 1/1:   5%|▍         | 3/63 [00:00<00:14,  4.01it/s, loss=0.7051, acc=49.22%, img/s=129.0, eta=0.2m]
Epoch 1/1:   6%|▋         | 4/63 [00:00<00:14,  4.04it/s, loss=0.7051, acc=49.22%, img/s=129.0, eta=0.2m]
[36m(ClientAppActor pid=32867)[0m 
Epoch 1/1:   6%|▋         | 4/63 [00:01<00:14,  4.04it/s, loss=0.6895, acc=48.75%, img/s=130.8, eta=0.2m]
Epoch 1/1:   8%|▊         | 5/63 [00:01<00:13,  4.15it/s, loss=0.6895, acc=48.75%, img/s=130.8, eta=0.2m]
[36m(ClientAppActor pid=32867)[0m 
Epoch 1/1:   8%|▊         | 5/63 [00:01<00:13,  4.15it/s, loss=0.6955, acc=50.52%, img/s=132.0, eta=0.2m]
Epoch 1/1:  10%|▉         | 6/63 [00:01<00:13,  4.20it/s, loss=0.6955, acc=50.52%, img/s=132.0, eta=0.2m]
[36m(ClientAppActor pid=32867)[0m 
Epoch 1/1:  10%|▉         | 6/63 [00:01<00:13,  4.20it/s, loss=0.7005, acc=50.00%, img/s=132.8, eta=0.2m]
Epoch 1/1:  11%|█         | 7/63 [00:01<00:13,  4.24it/s, loss=0.7005, acc=50.00%, img/s=132.8, eta=0.2m]
[36m(ClientAppActor pid=32867)[0m 
Epoch 1/1:  11%|█         | 7/63 [00:01<00:13,  4.24it/s, loss=0.6850, acc=50.39%, img/s=133.4, eta=0.2m]
Epoch 1/1:  13%|█▎        | 8/63 [00:01<00:12,  4.26it/s, loss=0.6850, acc=50.39%, img/s=133.4, eta=0.2m]
[36m(ClientAppActor pid=32867)[0m 
Epoch 1/1:  13%|█▎        | 8/63 [00:02<00:12,  4.26it/s, loss=0.6857, acc=51.04%, img/s=133.2, eta=0.2m]
Epoch 1/1:  14%|█▍        | 9/63 [00:02<00:12,  4.21it/s, loss=0.6857, acc=51.04%, img/s=133.2, eta=0.2m]
[36m(ClientAppActor pid=32867)[0m 
Epoch 1/1:  14%|█▍        | 9/63 [00:02<00:12,  4.21it/s, loss=0.7027, acc=51.88%, img/s=133.7, eta=0.2m]
Epoch 1/1:  16%|█▌        | 10/63 [00:02<00:12,  4.24it/s, loss=0.7027, acc=51.88%, img/s=133.7, eta=0.2m]
[36m(ClientAppActor pid=32867)[0m 
Epoch 1/1:  16%|█▌        | 10/63 [00:02<00:12,  4.24it/s, loss=0.7026, acc=51.70%, img/s=117.8, eta=0.2m]
Epoch 1/1:  17%|█▋        | 11/63 [00:02<00:17,  2.90it/s, loss=0.7026, acc=51.70%, img/s=117.8, eta=0.2m]
[36m(ClientAppActor pid=32867)[0m 
Epoch 1/1:  17%|█▋        | 11/63 [00:03<00:17,  2.90it/s, loss=0.7053, acc=51.30%, img/s=119.3, eta=0.2m]
Epoch 1/1:  19%|█▉        | 12/63 [00:03<00:15,  3.22it/s, loss=0.7053, acc=51.30%, img/s=119.3, eta=0.2m]
[36m(ClientAppActor pid=32867)[0m 
Epoch 1/1:  19%|█▉        | 12/63 [00:03<00:15,  3.22it/s, loss=0.7140, acc=50.24%, img/s=120.5, eta=0.2m]
Epoch 1/1:  21%|██        | 13/63 [00:03<00:14,  3.48it/s, loss=0.7140, acc=50.24%, img/s=120.5, eta=0.2m]
[36m(ClientAppActor pid=32867)[0m 
Epoch 1/1:  21%|██        | 13/63 [00:03<00:14,  3.48it/s, loss=0.7261, acc=48.88%, img/s=121.7, eta=0.2m]
Epoch 1/1:  22%|██▏       | 14/63 [00:03<00:13,  3.71it/s, loss=0.7261, acc=48.88%, img/s=121.7, eta=0.2m]
[36m(ClientAppActor pid=32867)[0m 
Epoch 1/1:  22%|██▏       | 14/63 [00:03<00:13,  3.71it/s, loss=0.6976, acc=48.54%, img/s=122.6, eta=0.2m]
Epoch 1/1:  24%|██▍       | 15/63 [00:03<00:12,  3.86it/s, loss=0.6976, acc=48.54%, img/s=122.6, eta=0.2m]
[36m(ClientAppActor pid=32867)[0m 
Epoch 1/1:  24%|██▍       | 15/63 [00:04<00:12,  3.86it/s, loss=0.6956, acc=48.83%, img/s=123.5, eta=0.2m]
Epoch 1/1:  25%|██▌       | 16/63 [00:04<00:11,  3.99it/s, loss=0.6956, acc=48.83%, img/s=123.5, eta=0.2m]
[36m(ClientAppActor pid=32867)[0m 
Epoch 1/1:  25%|██▌       | 16/63 [00:04<00:11,  3.99it/s, loss=0.6998, acc=48.90%, img/s=124.2, eta=0.2m]
Epoch 1/1:  27%|██▋       | 17/63 [00:04<00:11,  4.08it/s, loss=0.6998, acc=48.90%, img/s=124.2, eta=0.2m]
[36m(ClientAppActor pid=32867)[0m 
Epoch 1/1:  27%|██▋       | 17/63 [00:04<00:11,  4.08it/s, loss=0.7073, acc=49.13%, img/s=124.9, eta=0.2m]
Epoch 1/1:  29%|██▊       | 18/63 [00:04<00:10,  4.14it/s, loss=0.7073, acc=49.13%, img/s=124.9, eta=0.2m]
[36m(ClientAppActor pid=32867)[0m 
Epoch 1/1:  29%|██▊       | 18/63 [00:04<00:10,  4.14it/s, loss=0.7248, acc=48.68%, img/s=125.5, eta=0.2m]
Epoch 1/1:  30%|███       | 19/63 [00:04<00:10,  4.19it/s, loss=0.7248, acc=48.68%, img/s=125.5, eta=0.2m]
[36m(ClientAppActor pid=32867)[0m 
Epoch 1/1:  30%|███       | 19/63 [00:05<00:10,  4.19it/s, loss=0.7134, acc=48.59%, img/s=126.1, eta=0.2m]
Epoch 1/1:  32%|███▏      | 20/63 [00:05<00:10,  4.23it/s, loss=0.7134, acc=48.59%, img/s=126.1, eta=0.2m]
[36m(ClientAppActor pid=32867)[0m 
Epoch 1/1:  32%|███▏      | 20/63 [00:05<00:10,  4.23it/s, loss=0.7146, acc=48.36%, img/s=126.6, eta=0.2m]
Epoch 1/1:  33%|███▎      | 21/63 [00:05<00:09,  4.25it/s, loss=0.7146, acc=48.36%, img/s=126.6, eta=0.2m]
[36m(ClientAppActor pid=32867)[0m 
Epoch 1/1:  33%|███▎      | 21/63 [00:05<00:09,  4.25it/s, loss=0.6979, acc=48.72%, img/s=127.0, eta=0.2m]
Epoch 1/1:  35%|███▍      | 22/63 [00:05<00:09,  4.26it/s, loss=0.6979, acc=48.72%, img/s=127.0, eta=0.2m]
[36m(ClientAppActor pid=32867)[0m 
Epoch 1/1:  35%|███▍      | 22/63 [00:05<00:09,  4.26it/s, loss=0.7017, acc=48.64%, img/s=127.4, eta=0.2m]
Epoch 1/1:  37%|███▋      | 23/63 [00:05<00:09,  4.27it/s, loss=0.7017, acc=48.64%, img/s=127.4, eta=0.2m]
[36m(ClientAppActor pid=32867)[0m 
Epoch 1/1:  37%|███▋      | 23/63 [00:06<00:09,  4.27it/s, loss=0.7000, acc=48.44%, img/s=127.8, eta=0.2m]
Epoch 1/1:  38%|███▊      | 24/63 [00:06<00:09,  4.28it/s, loss=0.7000, acc=48.44%, img/s=127.8, eta=0.2m]
[36m(ClientAppActor pid=32867)[0m 
Epoch 1/1:  38%|███▊      | 24/63 [00:06<00:09,  4.28it/s, loss=0.7049, acc=48.25%, img/s=128.2, eta=0.2m]
Epoch 1/1:  40%|███▉      | 25/63 [00:06<00:08,  4.29it/s, loss=0.7049, acc=48.25%, img/s=128.2, eta=0.2m]
[36m(ClientAppActor pid=32867)[0m 
Epoch 1/1:  40%|███▉      | 25/63 [00:06<00:08,  4.29it/s, loss=0.6750, acc=49.16%, img/s=128.5, eta=0.2m]
Epoch 1/1:  41%|████▏     | 26/63 [00:06<00:08,  4.29it/s, loss=0.6750, acc=49.16%, img/s=128.5, eta=0.2m]
[36m(ClientAppActor pid=32867)[0m 
Epoch 1/1:  41%|████▏     | 26/63 [00:06<00:08,  4.29it/s, loss=0.7028, acc=48.96%, img/s=128.9, eta=0.1m]
Epoch 1/1:  43%|████▎     | 27/63 [00:06<00:08,  4.30it/s, loss=0.7028, acc=48.96%, img/s=128.9, eta=0.1m]
[36m(ClientAppActor pid=32867)[0m 
Epoch 1/1:  43%|████▎     | 27/63 [00:06<00:08,  4.30it/s, loss=0.7069, acc=48.66%, img/s=129.2, eta=0.1m]
Epoch 1/1:  44%|████▍     | 28/63 [00:06<00:08,  4.30it/s, loss=0.7069, acc=48.66%, img/s=129.2, eta=0.1m]
[36m(ClientAppActor pid=32867)[0m 
Epoch 1/1:  44%|████▍     | 28/63 [00:07<00:08,  4.30it/s, loss=0.7157, acc=48.17%, img/s=129.5, eta=0.1m]
Epoch 1/1:  46%|████▌     | 29/63 [00:07<00:07,  4.30it/s, loss=0.7157, acc=48.17%, img/s=129.5, eta=0.1m]
[36m(ClientAppActor pid=32867)[0m 
Epoch 1/1:  46%|████▌     | 29/63 [00:07<00:07,  4.30it/s, loss=0.7120, acc=48.44%, img/s=129.7, eta=0.1m]
Epoch 1/1:  48%|████▊     | 30/63 [00:07<00:07,  4.30it/s, loss=0.7120, acc=48.44%, img/s=129.7, eta=0.1m]
[36m(ClientAppActor pid=32867)[0m 
Epoch 1/1:  48%|████▊     | 30/63 [00:07<00:07,  4.30it/s, loss=0.6999, acc=48.19%, img/s=129.9, eta=0.1m]
Epoch 1/1:  49%|████▉     | 31/63 [00:07<00:07,  4.30it/s, loss=0.6999, acc=48.19%, img/s=129.9, eta=0.1m]
[36m(ClientAppActor pid=32867)[0m 
Epoch 1/1:  49%|████▉     | 31/63 [00:07<00:07,  4.30it/s, loss=0.6904, acc=48.54%, img/s=130.2, eta=0.1m]
Epoch 1/1:  51%|█████     | 32/63 [00:07<00:07,  4.30it/s, loss=0.6904, acc=48.54%, img/s=130.2, eta=0.1m]
[36m(ClientAppActor pid=32867)[0m 
Epoch 1/1:  51%|█████     | 32/63 [00:08<00:07,  4.30it/s, loss=0.6619, acc=49.05%, img/s=130.4, eta=0.1m]
Epoch 1/1:  52%|█████▏    | 33/63 [00:08<00:06,  4.30it/s, loss=0.6619, acc=49.05%, img/s=130.4, eta=0.1m]
[36m(ClientAppActor pid=32867)[0m 
Epoch 1/1:  52%|█████▏    | 33/63 [00:08<00:06,  4.30it/s, loss=0.6796, acc=49.26%, img/s=130.6, eta=0.1m]
Epoch 1/1:  54%|█████▍    | 34/63 [00:08<00:06,  4.30it/s, loss=0.6796, acc=49.26%, img/s=130.6, eta=0.1m]
[36m(ClientAppActor pid=32867)[0m 
Epoch 1/1:  54%|█████▍    | 34/63 [00:08<00:06,  4.30it/s, loss=0.7152, acc=49.29%, img/s=130.7, eta=0.1m]
Epoch 1/1:  56%|█████▌    | 35/63 [00:08<00:06,  4.29it/s, loss=0.7152, acc=49.29%, img/s=130.7, eta=0.1m]
[36m(ClientAppActor pid=32867)[0m 
Epoch 1/1:  56%|█████▌    | 35/63 [00:08<00:06,  4.29it/s, loss=0.6774, acc=49.48%, img/s=130.9, eta=0.1m]
Epoch 1/1:  57%|█████▋    | 36/63 [00:08<00:06,  4.30it/s, loss=0.6774, acc=49.48%, img/s=130.9, eta=0.1m]
[36m(ClientAppActor pid=32867)[0m 
Epoch 1/1:  57%|█████▋    | 36/63 [00:09<00:06,  4.30it/s, loss=0.7214, acc=49.41%, img/s=131.1, eta=0.1m]
Epoch 1/1:  59%|█████▊    | 37/63 [00:09<00:06,  4.31it/s, loss=0.7214, acc=49.41%, img/s=131.1, eta=0.1m]
[36m(ClientAppActor pid=32867)[0m 
Epoch 1/1:  59%|█████▊    | 37/63 [00:09<00:06,  4.31it/s, loss=0.6696, acc=49.59%, img/s=131.3, eta=0.1m]
Epoch 1/1:  60%|██████    | 38/63 [00:09<00:05,  4.31it/s, loss=0.6696, acc=49.59%, img/s=131.3, eta=0.1m]
[36m(ClientAppActor pid=32867)[0m 
Epoch 1/1:  60%|██████    | 38/63 [00:09<00:05,  4.31it/s, loss=0.6846, acc=49.76%, img/s=131.5, eta=0.1m]
Epoch 1/1:  62%|██████▏   | 39/63 [00:09<00:05,  4.31it/s, loss=0.6846, acc=49.76%, img/s=131.5, eta=0.1m]
[36m(ClientAppActor pid=32867)[0m 
Epoch 1/1:  62%|██████▏   | 39/63 [00:09<00:05,  4.31it/s, loss=0.6353, acc=50.16%, img/s=131.6, eta=0.1m]
Epoch 1/1:  63%|██████▎   | 40/63 [00:09<00:05,  4.30it/s, loss=0.6353, acc=50.16%, img/s=131.6, eta=0.1m]
[36m(ClientAppActor pid=32867)[0m 
Epoch 1/1:  63%|██████▎   | 40/63 [00:09<00:05,  4.30it/s, loss=0.7151, acc=50.08%, img/s=131.8, eta=0.1m]
Epoch 1/1:  65%|██████▌   | 41/63 [00:09<00:05,  4.31it/s, loss=0.7151, acc=50.08%, img/s=131.8, eta=0.1m]
[36m(ClientAppActor pid=32867)[0m 
Epoch 1/1:  65%|██████▌   | 41/63 [00:10<00:05,  4.31it/s, loss=0.6584, acc=50.52%, img/s=131.9, eta=0.1m]
Epoch 1/1:  67%|██████▋   | 42/63 [00:10<00:04,  4.30it/s, loss=0.6584, acc=50.52%, img/s=131.9, eta=0.1m]
[36m(ClientAppActor pid=32867)[0m 
Epoch 1/1:  67%|██████▋   | 42/63 [00:10<00:04,  4.30it/s, loss=0.6994, acc=50.58%, img/s=132.0, eta=0.1m]
Epoch 1/1:  68%|██████▊   | 43/63 [00:10<00:04,  4.31it/s, loss=0.6994, acc=50.58%, img/s=132.0, eta=0.1m]
[36m(ClientAppActor pid=32867)[0m 
Epoch 1/1:  68%|██████▊   | 43/63 [00:10<00:04,  4.31it/s, loss=0.7079, acc=50.57%, img/s=132.2, eta=0.1m]
Epoch 1/1:  70%|██████▉   | 44/63 [00:10<00:04,  4.32it/s, loss=0.7079, acc=50.57%, img/s=132.2, eta=0.1m]
[36m(ClientAppActor pid=32867)[0m 
Epoch 1/1:  70%|██████▉   | 44/63 [00:10<00:04,  4.32it/s, loss=0.6978, acc=50.62%, img/s=132.3, eta=0.1m]
Epoch 1/1:  71%|███████▏  | 45/63 [00:10<00:04,  4.31it/s, loss=0.6978, acc=50.62%, img/s=132.3, eta=0.1m]
[36m(ClientAppActor pid=32867)[0m 
Epoch 1/1:  71%|███████▏  | 45/63 [00:11<00:04,  4.31it/s, loss=0.6987, acc=50.61%, img/s=132.4, eta=0.1m]
Epoch 1/1:  73%|███████▎  | 46/63 [00:11<00:03,  4.30it/s, loss=0.6987, acc=50.61%, img/s=132.4, eta=0.1m]
[36m(ClientAppActor pid=32867)[0m 
Epoch 1/1:  73%|███████▎  | 46/63 [00:11<00:03,  4.30it/s, loss=0.6749, acc=50.73%, img/s=132.5, eta=0.1m]
Epoch 1/1:  75%|███████▍  | 47/63 [00:11<00:03,  4.31it/s, loss=0.6749, acc=50.73%, img/s=132.5, eta=0.1m]
[36m(ClientAppActor pid=32867)[0m 
Epoch 1/1:  75%|███████▍  | 47/63 [00:11<00:03,  4.31it/s, loss=0.6692, acc=50.98%, img/s=132.6, eta=0.1m]
Epoch 1/1:  76%|███████▌  | 48/63 [00:11<00:03,  4.31it/s, loss=0.6692, acc=50.98%, img/s=132.6, eta=0.1m]
[36m(ClientAppActor pid=32867)[0m 
Epoch 1/1:  76%|███████▌  | 48/63 [00:11<00:03,  4.31it/s, loss=0.6797, acc=51.08%, img/s=132.7, eta=0.1m]
Epoch 1/1:  78%|███████▊  | 49/63 [00:11<00:03,  4.31it/s, loss=0.6797, acc=51.08%, img/s=132.7, eta=0.1m]
[36m(ClientAppActor pid=32867)[0m 
Epoch 1/1:  78%|███████▊  | 49/63 [00:12<00:03,  4.31it/s, loss=0.6768, acc=51.31%, img/s=132.8, eta=0.1m]
Epoch 1/1:  79%|███████▉  | 50/63 [00:12<00:03,  4.31it/s, loss=0.6768, acc=51.31%, img/s=132.8, eta=0.1m]
[36m(ClientAppActor pid=32867)[0m 
Epoch 1/1:  79%|███████▉  | 50/63 [00:12<00:03,  4.31it/s, loss=0.6945, acc=51.16%, img/s=132.9, eta=0.0m]
Epoch 1/1:  81%|████████  | 51/63 [00:12<00:02,  4.31it/s, loss=0.6945, acc=51.16%, img/s=132.9, eta=0.0m]
[36m(ClientAppActor pid=32867)[0m 
Epoch 1/1:  81%|████████  | 51/63 [00:12<00:02,  4.31it/s, loss=0.6826, acc=51.32%, img/s=133.0, eta=0.0m]
Epoch 1/1:  83%|████████▎ | 52/63 [00:12<00:02,  4.30it/s, loss=0.6826, acc=51.32%, img/s=133.0, eta=0.0m]
[36m(ClientAppActor pid=32867)[0m 
Epoch 1/1:  83%|████████▎ | 52/63 [00:12<00:02,  4.30it/s, loss=0.6768, acc=51.53%, img/s=133.1, eta=0.0m]
Epoch 1/1:  84%|████████▍ | 53/63 [00:12<00:02,  4.30it/s, loss=0.6768, acc=51.53%, img/s=133.1, eta=0.0m]
[36m(ClientAppActor pid=32867)[0m 
Epoch 1/1:  84%|████████▍ | 53/63 [00:12<00:02,  4.30it/s, loss=0.6475, acc=51.91%, img/s=133.2, eta=0.0m]
Epoch 1/1:  86%|████████▌ | 54/63 [00:12<00:02,  4.30it/s, loss=0.6475, acc=51.91%, img/s=133.2, eta=0.0m]
[36m(ClientAppActor pid=32867)[0m 
Epoch 1/1:  86%|████████▌ | 54/63 [00:13<00:02,  4.30it/s, loss=0.6706, acc=52.16%, img/s=133.2, eta=0.0m]
Epoch 1/1:  87%|████████▋ | 55/63 [00:13<00:01,  4.30it/s, loss=0.6706, acc=52.16%, img/s=133.2, eta=0.0m]
[36m(ClientAppActor pid=32867)[0m 
Epoch 1/1:  87%|████████▋ | 55/63 [00:13<00:01,  4.30it/s, loss=0.6617, acc=52.34%, img/s=133.3, eta=0.0m]
Epoch 1/1:  89%|████████▉ | 56/63 [00:13<00:01,  4.30it/s, loss=0.6617, acc=52.34%, img/s=133.3, eta=0.0m]
[36m(ClientAppActor pid=32867)[0m 
Epoch 1/1:  89%|████████▉ | 56/63 [00:13<00:01,  4.30it/s, loss=0.6759, acc=52.41%, img/s=133.4, eta=0.0m]
Epoch 1/1:  90%|█████████ | 57/63 [00:13<00:01,  4.31it/s, loss=0.6759, acc=52.41%, img/s=133.4, eta=0.0m]
[36m(ClientAppActor pid=32867)[0m 
Epoch 1/1:  90%|█████████ | 57/63 [00:13<00:01,  4.31it/s, loss=0.6817, acc=52.48%, img/s=133.5, eta=0.0m]
Epoch 1/1:  92%|█████████▏| 58/63 [00:13<00:01,  4.31it/s, loss=0.6817, acc=52.48%, img/s=133.5, eta=0.0m]
[36m(ClientAppActor pid=32867)[0m 
Epoch 1/1:  92%|█████████▏| 58/63 [00:14<00:01,  4.31it/s, loss=0.6563, acc=52.75%, img/s=133.6, eta=0.0m]
Epoch 1/1:  94%|█████████▎| 59/63 [00:14<00:00,  4.31it/s, loss=0.6563, acc=52.75%, img/s=133.6, eta=0.0m]
[36m(ClientAppActor pid=32867)[0m 
Epoch 1/1:  94%|█████████▎| 59/63 [00:14<00:00,  4.31it/s, loss=0.6508, acc=52.86%, img/s=133.6, eta=0.0m]
Epoch 1/1:  95%|█████████▌| 60/63 [00:14<00:00,  4.32it/s, loss=0.6508, acc=52.86%, img/s=133.6, eta=0.0m]
[36m(ClientAppActor pid=32867)[0m 
Epoch 1/1:  95%|█████████▌| 60/63 [00:14<00:00,  4.32it/s, loss=0.6320, acc=53.18%, img/s=133.7, eta=0.0m]
Epoch 1/1:  97%|█████████▋| 61/63 [00:14<00:00,  4.31it/s, loss=0.6320, acc=53.18%, img/s=133.7, eta=0.0m]
[36m(ClientAppActor pid=32867)[0m 
Epoch 1/1:  97%|█████████▋| 61/63 [00:14<00:00,  4.31it/s, loss=0.6385, acc=53.28%, img/s=133.8, eta=0.0m]
Epoch 1/1:  98%|█████████▊| 62/63 [00:14<00:00,  4.31it/s, loss=0.6385, acc=53.28%, img/s=133.8, eta=0.0m]
[36m(ClientAppActor pid=32867)[0m 
Epoch 1/1:  98%|█████████▊| 62/63 [00:14<00:00,  4.31it/s, loss=0.6667, acc=53.35%, img/s=67.3, eta=0.0m] 
Epoch 1/1: 100%|██████████| 63/63 [00:14<00:00,  4.87it/s, loss=0.6667, acc=53.35%, img/s=67.3, eta=0.0m]
Epoch 1/1: 100%|██████████| 63/63 [00:14<00:00,  4.21it/s, loss=0.6667, acc=53.35%, img/s=67.3, eta=0.0m]
[92mINFO [0m:      aggregate_fit: received 5 results and 0 failures
[92mINFO [0m:      configure_evaluate: strategy sampled 5 clients (out of 5)
[36m(ClientAppActor pid=32867)[0m 
Testing:   0%|          | 0/4 [00:00<?, ?it/s]
[36m(ClientAppActor pid=32867)[0m 
Testing:  25%|██▌       | 1/4 [00:00<00:00,  7.12it/s]
[36m(ClientAppActor pid=32867)[0m 
Testing:  50%|█████     | 2/4 [00:00<00:00,  7.09it/s]
[36m(ClientAppActor pid=32867)[0m 
Testing:  75%|███████▌  | 3/4 [00:00<00:00,  7.07it/s]
[36m(ClientAppActor pid=32867)[0m 
Testing: 100%|██████████| 4/4 [00:00<00:00,  8.94it/s]
[36m(ClientAppActor pid=32867)[0m 
Testing:   0%|          | 0/4 [00:00<?, ?it/s]
[36m(ClientAppActor pid=32867)[0m 
Testing:  25%|██▌       | 1/4 [00:00<00:00,  7.15it/s]
[36m(ClientAppActor pid=32867)[0m 
Testing:  50%|█████     | 2/4 [00:00<00:00,  7.16it/s]
[36m(ClientAppActor pid=32867)[0m 
Testing:  75%|███████▌  | 3/4 [00:00<00:00,  7.11it/s]
Testing: 100%|██████████| 4/4 [00:00<00:00,  8.99it/s]
[36m(ClientAppActor pid=32867)[0m 
Testing:   0%|          | 0/4 [00:00<?, ?it/s]
[36m(ClientAppActor pid=32867)[0m 
Testing:  25%|██▌       | 1/4 [00:00<00:00,  7.15it/s]
[36m(ClientAppActor pid=32867)[0m 
Testing:  50%|█████     | 2/4 [00:00<00:00,  7.09it/s]
[36m(ClientAppActor pid=32867)[0m 
Testing:  75%|███████▌  | 3/4 [00:00<00:00,  7.16it/s]
Testing: 100%|██████████| 4/4 [00:00<00:00,  9.03it/s]
[36m(ClientAppActor pid=32867)[0m 
Testing:   0%|          | 0/4 [00:00<?, ?it/s]
[36m(ClientAppActor pid=32867)[0m 
Testing:  25%|██▌       | 1/4 [00:00<00:00,  7.22it/s]
[36m(ClientAppActor pid=32867)[0m 
Testing:  50%|█████     | 2/4 [00:00<00:00,  7.18it/s]
[36m(ClientAppActor pid=32867)[0m 
Testing:  75%|███████▌  | 3/4 [00:00<00:00,  7.09it/s]
[36m(ClientAppActor pid=32867)[0m 
Testing: 100%|██████████| 4/4 [00:00<00:00,  8.99it/s]
[36m(ClientAppActor pid=32867)[0m 
Testing:   0%|          | 0/4 [00:00<?, ?it/s]
[36m(ClientAppActor pid=32867)[0m 
Testing:  25%|██▌       | 1/4 [00:00<00:00,  6.74it/s]
[36m(ClientAppActor pid=32867)[0m 
Testing:  50%|█████     | 2/4 [00:00<00:00,  6.72it/s]
[36m(ClientAppActor pid=32867)[0m 
Testing:  75%|███████▌  | 3/4 [00:00<00:00,  6.80it/s]
[36m(ClientAppActor pid=32867)[0m 
Testing: 100%|██████████| 4/4 [00:00<00:00,  8.56it/s]
[92mINFO [0m:      aggregate_evaluate: received 5 results and 0 failures
[92mINFO [0m:      
[92mINFO [0m:      [ROUND 4]
[92mINFO [0m:      configure_fit: strategy sampled 5 clients (out of 5)
[36m(ClientAppActor pid=32867)[0m Artifact bias shape: torch.Size([32, 8, 197, 197])
[36m(ClientAppActor pid=32867)[0m 
[36m(ClientAppActor pid=32867)[0m Batch 0/63
[36m(ClientAppActor pid=32867)[0m GPU Allocated: 1.83 GB
[36m(ClientAppActor pid=32867)[0m GPU Reserved : 3.86 GB
[36m(ClientAppActor pid=32867)[0m 
[36m(ClientAppActor pid=32867)[0m ==================================================
[36m(ClientAppActor pid=32867)[0m Epoch 1 Complete
[36m(ClientAppActor pid=32867)[0m Average Loss : 0.6894
[36m(ClientAppActor pid=32867)[0m Accuracy     : 53.35%
[36m(ClientAppActor pid=32867)[0m Time         : 14.98s
[36m(ClientAppActor pid=32867)[0m Images       : 2000
[36m(ClientAppActor pid=32867)[0m Images/sec   : 133.55
[36m(ClientAppActor pid=32867)[0m GPU Allocated: 1.82 GB
[36m(ClientAppActor pid=32867)[0m GPU Reserved : 3.86 GB
[36m(ClientAppActor pid=32867)[0m ==================================================
[36m(ClientAppActor pid=32867)[0m END classifier norm: 13.063912391662598
[36m(ClientAppActor pid=32867)[0m Client 4 finished training
[36m(ClientAppActor pid=32867)[0m Client 4 extracting parameters...
[36m(ClientAppActor pid=32867)[0m Client 4 parameter extraction complete
[36m(ClientAppActor pid=32867)[0m Client 4 returning results

FAFT Round 3: results=5, failures=0

Round 3 Prototype Aggregated

Real memory norm = 0.9056
Fake memory norm = 0.9017
Saved: saved_models/global_model_round_3.pth
Round 3: model saved successfully
Broadcasting 205 tensors (203 weights + memory)
[36m(ClientAppActor pid=32867)[0m Client 3 using cuda
[36m(ClientAppActor pid=32867)[0m {'fake': 0, 'real': 1}
[36m(ClientAppActor pid=32867)[0m [DEBUG MODE] Train=2000, Val=100, Test=100
[36m(ClientAppActor pid=32867)[0m 
[36m(ClientAppActor pid=32867)[0m Client 3 Class Distribution
[36m(ClientAppActor pid=32867)[0m Train: Counter({1: 1024, 0: 976})
[36m(ClientAppActor pid=32867)[0m Val  : Counter({1: 54, 0: 46})
[36m(ClientAppActor pid=32867)[0m Test : Counter({1: 50, 0: 50})
[36m(ClientAppActor pid=32867)[0m Client 3
[36m(ClientAppActor pid=32867)[0m Train Images: 2000
[36m(ClientAppActor pid=32867)[0m Test Images : 100
[36m(ClientAppActor pid=32867)[0m Validate Images : 100
[36m(ClientAppActor pid=32867)[0m 
[36m(ClientAppActor pid=32867)[0m CLIENT 3 STARTING EVALUATION
[36m(ClientAppActor pid=32867)[0m Client 3 received class memories
[36m(ClientAppActor pid=32867)[0m Real memory norm=0.9056
[36m(ClientAppActor pid=32867)[0m Fake memory norm=0.9017
[36m(ClientAppActor pid=32867)[0m Artifact bias shape: torch.Size([32, 8, 197, 197])
[36m(ClientAppActor pid=32867)[0m Accuracy: 0.6400
[36m(ClientAppActor pid=32867)[0m 
[36m(ClientAppActor pid=32867)[0m CLIENT 3 EVALUATION COMPLETE
[36m(ClientAppActor pid=32867)[0m Client 2 using cuda
[36m(ClientAppActor pid=32867)[0m {'fake': 0, 'real': 1}
[36m(ClientAppActor pid=32867)[0m [DEBUG MODE] Train=2000, Val=100, Test=100
[36m(ClientAppActor pid=32867)[0m 
[36m(ClientAppActor pid=32867)[0m Client 2 Class Distribution
[36m(ClientAppActor pid=32867)[0m Train: Counter({0: 1012, 1: 988})
[36m(ClientAppActor pid=32867)[0m Val  : Counter({0: 60, 1: 40})
[36m(ClientAppActor pid=32867)[0m Test : Counter({0: 51, 1: 49})
[36m(ClientAppActor pid=32867)[0m Client 2
[36m(ClientAppActor pid=32867)[0m Train Images: 2000
[36m(ClientAppActor pid=32867)[0m Test Images : 100
[36m(ClientAppActor pid=32867)[0m Validate Images : 100
[36m(ClientAppActor pid=32867)[0m 
[36m(ClientAppActor pid=32867)[0m CLIENT 2 STARTING EVALUATION
[36m(ClientAppActor pid=32867)[0m Client 2 received class memories
[36m(ClientAppActor pid=32867)[0m Real memory norm=0.9056
[36m(ClientAppActor pid=32867)[0m Fake memory norm=0.9017
[36m(ClientAppActor pid=32867)[0m Artifact bias shape: torch.Size([32, 8, 197, 197])
[36m(ClientAppActor pid=32867)[0m Accuracy: 0.5900
[36m(ClientAppActor pid=32867)[0m 
[36m(ClientAppActor pid=32867)[0m CLIENT 2 EVALUATION COMPLETE
[36m(ClientAppActor pid=32867)[0m Client 5 using cuda
[36m(ClientAppActor pid=32867)[0m {'fake': 0, 'real': 1}
[36m(ClientAppActor pid=32867)[0m [DEBUG MODE] Train=2000, Val=100, Test=100
[36m(ClientAppActor pid=32867)[0m 
[36m(ClientAppActor pid=32867)[0m Client 5 Class Distribution
[36m(ClientAppActor pid=32867)[0m Train: Counter({0: 1014, 1: 986})
[36m(ClientAppActor pid=32867)[0m Val  : Counter({0: 56, 1: 44})
[36m(ClientAppActor pid=32867)[0m Test : Counter({0: 51, 1: 49})
[36m(ClientAppActor pid=32867)[0m Client 5
[36m(ClientAppActor pid=32867)[0m Train Images: 2000
[36m(ClientAppActor pid=32867)[0m Test Images : 100
[36m(ClientAppActor pid=32867)[0m Validate Images : 100
[36m(ClientAppActor pid=32867)[0m 
[36m(ClientAppActor pid=32867)[0m CLIENT 5 STARTING EVALUATION
[36m(ClientAppActor pid=32867)[0m Client 5 received class memories
[36m(ClientAppActor pid=32867)[0m Real memory norm=0.9056
[36m(ClientAppActor pid=32867)[0m Fake memory norm=0.9017
[36m(ClientAppActor pid=32867)[0m Artifact bias shape: torch.Size([32, 8, 197, 197])
[36m(ClientAppActor pid=32867)[0m Accuracy: 0.5900
[36m(ClientAppActor pid=32867)[0m 
[36m(ClientAppActor pid=32867)[0m CLIENT 5 EVALUATION COMPLETE
[36m(ClientAppActor pid=32867)[0m Client 1 using cuda
[36m(ClientAppActor pid=32867)[0m {'fake': 0, 'real': 1}
[36m(ClientAppActor pid=32867)[0m [DEBUG MODE] Train=2000, Val=100, Test=100
[36m(ClientAppActor pid=32867)[0m 
[36m(ClientAppActor pid=32867)[0m Client 1 Class Distribution
[36m(ClientAppActor pid=32867)[0m Train: Counter({1: 1011, 0: 989})
[36m(ClientAppActor pid=32867)[0m Val  : Counter({0: 55, 1: 45})
[36m(ClientAppActor pid=32867)[0m Test : Counter({0: 53, 1: 47})
[36m(ClientAppActor pid=32867)[0m Client 1
[36m(ClientAppActor pid=32867)[0m Train Images: 2000
[36m(ClientAppActor pid=32867)[0m Test Images : 100
[36m(ClientAppActor pid=32867)[0m Validate Images : 100
[36m(ClientAppActor pid=32867)[0m 
[36m(ClientAppActor pid=32867)[0m CLIENT 1 STARTING EVALUATION
[36m(ClientAppActor pid=32867)[0m Client 1 received class memories
[36m(ClientAppActor pid=32867)[0m Real memory norm=0.9056
[36m(ClientAppActor pid=32867)[0m Fake memory norm=0.9017
[36m(ClientAppActor pid=32867)[0m Artifact bias shape: torch.Size([32, 8, 197, 197])
[36m(ClientAppActor pid=32867)[0m Accuracy: 0.6400
[36m(ClientAppActor pid=32867)[0m 
[36m(ClientAppActor pid=32867)[0m CLIENT 1 EVALUATION COMPLETE
[36m(ClientAppActor pid=32867)[0m Client 4 using cuda
[36m(ClientAppActor pid=32867)[0m {'fake': 0, 'real': 1}
[36m(ClientAppActor pid=32867)[0m [DEBUG MODE] Train=2000, Val=100, Test=100
[36m(ClientAppActor pid=32867)[0m 
[36m(ClientAppActor pid=32867)[0m Client 4 Class Distribution
[36m(ClientAppActor pid=32867)[0m Train: Counter({0: 1013, 1: 987})
[36m(ClientAppActor pid=32867)[0m Val  : Counter({0: 56, 1: 44})
[36m(ClientAppActor pid=32867)[0m Test : Counter({1: 53, 0: 47})
[36m(ClientAppActor pid=32867)[0m Client 4
[36m(ClientAppActor pid=32867)[0m Train Images: 2000
[36m(ClientAppActor pid=32867)[0m Test Images : 100
[36m(ClientAppActor pid=32867)[0m Validate Images : 100
[36m(ClientAppActor pid=32867)[0m 
[36m(ClientAppActor pid=32867)[0m CLIENT 4 STARTING EVALUATION
[36m(ClientAppActor pid=32867)[0m Client 4 received class memories
[36m(ClientAppActor pid=32867)[0m Real memory norm=0.9056
[36m(ClientAppActor pid=32867)[0m Fake memory norm=0.9017
[36m(ClientAppActor pid=32867)[0m Artifact bias shape: torch.Size([32, 8, 197, 197])
[36m(ClientAppActor pid=32867)[0m Accuracy: 0.6000
[36m(ClientAppActor pid=32867)[0m 
[36m(ClientAppActor pid=32867)[0m CLIENT 4 EVALUATION COMPLETE
[36m(ClientAppActor pid=32867)[0m Client 3 using cuda
[36m(ClientAppActor pid=32867)[0m {'fake': 0, 'real': 1}
[36m(ClientAppActor pid=32867)[0m [DEBUG MODE] Train=2000, Val=100, Test=100
[36m(ClientAppActor pid=32867)[0m 
[36m(ClientAppActor pid=32867)[0m Client 3 Class Distribution
[36m(ClientAppActor pid=32867)[0m Train: Counter({1: 1024, 0: 976})
[36m(ClientAppActor pid=32867)[0m 
Epoch 1/1:   0%|          | 0/63 [00:00<?, ?it/s]
[36m(ClientAppActor pid=32867)[0m 
Epoch 1/1:   0%|          | 0/63 [00:00<?, ?it/s, loss=0.6810, acc=62.50%, img/s=133.1, eta=0.2m]
Epoch 1/1:   2%|▏         | 1/63 [00:00<00:14,  4.16it/s, loss=0.6810, acc=62.50%, img/s=133.1, eta=0.2m]
[36m(ClientAppActor pid=32867)[0m 
Epoch 1/1:   2%|▏         | 1/63 [00:00<00:14,  4.16it/s, loss=0.6987, acc=51.56%, img/s=135.5, eta=0.2m]
Epoch 1/1:   3%|▎         | 2/63 [00:00<00:14,  4.25it/s, loss=0.6987, acc=51.56%, img/s=135.5, eta=0.2m]
[36m(ClientAppActor pid=32867)[0m 
Epoch 1/1:   3%|▎         | 2/63 [00:00<00:14,  4.25it/s, loss=0.6671, acc=54.17%, img/s=135.8, eta=0.2m]
Epoch 1/1:   5%|▍         | 3/63 [00:00<00:14,  4.26it/s, loss=0.6671, acc=54.17%, img/s=135.8, eta=0.2m]
[36m(ClientAppActor pid=32867)[0m 
Epoch 1/1:   5%|▍         | 3/63 [00:00<00:14,  4.26it/s, loss=0.6989, acc=50.78%, img/s=136.5, eta=0.2m]
Epoch 1/1:   6%|▋         | 4/63 [00:00<00:13,  4.28it/s, loss=0.6989, acc=50.78%, img/s=136.5, eta=0.2m]
[36m(ClientAppActor pid=32867)[0m 
Epoch 1/1:   6%|▋         | 4/63 [00:01<00:13,  4.28it/s, loss=0.6740, acc=53.12%, img/s=136.7, eta=0.2m]
Epoch 1/1:   8%|▊         | 5/63 [00:01<00:13,  4.29it/s, loss=0.6740, acc=53.12%, img/s=136.7, eta=0.2m]
[36m(ClientAppActor pid=32867)[0m 
Epoch 1/1:   8%|▊         | 5/63 [00:01<00:13,  4.29it/s, loss=0.6696, acc=54.69%, img/s=137.0, eta=0.2m]
Epoch 1/1:  10%|▉         | 6/63 [00:01<00:13,  4.30it/s, loss=0.6696, acc=54.69%, img/s=137.0, eta=0.2m]
[36m(ClientAppActor pid=32867)[0m 
Epoch 1/1:  10%|▉         | 6/63 [00:01<00:13,  4.30it/s, loss=0.6987, acc=54.02%, img/s=136.8, eta=0.2m]
Epoch 1/1:  11%|█         | 7/63 [00:01<00:13,  4.28it/s, loss=0.6987, acc=54.02%, img/s=136.8, eta=0.2m]
[36m(ClientAppActor pid=32867)[0m 
Epoch 1/1:  11%|█         | 7/63 [00:01<00:13,  4.28it/s, loss=0.6812, acc=53.91%, img/s=137.1, eta=0.2m]
Epoch 1/1:  13%|█▎        | 8/63 [00:01<00:12,  4.30it/s, loss=0.6812, acc=53.91%, img/s=137.1, eta=0.2m]
[36m(ClientAppActor pid=32867)[0m 
Epoch 1/1:  13%|█▎        | 8/63 [00:02<00:12,  4.30it/s, loss=0.6993, acc=53.47%, img/s=137.1, eta=0.2m]
Epoch 1/1:  14%|█▍        | 9/63 [00:02<00:12,  4.30it/s, loss=0.6993, acc=53.47%, img/s=137.1, eta=0.2m]
[36m(ClientAppActor pid=32867)[0m 
Epoch 1/1:  14%|█▍        | 9/63 [00:02<00:12,  4.30it/s, loss=0.6663, acc=54.69%, img/s=137.3, eta=0.2m]
Epoch 1/1:  16%|█▌        | 10/63 [00:02<00:12,  4.31it/s, loss=0.6663, acc=54.69%, img/s=137.3, eta=0.2m]
[36m(ClientAppActor pid=32867)[0m 
Epoch 1/1:  16%|█▌        | 10/63 [00:02<00:12,  4.31it/s, loss=0.6467, acc=55.68%, img/s=137.3, eta=0.2m]
Epoch 1/1:  17%|█▋        | 11/63 [00:02<00:12,  4.30it/s, loss=0.6467, acc=55.68%, img/s=137.3, eta=0.2m]
[36m(ClientAppActor pid=32867)[0m 
Epoch 1/1:  17%|█▋        | 11/63 [00:02<00:12,  4.30it/s, loss=0.7083, acc=54.43%, img/s=137.3, eta=0.2m]
Epoch 1/1:  19%|█▉        | 12/63 [00:02<00:11,  4.30it/s, loss=0.7083, acc=54.43%, img/s=137.3, eta=0.2m]
[36m(ClientAppActor pid=32867)[0m 
Epoch 1/1:  19%|█▉        | 12/63 [00:03<00:11,  4.30it/s, loss=0.6641, acc=55.05%, img/s=137.4, eta=0.2m]
Epoch 1/1:  21%|██        | 13/63 [00:03<00:11,  4.31it/s, loss=0.6641, acc=55.05%, img/s=137.4, eta=0.2m]
[36m(ClientAppActor pid=32867)[0m 
Epoch 1/1:  21%|██        | 13/63 [00:03<00:11,  4.31it/s, loss=0.6455, acc=56.03%, img/s=137.4, eta=0.2m]
Epoch 1/1:  22%|██▏       | 14/63 [00:03<00:11,  4.30it/s, loss=0.6455, acc=56.03%, img/s=137.4, eta=0.2m]
[36m(ClientAppActor pid=32867)[0m 
Epoch 1/1:  22%|██▏       | 14/63 [00:03<00:11,  4.30it/s, loss=0.6723, acc=55.62%, img/s=137.4, eta=0.2m]
Epoch 1/1:  24%|██▍       | 15/63 [00:03<00:11,  4.31it/s, loss=0.6723, acc=55.62%, img/s=137.4, eta=0.2m]
[36m(ClientAppActor pid=32867)[0m 
Epoch 1/1:  24%|██▍       | 15/63 [00:03<00:11,  4.31it/s, loss=0.6858, acc=55.66%, img/s=137.5, eta=0.2m]
Epoch 1/1:  25%|██▌       | 16/63 [00:03<00:10,  4.31it/s, loss=0.6858, acc=55.66%, img/s=137.5, eta=0.2m]
[36m(ClientAppActor pid=32867)[0m 
Epoch 1/1:  25%|██▌       | 16/63 [00:03<00:10,  4.31it/s, loss=0.7182, acc=55.33%, img/s=137.5, eta=0.2m]
Epoch 1/1:  27%|██▋       | 17/63 [00:03<00:10,  4.32it/s, loss=0.7182, acc=55.33%, img/s=137.5, eta=0.2m]
[36m(ClientAppActor pid=32867)[0m 
Epoch 1/1:  27%|██▋       | 17/63 [00:04<00:10,  4.32it/s, loss=0.6750, acc=55.73%, img/s=137.6, eta=0.2m]
Epoch 1/1:  29%|██▊       | 18/63 [00:04<00:10,  4.32it/s, loss=0.6750, acc=55.73%, img/s=137.6, eta=0.2m]
[36m(ClientAppActor pid=32867)[0m 
Epoch 1/1:  29%|██▊       | 18/63 [00:04<00:10,  4.32it/s, loss=0.6716, acc=55.59%, img/s=137.6, eta=0.2m]
Epoch 1/1:  30%|███       | 19/63 [00:04<00:10,  4.32it/s, loss=0.6716, acc=55.59%, img/s=137.6, eta=0.2m]
[36m(ClientAppActor pid=32867)[0m 
Epoch 1/1:  30%|███       | 19/63 [00:04<00:10,  4.32it/s, loss=0.6498, acc=56.09%, img/s=137.6, eta=0.2m]
Epoch 1/1:  32%|███▏      | 20/63 [00:04<00:09,  4.30it/s, loss=0.6498, acc=56.09%, img/s=137.6, eta=0.2m]
[36m(ClientAppActor pid=32867)[0m 
Epoch 1/1:  32%|███▏      | 20/63 [00:04<00:09,  4.30it/s, loss=0.6295, acc=56.85%, img/s=137.6, eta=0.2m]
Epoch 1/1:  33%|███▎      | 21/63 [00:04<00:09,  4.30it/s, loss=0.6295, acc=56.85%, img/s=137.6, eta=0.2m]
[36m(ClientAppActor pid=32867)[0m 
Epoch 1/1:  33%|███▎      | 21/63 [00:05<00:09,  4.30it/s, loss=0.6225, acc=57.39%, img/s=137.5, eta=0.2m]
Epoch 1/1:  35%|███▍      | 22/63 [00:05<00:09,  4.30it/s, loss=0.6225, acc=57.39%, img/s=137.5, eta=0.2m]
[36m(ClientAppActor pid=32867)[0m 
Epoch 1/1:  35%|███▍      | 22/63 [00:05<00:09,  4.30it/s, loss=0.6605, acc=57.74%, img/s=137.5, eta=0.2m]
Epoch 1/1:  37%|███▋      | 23/63 [00:05<00:09,  4.30it/s, loss=0.6605, acc=57.74%, img/s=137.5, eta=0.2m]
[36m(ClientAppActor pid=32867)[0m 
Epoch 1/1:  37%|███▋      | 23/63 [00:05<00:09,  4.30it/s, loss=0.6804, acc=57.68%, img/s=137.5, eta=0.2m]
Epoch 1/1:  38%|███▊      | 24/63 [00:05<00:09,  4.29it/s, loss=0.6804, acc=57.68%, img/s=137.5, eta=0.2m]
[36m(ClientAppActor pid=32867)[0m 
Epoch 1/1:  38%|███▊      | 24/63 [00:05<00:09,  4.29it/s, loss=0.5489, acc=58.50%, img/s=137.6, eta=0.1m]
Epoch 1/1:  40%|███▉      | 25/63 [00:05<00:08,  4.30it/s, loss=0.5489, acc=58.50%, img/s=137.6, eta=0.1m]
[36m(ClientAppActor pid=32867)[0m 
Epoch 1/1:  40%|███▉      | 25/63 [00:06<00:08,  4.30it/s, loss=0.6174, acc=59.13%, img/s=137.6, eta=0.1m]
Epoch 1/1:  41%|████▏     | 26/63 [00:06<00:08,  4.30it/s, loss=0.6174, acc=59.13%, img/s=137.6, eta=0.1m]
[36m(ClientAppActor pid=32867)[0m 
Epoch 1/1:  41%|████▏     | 26/63 [00:06<00:08,  4.30it/s, loss=0.5397, acc=59.72%, img/s=137.4, eta=0.1m]
Epoch 1/1:  43%|████▎     | 27/63 [00:06<00:08,  4.27it/s, loss=0.5397, acc=59.72%, img/s=137.4, eta=0.1m]
[36m(ClientAppActor pid=32867)[0m 
Epoch 1/1:  43%|████▎     | 27/63 [00:06<00:08,  4.27it/s, loss=0.6759, acc=59.49%, img/s=137.1, eta=0.1m]
Epoch 1/1:  44%|████▍     | 28/63 [00:06<00:08,  4.19it/s, loss=0.6759, acc=59.49%, img/s=137.1, eta=0.1m]
[36m(ClientAppActor pid=32867)[0m 
Epoch 1/1:  44%|████▍     | 28/63 [00:06<00:08,  4.19it/s, loss=0.6203, acc=59.70%, img/s=136.8, eta=0.1m]
Epoch 1/1:  46%|████▌     | 29/63 [00:06<00:08,  4.14it/s, loss=0.6203, acc=59.70%, img/s=136.8, eta=0.1m]
[36m(ClientAppActor pid=32867)[0m 
Epoch 1/1:  46%|████▌     | 29/63 [00:07<00:08,  4.14it/s, loss=0.4738, acc=60.42%, img/s=136.5, eta=0.1m]
Epoch 1/1:  48%|████▊     | 30/63 [00:07<00:08,  4.09it/s, loss=0.4738, acc=60.42%, img/s=136.5, eta=0.1m]
[36m(ClientAppActor pid=32867)[0m 
Epoch 1/1:  48%|████▊     | 30/63 [00:07<00:08,  4.09it/s, loss=0.7274, acc=60.48%, img/s=136.2, eta=0.1m]
Epoch 1/1:  49%|████▉     | 31/63 [00:07<00:07,  4.06it/s, loss=0.7274, acc=60.48%, img/s=136.2, eta=0.1m]
[36m(ClientAppActor pid=32867)[0m 
Epoch 1/1:  49%|████▉     | 31/63 [00:07<00:07,  4.06it/s, loss=0.6656, acc=60.64%, img/s=135.9, eta=0.1m]
Epoch 1/1:  51%|█████     | 32/63 [00:07<00:07,  4.05it/s, loss=0.6656, acc=60.64%, img/s=135.9, eta=0.1m]
[36m(ClientAppActor pid=32867)[0m 
Epoch 1/1:  51%|█████     | 32/63 [00:07<00:07,  4.05it/s, loss=0.7749, acc=60.51%, img/s=135.8, eta=0.1m]
Epoch 1/1:  52%|█████▏    | 33/63 [00:07<00:07,  4.08it/s, loss=0.7749, acc=60.51%, img/s=135.8, eta=0.1m]
[36m(ClientAppActor pid=32867)[0m 
Epoch 1/1:  52%|█████▏    | 33/63 [00:07<00:07,  4.08it/s, loss=0.9091, acc=60.02%, img/s=136.2, eta=0.1m]
Epoch 1/1:  54%|█████▍    | 34/63 [00:07<00:06,  4.24it/s, loss=0.9091, acc=60.02%, img/s=136.2, eta=0.1m]
[36m(ClientAppActor pid=32867)[0m 
Epoch 1/1:  54%|█████▍    | 34/63 [00:08<00:06,  4.24it/s, loss=0.6993, acc=60.00%, img/s=136.2, eta=0.1m]
Epoch 1/1:  56%|█████▌    | 35/63 [00:08<00:06,  4.24it/s, loss=0.6993, acc=60.00%, img/s=136.2, eta=0.1m]
[36m(ClientAppActor pid=32867)[0m 
Epoch 1/1:  56%|█████▌    | 35/63 [00:08<00:06,  4.24it/s, loss=0.6868, acc=59.90%, img/s=136.2, eta=0.1m]
Epoch 1/1:  57%|█████▋    | 36/63 [00:08<00:06,  4.27it/s, loss=0.6868, acc=59.90%, img/s=136.2, eta=0.1m]
[36m(ClientAppActor pid=32867)[0m 
Epoch 1/1:  57%|█████▋    | 36/63 [00:08<00:06,  4.27it/s, loss=0.6675, acc=59.88%, img/s=136.2, eta=0.1m]
Epoch 1/1:  59%|█████▊    | 37/63 [00:08<00:06,  4.25it/s, loss=0.6675, acc=59.88%, img/s=136.2, eta=0.1m]
[36m(ClientAppActor pid=32867)[0m 
Epoch 1/1:  59%|█████▊    | 37/63 [00:08<00:06,  4.25it/s, loss=0.6511, acc=59.87%, img/s=136.2, eta=0.1m]
Epoch 1/1:  60%|██████    | 38/63 [00:08<00:05,  4.26it/s, loss=0.6511, acc=59.87%, img/s=136.2, eta=0.1m]
[36m(ClientAppActor pid=32867)[0m 
Epoch 1/1:  60%|██████    | 38/63 [00:09<00:05,  4.26it/s, loss=0.5440, acc=60.26%, img/s=136.1, eta=0.1m]
Epoch 1/1:  62%|██████▏   | 39/63 [00:09<00:05,  4.22it/s, loss=0.5440, acc=60.26%, img/s=136.1, eta=0.1m]
[36m(ClientAppActor pid=32867)[0m 
Epoch 1/1:  62%|██████▏   | 39/63 [00:09<00:05,  4.22it/s, loss=0.7006, acc=60.39%, img/s=136.0, eta=0.1m]
Epoch 1/1:  63%|██████▎   | 40/63 [00:09<00:05,  4.20it/s, loss=0.7006, acc=60.39%, img/s=136.0, eta=0.1m]
[36m(ClientAppActor pid=32867)[0m 
Epoch 1/1:  63%|██████▎   | 40/63 [00:09<00:05,  4.20it/s, loss=0.6869, acc=60.21%, img/s=136.1, eta=0.1m]
Epoch 1/1:  65%|██████▌   | 41/63 [00:09<00:05,  4.23it/s, loss=0.6869, acc=60.21%, img/s=136.1, eta=0.1m]
[36m(ClientAppActor pid=32867)[0m 
Epoch 1/1:  65%|██████▌   | 41/63 [00:09<00:05,  4.23it/s, loss=0.7040, acc=60.12%, img/s=136.1, eta=0.1m]
Epoch 1/1:  67%|██████▋   | 42/63 [00:09<00:04,  4.23it/s, loss=0.7040, acc=60.12%, img/s=136.1, eta=0.1m]
[36m(ClientAppActor pid=32867)[0m 
Epoch 1/1:  67%|██████▋   | 42/63 [00:10<00:04,  4.23it/s, loss=0.5884, acc=60.25%, img/s=136.1, eta=0.1m]
Epoch 1/1:  68%|██████▊   | 43/63 [00:10<00:04,  4.26it/s, loss=0.5884, acc=60.25%, img/s=136.1, eta=0.1m]
[36m(ClientAppActor pid=32867)[0m 
Epoch 1/1:  68%|██████▊   | 43/63 [00:10<00:04,  4.26it/s, loss=0.5709, acc=60.58%, img/s=136.0, eta=0.1m]
Epoch 1/1:  70%|██████▉   | 44/63 [00:10<00:04,  4.23it/s, loss=0.5709, acc=60.58%, img/s=136.0, eta=0.1m]
[36m(ClientAppActor pid=32867)[0m 
Epoch 1/1:  70%|██████▉   | 44/63 [00:10<00:04,  4.23it/s, loss=0.5879, acc=60.90%, img/s=136.0, eta=0.1m]
Epoch 1/1:  71%|███████▏  | 45/63 [00:10<00:04,  4.24it/s, loss=0.5879, acc=60.90%, img/s=136.0, eta=0.1m]
[36m(ClientAppActor pid=32867)[0m 
Epoch 1/1:  71%|███████▏  | 45/63 [00:10<00:04,  4.24it/s, loss=0.6301, acc=61.07%, img/s=136.1, eta=0.1m]
Epoch 1/1:  73%|███████▎  | 46/63 [00:10<00:04,  4.25it/s, loss=0.6301, acc=61.07%, img/s=136.1, eta=0.1m]
[36m(ClientAppActor pid=32867)[0m 
Epoch 1/1:  73%|███████▎  | 46/63 [00:11<00:04,  4.25it/s, loss=0.6284, acc=61.10%, img/s=136.1, eta=0.1m]
Epoch 1/1:  75%|███████▍  | 47/63 [00:11<00:03,  4.26it/s, loss=0.6284, acc=61.10%, img/s=136.1, eta=0.1m]
[36m(ClientAppActor pid=32867)[0m 
Epoch 1/1:  75%|███████▍  | 47/63 [00:11<00:03,  4.26it/s, loss=0.6292, acc=61.20%, img/s=136.1, eta=0.1m]
Epoch 1/1:  76%|███████▌  | 48/63 [00:11<00:03,  4.27it/s, loss=0.6292, acc=61.20%, img/s=136.1, eta=0.1m]
[36m(ClientAppActor pid=32867)[0m 
Epoch 1/1:  76%|███████▌  | 48/63 [00:11<00:03,  4.27it/s, loss=0.5479, acc=61.54%, img/s=136.0, eta=0.1m]
Epoch 1/1:  78%|███████▊  | 49/63 [00:11<00:03,  4.22it/s, loss=0.5479, acc=61.54%, img/s=136.0, eta=0.1m]
[36m(ClientAppActor pid=32867)[0m 
Epoch 1/1:  78%|███████▊  | 49/63 [00:11<00:03,  4.22it/s, loss=0.6638, acc=61.62%, img/s=136.0, eta=0.1m]
Epoch 1/1:  79%|███████▉  | 50/63 [00:11<00:03,  4.23it/s, loss=0.6638, acc=61.62%, img/s=136.0, eta=0.1m]
[36m(ClientAppActor pid=32867)[0m 
Epoch 1/1:  79%|███████▉  | 50/63 [00:11<00:03,  4.23it/s, loss=0.5910, acc=61.70%, img/s=136.0, eta=0.0m]
Epoch 1/1:  81%|████████  | 51/63 [00:11<00:02,  4.24it/s, loss=0.5910, acc=61.70%, img/s=136.0, eta=0.0m]
[36m(ClientAppActor pid=32867)[0m 
Epoch 1/1:  81%|████████  | 51/63 [00:12<00:02,  4.24it/s, loss=0.7491, acc=61.72%, img/s=136.1, eta=0.0m]
Epoch 1/1:  83%|████████▎ | 52/63 [00:12<00:02,  4.26it/s, loss=0.7491, acc=61.72%, img/s=136.1, eta=0.0m]
[36m(ClientAppActor pid=32867)[0m 
Epoch 1/1:  83%|████████▎ | 52/63 [00:12<00:02,  4.26it/s, loss=0.6424, acc=61.67%, img/s=136.0, eta=0.0m]
Epoch 1/1:  84%|████████▍ | 53/63 [00:12<00:02,  4.25it/s, loss=0.6424, acc=61.67%, img/s=136.0, eta=0.0m]
[36m(ClientAppActor pid=32867)[0m 
Epoch 1/1:  84%|████████▍ | 53/63 [00:12<00:02,  4.25it/s, loss=0.6418, acc=61.63%, img/s=136.0, eta=0.0m]
Epoch 1/1:  86%|████████▌ | 54/63 [00:12<00:02,  4.21it/s, loss=0.6418, acc=61.63%, img/s=136.0, eta=0.0m]
[36m(ClientAppActor pid=32867)[0m 
Epoch 1/1:  86%|████████▌ | 54/63 [00:12<00:02,  4.21it/s, loss=0.6249, acc=61.70%, img/s=135.9, eta=0.0m]
Epoch 1/1:  87%|████████▋ | 55/63 [00:12<00:01,  4.17it/s, loss=0.6249, acc=61.70%, img/s=135.9, eta=0.0m]
[36m(ClientAppActor pid=32867)[0m 
Epoch 1/1:  87%|████████▋ | 55/63 [00:13<00:01,  4.17it/s, loss=0.7285, acc=61.61%, img/s=135.8, eta=0.0m]
Epoch 1/1:  89%|████████▉ | 56/63 [00:13<00:01,  4.17it/s, loss=0.7285, acc=61.61%, img/s=135.8, eta=0.0m]
[36m(ClientAppActor pid=32867)[0m 
Epoch 1/1:  89%|████████▉ | 56/63 [00:13<00:01,  4.17it/s, loss=0.6837, acc=61.62%, img/s=135.8, eta=0.0m]
Epoch 1/1:  90%|█████████ | 57/63 [00:13<00:01,  4.16it/s, loss=0.6837, acc=61.62%, img/s=135.8, eta=0.0m]
[36m(ClientAppActor pid=32867)[0m 
Epoch 1/1:  90%|█████████ | 57/63 [00:13<00:01,  4.16it/s, loss=0.7224, acc=61.53%, img/s=135.7, eta=0.0m]
Epoch 1/1:  92%|█████████▏| 58/63 [00:13<00:01,  4.17it/s, loss=0.7224, acc=61.53%, img/s=135.7, eta=0.0m]
[36m(ClientAppActor pid=32867)[0m 
Epoch 1/1:  92%|█████████▏| 58/63 [00:13<00:01,  4.17it/s, loss=0.5247, acc=61.81%, img/s=135.7, eta=0.0m]
Epoch 1/1:  94%|█████████▎| 59/63 [00:13<00:00,  4.15it/s, loss=0.5247, acc=61.81%, img/s=135.7, eta=0.0m]
[36m(ClientAppActor pid=32867)[0m 
Epoch 1/1:  94%|█████████▎| 59/63 [00:14<00:00,  4.15it/s, loss=0.5919, acc=61.98%, img/s=135.7, eta=0.0m]
Epoch 1/1:  95%|█████████▌| 60/63 [00:14<00:00,  4.18it/s, loss=0.5919, acc=61.98%, img/s=135.7, eta=0.0m]
[36m(ClientAppActor pid=32867)[0m 
Epoch 1/1:  95%|█████████▌| 60/63 [00:14<00:00,  4.18it/s, loss=0.6803, acc=61.99%, img/s=135.7, eta=0.0m]
Epoch 1/1:  97%|█████████▋| 61/63 [00:14<00:00,  4.22it/s, loss=0.6803, acc=61.99%, img/s=135.7, eta=0.0m]
[36m(ClientAppActor pid=32867)[0m 
Epoch 1/1:  97%|█████████▋| 61/63 [00:14<00:00,  4.22it/s, loss=0.6963, acc=61.79%, img/s=135.7, eta=0.0m]
Epoch 1/1:  98%|█████████▊| 62/63 [00:14<00:00,  4.24it/s, loss=0.6963, acc=61.79%, img/s=135.7, eta=0.0m]
[36m(ClientAppActor pid=32867)[0m 
Epoch 1/1:  98%|█████████▊| 62/63 [00:14<00:00,  4.24it/s, loss=0.5518, acc=61.95%, img/s=68.3, eta=0.0m] 
Epoch 1/1: 100%|██████████| 63/63 [00:14<00:00,  4.79it/s, loss=0.5518, acc=61.95%, img/s=68.3, eta=0.0m]
Epoch 1/1: 100%|██████████| 63/63 [00:14<00:00,  4.27it/s, loss=0.5518, acc=61.95%, img/s=68.3, eta=0.0m]
[36m(ClientAppActor pid=32867)[0m 
Epoch 1/1:   0%|          | 0/63 [00:00<?, ?it/s]
[36m(ClientAppActor pid=32867)[0m 
Epoch 1/1:   0%|          | 0/63 [00:00<?, ?it/s, loss=0.6889, acc=53.12%, img/s=131.2, eta=0.3m]
Epoch 1/1:   2%|▏         | 1/63 [00:00<00:15,  4.10it/s, loss=0.6889, acc=53.12%, img/s=131.2, eta=0.3m]
[36m(ClientAppActor pid=32867)[0m 
Epoch 1/1:   2%|▏         | 1/63 [00:00<00:15,  4.10it/s, loss=0.6877, acc=50.00%, img/s=134.4, eta=0.2m]
Epoch 1/1:   3%|▎         | 2/63 [00:00<00:14,  4.22it/s, loss=0.6877, acc=50.00%, img/s=134.4, eta=0.2m]
[36m(ClientAppActor pid=32867)[0m 
Epoch 1/1:   3%|▎         | 2/63 [00:00<00:14,  4.22it/s, loss=0.6773, acc=52.08%, img/s=135.1, eta=0.2m]
Epoch 1/1:   5%|▍         | 3/63 [00:00<00:14,  4.24it/s, loss=0.6773, acc=52.08%, img/s=135.1, eta=0.2m]
[36m(ClientAppActor pid=32867)[0m 
Epoch 1/1:   5%|▍         | 3/63 [00:00<00:14,  4.24it/s, loss=0.6715, acc=53.91%, img/s=135.7, eta=0.2m]
Epoch 1/1:   6%|▋         | 4/63 [00:00<00:13,  4.26it/s, loss=0.6715, acc=53.91%, img/s=135.7, eta=0.2m]
[36m(ClientAppActor pid=32867)[0m 
Epoch 1/1:   6%|▋         | 4/63 [00:01<00:13,  4.26it/s, loss=0.6521, acc=55.62%, img/s=135.7, eta=0.2m]
Epoch 1/1:   8%|▊         | 5/63 [00:01<00:13,  4.26it/s, loss=0.6521, acc=55.62%, img/s=135.7, eta=0.2m]
[36m(ClientAppActor pid=32867)[0m 
Epoch 1/1:   8%|▊         | 5/63 [00:01<00:13,  4.26it/s, loss=0.6514, acc=56.25%, img/s=135.4, eta=0.2m]
Epoch 1/1:  10%|▉         | 6/63 [00:01<00:13,  4.23it/s, loss=0.6514, acc=56.25%, img/s=135.4, eta=0.2m]
[36m(ClientAppActor pid=32867)[0m 
Epoch 1/1:  10%|▉         | 6/63 [00:01<00:13,  4.23it/s, loss=0.6604, acc=56.70%, img/s=134.4, eta=0.2m]
Epoch 1/1:  11%|█         | 7/63 [00:01<00:13,  4.16it/s, loss=0.6604, acc=56.70%, img/s=134.4, eta=0.2m]
[36m(ClientAppActor pid=32867)[0m 
Epoch 1/1:  11%|█         | 7/63 [00:01<00:13,  4.16it/s, loss=0.7352, acc=55.86%, img/s=133.8, eta=0.2m]
Epoch 1/1:  13%|█▎        | 8/63 [00:01<00:13,  4.12it/s, loss=0.7352, acc=55.86%, img/s=133.8, eta=0.2m]
[36m(ClientAppActor pid=32867)[0m 
Epoch 1/1:  13%|█▎        | 8/63 [00:02<00:13,  4.12it/s, loss=0.6639, acc=55.56%, img/s=133.2, eta=0.2m]
Epoch 1/1:  14%|█▍        | 9/63 [00:02<00:13,  4.09it/s, loss=0.6639, acc=55.56%, img/s=133.2, eta=0.2m]
[36m(ClientAppActor pid=32867)[0m 
Epoch 1/1:  14%|█▍        | 9/63 [00:02<00:13,  4.09it/s, loss=0.6158, acc=56.25%, img/s=133.7, eta=0.2m]
Epoch 1/1:  16%|█▌        | 10/63 [00:02<00:12,  4.16it/s, loss=0.6158, acc=56.25%, img/s=133.7, eta=0.2m]
[36m(ClientAppActor pid=32867)[0m 
Epoch 1/1:  16%|█▌        | 10/63 [00:02<00:12,  4.16it/s, loss=0.6474, acc=57.10%, img/s=134.0, eta=0.2m]
Epoch 1/1:  17%|█▋        | 11/63 [00:02<00:12,  4.20it/s, loss=0.6474, acc=57.10%, img/s=134.0, eta=0.2m]
[36m(ClientAppActor pid=32867)[0m 
Epoch 1/1:  17%|█▋        | 11/63 [00:02<00:12,  4.20it/s, loss=0.6651, acc=57.55%, img/s=133.8, eta=0.2m]
Epoch 1/1:  19%|█▉        | 12/63 [00:02<00:12,  4.17it/s, loss=0.6651, acc=57.55%, img/s=133.8, eta=0.2m]
[36m(ClientAppActor pid=32867)[0m 
Epoch 1/1:  19%|█▉        | 12/63 [00:03<00:12,  4.17it/s, loss=0.6666, acc=57.69%, img/s=134.1, eta=0.2m]
Epoch 1/1:  21%|██        | 13/63 [00:03<00:11,  4.22it/s, loss=0.6666, acc=57.69%, img/s=134.1, eta=0.2m]
[36m(ClientAppActor pid=32867)[0m 
Epoch 1/1:  21%|██        | 13/63 [00:03<00:11,  4.22it/s, loss=0.6660, acc=57.59%, img/s=134.2, eta=0.2m]
Epoch 1/1:  22%|██▏       | 14/63 [00:03<00:11,  4.22it/s, loss=0.6660, acc=57.59%, img/s=134.2, eta=0.2m]
[36m(ClientAppActor pid=32867)[0m 
Epoch 1/1:  22%|██▏       | 14/63 [00:03<00:11,  4.22it/s, loss=0.7246, acc=57.08%, img/s=134.4, eta=0.2m]
Epoch 1/1:  24%|██▍       | 15/63 [00:03<00:11,  4.24it/s, loss=0.7246, acc=57.08%, img/s=134.4, eta=0.2m]
[36m(ClientAppActor pid=32867)[0m 
Epoch 1/1:  24%|██▍       | 15/63 [00:03<00:11,  4.24it/s, loss=0.6450, acc=57.03%, img/s=134.5, eta=0.2m]
Epoch 1/1:  25%|██▌       | 16/63 [00:03<00:11,  4.24it/s, loss=0.6450, acc=57.03%, img/s=134.5, eta=0.2m]
[36m(ClientAppActor pid=32867)[0m 
Epoch 1/1:  25%|██▌       | 16/63 [00:04<00:11,  4.24it/s, loss=0.6376, acc=57.54%, img/s=134.7, eta=0.2m]
Epoch 1/1:  27%|██▋       | 17/63 [00:04<00:10,  4.25it/s, loss=0.6376, acc=57.54%, img/s=134.7, eta=0.2m]
[36m(ClientAppActor pid=32867)[0m 
Epoch 1/1:  27%|██▋       | 17/63 [00:04<00:10,  4.25it/s, loss=0.6480, acc=57.81%, img/s=134.9, eta=0.2m]
Epoch 1/1:  29%|██▊       | 18/63 [00:04<00:10,  4.28it/s, loss=0.6480, acc=57.81%, img/s=134.9, eta=0.2m]
[36m(ClientAppActor pid=32867)[0m 
Epoch 1/1:  29%|██▊       | 18/63 [00:04<00:10,  4.28it/s, loss=0.7662, acc=56.58%, img/s=135.7, eta=0.2m]
Epoch 1/1:  30%|███       | 19/63 [00:04<00:09,  4.42it/s, loss=0.7662, acc=56.58%, img/s=135.7, eta=0.2m]
[36m(ClientAppActor pid=32867)[0m 
Epoch 1/1:  30%|███       | 19/63 [00:04<00:09,  4.42it/s, loss=0.5881, acc=57.03%, img/s=135.8, eta=0.2m]
Epoch 1/1:  32%|███▏      | 20/63 [00:04<00:09,  4.37it/s, loss=0.5881, acc=57.03%, img/s=135.8, eta=0.2m]
[36m(ClientAppActor pid=32867)[0m 
Epoch 1/1:  32%|███▏      | 20/63 [00:04<00:09,  4.37it/s, loss=0.6506, acc=57.14%, img/s=135.9, eta=0.2m]
Epoch 1/1:  33%|███▎      | 21/63 [00:04<00:09,  4.36it/s, loss=0.6506, acc=57.14%, img/s=135.9, eta=0.2m]
[36m(ClientAppActor pid=32867)[0m 
Epoch 1/1:  33%|███▎      | 21/63 [00:05<00:09,  4.36it/s, loss=0.6161, acc=57.53%, img/s=135.9, eta=0.2m]
Epoch 1/1:  35%|███▍      | 22/63 [00:05<00:09,  4.32it/s, loss=0.6161, acc=57.53%, img/s=135.9, eta=0.2m]
[36m(ClientAppActor pid=32867)[0m 
Epoch 1/1:  35%|███▍      | 22/63 [00:05<00:09,  4.32it/s, loss=0.7773, acc=56.93%, img/s=136.0, eta=0.2m]
Epoch 1/1:  37%|███▋      | 23/63 [00:05<00:09,  4.31it/s, loss=0.7773, acc=56.93%, img/s=136.0, eta=0.2m]
[36m(ClientAppActor pid=32867)[0m 
Epoch 1/1:  37%|███▋      | 23/63 [00:05<00:09,  4.31it/s, loss=0.6564, acc=57.29%, img/s=136.0, eta=0.2m]
Epoch 1/1:  38%|███▊      | 24/63 [00:05<00:09,  4.30it/s, loss=0.6564, acc=57.29%, img/s=136.0, eta=0.2m]
[36m(ClientAppActor pid=32867)[0m 
Epoch 1/1:  38%|███▊      | 24/63 [00:05<00:09,  4.30it/s, loss=0.6790, acc=57.50%, img/s=136.1, eta=0.1m]
Epoch 1/1:  40%|███▉      | 25/63 [00:05<00:08,  4.30it/s, loss=0.6790, acc=57.50%, img/s=136.1, eta=0.1m]
[36m(ClientAppActor pid=32867)[0m 
Epoch 1/1:  40%|███▉      | 25/63 [00:06<00:08,  4.30it/s, loss=0.7104, acc=57.57%, img/s=136.1, eta=0.1m]
Epoch 1/1:  41%|████▏     | 26/63 [00:06<00:08,  4.31it/s, loss=0.7104, acc=57.57%, img/s=136.1, eta=0.1m]
[36m(ClientAppActor pid=32867)[0m 
Epoch 1/1:  41%|████▏     | 26/63 [00:06<00:08,  4.31it/s, loss=0.7272, acc=56.94%, img/s=136.2, eta=0.1m]
Epoch 1/1:  43%|████▎     | 27/63 [00:06<00:08,  4.30it/s, loss=0.7272, acc=56.94%, img/s=136.2, eta=0.1m]
[36m(ClientAppActor pid=32867)[0m 
Epoch 1/1:  43%|████▎     | 27/63 [00:06<00:08,  4.30it/s, loss=0.6624, acc=57.25%, img/s=136.2, eta=0.1m]
Epoch 1/1:  44%|████▍     | 28/63 [00:06<00:08,  4.30it/s, loss=0.6624, acc=57.25%, img/s=136.2, eta=0.1m]
[36m(ClientAppActor pid=32867)[0m 
Epoch 1/1:  44%|████▍     | 28/63 [00:06<00:08,  4.30it/s, loss=0.6002, acc=57.76%, img/s=136.2, eta=0.1m]
Epoch 1/1:  46%|████▌     | 29/63 [00:06<00:07,  4.28it/s, loss=0.6002, acc=57.76%, img/s=136.2, eta=0.1m]
[36m(ClientAppActor pid=32867)[0m 
Epoch 1/1:  46%|████▌     | 29/63 [00:07<00:07,  4.28it/s, loss=0.6230, acc=57.92%, img/s=136.2, eta=0.1m]
Epoch 1/1:  48%|████▊     | 30/63 [00:07<00:07,  4.29it/s, loss=0.6230, acc=57.92%, img/s=136.2, eta=0.1m]
[36m(ClientAppActor pid=32867)[0m 
Epoch 1/1:  48%|████▊     | 30/63 [00:07<00:07,  4.29it/s, loss=0.6642, acc=58.06%, img/s=136.3, eta=0.1m]
Epoch 1/1:  49%|████▉     | 31/63 [00:07<00:07,  4.28it/s, loss=0.6642, acc=58.06%, img/s=136.3, eta=0.1m]
[36m(ClientAppActor pid=32867)[0m 
Epoch 1/1:  49%|████▉     | 31/63 [00:07<00:07,  4.28it/s, loss=0.5931, acc=58.50%, img/s=136.3, eta=0.1m]
Epoch 1/1:  51%|█████     | 32/63 [00:07<00:07,  4.28it/s, loss=0.5931, acc=58.50%, img/s=136.3, eta=0.1m]
[36m(ClientAppActor pid=32867)[0m 
Epoch 1/1:  51%|█████     | 32/63 [00:07<00:07,  4.28it/s, loss=0.6977, acc=58.52%, img/s=136.3, eta=0.1m]
Epoch 1/1:  52%|█████▏    | 33/63 [00:07<00:07,  4.28it/s, loss=0.6977, acc=58.52%, img/s=136.3, eta=0.1m]
[36m(ClientAppActor pid=32867)[0m 
Epoch 1/1:  52%|█████▏    | 33/63 [00:07<00:07,  4.28it/s, loss=0.6051, acc=58.73%, img/s=136.3, eta=0.1m]
Epoch 1/1:  54%|█████▍    | 34/63 [00:07<00:06,  4.28it/s, loss=0.6051, acc=58.73%, img/s=136.3, eta=0.1m]
[36m(ClientAppActor pid=32867)[0m 
Epoch 1/1:  54%|█████▍    | 34/63 [00:08<00:06,  4.28it/s, loss=0.5832, acc=58.84%, img/s=136.3, eta=0.1m]
Epoch 1/1:  56%|█████▌    | 35/63 [00:08<00:06,  4.28it/s, loss=0.5832, acc=58.84%, img/s=136.3, eta=0.1m]
[36m(ClientAppActor pid=32867)[0m 
Epoch 1/1:  56%|█████▌    | 35/63 [00:08<00:06,  4.28it/s, loss=0.6044, acc=59.20%, img/s=136.4, eta=0.1m]
Epoch 1/1:  57%|█████▋    | 36/63 [00:08<00:06,  4.29it/s, loss=0.6044, acc=59.20%, img/s=136.4, eta=0.1m]
[36m(ClientAppActor pid=32867)[0m 
Epoch 1/1:  57%|█████▋    | 36/63 [00:08<00:06,  4.29it/s, loss=0.5523, acc=59.54%, img/s=136.3, eta=0.1m]
Epoch 1/1:  59%|█████▊    | 37/63 [00:08<00:06,  4.27it/s, loss=0.5523, acc=59.54%, img/s=136.3, eta=0.1m]
[36m(ClientAppActor pid=32867)[0m 
Epoch 1/1:  59%|█████▊    | 37/63 [00:08<00:06,  4.27it/s, loss=0.7091, acc=59.46%, img/s=136.4, eta=0.1m]
Epoch 1/1:  60%|██████    | 38/63 [00:08<00:05,  4.29it/s, loss=0.7091, acc=59.46%, img/s=136.4, eta=0.1m]
[36m(ClientAppActor pid=32867)[0m 
Epoch 1/1:  60%|██████    | 38/63 [00:09<00:05,  4.29it/s, loss=0.6886, acc=59.38%, img/s=136.4, eta=0.1m]
Epoch 1/1:  62%|██████▏   | 39/63 [00:09<00:05,  4.29it/s, loss=0.6886, acc=59.38%, img/s=136.4, eta=0.1m]
[36m(ClientAppActor pid=32867)[0m 
Epoch 1/1:  62%|██████▏   | 39/63 [00:09<00:05,  4.29it/s, loss=0.6049, acc=59.77%, img/s=136.4, eta=0.1m]
Epoch 1/1:  63%|██████▎   | 40/63 [00:09<00:05,  4.29it/s, loss=0.6049, acc=59.77%, img/s=136.4, eta=0.1m]
[36m(ClientAppActor pid=32867)[0m 
Epoch 1/1:  63%|██████▎   | 40/63 [00:09<00:05,  4.29it/s, loss=0.6773, acc=59.91%, img/s=136.5, eta=0.1m]
Epoch 1/1:  65%|██████▌   | 41/63 [00:09<00:05,  4.29it/s, loss=0.6773, acc=59.91%, img/s=136.5, eta=0.1m]
[36m(ClientAppActor pid=32867)[0m 
Epoch 1/1:  65%|██████▌   | 41/63 [00:09<00:05,  4.29it/s, loss=0.6734, acc=59.90%, img/s=136.5, eta=0.1m]
Epoch 1/1:  67%|██████▋   | 42/63 [00:09<00:04,  4.29it/s, loss=0.6734, acc=59.90%, img/s=136.5, eta=0.1m]
[36m(ClientAppActor pid=32867)[0m 
Epoch 1/1:  67%|██████▋   | 42/63 [00:10<00:04,  4.29it/s, loss=0.5335, acc=60.25%, img/s=136.5, eta=0.1m]
Epoch 1/1:  68%|██████▊   | 43/63 [00:10<00:04,  4.30it/s, loss=0.5335, acc=60.25%, img/s=136.5, eta=0.1m]
[36m(ClientAppActor pid=32867)[0m 
Epoch 1/1:  68%|██████▊   | 43/63 [00:10<00:04,  4.30it/s, loss=0.6769, acc=60.23%, img/s=136.5, eta=0.1m]
Epoch 1/1:  70%|██████▉   | 44/63 [00:10<00:04,  4.30it/s, loss=0.6769, acc=60.23%, img/s=136.5, eta=0.1m]
[36m(ClientAppActor pid=32867)[0m 
Epoch 1/1:  70%|██████▉   | 44/63 [00:10<00:04,  4.30it/s, loss=0.8916, acc=59.79%, img/s=136.5, eta=0.1m]
Epoch 1/1:  71%|███████▏  | 45/63 [00:10<00:04,  4.28it/s, loss=0.8916, acc=59.79%, img/s=136.5, eta=0.1m]
[36m(ClientAppActor pid=32867)[0m 
Epoch 1/1:  71%|███████▏  | 45/63 [00:10<00:04,  4.28it/s, loss=0.6874, acc=59.78%, img/s=136.4, eta=0.1m]
Epoch 1/1:  73%|███████▎  | 46/63 [00:10<00:04,  4.21it/s, loss=0.6874, acc=59.78%, img/s=136.4, eta=0.1m]
[36m(ClientAppActor pid=32867)[0m 
Epoch 1/1:  73%|███████▎  | 46/63 [00:11<00:04,  4.21it/s, loss=0.7327, acc=59.64%, img/s=136.2, eta=0.1m]
Epoch 1/1:  75%|███████▍  | 47/63 [00:11<00:03,  4.16it/s, loss=0.7327, acc=59.64%, img/s=136.2, eta=0.1m]
[36m(ClientAppActor pid=32867)[0m 
Epoch 1/1:  75%|███████▍  | 47/63 [00:11<00:03,  4.16it/s, loss=0.6603, acc=59.70%, img/s=136.2, eta=0.1m]
Epoch 1/1:  76%|███████▌  | 48/63 [00:11<00:03,  4.18it/s, loss=0.6603, acc=59.70%, img/s=136.2, eta=0.1m]
[36m(ClientAppActor pid=32867)[0m 
Epoch 1/1:  76%|███████▌  | 48/63 [00:11<00:03,  4.18it/s, loss=0.5482, acc=59.89%, img/s=136.2, eta=0.1m]
Epoch 1/1:  78%|███████▊  | 49/63 [00:11<00:03,  4.20it/s, loss=0.5482, acc=59.89%, img/s=136.2, eta=0.1m]
[36m(ClientAppActor pid=32867)[0m 
Epoch 1/1:  78%|███████▊  | 49/63 [00:11<00:03,  4.20it/s, loss=0.6470, acc=59.94%, img/s=136.2, eta=0.1m]
Epoch 1/1:  79%|███████▉  | 50/63 [00:11<00:03,  4.21it/s, loss=0.6470, acc=59.94%, img/s=136.2, eta=0.1m]
[36m(ClientAppActor pid=32867)[0m 
Epoch 1/1:  79%|███████▉  | 50/63 [00:11<00:03,  4.21it/s, loss=0.7535, acc=59.87%, img/s=136.2, eta=0.0m]
Epoch 1/1:  81%|████████  | 51/63 [00:11<00:02,  4.23it/s, loss=0.7535, acc=59.87%, img/s=136.2, eta=0.0m]
[36m(ClientAppActor pid=32867)[0m 
Epoch 1/1:  81%|████████  | 51/63 [00:12<00:02,  4.23it/s, loss=0.6127, acc=60.16%, img/s=136.1, eta=0.0m]
Epoch 1/1:  83%|████████▎ | 52/63 [00:12<00:02,  4.20it/s, loss=0.6127, acc=60.16%, img/s=136.1, eta=0.0m]
[36m(ClientAppActor pid=32867)[0m 
Epoch 1/1:  83%|████████▎ | 52/63 [00:12<00:02,  4.20it/s, loss=0.6348, acc=60.08%, img/s=136.1, eta=0.0m]
Epoch 1/1:  84%|████████▍ | 53/63 [00:12<00:02,  4.23it/s, loss=0.6348, acc=60.08%, img/s=136.1, eta=0.0m]
[36m(ClientAppActor pid=32867)[0m 
Epoch 1/1:  84%|████████▍ | 53/63 [00:12<00:02,  4.23it/s, loss=0.5959, acc=60.30%, img/s=136.2, eta=0.0m]
Epoch 1/1:  86%|████████▌ | 54/63 [00:12<00:02,  4.25it/s, loss=0.5959, acc=60.30%, img/s=136.2, eta=0.0m]
[36m(ClientAppActor pid=32867)[0m 
Epoch 1/1:  86%|████████▌ | 54/63 [00:12<00:02,  4.25it/s, loss=0.6566, acc=60.34%, img/s=136.1, eta=0.0m]
Epoch 1/1:  87%|████████▋ | 55/63 [00:12<00:01,  4.25it/s, loss=0.6566, acc=60.34%, img/s=136.1, eta=0.0m]
[36m(ClientAppActor pid=32867)[0m 
Epoch 1/1:  87%|████████▋ | 55/63 [00:13<00:01,  4.25it/s, loss=0.6119, acc=60.49%, img/s=136.1, eta=0.0m]
Epoch 1/1:  89%|████████▉ | 56/63 [00:13<00:01,  4.23it/s, loss=0.6119, acc=60.49%, img/s=136.1, eta=0.0m]
[36m(ClientAppActor pid=32867)[0m 
Epoch 1/1:  89%|████████▉ | 56/63 [00:13<00:01,  4.23it/s, loss=0.6477, acc=60.53%, img/s=136.1, eta=0.0m]
Epoch 1/1:  90%|█████████ | 57/63 [00:13<00:01,  4.25it/s, loss=0.6477, acc=60.53%, img/s=136.1, eta=0.0m]
[36m(ClientAppActor pid=32867)[0m 
Epoch 1/1:  90%|█████████ | 57/63 [00:13<00:01,  4.25it/s, loss=0.6125, acc=60.72%, img/s=136.2, eta=0.0m]
Epoch 1/1:  92%|█████████▏| 58/63 [00:13<00:01,  4.26it/s, loss=0.6125, acc=60.72%, img/s=136.2, eta=0.0m]
[36m(ClientAppActor pid=32867)[0m 
Epoch 1/1:  92%|█████████▏| 58/63 [00:13<00:01,  4.26it/s, loss=0.6605, acc=60.65%, img/s=136.1, eta=0.0m]
Epoch 1/1:  94%|█████████▎| 59/63 [00:13<00:00,  4.21it/s, loss=0.6605, acc=60.65%, img/s=136.1, eta=0.0m]
[36m(ClientAppActor pid=32867)[0m 
Epoch 1/1:  94%|█████████▎| 59/63 [00:14<00:00,  4.21it/s, loss=0.5478, acc=60.99%, img/s=136.0, eta=0.0m]
Epoch 1/1:  95%|█████████▌| 60/63 [00:14<00:00,  4.16it/s, loss=0.5478, acc=60.99%, img/s=136.0, eta=0.0m]
[36m(ClientAppActor pid=32867)[0m 
Epoch 1/1:  95%|█████████▌| 60/63 [00:14<00:00,  4.16it/s, loss=0.6461, acc=60.96%, img/s=135.8, eta=0.0m]
Epoch 1/1:  97%|█████████▋| 61/63 [00:14<00:00,  4.11it/s, loss=0.6461, acc=60.96%, img/s=135.8, eta=0.0m]
[36m(ClientAppActor pid=32867)[0m 
Epoch 1/1:  97%|█████████▋| 61/63 [00:14<00:00,  4.11it/s, loss=0.6156, acc=61.04%, img/s=135.7, eta=0.0m]
Epoch 1/1:  98%|█████████▊| 62/63 [00:14<00:00,  4.08it/s, loss=0.6156, acc=61.04%, img/s=135.7, eta=0.0m]
[36m(ClientAppActor pid=32867)[0m 
Epoch 1/1:  98%|█████████▊| 62/63 [00:14<00:00,  4.08it/s, loss=0.5364, acc=61.15%, img/s=68.3, eta=0.0m] 
Epoch 1/1: 100%|██████████| 63/63 [00:14<00:00,  4.66it/s, loss=0.5364, acc=61.15%, img/s=68.3, eta=0.0m]
Epoch 1/1: 100%|██████████| 63/63 [00:14<00:00,  4.27it/s, loss=0.5364, acc=61.15%, img/s=68.3, eta=0.0m]
[36m(ClientAppActor pid=32867)[0m 
Epoch 1/1:   0%|          | 0/63 [00:00<?, ?it/s]
[36m(ClientAppActor pid=32867)[0m 
Epoch 1/1:   0%|          | 0/63 [00:00<?, ?it/s, loss=0.6879, acc=56.25%, img/s=131.6, eta=0.3m]
Epoch 1/1:   2%|▏         | 1/63 [00:00<00:15,  4.11it/s, loss=0.6879, acc=56.25%, img/s=131.6, eta=0.3m]
[36m(ClientAppActor pid=32867)[0m 
Epoch 1/1:   2%|▏         | 1/63 [00:00<00:15,  4.11it/s, loss=0.6686, acc=54.69%, img/s=132.7, eta=0.2m]
Epoch 1/1:   3%|▎         | 2/63 [00:00<00:14,  4.15it/s, loss=0.6686, acc=54.69%, img/s=132.7, eta=0.2m]
[36m(ClientAppActor pid=32867)[0m 
Epoch 1/1:   3%|▎         | 2/63 [00:00<00:14,  4.15it/s, loss=0.7012, acc=51.04%, img/s=133.7, eta=0.2m]
Epoch 1/1:   5%|▍         | 3/63 [00:00<00:14,  4.19it/s, loss=0.7012, acc=51.04%, img/s=133.7, eta=0.2m]
[36m(ClientAppActor pid=32867)[0m 
Epoch 1/1:   5%|▍         | 3/63 [00:00<00:14,  4.19it/s, loss=0.6752, acc=54.69%, img/s=134.4, eta=0.2m]
Epoch 1/1:   6%|▋         | 4/63 [00:00<00:13,  4.22it/s, loss=0.6752, acc=54.69%, img/s=134.4, eta=0.2m]
[36m(ClientAppActor pid=32867)[0m 
Epoch 1/1:   6%|▋         | 4/63 [00:01<00:13,  4.22it/s, loss=0.7001, acc=53.12%, img/s=135.1, eta=0.2m]
Epoch 1/1:   8%|▊         | 5/63 [00:01<00:13,  4.25it/s, loss=0.7001, acc=53.12%, img/s=135.1, eta=0.2m]
[36m(ClientAppActor pid=32867)[0m 
Epoch 1/1:   8%|▊         | 5/63 [00:01<00:13,  4.25it/s, loss=0.6793, acc=54.17%, img/s=135.3, eta=0.2m]
Epoch 1/1:  10%|▉         | 6/63 [00:01<00:13,  4.26it/s, loss=0.6793, acc=54.17%, img/s=135.3, eta=0.2m]
[36m(ClientAppActor pid=32867)[0m 
Epoch 1/1:  10%|▉         | 6/63 [00:01<00:13,  4.26it/s, loss=0.6857, acc=54.46%, img/s=135.8, eta=0.2m]
Epoch 1/1:  11%|█         | 7/63 [00:01<00:13,  4.28it/s, loss=0.6857, acc=54.46%, img/s=135.8, eta=0.2m]
[36m(ClientAppActor pid=32867)[0m 
Epoch 1/1:  11%|█         | 7/63 [00:01<00:13,  4.28it/s, loss=0.6751, acc=55.08%, img/s=135.7, eta=0.2m]
Epoch 1/1:  13%|█▎        | 8/63 [00:01<00:12,  4.26it/s, loss=0.6751, acc=55.08%, img/s=135.7, eta=0.2m]
[36m(ClientAppActor pid=32867)[0m 
Epoch 1/1:  13%|█▎        | 8/63 [00:02<00:12,  4.26it/s, loss=0.6899, acc=54.86%, img/s=135.9, eta=0.2m]
Epoch 1/1:  14%|█▍        | 9/63 [00:02<00:12,  4.27it/s, loss=0.6899, acc=54.86%, img/s=135.9, eta=0.2m]
[36m(ClientAppActor pid=32867)[0m 
Epoch 1/1:  14%|█▍        | 9/63 [00:02<00:12,  4.27it/s, loss=0.6530, acc=56.25%, img/s=135.4, eta=0.2m]
Epoch 1/1:  16%|█▌        | 10/63 [00:02<00:12,  4.21it/s, loss=0.6530, acc=56.25%, img/s=135.4, eta=0.2m]
[36m(ClientAppActor pid=32867)[0m 
Epoch 1/1:  16%|█▌        | 10/63 [00:02<00:12,  4.21it/s, loss=0.7059, acc=55.11%, img/s=135.6, eta=0.2m]
Epoch 1/1:  17%|█▋        | 11/63 [00:02<00:12,  4.24it/s, loss=0.7059, acc=55.11%, img/s=135.6, eta=0.2m]
[36m(ClientAppActor pid=32867)[0m 
Epoch 1/1:  17%|█▋        | 11/63 [00:02<00:12,  4.24it/s, loss=0.6568, acc=55.99%, img/s=135.6, eta=0.2m]
Epoch 1/1:  19%|█▉        | 12/63 [00:02<00:12,  4.24it/s, loss=0.6568, acc=55.99%, img/s=135.6, eta=0.2m]
[36m(ClientAppActor pid=32867)[0m 
Epoch 1/1:  19%|█▉        | 12/63 [00:03<00:12,  4.24it/s, loss=0.6145, acc=58.17%, img/s=135.8, eta=0.2m]
Epoch 1/1:  21%|██        | 13/63 [00:03<00:11,  4.26it/s, loss=0.6145, acc=58.17%, img/s=135.8, eta=0.2m]
[36m(ClientAppActor pid=32867)[0m 
Epoch 1/1:  21%|██        | 13/63 [00:03<00:11,  4.26it/s, loss=0.6674, acc=58.04%, img/s=135.7, eta=0.2m]
Epoch 1/1:  22%|██▏       | 14/63 [00:03<00:11,  4.25it/s, loss=0.6674, acc=58.04%, img/s=135.7, eta=0.2m]
[36m(ClientAppActor pid=32867)[0m 
Epoch 1/1:  22%|██▏       | 14/63 [00:03<00:11,  4.25it/s, loss=0.6093, acc=58.54%, img/s=135.8, eta=0.2m]
Epoch 1/1:  24%|██▍       | 15/63 [00:03<00:11,  4.26it/s, loss=0.6093, acc=58.54%, img/s=135.8, eta=0.2m]
[36m(ClientAppActor pid=32867)[0m 
Epoch 1/1:  24%|██▍       | 15/63 [00:03<00:11,  4.26it/s, loss=0.5849, acc=58.98%, img/s=136.0, eta=0.2m]
Epoch 1/1:  25%|██▌       | 16/63 [00:03<00:10,  4.28it/s, loss=0.5849, acc=58.98%, img/s=136.0, eta=0.2m]
[36m(ClientAppActor pid=32867)[0m 
Epoch 1/1:  25%|██▌       | 16/63 [00:03<00:10,  4.28it/s, loss=0.7546, acc=58.46%, img/s=136.1, eta=0.2m]
Epoch 1/1:  27%|██▋       | 17/63 [00:03<00:10,  4.28it/s, loss=0.7546, acc=58.46%, img/s=136.1, eta=0.2m]
[36m(ClientAppActor pid=32867)[0m 
Epoch 1/1:  27%|██▋       | 17/63 [00:04<00:10,  4.28it/s, loss=0.6080, acc=59.03%, img/s=136.1, eta=0.2m]
Epoch 1/1:  29%|██▊       | 18/63 [00:04<00:10,  4.28it/s, loss=0.6080, acc=59.03%, img/s=136.1, eta=0.2m]
[36m(ClientAppActor pid=32867)[0m 
Epoch 1/1:  29%|██▊       | 18/63 [00:04<00:10,  4.28it/s, loss=0.6193, acc=59.54%, img/s=136.2, eta=0.2m]
Epoch 1/1:  30%|███       | 19/63 [00:04<00:10,  4.29it/s, loss=0.6193, acc=59.54%, img/s=136.2, eta=0.2m]
[36m(ClientAppActor pid=32867)[0m 
Epoch 1/1:  30%|███       | 19/63 [00:04<00:10,  4.29it/s, loss=0.6085, acc=60.00%, img/s=136.3, eta=0.2m]
Epoch 1/1:  32%|███▏      | 20/63 [00:04<00:10,  4.29it/s, loss=0.6085, acc=60.00%, img/s=136.3, eta=0.2m]
[36m(ClientAppActor pid=32867)[0m 
Epoch 1/1:  32%|███▏      | 20/63 [00:04<00:10,  4.29it/s, loss=0.5810, acc=60.71%, img/s=136.3, eta=0.2m]
Epoch 1/1:  33%|███▎      | 21/63 [00:04<00:09,  4.29it/s, loss=0.5810, acc=60.71%, img/s=136.3, eta=0.2m]
[36m(ClientAppActor pid=32867)[0m 
Epoch 1/1:  33%|███▎      | 21/63 [00:05<00:09,  4.29it/s, loss=0.5950, acc=60.94%, img/s=136.4, eta=0.2m]
Epoch 1/1:  35%|███▍      | 22/63 [00:05<00:09,  4.30it/s, loss=0.5950, acc=60.94%, img/s=136.4, eta=0.2m]
[36m(ClientAppActor pid=32867)[0m 
Epoch 1/1:  35%|███▍      | 22/63 [00:05<00:09,  4.30it/s, loss=0.7247, acc=60.87%, img/s=136.4, eta=0.2m]
Epoch 1/1:  37%|███▋      | 23/63 [00:05<00:09,  4.29it/s, loss=0.7247, acc=60.87%, img/s=136.4, eta=0.2m]
[36m(ClientAppActor pid=32867)[0m 
Epoch 1/1:  37%|███▋      | 23/63 [00:05<00:09,  4.29it/s, loss=0.7210, acc=60.81%, img/s=136.5, eta=0.2m]
Epoch 1/1:  38%|███▊      | 24/63 [00:05<00:09,  4.30it/s, loss=0.7210, acc=60.81%, img/s=136.5, eta=0.2m]
[36m(ClientAppActor pid=32867)[0m 
Epoch 1/1:  38%|███▊      | 24/63 [00:05<00:09,  4.30it/s, loss=0.6419, acc=60.75%, img/s=136.5, eta=0.1m]
Epoch 1/1:  40%|███▉      | 25/63 [00:05<00:08,  4.29it/s, loss=0.6419, acc=60.75%, img/s=136.5, eta=0.1m]
[36m(ClientAppActor pid=32867)[0m 
Epoch 1/1:  40%|███▉      | 25/63 [00:06<00:08,  4.29it/s, loss=0.6341, acc=60.94%, img/s=136.5, eta=0.1m]
Epoch 1/1:  41%|████▏     | 26/63 [00:06<00:08,  4.29it/s, loss=0.6341, acc=60.94%, img/s=136.5, eta=0.1m]
[36m(ClientAppActor pid=32867)[0m 
Epoch 1/1:  41%|████▏     | 26/63 [00:06<00:08,  4.29it/s, loss=0.6951, acc=60.76%, img/s=136.5, eta=0.1m]
Epoch 1/1:  43%|████▎     | 27/63 [00:06<00:08,  4.28it/s, loss=0.6951, acc=60.76%, img/s=136.5, eta=0.1m]
[36m(ClientAppActor pid=32867)[0m 
Epoch 1/1:  43%|████▎     | 27/63 [00:06<00:08,  4.28it/s, loss=0.7591, acc=60.60%, img/s=136.5, eta=0.1m]
Epoch 1/1:  44%|████▍     | 28/63 [00:06<00:08,  4.28it/s, loss=0.7591, acc=60.60%, img/s=136.5, eta=0.1m]
[36m(ClientAppActor pid=32867)[0m 
Epoch 1/1:  44%|████▍     | 28/63 [00:06<00:08,  4.28it/s, loss=0.6216, acc=60.56%, img/s=136.5, eta=0.1m]
Epoch 1/1:  46%|████▌     | 29/63 [00:06<00:07,  4.29it/s, loss=0.6216, acc=60.56%, img/s=136.5, eta=0.1m]
[36m(ClientAppActor pid=32867)[0m 
Epoch 1/1:  46%|████▌     | 29/63 [00:07<00:07,  4.29it/s, loss=0.6428, acc=60.52%, img/s=136.6, eta=0.1m]
Epoch 1/1:  48%|████▊     | 30/63 [00:07<00:07,  4.30it/s, loss=0.6428, acc=60.52%, img/s=136.6, eta=0.1m]
[36m(ClientAppActor pid=32867)[0m 
Epoch 1/1:  48%|████▊     | 30/63 [00:07<00:07,  4.30it/s, loss=0.5684, acc=60.89%, img/s=136.6, eta=0.1m]
Epoch 1/1:  49%|████▉     | 31/63 [00:07<00:07,  4.29it/s, loss=0.5684, acc=60.89%, img/s=136.6, eta=0.1m]
[36m(ClientAppActor pid=32867)[0m 
Epoch 1/1:  49%|████▉     | 31/63 [00:07<00:07,  4.29it/s, loss=0.6735, acc=60.84%, img/s=136.7, eta=0.1m]
Epoch 1/1:  51%|█████     | 32/63 [00:07<00:07,  4.31it/s, loss=0.6735, acc=60.84%, img/s=136.7, eta=0.1m]
[36m(ClientAppActor pid=32867)[0m 
Epoch 1/1:  51%|█████     | 32/63 [00:07<00:07,  4.31it/s, loss=0.6219, acc=61.08%, img/s=136.7, eta=0.1m]
Epoch 1/1:  52%|█████▏    | 33/63 [00:07<00:06,  4.29it/s, loss=0.6219, acc=61.08%, img/s=136.7, eta=0.1m]
[36m(ClientAppActor pid=32867)[0m 
Epoch 1/1:  52%|█████▏    | 33/63 [00:07<00:06,  4.29it/s, loss=0.5961, acc=61.12%, img/s=136.7, eta=0.1m]
Epoch 1/1:  54%|█████▍    | 34/63 [00:07<00:06,  4.29it/s, loss=0.5961, acc=61.12%, img/s=136.7, eta=0.1m]
[36m(ClientAppActor pid=32867)[0m 
Epoch 1/1:  54%|█████▍    | 34/63 [00:08<00:06,  4.29it/s, loss=0.6265, acc=61.16%, img/s=136.7, eta=0.1m]
Epoch 1/1:  56%|█████▌    | 35/63 [00:08<00:06,  4.30it/s, loss=0.6265, acc=61.16%, img/s=136.7, eta=0.1m]
[36m(ClientAppActor pid=32867)[0m 
Epoch 1/1:  56%|█████▌    | 35/63 [00:08<00:06,  4.30it/s, loss=0.6488, acc=61.20%, img/s=136.7, eta=0.1m]
Epoch 1/1:  57%|█████▋    | 36/63 [00:08<00:06,  4.29it/s, loss=0.6488, acc=61.20%, img/s=136.7, eta=0.1m]
[36m(ClientAppActor pid=32867)[0m 
Epoch 1/1:  57%|█████▋    | 36/63 [00:08<00:06,  4.29it/s, loss=0.5524, acc=61.49%, img/s=136.8, eta=0.1m]
Epoch 1/1:  59%|█████▊    | 37/63 [00:08<00:06,  4.30it/s, loss=0.5524, acc=61.49%, img/s=136.8, eta=0.1m]
[36m(ClientAppActor pid=32867)[0m 
Epoch 1/1:  59%|█████▊    | 37/63 [00:08<00:06,  4.30it/s, loss=0.6432, acc=61.68%, img/s=136.8, eta=0.1m]
Epoch 1/1:  60%|██████    | 38/63 [00:08<00:05,  4.30it/s, loss=0.6432, acc=61.68%, img/s=136.8, eta=0.1m]
[36m(ClientAppActor pid=32867)[0m 
Epoch 1/1:  60%|██████    | 38/63 [00:09<00:05,  4.30it/s, loss=0.6817, acc=61.46%, img/s=136.8, eta=0.1m]
Epoch 1/1:  62%|██████▏   | 39/63 [00:09<00:05,  4.31it/s, loss=0.6817, acc=61.46%, img/s=136.8, eta=0.1m]
[36m(ClientAppActor pid=32867)[0m 
Epoch 1/1:  62%|██████▏   | 39/63 [00:09<00:05,  4.31it/s, loss=0.5782, acc=61.64%, img/s=136.8, eta=0.1m]
Epoch 1/1:  63%|██████▎   | 40/63 [00:09<00:05,  4.30it/s, loss=0.5782, acc=61.64%, img/s=136.8, eta=0.1m]
[36m(ClientAppActor pid=32867)[0m 
Epoch 1/1:  63%|██████▎   | 40/63 [00:09<00:05,  4.30it/s, loss=0.6182, acc=61.81%, img/s=136.8, eta=0.1m]
Epoch 1/1:  65%|██████▌   | 41/63 [00:09<00:05,  4.30it/s, loss=0.6182, acc=61.81%, img/s=136.8, eta=0.1m]
[36m(ClientAppActor pid=32867)[0m 
Epoch 1/1:  65%|██████▌   | 41/63 [00:09<00:05,  4.30it/s, loss=0.8653, acc=61.53%, img/s=136.9, eta=0.1m]
Epoch 1/1:  67%|██████▋   | 42/63 [00:09<00:04,  4.30it/s, loss=0.8653, acc=61.53%, img/s=136.9, eta=0.1m]
[36m(ClientAppActor pid=32867)[0m 
Epoch 1/1:  67%|██████▋   | 42/63 [00:10<00:04,  4.30it/s, loss=0.6944, acc=61.63%, img/s=136.9, eta=0.1m]
Epoch 1/1:  68%|██████▊   | 43/63 [00:10<00:04,  4.30it/s, loss=0.6944, acc=61.63%, img/s=136.9, eta=0.1m]
[36m(ClientAppActor pid=32867)[0m 
Epoch 1/1:  68%|██████▊   | 43/63 [00:10<00:04,  4.30it/s, loss=0.7165, acc=61.58%, img/s=136.9, eta=0.1m]
Epoch 1/1:  70%|██████▉   | 44/63 [00:10<00:04,  4.29it/s, loss=0.7165, acc=61.58%, img/s=136.9, eta=0.1m]
[36m(ClientAppActor pid=32867)[0m 
Epoch 1/1:  70%|██████▉   | 44/63 [00:10<00:04,  4.29it/s, loss=0.6235, acc=61.60%, img/s=136.9, eta=0.1m]
Epoch 1/1:  71%|███████▏  | 45/63 [00:10<00:04,  4.30it/s, loss=0.6235, acc=61.60%, img/s=136.9, eta=0.1m]
[36m(ClientAppActor pid=32867)[0m 
Epoch 1/1:  71%|███████▏  | 45/63 [00:10<00:04,  4.30it/s, loss=0.6496, acc=61.55%, img/s=136.9, eta=0.1m]
Epoch 1/1:  73%|███████▎  | 46/63 [00:10<00:03,  4.29it/s, loss=0.6496, acc=61.55%, img/s=136.9, eta=0.1m]
[36m(ClientAppActor pid=32867)[0m 
Epoch 1/1:  73%|███████▎  | 46/63 [00:10<00:03,  4.29it/s, loss=0.6222, acc=61.57%, img/s=136.9, eta=0.1m]
Epoch 1/1:  75%|███████▍  | 47/63 [00:10<00:03,  4.30it/s, loss=0.6222, acc=61.57%, img/s=136.9, eta=0.1m]
[36m(ClientAppActor pid=32867)[0m 
Epoch 1/1:  75%|███████▍  | 47/63 [00:11<00:03,  4.30it/s, loss=0.6238, acc=61.65%, img/s=136.9, eta=0.1m]
Epoch 1/1:  76%|███████▌  | 48/63 [00:11<00:03,  4.29it/s, loss=0.6238, acc=61.65%, img/s=136.9, eta=0.1m]
[36m(ClientAppActor pid=32867)[0m 
Epoch 1/1:  76%|███████▌  | 48/63 [00:11<00:03,  4.29it/s, loss=0.6775, acc=61.61%, img/s=136.9, eta=0.1m]
Epoch 1/1:  78%|███████▊  | 49/63 [00:11<00:03,  4.29it/s, loss=0.6775, acc=61.61%, img/s=136.9, eta=0.1m]
[36m(ClientAppActor pid=32867)[0m 
Epoch 1/1:  78%|███████▊  | 49/63 [00:11<00:03,  4.29it/s, loss=0.7235, acc=61.44%, img/s=136.9, eta=0.1m]
Epoch 1/1:  79%|███████▉  | 50/63 [00:11<00:03,  4.29it/s, loss=0.7235, acc=61.44%, img/s=136.9, eta=0.1m]
[36m(ClientAppActor pid=32867)[0m 
Epoch 1/1:  79%|███████▉  | 50/63 [00:11<00:03,  4.29it/s, loss=0.6336, acc=61.58%, img/s=137.0, eta=0.0m]
Epoch 1/1:  81%|████████  | 51/63 [00:11<00:02,  4.29it/s, loss=0.6336, acc=61.58%, img/s=137.0, eta=0.0m]
[36m(ClientAppActor pid=32867)[0m 
Epoch 1/1:  81%|████████  | 51/63 [00:12<00:02,  4.29it/s, loss=0.5793, acc=61.84%, img/s=137.0, eta=0.0m]
Epoch 1/1:  83%|████████▎ | 52/63 [00:12<00:02,  4.30it/s, loss=0.5793, acc=61.84%, img/s=137.0, eta=0.0m]
[36m(ClientAppActor pid=32867)[0m 
Epoch 1/1:  83%|████████▎ | 52/63 [00:12<00:02,  4.30it/s, loss=0.6448, acc=62.03%, img/s=137.0, eta=0.0m]
Epoch 1/1:  84%|████████▍ | 53/63 [00:12<00:02,  4.30it/s, loss=0.6448, acc=62.03%, img/s=137.0, eta=0.0m]
[36m(ClientAppActor pid=32867)[0m 
Epoch 1/1:  84%|████████▍ | 53/63 [00:12<00:02,  4.30it/s, loss=0.5334, acc=62.27%, img/s=137.0, eta=0.0m]
Epoch 1/1:  86%|████████▌ | 54/63 [00:12<00:02,  4.29it/s, loss=0.5334, acc=62.27%, img/s=137.0, eta=0.0m]
[36m(ClientAppActor pid=32867)[0m 
Epoch 1/1:  86%|████████▌ | 54/63 [00:12<00:02,  4.29it/s, loss=0.5863, acc=62.61%, img/s=137.0, eta=0.0m]
Epoch 1/1:  87%|████████▋ | 55/63 [00:12<00:01,  4.29it/s, loss=0.5863, acc=62.61%, img/s=137.0, eta=0.0m]
[36m(ClientAppActor pid=32867)[0m 
Epoch 1/1:  87%|████████▋ | 55/63 [00:13<00:01,  4.29it/s, loss=0.6069, acc=62.67%, img/s=137.0, eta=0.0m]
Epoch 1/1:  89%|████████▉ | 56/63 [00:13<00:01,  4.30it/s, loss=0.6069, acc=62.67%, img/s=137.0, eta=0.0m]
[36m(ClientAppActor pid=32867)[0m 
Epoch 1/1:  89%|████████▉ | 56/63 [00:13<00:01,  4.30it/s, loss=0.6658, acc=62.61%, img/s=137.0, eta=0.0m]
Epoch 1/1:  90%|█████████ | 57/63 [00:13<00:01,  4.30it/s, loss=0.6658, acc=62.61%, img/s=137.0, eta=0.0m]
[36m(ClientAppActor pid=32867)[0m 
Epoch 1/1:  90%|█████████ | 57/63 [00:13<00:01,  4.30it/s, loss=0.5554, acc=62.82%, img/s=137.0, eta=0.0m]
Epoch 1/1:  92%|█████████▏| 58/63 [00:13<00:01,  4.30it/s, loss=0.5554, acc=62.82%, img/s=137.0, eta=0.0m]
[36m(ClientAppActor pid=32867)[0m 
Epoch 1/1:  92%|█████████▏| 58/63 [00:13<00:01,  4.30it/s, loss=0.5155, acc=63.08%, img/s=137.0, eta=0.0m]
Epoch 1/1:  94%|█████████▎| 59/63 [00:13<00:00,  4.28it/s, loss=0.5155, acc=63.08%, img/s=137.0, eta=0.0m]
[36m(ClientAppActor pid=32867)[0m 
Epoch 1/1:  94%|█████████▎| 59/63 [00:14<00:00,  4.28it/s, loss=0.6892, acc=62.97%, img/s=137.0, eta=0.0m]
Epoch 1/1:  95%|█████████▌| 60/63 [00:14<00:00,  4.28it/s, loss=0.6892, acc=62.97%, img/s=137.0, eta=0.0m]
[36m(ClientAppActor pid=32867)[0m 
Epoch 1/1:  95%|█████████▌| 60/63 [00:14<00:00,  4.28it/s, loss=0.6304, acc=63.06%, img/s=137.0, eta=0.0m]
Epoch 1/1:  97%|█████████▋| 61/63 [00:14<00:00,  4.29it/s, loss=0.6304, acc=63.06%, img/s=137.0, eta=0.0m]
[36m(ClientAppActor pid=32867)[0m 
Epoch 1/1:  97%|█████████▋| 61/63 [00:14<00:00,  4.29it/s, loss=0.5717, acc=63.10%, img/s=137.0, eta=0.0m]
Epoch 1/1:  98%|█████████▊| 62/63 [00:14<00:00,  4.27it/s, loss=0.5717, acc=63.10%, img/s=137.0, eta=0.0m]
[36m(ClientAppActor pid=32867)[0m 
Epoch 1/1:  98%|█████████▊| 62/63 [00:14<00:00,  4.27it/s, loss=0.5129, acc=63.20%, img/s=68.9, eta=0.0m] 
Epoch 1/1: 100%|██████████| 63/63 [00:14<00:00,  4.79it/s, loss=0.5129, acc=63.20%, img/s=68.9, eta=0.0m]
Epoch 1/1: 100%|██████████| 63/63 [00:14<00:00,  4.31it/s, loss=0.5129, acc=63.20%, img/s=68.9, eta=0.0m]
[36m(ClientAppActor pid=32867)[0m 
Epoch 1/1:   0%|          | 0/63 [00:00<?, ?it/s]
[36m(ClientAppActor pid=32867)[0m 
Epoch 1/1:   0%|          | 0/63 [00:00<?, ?it/s, loss=0.6779, acc=62.50%, img/s=125.4, eta=0.3m]
Epoch 1/1:   2%|▏         | 1/63 [00:00<00:15,  3.90it/s, loss=0.6779, acc=62.50%, img/s=125.4, eta=0.3m]
[36m(ClientAppActor pid=32867)[0m Val  : Counter({1: 54, 0: 46})
[36m(ClientAppActor pid=32867)[0m Test : Counter({1: 50, 0: 50})
[36m(ClientAppActor pid=32867)[0m Client 3
[36m(ClientAppActor pid=32867)[0m Train Images: 2000
[36m(ClientAppActor pid=32867)[0m Test Images : 100
[36m(ClientAppActor pid=32867)[0m Validate Images : 100
[36m(ClientAppActor pid=32867)[0m Client 3 starting fit...
[36m(ClientAppActor pid=32867)[0m Client 3 received class memories
[36m(ClientAppActor pid=32867)[0m Real memory norm=0.9056
[36m(ClientAppActor pid=32867)[0m Fake memory norm=0.9017
[36m(ClientAppActor pid=32867)[0m Client 3 starting training...
[36m(ClientAppActor pid=32867)[0m START classifier norm: 13.061445236206055
[36m(ClientAppActor pid=32867)[0m Artifact bias shape: torch.Size([32, 8, 197, 197])
[36m(ClientAppActor pid=32867)[0m 
[36m(ClientAppActor pid=32867)[0m Batch 0/63
[36m(ClientAppActor pid=32867)[0m GPU Allocated: 1.83 GB
[36m(ClientAppActor pid=32867)[0m GPU Reserved : 3.86 GB
[36m(ClientAppActor pid=32867)[0m 
[36m(ClientAppActor pid=32867)[0m ==================================================
[36m(ClientAppActor pid=32867)[0m Epoch 1 Complete
[36m(ClientAppActor pid=32867)[0m Average Loss : 0.6561
[36m(ClientAppActor pid=32867)[0m Accuracy     : 61.95%
[36m(ClientAppActor pid=32867)[0m Time         : 14.76s
[36m(ClientAppActor pid=32867)[0m Images       : 2000
[36m(ClientAppActor pid=32867)[0m Images/sec   : 135.47
[36m(ClientAppActor pid=32867)[0m GPU Allocated: 1.82 GB
[36m(ClientAppActor pid=32867)[0m GPU Reserved : 3.86 GB
[36m(ClientAppActor pid=32867)[0m ==================================================
[36m(ClientAppActor pid=32867)[0m END classifier norm: 13.066061019897461
[36m(ClientAppActor pid=32867)[0m Client 3 finished training
[36m(ClientAppActor pid=32867)[0m Client 3 extracting parameters...
[36m(ClientAppActor pid=32867)[0m Client 3 parameter extraction complete
[36m(ClientAppActor pid=32867)[0m Client 3 returning results
[36m(ClientAppActor pid=32867)[0m Client 2 using cuda
[36m(ClientAppActor pid=32867)[0m {'fake': 0, 'real': 1}
[36m(ClientAppActor pid=32867)[0m [DEBUG MODE] Train=2000, Val=100, Test=100
[36m(ClientAppActor pid=32867)[0m 
[36m(ClientAppActor pid=32867)[0m Client 2 Class Distribution
[36m(ClientAppActor pid=32867)[0m Train: Counter({0: 1012, 1: 988})
[36m(ClientAppActor pid=32867)[0m Val  : Counter({0: 60, 1: 40})
[36m(ClientAppActor pid=32867)[0m Test : Counter({0: 51, 1: 49})
[36m(ClientAppActor pid=32867)[0m Client 2
[36m(ClientAppActor pid=32867)[0m Train Images: 2000
[36m(ClientAppActor pid=32867)[0m Test Images : 100
[36m(ClientAppActor pid=32867)[0m Validate Images : 100
[36m(ClientAppActor pid=32867)[0m Client 2 starting fit...
[36m(ClientAppActor pid=32867)[0m Client 2 received class memories
[36m(ClientAppActor pid=32867)[0m Real memory norm=0.9056
[36m(ClientAppActor pid=32867)[0m Fake memory norm=0.9017
[36m(ClientAppActor pid=32867)[0m Client 2 starting training...
[36m(ClientAppActor pid=32867)[0m START classifier norm: 13.061445236206055
[36m(ClientAppActor pid=32867)[0m Artifact bias shape: torch.Size([32, 8, 197, 197])
[36m(ClientAppActor pid=32867)[0m 
[36m(ClientAppActor pid=32867)[0m Batch 0/63
[36m(ClientAppActor pid=32867)[0m GPU Allocated: 1.83 GB
[36m(ClientAppActor pid=32867)[0m GPU Reserved : 3.86 GB
[36m(ClientAppActor pid=32867)[0m 
[36m(ClientAppActor pid=32867)[0m ==================================================
[36m(ClientAppActor pid=32867)[0m Epoch 1 Complete
[36m(ClientAppActor pid=32867)[0m Average Loss : 0.6544
[36m(ClientAppActor pid=32867)[0m Accuracy     : 61.15%
[36m(ClientAppActor pid=32867)[0m Time         : 14.77s
[36m(ClientAppActor pid=32867)[0m Images       : 2000
[36m(ClientAppActor pid=32867)[0m Images/sec   : 135.45
[36m(ClientAppActor pid=32867)[0m GPU Allocated: 1.82 GB
[36m(ClientAppActor pid=32867)[0m GPU Reserved : 3.86 GB
[36m(ClientAppActor pid=32867)[0m ==================================================
[36m(ClientAppActor pid=32867)[0m END classifier norm: 13.066078186035156
[36m(ClientAppActor pid=32867)[0m Client 2 finished training
[36m(ClientAppActor pid=32867)[0m Client 2 extracting parameters...
[36m(ClientAppActor pid=32867)[0m Client 2 parameter extraction complete
[36m(ClientAppActor pid=32867)[0m Client 2 returning results
[36m(ClientAppActor pid=32867)[0m Client 4 using cuda
[36m(ClientAppActor pid=32867)[0m {'fake': 0, 'real': 1}
[36m(ClientAppActor pid=32867)[0m [DEBUG MODE] Train=2000, Val=100, Test=100
[36m(ClientAppActor pid=32867)[0m 
[36m(ClientAppActor pid=32867)[0m Client 4 Class Distribution
[36m(ClientAppActor pid=32867)[0m Train: Counter({0: 1013, 1: 987})
[36m(ClientAppActor pid=32867)[0m Val  : Counter({0: 56, 1: 44})
[36m(ClientAppActor pid=32867)[0m Test : Counter({1: 53, 0: 47})
[36m(ClientAppActor pid=32867)[0m Client 4
[36m(ClientAppActor pid=32867)[0m Train Images: 2000
[36m(ClientAppActor pid=32867)[0m Test Images : 100
[36m(ClientAppActor pid=32867)[0m Validate Images : 100
[36m(ClientAppActor pid=32867)[0m Client 4 starting fit...
[36m(ClientAppActor pid=32867)[0m Client 4 received class memories
[36m(ClientAppActor pid=32867)[0m Real memory norm=0.9056
[36m(ClientAppActor pid=32867)[0m Fake memory norm=0.9017
[36m(ClientAppActor pid=32867)[0m Client 4 starting training...
[36m(ClientAppActor pid=32867)[0m START classifier norm: 13.061445236206055
[36m(ClientAppActor pid=32867)[0m Artifact bias shape: torch.Size([32, 8, 197, 197])
[36m(ClientAppActor pid=32867)[0m 
[36m(ClientAppActor pid=32867)[0m Batch 0/63
[36m(ClientAppActor pid=32867)[0m GPU Allocated: 1.83 GB
[36m(ClientAppActor pid=32867)[0m GPU Reserved : 3.86 GB
[36m(ClientAppActor pid=32867)[0m 
[36m(ClientAppActor pid=32867)[0m ==================================================
[36m(ClientAppActor pid=32867)[0m Epoch 1 Complete
[36m(ClientAppActor pid=32867)[0m Average Loss : 0.6443
[36m(ClientAppActor pid=32867)[0m Accuracy     : 63.20%
[36m(ClientAppActor pid=32867)[0m Time         : 14.63s
[36m(ClientAppActor pid=32867)[0m Images       : 2000
[36m(ClientAppActor pid=32867)[0m Images/sec   : 136.68
[36m(ClientAppActor pid=32867)[0m GPU Allocated: 1.82 GB
[36m(ClientAppActor pid=32867)[0m GPU Reserved : 3.86 GB
[36m(ClientAppActor pid=32867)[0m ==================================================
[36m(ClientAppActor pid=32867)[0m END classifier norm: 13.065698623657227
[36m(ClientAppActor pid=32867)[0m Client 4 finished training
[36m(ClientAppActor pid=32867)[0m Client 4 extracting parameters...
[36m(ClientAppActor pid=32867)[0m Client 4 parameter extraction complete
[36m(ClientAppActor pid=32867)[0m Client 4 returning results
[36m(ClientAppActor pid=32867)[0m Client 1 using cuda
[36m(ClientAppActor pid=32867)[0m {'fake': 0, 'real': 1}
[36m(ClientAppActor pid=32867)[0m [DEBUG MODE] Train=2000, Val=100, Test=100
[36m(ClientAppActor pid=32867)[0m 
[36m(ClientAppActor pid=32867)[0m Client 1 Class Distribution
[36m(ClientAppActor pid=32867)[0m Train: Counter({1: 1011, 0: 989})
[36m(ClientAppActor pid=32867)[0m Val  : Counter({0: 55, 1: 45})
[36m(ClientAppActor pid=32867)[0m Test : Counter({0: 53, 1: 47})
[36m(ClientAppActor pid=32867)[0m Client 1
[36m(ClientAppActor pid=32867)[0m Train Images: 2000
[36m(ClientAppActor pid=32867)[0m Test Images : 100
[36m(ClientAppActor pid=32867)[0m Validate Images : 100
[36m(ClientAppActor pid=32867)[0m Client 1 starting fit...
[36m(ClientAppActor pid=32867)[0m Client 1 received class memories
[36m(ClientAppActor pid=32867)[0m Real memory norm=0.9056
[36m(ClientAppActor pid=32867)[0m Fake memory norm=0.9017
[36m(ClientAppActor pid=32867)[0m Client 1 starting training...
[36m(ClientAppActor pid=32867)[0m START classifier norm: 13.061445236206055
[36m(ClientAppActor pid=32867)[0m Artifact bias shape: torch.Size([32, 8, 197, 197])
[36m(ClientAppActor pid=32867)[0m 
[36m(ClientAppActor pid=32867)[0m Batch 0/63
[36m(ClientAppActor pid=32867)[0m 
Epoch 1/1:   2%|▏         | 1/63 [00:00<00:15,  3.90it/s, loss=0.7132, acc=53.12%, img/s=129.7, eta=0.3m]
Epoch 1/1:   3%|▎         | 2/63 [00:00<00:14,  4.08it/s, loss=0.7132, acc=53.12%, img/s=129.7, eta=0.3m]
[36m(ClientAppActor pid=32867)[0m 
Epoch 1/1:   3%|▎         | 2/63 [00:00<00:14,  4.08it/s, loss=0.6984, acc=51.04%, img/s=132.6, eta=0.2m]
Epoch 1/1:   5%|▍         | 3/63 [00:00<00:14,  4.19it/s, loss=0.6984, acc=51.04%, img/s=132.6, eta=0.2m]
[36m(ClientAppActor pid=32867)[0m 
Epoch 1/1:   5%|▍         | 3/63 [00:00<00:14,  4.19it/s, loss=0.6891, acc=51.56%, img/s=132.7, eta=0.2m]
Epoch 1/1:   6%|▋         | 4/63 [00:00<00:14,  4.18it/s, loss=0.6891, acc=51.56%, img/s=132.7, eta=0.2m]
[36m(ClientAppActor pid=32867)[0m 
Epoch 1/1:   6%|▋         | 4/63 [00:01<00:14,  4.18it/s, loss=0.6755, acc=53.75%, img/s=132.2, eta=0.2m]
Epoch 1/1:   8%|▊         | 5/63 [00:01<00:14,  4.14it/s, loss=0.6755, acc=53.75%, img/s=132.2, eta=0.2m]
[36m(ClientAppActor pid=32867)[0m 
Epoch 1/1:   8%|▊         | 5/63 [00:01<00:14,  4.14it/s, loss=0.6963, acc=51.56%, img/s=131.8, eta=0.2m]
Epoch 1/1:  10%|▉         | 6/63 [00:01<00:13,  4.11it/s, loss=0.6963, acc=51.56%, img/s=131.8, eta=0.2m]
[36m(ClientAppActor pid=32867)[0m 
Epoch 1/1:  10%|▉         | 6/63 [00:01<00:13,  4.11it/s, loss=0.6835, acc=51.79%, img/s=131.6, eta=0.2m]
Epoch 1/1:  11%|█         | 7/63 [00:01<00:13,  4.10it/s, loss=0.6835, acc=51.79%, img/s=131.6, eta=0.2m]
[36m(ClientAppActor pid=32867)[0m 
Epoch 1/1:  11%|█         | 7/63 [00:01<00:13,  4.10it/s, loss=0.7013, acc=50.78%, img/s=131.3, eta=0.2m]
Epoch 1/1:  13%|█▎        | 8/63 [00:01<00:13,  4.08it/s, loss=0.7013, acc=50.78%, img/s=131.3, eta=0.2m]
[36m(ClientAppActor pid=32867)[0m 
Epoch 1/1:  13%|█▎        | 8/63 [00:02<00:13,  4.08it/s, loss=0.6800, acc=50.69%, img/s=132.0, eta=0.2m]
Epoch 1/1:  14%|█▍        | 9/63 [00:02<00:13,  4.15it/s, loss=0.6800, acc=50.69%, img/s=132.0, eta=0.2m]
[36m(ClientAppActor pid=32867)[0m 
Epoch 1/1:  14%|█▍        | 9/63 [00:02<00:13,  4.15it/s, loss=0.6533, acc=52.19%, img/s=132.6, eta=0.2m]
Epoch 1/1:  16%|█▌        | 10/63 [00:02<00:12,  4.20it/s, loss=0.6533, acc=52.19%, img/s=132.6, eta=0.2m]
[36m(ClientAppActor pid=32867)[0m 
Epoch 1/1:  16%|█▌        | 10/63 [00:02<00:12,  4.20it/s, loss=0.6494, acc=53.12%, img/s=132.9, eta=0.2m]
Epoch 1/1:  17%|█▋        | 11/63 [00:02<00:12,  4.21it/s, loss=0.6494, acc=53.12%, img/s=132.9, eta=0.2m]
[36m(ClientAppActor pid=32867)[0m 
Epoch 1/1:  17%|█▋        | 11/63 [00:02<00:12,  4.21it/s, loss=0.6879, acc=53.39%, img/s=133.2, eta=0.2m]
Epoch 1/1:  19%|█▉        | 12/63 [00:02<00:12,  4.24it/s, loss=0.6879, acc=53.39%, img/s=133.2, eta=0.2m]
[36m(ClientAppActor pid=32867)[0m 
Epoch 1/1:  19%|█▉        | 12/63 [00:03<00:12,  4.24it/s, loss=0.6970, acc=52.64%, img/s=133.6, eta=0.2m]
Epoch 1/1:  21%|██        | 13/63 [00:03<00:11,  4.25it/s, loss=0.6970, acc=52.64%, img/s=133.6, eta=0.2m]
[36m(ClientAppActor pid=32867)[0m 
Epoch 1/1:  21%|██        | 13/63 [00:03<00:11,  4.25it/s, loss=0.6840, acc=52.90%, img/s=133.9, eta=0.2m]
Epoch 1/1:  22%|██▏       | 14/63 [00:03<00:11,  4.28it/s, loss=0.6840, acc=52.90%, img/s=133.9, eta=0.2m]
[36m(ClientAppActor pid=32867)[0m 
Epoch 1/1:  22%|██▏       | 14/63 [00:03<00:11,  4.28it/s, loss=0.6529, acc=54.17%, img/s=134.1, eta=0.2m]
Epoch 1/1:  24%|██▍       | 15/63 [00:03<00:11,  4.28it/s, loss=0.6529, acc=54.17%, img/s=134.1, eta=0.2m]
[36m(ClientAppActor pid=32867)[0m 
Epoch 1/1:  24%|██▍       | 15/63 [00:03<00:11,  4.28it/s, loss=0.6821, acc=54.30%, img/s=134.3, eta=0.2m]
Epoch 1/1:  25%|██▌       | 16/63 [00:03<00:10,  4.28it/s, loss=0.6821, acc=54.30%, img/s=134.3, eta=0.2m]
[36m(ClientAppActor pid=32867)[0m 
Epoch 1/1:  25%|██▌       | 16/63 [00:04<00:10,  4.28it/s, loss=0.6682, acc=54.78%, img/s=134.6, eta=0.2m]
Epoch 1/1:  27%|██▋       | 17/63 [00:04<00:10,  4.30it/s, loss=0.6682, acc=54.78%, img/s=134.6, eta=0.2m]
[36m(ClientAppActor pid=32867)[0m 
Epoch 1/1:  27%|██▋       | 17/63 [00:04<00:10,  4.30it/s, loss=0.6097, acc=55.90%, img/s=134.7, eta=0.2m]
Epoch 1/1:  29%|██▊       | 18/63 [00:04<00:10,  4.30it/s, loss=0.6097, acc=55.90%, img/s=134.7, eta=0.2m]
[36m(ClientAppActor pid=32867)[0m 
Epoch 1/1:  29%|██▊       | 18/63 [00:04<00:10,  4.30it/s, loss=0.6699, acc=55.92%, img/s=134.9, eta=0.2m]
Epoch 1/1:  30%|███       | 19/63 [00:04<00:10,  4.29it/s, loss=0.6699, acc=55.92%, img/s=134.9, eta=0.2m]
[36m(ClientAppActor pid=32867)[0m 
Epoch 1/1:  30%|███       | 19/63 [00:04<00:10,  4.29it/s, loss=0.6585, acc=56.09%, img/s=135.0, eta=0.2m]
Epoch 1/1:  32%|███▏      | 20/63 [00:04<00:09,  4.31it/s, loss=0.6585, acc=56.09%, img/s=135.0, eta=0.2m]
[36m(ClientAppActor pid=32867)[0m 
Epoch 1/1:  32%|███▏      | 20/63 [00:04<00:09,  4.31it/s, loss=0.6751, acc=55.95%, img/s=135.1, eta=0.2m]
Epoch 1/1:  33%|███▎      | 21/63 [00:04<00:09,  4.29it/s, loss=0.6751, acc=55.95%, img/s=135.1, eta=0.2m]
[36m(ClientAppActor pid=32867)[0m 
Epoch 1/1:  33%|███▎      | 21/63 [00:05<00:09,  4.29it/s, loss=0.6529, acc=56.25%, img/s=135.2, eta=0.2m]
Epoch 1/1:  35%|███▍      | 22/63 [00:05<00:09,  4.29it/s, loss=0.6529, acc=56.25%, img/s=135.2, eta=0.2m]
[36m(ClientAppActor pid=32867)[0m 
Epoch 1/1:  35%|███▍      | 22/63 [00:05<00:09,  4.29it/s, loss=0.6858, acc=55.98%, img/s=135.3, eta=0.2m]
Epoch 1/1:  37%|███▋      | 23/63 [00:05<00:09,  4.30it/s, loss=0.6858, acc=55.98%, img/s=135.3, eta=0.2m]
[36m(ClientAppActor pid=32867)[0m 
Epoch 1/1:  37%|███▋      | 23/63 [00:05<00:09,  4.30it/s, loss=0.6796, acc=56.12%, img/s=135.4, eta=0.2m]
Epoch 1/1:  38%|███▊      | 24/63 [00:05<00:09,  4.30it/s, loss=0.6796, acc=56.12%, img/s=135.4, eta=0.2m]
[36m(ClientAppActor pid=32867)[0m 
Epoch 1/1:  38%|███▊      | 24/63 [00:05<00:09,  4.30it/s, loss=0.6002, acc=56.62%, img/s=135.5, eta=0.1m]
Epoch 1/1:  40%|███▉      | 25/63 [00:05<00:08,  4.30it/s, loss=0.6002, acc=56.62%, img/s=135.5, eta=0.1m]
[36m(ClientAppActor pid=32867)[0m 
Epoch 1/1:  40%|███▉      | 25/63 [00:06<00:08,  4.30it/s, loss=0.7459, acc=56.49%, img/s=135.6, eta=0.1m]
Epoch 1/1:  41%|████▏     | 26/63 [00:06<00:08,  4.29it/s, loss=0.7459, acc=56.49%, img/s=135.6, eta=0.1m]
[36m(ClientAppActor pid=32867)[0m 
Epoch 1/1:  41%|████▏     | 26/63 [00:06<00:08,  4.29it/s, loss=0.7690, acc=56.13%, img/s=135.6, eta=0.1m]
Epoch 1/1:  43%|████▎     | 27/63 [00:06<00:08,  4.30it/s, loss=0.7690, acc=56.13%, img/s=135.6, eta=0.1m]
[36m(ClientAppActor pid=32867)[0m 
Epoch 1/1:  43%|████▎     | 27/63 [00:06<00:08,  4.30it/s, loss=0.6557, acc=56.14%, img/s=135.7, eta=0.1m]
Epoch 1/1:  44%|████▍     | 28/63 [00:06<00:08,  4.30it/s, loss=0.6557, acc=56.14%, img/s=135.7, eta=0.1m]
[36m(ClientAppActor pid=32867)[0m 
Epoch 1/1:  44%|████▍     | 28/63 [00:06<00:08,  4.30it/s, loss=0.6444, acc=56.47%, img/s=135.8, eta=0.1m]
Epoch 1/1:  46%|████▌     | 29/63 [00:06<00:07,  4.30it/s, loss=0.6444, acc=56.47%, img/s=135.8, eta=0.1m]
[36m(ClientAppActor pid=32867)[0m 
Epoch 1/1:  46%|████▌     | 29/63 [00:07<00:07,  4.30it/s, loss=0.5713, acc=57.19%, img/s=135.9, eta=0.1m]
Epoch 1/1:  48%|████▊     | 30/63 [00:07<00:07,  4.31it/s, loss=0.5713, acc=57.19%, img/s=135.9, eta=0.1m]
[36m(ClientAppActor pid=32867)[0m 
Epoch 1/1:  48%|████▊     | 30/63 [00:07<00:07,  4.31it/s, loss=0.5645, acc=57.56%, img/s=135.9, eta=0.1m]
Epoch 1/1:  49%|████▉     | 31/63 [00:07<00:07,  4.30it/s, loss=0.5645, acc=57.56%, img/s=135.9, eta=0.1m]
[36m(ClientAppActor pid=32867)[0m 
Epoch 1/1:  49%|████▉     | 31/63 [00:07<00:07,  4.30it/s, loss=0.7115, acc=57.62%, img/s=135.9, eta=0.1m]
Epoch 1/1:  51%|█████     | 32/63 [00:07<00:07,  4.30it/s, loss=0.7115, acc=57.62%, img/s=135.9, eta=0.1m]
[36m(ClientAppActor pid=32867)[0m 
Epoch 1/1:  51%|█████     | 32/63 [00:07<00:07,  4.30it/s, loss=0.8013, acc=57.20%, img/s=136.0, eta=0.1m]
Epoch 1/1:  52%|█████▏    | 33/63 [00:07<00:06,  4.30it/s, loss=0.8013, acc=57.20%, img/s=136.0, eta=0.1m]
[36m(ClientAppActor pid=32867)[0m 
Epoch 1/1:  52%|█████▏    | 33/63 [00:07<00:06,  4.30it/s, loss=0.6517, acc=57.17%, img/s=136.0, eta=0.1m]
Epoch 1/1:  54%|█████▍    | 34/63 [00:07<00:06,  4.29it/s, loss=0.6517, acc=57.17%, img/s=136.0, eta=0.1m]
[36m(ClientAppActor pid=32867)[0m 
Epoch 1/1:  54%|█████▍    | 34/63 [00:08<00:06,  4.29it/s, loss=0.6843, acc=57.32%, img/s=136.1, eta=0.1m]
Epoch 1/1:  56%|█████▌    | 35/63 [00:08<00:06,  4.30it/s, loss=0.6843, acc=57.32%, img/s=136.1, eta=0.1m]
[36m(ClientAppActor pid=32867)[0m 
Epoch 1/1:  56%|█████▌    | 35/63 [00:08<00:06,  4.30it/s, loss=0.6330, acc=57.55%, img/s=136.1, eta=0.1m]
Epoch 1/1:  57%|█████▋    | 36/63 [00:08<00:06,  4.30it/s, loss=0.6330, acc=57.55%, img/s=136.1, eta=0.1m]
[36m(ClientAppActor pid=32867)[0m 
Epoch 1/1:  57%|█████▋    | 36/63 [00:08<00:06,  4.30it/s, loss=0.6770, acc=57.26%, img/s=136.2, eta=0.1m]
Epoch 1/1:  59%|█████▊    | 37/63 [00:08<00:06,  4.31it/s, loss=0.6770, acc=57.26%, img/s=136.2, eta=0.1m]
[36m(ClientAppActor pid=32867)[0m 
Epoch 1/1:  59%|█████▊    | 37/63 [00:08<00:06,  4.31it/s, loss=0.6490, acc=57.32%, img/s=136.2, eta=0.1m]
Epoch 1/1:  60%|██████    | 38/63 [00:08<00:05,  4.32it/s, loss=0.6490, acc=57.32%, img/s=136.2, eta=0.1m]
[36m(ClientAppActor pid=32867)[0m 
Epoch 1/1:  60%|██████    | 38/63 [00:09<00:05,  4.32it/s, loss=0.6329, acc=57.61%, img/s=136.3, eta=0.1m]
Epoch 1/1:  62%|██████▏   | 39/63 [00:09<00:05,  4.31it/s, loss=0.6329, acc=57.61%, img/s=136.3, eta=0.1m]
[36m(ClientAppActor pid=32867)[0m 
Epoch 1/1:  62%|██████▏   | 39/63 [00:09<00:05,  4.31it/s, loss=0.6002, acc=57.58%, img/s=136.3, eta=0.1m]
Epoch 1/1:  63%|██████▎   | 40/63 [00:09<00:05,  4.32it/s, loss=0.6002, acc=57.58%, img/s=136.3, eta=0.1m]
[36m(ClientAppActor pid=32867)[0m 
Epoch 1/1:  63%|██████▎   | 40/63 [00:09<00:05,  4.32it/s, loss=0.7002, acc=57.47%, img/s=136.3, eta=0.1m]
Epoch 1/1:  65%|██████▌   | 41/63 [00:09<00:05,  4.31it/s, loss=0.7002, acc=57.47%, img/s=136.3, eta=0.1m]
[36m(ClientAppActor pid=32867)[0m 
Epoch 1/1:  65%|██████▌   | 41/63 [00:09<00:05,  4.31it/s, loss=0.6122, acc=57.59%, img/s=136.4, eta=0.1m]
Epoch 1/1:  67%|██████▋   | 42/63 [00:09<00:04,  4.30it/s, loss=0.6122, acc=57.59%, img/s=136.4, eta=0.1m]
[36m(ClientAppActor pid=32867)[0m 
Epoch 1/1:  67%|██████▋   | 42/63 [00:10<00:04,  4.30it/s, loss=0.6417, acc=57.78%, img/s=136.4, eta=0.1m]
Epoch 1/1:  68%|██████▊   | 43/63 [00:10<00:04,  4.31it/s, loss=0.6417, acc=57.78%, img/s=136.4, eta=0.1m]
[36m(ClientAppActor pid=32867)[0m 
Epoch 1/1:  68%|██████▊   | 43/63 [00:10<00:04,  4.31it/s, loss=0.7142, acc=57.67%, img/s=136.4, eta=0.1m]
Epoch 1/1:  70%|██████▉   | 44/63 [00:10<00:04,  4.31it/s, loss=0.7142, acc=57.67%, img/s=136.4, eta=0.1m]
[36m(ClientAppActor pid=32867)[0m 
Epoch 1/1:  70%|██████▉   | 44/63 [00:10<00:04,  4.31it/s, loss=0.6740, acc=57.43%, img/s=136.5, eta=0.1m]
Epoch 1/1:  71%|███████▏  | 45/63 [00:10<00:04,  4.31it/s, loss=0.6740, acc=57.43%, img/s=136.5, eta=0.1m]
[36m(ClientAppActor pid=32867)[0m 
Epoch 1/1:  71%|███████▏  | 45/63 [00:10<00:04,  4.31it/s, loss=0.6398, acc=57.54%, img/s=136.5, eta=0.1m]
Epoch 1/1:  73%|███████▎  | 46/63 [00:10<00:03,  4.30it/s, loss=0.6398, acc=57.54%, img/s=136.5, eta=0.1m]
[36m(ClientAppActor pid=32867)[0m 
Epoch 1/1:  73%|███████▎  | 46/63 [00:11<00:03,  4.30it/s, loss=0.7591, acc=57.05%, img/s=136.5, eta=0.1m]
Epoch 1/1:  75%|███████▍  | 47/63 [00:11<00:03,  4.29it/s, loss=0.7591, acc=57.05%, img/s=136.5, eta=0.1m]
[36m(ClientAppActor pid=32867)[0m 
Epoch 1/1:  75%|███████▍  | 47/63 [00:11<00:03,  4.29it/s, loss=0.6358, acc=57.29%, img/s=136.5, eta=0.1m]
Epoch 1/1:  76%|███████▌  | 48/63 [00:11<00:03,  4.30it/s, loss=0.6358, acc=57.29%, img/s=136.5, eta=0.1m]
[36m(ClientAppActor pid=32867)[0m 
Epoch 1/1:  76%|███████▌  | 48/63 [00:11<00:03,  4.30it/s, loss=0.6821, acc=57.33%, img/s=136.5, eta=0.1m]
Epoch 1/1:  78%|███████▊  | 49/63 [00:11<00:03,  4.29it/s, loss=0.6821, acc=57.33%, img/s=136.5, eta=0.1m]
[36m(ClientAppActor pid=32867)[0m 
Epoch 1/1:  78%|███████▊  | 49/63 [00:11<00:03,  4.29it/s, loss=0.6549, acc=57.50%, img/s=136.5, eta=0.1m]
Epoch 1/1:  79%|███████▉  | 50/63 [00:11<00:03,  4.29it/s, loss=0.6549, acc=57.50%, img/s=136.5, eta=0.1m]
[36m(ClientAppActor pid=32867)[0m 
Epoch 1/1:  79%|███████▉  | 50/63 [00:11<00:03,  4.29it/s, loss=0.6824, acc=57.54%, img/s=136.6, eta=0.0m]
Epoch 1/1:  81%|████████  | 51/63 [00:11<00:02,  4.30it/s, loss=0.6824, acc=57.54%, img/s=136.6, eta=0.0m]
[36m(ClientAppActor pid=32867)[0m 
Epoch 1/1:  81%|████████  | 51/63 [00:12<00:02,  4.30it/s, loss=0.6683, acc=57.51%, img/s=136.6, eta=0.0m]
Epoch 1/1:  83%|████████▎ | 52/63 [00:12<00:02,  4.29it/s, loss=0.6683, acc=57.51%, img/s=136.6, eta=0.0m]
[36m(ClientAppActor pid=32867)[0m 
Epoch 1/1:  83%|████████▎ | 52/63 [00:12<00:02,  4.29it/s, loss=0.6881, acc=57.37%, img/s=136.6, eta=0.0m]
Epoch 1/1:  84%|████████▍ | 53/63 [00:12<00:02,  4.31it/s, loss=0.6881, acc=57.37%, img/s=136.6, eta=0.0m]
[36m(ClientAppActor pid=32867)[0m 
Epoch 1/1:  84%|████████▍ | 53/63 [00:12<00:02,  4.31it/s, loss=0.6824, acc=57.47%, img/s=136.6, eta=0.0m]
Epoch 1/1:  86%|████████▌ | 54/63 [00:12<00:02,  4.30it/s, loss=0.6824, acc=57.47%, img/s=136.6, eta=0.0m]
[36m(ClientAppActor pid=32867)[0m 
Epoch 1/1:  86%|████████▌ | 54/63 [00:12<00:02,  4.30it/s, loss=0.5957, acc=57.95%, img/s=136.6, eta=0.0m]
Epoch 1/1:  87%|████████▋ | 55/63 [00:12<00:01,  4.30it/s, loss=0.5957, acc=57.95%, img/s=136.6, eta=0.0m]
[36m(ClientAppActor pid=32867)[0m 
Epoch 1/1:  87%|████████▋ | 55/63 [00:13<00:01,  4.30it/s, loss=0.6932, acc=57.92%, img/s=136.7, eta=0.0m]
Epoch 1/1:  89%|████████▉ | 56/63 [00:13<00:01,  4.30it/s, loss=0.6932, acc=57.92%, img/s=136.7, eta=0.0m]
[36m(ClientAppActor pid=32867)[0m 
Epoch 1/1:  89%|████████▉ | 56/63 [00:13<00:01,  4.30it/s, loss=0.5512, acc=58.22%, img/s=136.6, eta=0.0m]
Epoch 1/1:  90%|█████████ | 57/63 [00:13<00:01,  4.28it/s, loss=0.5512, acc=58.22%, img/s=136.6, eta=0.0m]
[36m(ClientAppActor pid=32867)[0m 
Epoch 1/1:  90%|█████████ | 57/63 [00:13<00:01,  4.28it/s, loss=0.6458, acc=58.24%, img/s=136.7, eta=0.0m]
Epoch 1/1:  92%|█████████▏| 58/63 [00:13<00:01,  4.28it/s, loss=0.6458, acc=58.24%, img/s=136.7, eta=0.0m]
[36m(ClientAppActor pid=32867)[0m 
Epoch 1/1:  92%|█████████▏| 58/63 [00:13<00:01,  4.28it/s, loss=0.6816, acc=58.26%, img/s=136.7, eta=0.0m]
Epoch 1/1:  94%|█████████▎| 59/63 [00:13<00:00,  4.29it/s, loss=0.6816, acc=58.26%, img/s=136.7, eta=0.0m]
[36m(ClientAppActor pid=32867)[0m 
Epoch 1/1:  94%|█████████▎| 59/63 [00:14<00:00,  4.29it/s, loss=0.6191, acc=58.39%, img/s=136.7, eta=0.0m]
Epoch 1/1:  95%|█████████▌| 60/63 [00:14<00:00,  4.29it/s, loss=0.6191, acc=58.39%, img/s=136.7, eta=0.0m]
[36m(ClientAppActor pid=32867)[0m 
Epoch 1/1:  95%|█████████▌| 60/63 [00:14<00:00,  4.29it/s, loss=0.6127, acc=58.56%, img/s=136.7, eta=0.0m]
Epoch 1/1:  97%|█████████▋| 61/63 [00:14<00:00,  4.30it/s, loss=0.6127, acc=58.56%, img/s=136.7, eta=0.0m]
[36m(ClientAppActor pid=32867)[0m 
Epoch 1/1:  97%|█████████▋| 61/63 [00:14<00:00,  4.30it/s, loss=0.6001, acc=58.67%, img/s=136.7, eta=0.0m]
Epoch 1/1:  98%|█████████▊| 62/63 [00:14<00:00,  4.30it/s, loss=0.6001, acc=58.67%, img/s=136.7, eta=0.0m]
[36m(ClientAppActor pid=32867)[0m 
Epoch 1/1:  98%|█████████▊| 62/63 [00:14<00:00,  4.30it/s, loss=0.7214, acc=58.55%, img/s=68.8, eta=0.0m] 
Epoch 1/1: 100%|██████████| 63/63 [00:14<00:00,  4.86it/s, loss=0.7214, acc=58.55%, img/s=68.8, eta=0.0m]
Epoch 1/1: 100%|██████████| 63/63 [00:14<00:00,  4.30it/s, loss=0.7214, acc=58.55%, img/s=68.8, eta=0.0m]
[36m(ClientAppActor pid=32867)[0m 
Epoch 1/1:   0%|          | 0/63 [00:00<?, ?it/s]
[36m(ClientAppActor pid=32867)[0m 
Epoch 1/1:   0%|          | 0/63 [00:00<?, ?it/s, loss=0.6848, acc=53.12%, img/s=131.6, eta=0.3m]
Epoch 1/1:   2%|▏         | 1/63 [00:00<00:15,  4.11it/s, loss=0.6848, acc=53.12%, img/s=131.6, eta=0.3m]
[36m(ClientAppActor pid=32867)[0m 
Epoch 1/1:   2%|▏         | 1/63 [00:00<00:15,  4.11it/s, loss=0.6770, acc=64.06%, img/s=134.7, eta=0.2m]
Epoch 1/1:   3%|▎         | 2/63 [00:00<00:14,  4.23it/s, loss=0.6770, acc=64.06%, img/s=134.7, eta=0.2m]
[36m(ClientAppActor pid=32867)[0m 
Epoch 1/1:   3%|▎         | 2/63 [00:00<00:14,  4.23it/s, loss=0.6813, acc=61.46%, img/s=135.7, eta=0.2m]
Epoch 1/1:   5%|▍         | 3/63 [00:00<00:14,  4.26it/s, loss=0.6813, acc=61.46%, img/s=135.7, eta=0.2m]
[36m(ClientAppActor pid=32867)[0m 
Epoch 1/1:   5%|▍         | 3/63 [00:00<00:14,  4.26it/s, loss=0.6832, acc=61.72%, img/s=135.9, eta=0.2m]
Epoch 1/1:   6%|▋         | 4/63 [00:00<00:13,  4.26it/s, loss=0.6832, acc=61.72%, img/s=135.9, eta=0.2m]
[36m(ClientAppActor pid=32867)[0m 
Epoch 1/1:   6%|▋         | 4/63 [00:01<00:13,  4.26it/s, loss=0.6601, acc=62.50%, img/s=136.2, eta=0.2m]
Epoch 1/1:   8%|▊         | 5/63 [00:01<00:13,  4.27it/s, loss=0.6601, acc=62.50%, img/s=136.2, eta=0.2m]
[36m(ClientAppActor pid=32867)[0m 
Epoch 1/1:   8%|▊         | 5/63 [00:01<00:13,  4.27it/s, loss=0.7151, acc=59.38%, img/s=136.5, eta=0.2m]
Epoch 1/1:  10%|▉         | 6/63 [00:01<00:13,  4.29it/s, loss=0.7151, acc=59.38%, img/s=136.5, eta=0.2m]
[36m(ClientAppActor pid=32867)[0m 
Epoch 1/1:  10%|▉         | 6/63 [00:01<00:13,  4.29it/s, loss=0.6816, acc=58.48%, img/s=136.6, eta=0.2m]
Epoch 1/1:  11%|█         | 7/63 [00:01<00:13,  4.29it/s, loss=0.6816, acc=58.48%, img/s=136.6, eta=0.2m]
[36m(ClientAppActor pid=32867)[0m 
Epoch 1/1:  11%|█         | 7/63 [00:01<00:13,  4.29it/s, loss=0.6743, acc=59.38%, img/s=136.8, eta=0.2m]
Epoch 1/1:  13%|█▎        | 8/63 [00:01<00:12,  4.30it/s, loss=0.6743, acc=59.38%, img/s=136.8, eta=0.2m]
[36m(ClientAppActor pid=32867)[0m 
Epoch 1/1:  13%|█▎        | 8/63 [00:02<00:12,  4.30it/s, loss=0.6658, acc=59.38%, img/s=136.9, eta=0.2m]
Epoch 1/1:  14%|█▍        | 9/63 [00:02<00:12,  4.30it/s, loss=0.6658, acc=59.38%, img/s=136.9, eta=0.2m]
[36m(ClientAppActor pid=32867)[0m 
Epoch 1/1:  14%|█▍        | 9/63 [00:02<00:12,  4.30it/s, loss=0.6626, acc=60.00%, img/s=137.1, eta=0.2m]
Epoch 1/1:  16%|█▌        | 10/63 [00:02<00:12,  4.31it/s, loss=0.6626, acc=60.00%, img/s=137.1, eta=0.2m]
[36m(ClientAppActor pid=32867)[0m 
Epoch 1/1:  16%|█▌        | 10/63 [00:02<00:12,  4.31it/s, loss=0.6778, acc=60.51%, img/s=137.2, eta=0.2m]
Epoch 1/1:  17%|█▋        | 11/63 [00:02<00:12,  4.31it/s, loss=0.6778, acc=60.51%, img/s=137.2, eta=0.2m]
[36m(ClientAppActor pid=32867)[0m 
Epoch 1/1:  17%|█▋        | 11/63 [00:02<00:12,  4.31it/s, loss=0.7038, acc=59.64%, img/s=137.1, eta=0.2m]
Epoch 1/1:  19%|█▉        | 12/63 [00:02<00:11,  4.30it/s, loss=0.7038, acc=59.64%, img/s=137.1, eta=0.2m]
[36m(ClientAppActor pid=32867)[0m 
Epoch 1/1:  19%|█▉        | 12/63 [00:03<00:11,  4.30it/s, loss=0.6036, acc=60.82%, img/s=137.2, eta=0.2m]
Epoch 1/1:  21%|██        | 13/63 [00:03<00:11,  4.30it/s, loss=0.6036, acc=60.82%, img/s=137.2, eta=0.2m]
[36m(ClientAppActor pid=32867)[0m 
Epoch 1/1:  21%|██        | 13/63 [00:03<00:11,  4.30it/s, loss=0.7227, acc=60.27%, img/s=137.1, eta=0.2m]
Epoch 1/1:  22%|██▏       | 14/63 [00:03<00:11,  4.29it/s, loss=0.7227, acc=60.27%, img/s=137.1, eta=0.2m]
[36m(ClientAppActor pid=32867)[0m 
Epoch 1/1:  22%|██▏       | 14/63 [00:03<00:11,  4.29it/s, loss=0.7094, acc=60.00%, img/s=137.1, eta=0.2m]
Epoch 1/1:  24%|██▍       | 15/63 [00:03<00:11,  4.29it/s, loss=0.7094, acc=60.00%, img/s=137.1, eta=0.2m]
[36m(ClientAppActor pid=32867)[0m 
Epoch 1/1:  24%|██▍       | 15/63 [00:03<00:11,  4.29it/s, loss=0.6596, acc=59.57%, img/s=137.2, eta=0.2m]
Epoch 1/1:  25%|██▌       | 16/63 [00:03<00:10,  4.30it/s, loss=0.6596, acc=59.57%, img/s=137.2, eta=0.2m]
[36m(ClientAppActor pid=32867)[0m 
Epoch 1/1:  25%|██▌       | 16/63 [00:03<00:10,  4.30it/s, loss=0.6592, acc=59.19%, img/s=137.3, eta=0.2m]
Epoch 1/1:  27%|██▋       | 17/63 [00:03<00:10,  4.30it/s, loss=0.6592, acc=59.19%, img/s=137.3, eta=0.2m]
[36m(ClientAppActor pid=32867)[0m 
Epoch 1/1:  27%|██▋       | 17/63 [00:04<00:10,  4.30it/s, loss=0.6630, acc=59.55%, img/s=137.3, eta=0.2m]
Epoch 1/1:  29%|██▊       | 18/63 [00:04<00:10,  4.30it/s, loss=0.6630, acc=59.55%, img/s=137.3, eta=0.2m]
[36m(ClientAppActor pid=32867)[0m 
Epoch 1/1:  29%|██▊       | 18/63 [00:04<00:10,  4.30it/s, loss=0.6320, acc=59.87%, img/s=137.3, eta=0.2m]
Epoch 1/1:  30%|███       | 19/63 [00:04<00:10,  4.30it/s, loss=0.6320, acc=59.87%, img/s=137.3, eta=0.2m]
[36m(ClientAppActor pid=32867)[0m 
Epoch 1/1:  30%|███       | 19/63 [00:04<00:10,  4.30it/s, loss=0.6546, acc=59.38%, img/s=137.3, eta=0.2m]
Epoch 1/1:  32%|███▏      | 20/63 [00:04<00:10,  4.30it/s, loss=0.6546, acc=59.38%, img/s=137.3, eta=0.2m]
[36m(ClientAppActor pid=32867)[0m 
Epoch 1/1:  32%|███▏      | 20/63 [00:04<00:10,  4.30it/s, loss=0.6365, acc=59.38%, img/s=137.3, eta=0.2m]
Epoch 1/1:  33%|███▎      | 21/63 [00:04<00:09,  4.30it/s, loss=0.6365, acc=59.38%, img/s=137.3, eta=0.2m]
[36m(ClientAppActor pid=32867)[0m 
Epoch 1/1:  33%|███▎      | 21/63 [00:05<00:09,  4.30it/s, loss=0.6563, acc=59.52%, img/s=137.3, eta=0.2m]
Epoch 1/1:  35%|███▍      | 22/63 [00:05<00:09,  4.30it/s, loss=0.6563, acc=59.52%, img/s=137.3, eta=0.2m]
[36m(ClientAppActor pid=32867)[0m 
Epoch 1/1:  35%|███▍      | 22/63 [00:05<00:09,  4.30it/s, loss=0.6244, acc=59.51%, img/s=137.4, eta=0.2m]
Epoch 1/1:  37%|███▋      | 23/63 [00:05<00:09,  4.31it/s, loss=0.6244, acc=59.51%, img/s=137.4, eta=0.2m]
[36m(ClientAppActor pid=32867)[0m 
Epoch 1/1:  37%|███▋      | 23/63 [00:05<00:09,  4.31it/s, loss=0.6786, acc=59.51%, img/s=137.4, eta=0.2m]
Epoch 1/1:  38%|███▊      | 24/63 [00:05<00:09,  4.30it/s, loss=0.6786, acc=59.51%, img/s=137.4, eta=0.2m]
[36m(ClientAppActor pid=32867)[0m 
Epoch 1/1:  38%|███▊      | 24/63 [00:05<00:09,  4.30it/s, loss=0.6471, acc=59.62%, img/s=137.4, eta=0.1m]
Epoch 1/1:  40%|███▉      | 25/63 [00:05<00:08,  4.30it/s, loss=0.6471, acc=59.62%, img/s=137.4, eta=0.1m]
[36m(ClientAppActor pid=32867)[0m 
Epoch 1/1:  40%|███▉      | 25/63 [00:06<00:08,  4.30it/s, loss=0.6590, acc=59.86%, img/s=137.4, eta=0.1m]
Epoch 1/1:  41%|████▏     | 26/63 [00:06<00:08,  4.30it/s, loss=0.6590, acc=59.86%, img/s=137.4, eta=0.1m]
[36m(ClientAppActor pid=32867)[0m 
Epoch 1/1:  41%|████▏     | 26/63 [00:06<00:08,  4.30it/s, loss=0.6564, acc=59.95%, img/s=137.4, eta=0.1m]
Epoch 1/1:  43%|████▎     | 27/63 [00:06<00:08,  4.30it/s, loss=0.6564, acc=59.95%, img/s=137.4, eta=0.1m]
[36m(ClientAppActor pid=32867)[0m 
Epoch 1/1:  43%|████▎     | 27/63 [00:06<00:08,  4.30it/s, loss=0.6308, acc=60.16%, img/s=137.4, eta=0.1m]
Epoch 1/1:  44%|████▍     | 28/63 [00:06<00:08,  4.29it/s, loss=0.6308, acc=60.16%, img/s=137.4, eta=0.1m]
[36m(ClientAppActor pid=32867)[0m 
Epoch 1/1:  44%|████▍     | 28/63 [00:06<00:08,  4.29it/s, loss=0.5675, acc=60.78%, img/s=137.4, eta=0.1m]
Epoch 1/1:  46%|████▌     | 29/63 [00:06<00:07,  4.30it/s, loss=0.5675, acc=60.78%, img/s=137.4, eta=0.1m]
[36m(ClientAppActor pid=32867)[0m 
Epoch 1/1:  46%|████▌     | 29/63 [00:06<00:07,  4.30it/s, loss=0.5908, acc=60.94%, img/s=137.4, eta=0.1m]
Epoch 1/1:  48%|████▊     | 30/63 [00:06<00:07,  4.29it/s, loss=0.5908, acc=60.94%, img/s=137.4, eta=0.1m]
[36m(ClientAppActor pid=32867)[0m 
Epoch 1/1:  48%|████▊     | 30/63 [00:07<00:07,  4.29it/s, loss=0.6292, acc=61.19%, img/s=137.4, eta=0.1m]
Epoch 1/1:  49%|████▉     | 31/63 [00:07<00:07,  4.29it/s, loss=0.6292, acc=61.19%, img/s=137.4, eta=0.1m]
[36m(ClientAppActor pid=32867)[0m 
Epoch 1/1:  49%|████▉     | 31/63 [00:07<00:07,  4.29it/s, loss=0.7193, acc=60.84%, img/s=137.4, eta=0.1m]
Epoch 1/1:  51%|█████     | 32/63 [00:07<00:07,  4.29it/s, loss=0.7193, acc=60.84%, img/s=137.4, eta=0.1m]
[36m(ClientAppActor pid=32867)[0m 
Epoch 1/1:  51%|█████     | 32/63 [00:07<00:07,  4.29it/s, loss=0.5987, acc=61.17%, img/s=137.4, eta=0.1m]
Epoch 1/1:  52%|█████▏    | 33/63 [00:07<00:06,  4.29it/s, loss=0.5987, acc=61.17%, img/s=137.4, eta=0.1m]
[36m(ClientAppActor pid=32867)[0m 
Epoch 1/1:  52%|█████▏    | 33/63 [00:07<00:06,  4.29it/s, loss=0.5512, acc=61.76%, img/s=137.4, eta=0.1m]
Epoch 1/1:  54%|█████▍    | 34/63 [00:07<00:06,  4.30it/s, loss=0.5512, acc=61.76%, img/s=137.4, eta=0.1m]
[36m(ClientAppActor pid=32867)[0m 
Epoch 1/1:  54%|█████▍    | 34/63 [00:08<00:06,  4.30it/s, loss=0.6207, acc=62.14%, img/s=137.4, eta=0.1m]
Epoch 1/1:  56%|█████▌    | 35/63 [00:08<00:06,  4.30it/s, loss=0.6207, acc=62.14%, img/s=137.4, eta=0.1m]
[36m(ClientAppActor pid=32867)[0m 
Epoch 1/1:  56%|█████▌    | 35/63 [00:08<00:06,  4.30it/s, loss=0.6095, acc=62.41%, img/s=137.4, eta=0.1m]
Epoch 1/1:  57%|█████▋    | 36/63 [00:08<00:06,  4.30it/s, loss=0.6095, acc=62.41%, img/s=137.4, eta=0.1m]
[36m(ClientAppActor pid=32867)[0m 
Epoch 1/1:  57%|█████▋    | 36/63 [00:08<00:06,  4.30it/s, loss=0.6856, acc=62.42%, img/s=137.4, eta=0.1m]
Epoch 1/1:  59%|█████▊    | 37/63 [00:08<00:06,  4.30it/s, loss=0.6856, acc=62.42%, img/s=137.4, eta=0.1m]
[36m(ClientAppActor pid=32867)[0m 
Epoch 1/1:  59%|█████▊    | 37/63 [00:08<00:06,  4.30it/s, loss=0.7315, acc=62.34%, img/s=137.4, eta=0.1m]
Epoch 1/1:  60%|██████    | 38/63 [00:08<00:05,  4.30it/s, loss=0.7315, acc=62.34%, img/s=137.4, eta=0.1m]
[36m(ClientAppActor pid=32867)[0m 
Epoch 1/1:  60%|██████    | 38/63 [00:09<00:05,  4.30it/s, loss=0.6564, acc=62.42%, img/s=137.4, eta=0.1m]
Epoch 1/1:  62%|██████▏   | 39/63 [00:09<00:05,  4.30it/s, loss=0.6564, acc=62.42%, img/s=137.4, eta=0.1m]
[36m(ClientAppActor pid=32867)[0m 
Epoch 1/1:  62%|██████▏   | 39/63 [00:09<00:05,  4.30it/s, loss=0.5546, acc=62.73%, img/s=137.4, eta=0.1m]
Epoch 1/1:  63%|██████▎   | 40/63 [00:09<00:05,  4.29it/s, loss=0.5546, acc=62.73%, img/s=137.4, eta=0.1m]
[36m(ClientAppActor pid=32867)[0m 
Epoch 1/1:  63%|██████▎   | 40/63 [00:09<00:05,  4.29it/s, loss=0.5637, acc=62.96%, img/s=137.4, eta=0.1m]
Epoch 1/1:  65%|██████▌   | 41/63 [00:09<00:05,  4.30it/s, loss=0.5637, acc=62.96%, img/s=137.4, eta=0.1m]
[36m(ClientAppActor pid=32867)[0m 
Epoch 1/1:  65%|██████▌   | 41/63 [00:09<00:05,  4.30it/s, loss=0.6412, acc=62.80%, img/s=137.3, eta=0.1m]
Epoch 1/1:  67%|██████▋   | 42/63 [00:09<00:04,  4.26it/s, loss=0.6412, acc=62.80%, img/s=137.3, eta=0.1m]
[36m(ClientAppActor pid=32867)[0m 
Epoch 1/1:  67%|██████▋   | 42/63 [00:09<00:04,  4.26it/s, loss=0.7690, acc=62.50%, img/s=137.7, eta=0.1m]
Epoch 1/1:  68%|██████▊   | 43/63 [00:09<00:04,  4.42it/s, loss=0.7690, acc=62.50%, img/s=137.7, eta=0.1m]
[36m(ClientAppActor pid=32867)[0m 
Epoch 1/1:  68%|██████▊   | 43/63 [00:10<00:04,  4.42it/s, loss=0.7375, acc=62.22%, img/s=137.7, eta=0.1m]
Epoch 1/1:  70%|██████▉   | 44/63 [00:10<00:04,  4.38it/s, loss=0.7375, acc=62.22%, img/s=137.7, eta=0.1m]
[36m(ClientAppActor pid=32867)[0m 
Epoch 1/1:  70%|██████▉   | 44/63 [00:10<00:04,  4.38it/s, loss=0.8092, acc=61.81%, img/s=137.7, eta=0.1m]
Epoch 1/1:  71%|███████▏  | 45/63 [00:10<00:04,  4.34it/s, loss=0.8092, acc=61.81%, img/s=137.7, eta=0.1m]
[36m(ClientAppActor pid=32867)[0m 
Epoch 1/1:  71%|███████▏  | 45/63 [00:10<00:04,  4.34it/s, loss=0.6129, acc=61.96%, img/s=137.7, eta=0.1m]
Epoch 1/1:  73%|███████▎  | 46/63 [00:10<00:03,  4.34it/s, loss=0.6129, acc=61.96%, img/s=137.7, eta=0.1m]
[36m(ClientAppActor pid=32867)[0m 
Epoch 1/1:  73%|███████▎  | 46/63 [00:10<00:03,  4.34it/s, loss=0.6577, acc=61.97%, img/s=137.7, eta=0.1m]
Epoch 1/1:  75%|███████▍  | 47/63 [00:10<00:03,  4.33it/s, loss=0.6577, acc=61.97%, img/s=137.7, eta=0.1m]
[36m(ClientAppActor pid=32867)[0m 
Epoch 1/1:  75%|███████▍  | 47/63 [00:11<00:03,  4.33it/s, loss=0.6422, acc=61.98%, img/s=137.7, eta=0.1m]
Epoch 1/1:  76%|███████▌  | 48/63 [00:11<00:03,  4.32it/s, loss=0.6422, acc=61.98%, img/s=137.7, eta=0.1m]
[36m(ClientAppActor pid=32867)[0m 
Epoch 1/1:  76%|███████▌  | 48/63 [00:11<00:03,  4.32it/s, loss=0.5670, acc=62.44%, img/s=137.7, eta=0.1m]
Epoch 1/1:  78%|███████▊  | 49/63 [00:11<00:03,  4.32it/s, loss=0.5670, acc=62.44%, img/s=137.7, eta=0.1m]
[36m(ClientAppActor pid=32867)[0m 
Epoch 1/1:  78%|███████▊  | 49/63 [00:11<00:03,  4.32it/s, loss=0.7304, acc=62.19%, img/s=137.7, eta=0.1m]
Epoch 1/1:  79%|███████▉  | 50/63 [00:11<00:03,  4.32it/s, loss=0.7304, acc=62.19%, img/s=137.7, eta=0.1m]
[36m(ClientAppActor pid=32867)[0m 
Epoch 1/1:  79%|███████▉  | 50/63 [00:11<00:03,  4.32it/s, loss=0.6254, acc=62.32%, img/s=137.7, eta=0.0m]
Epoch 1/1:  81%|████████  | 51/63 [00:11<00:02,  4.31it/s, loss=0.6254, acc=62.32%, img/s=137.7, eta=0.0m]
[36m(ClientAppActor pid=32867)[0m 
Epoch 1/1:  81%|████████  | 51/63 [00:12<00:02,  4.31it/s, loss=0.6456, acc=62.32%, img/s=137.7, eta=0.0m]
Epoch 1/1:  83%|████████▎ | 52/63 [00:12<00:02,  4.31it/s, loss=0.6456, acc=62.32%, img/s=137.7, eta=0.0m]
[36m(ClientAppActor pid=32867)[0m 
Epoch 1/1:  83%|████████▎ | 52/63 [00:12<00:02,  4.31it/s, loss=0.5907, acc=62.50%, img/s=137.7, eta=0.0m]
Epoch 1/1:  84%|████████▍ | 53/63 [00:12<00:02,  4.30it/s, loss=0.5907, acc=62.50%, img/s=137.7, eta=0.0m]
[36m(ClientAppActor pid=32867)[0m 
Epoch 1/1:  84%|████████▍ | 53/63 [00:12<00:02,  4.30it/s, loss=0.5727, acc=62.67%, img/s=137.7, eta=0.0m]
Epoch 1/1:  86%|████████▌ | 54/63 [00:12<00:02,  4.31it/s, loss=0.5727, acc=62.67%, img/s=137.7, eta=0.0m]
[36m(ClientAppActor pid=32867)[0m 
Epoch 1/1:  86%|████████▌ | 54/63 [00:12<00:02,  4.31it/s, loss=0.6716, acc=62.61%, img/s=137.7, eta=0.0m]
Epoch 1/1:  87%|████████▋ | 55/63 [00:12<00:01,  4.31it/s, loss=0.6716, acc=62.61%, img/s=137.7, eta=0.0m]
[36m(ClientAppActor pid=32867)[0m 
Epoch 1/1:  87%|████████▋ | 55/63 [00:13<00:01,  4.31it/s, loss=0.6423, acc=62.61%, img/s=137.7, eta=0.0m]
Epoch 1/1:  89%|████████▉ | 56/63 [00:13<00:01,  4.32it/s, loss=0.6423, acc=62.61%, img/s=137.7, eta=0.0m]
[36m(ClientAppActor pid=32867)[0m 
Epoch 1/1:  89%|████████▉ | 56/63 [00:13<00:01,  4.32it/s, loss=0.5880, acc=62.72%, img/s=137.7, eta=0.0m]
Epoch 1/1:  90%|█████████ | 57/63 [00:13<00:01,  4.31it/s, loss=0.5880, acc=62.72%, img/s=137.7, eta=0.0m]
[36m(ClientAppActor pid=32867)[0m 
Epoch 1/1:  90%|█████████ | 57/63 [00:13<00:01,  4.31it/s, loss=0.5532, acc=62.93%, img/s=137.7, eta=0.0m]
Epoch 1/1:  92%|█████████▏| 58/63 [00:13<00:01,  4.30it/s, loss=0.5532, acc=62.93%, img/s=137.7, eta=0.0m]
[36m(ClientAppActor pid=32867)[0m 
Epoch 1/1:  92%|█████████▏| 58/63 [00:13<00:01,  4.30it/s, loss=0.7114, acc=62.76%, img/s=137.7, eta=0.0m]
Epoch 1/1:  94%|█████████▎| 59/63 [00:13<00:00,  4.30it/s, loss=0.7114, acc=62.76%, img/s=137.7, eta=0.0m]
[36m(ClientAppActor pid=32867)[0m 
Epoch 1/1:  94%|█████████▎| 59/63 [00:13<00:00,  4.30it/s, loss=0.5575, acc=62.92%, img/s=137.7, eta=0.0m]
Epoch 1/1:  95%|█████████▌| 60/63 [00:13<00:00,  4.31it/s, loss=0.5575, acc=62.92%, img/s=137.7, eta=0.0m]
[36m(ClientAppActor pid=32867)[0m 
Epoch 1/1:  95%|█████████▌| 60/63 [00:14<00:00,  4.31it/s, loss=0.6393, acc=62.91%, img/s=137.7, eta=0.0m]
Epoch 1/1:  97%|█████████▋| 61/63 [00:14<00:00,  4.30it/s, loss=0.6393, acc=62.91%, img/s=137.7, eta=0.0m]
[36m(ClientAppActor pid=32867)[0m 
Epoch 1/1:  97%|█████████▋| 61/63 [00:14<00:00,  4.30it/s, loss=0.6486, acc=62.95%, img/s=137.7, eta=0.0m]
Epoch 1/1:  98%|█████████▊| 62/63 [00:14<00:00,  4.31it/s, loss=0.6486, acc=62.95%, img/s=137.7, eta=0.0m]
[36m(ClientAppActor pid=32867)[0m 
Epoch 1/1:  98%|█████████▊| 62/63 [00:14<00:00,  4.31it/s, loss=0.5599, acc=63.00%, img/s=69.3, eta=0.0m] 
Epoch 1/1: 100%|██████████| 63/63 [00:14<00:00,  4.87it/s, loss=0.5599, acc=63.00%, img/s=69.3, eta=0.0m]
Epoch 1/1: 100%|██████████| 63/63 [00:14<00:00,  4.33it/s, loss=0.5599, acc=63.00%, img/s=69.3, eta=0.0m]
[92mINFO [0m:      aggregate_fit: received 5 results and 0 failures
[92mINFO [0m:      configure_evaluate: strategy sampled 5 clients (out of 5)
[36m(ClientAppActor pid=32867)[0m 
Testing:   0%|          | 0/4 [00:00<?, ?it/s]
[36m(ClientAppActor pid=32867)[0m 
Testing:  25%|██▌       | 1/4 [00:00<00:00,  7.09it/s]
[36m(ClientAppActor pid=32867)[0m 
Testing:  50%|█████     | 2/4 [00:00<00:00,  7.08it/s]
[36m(ClientAppActor pid=32867)[0m 
Testing:  75%|███████▌  | 3/4 [00:00<00:00,  7.14it/s]
Testing: 100%|██████████| 4/4 [00:00<00:00,  9.02it/s]
[36m(ClientAppActor pid=32867)[0m 
Testing:   0%|          | 0/4 [00:00<?, ?it/s]
[36m(ClientAppActor pid=32867)[0m 
Testing:  25%|██▌       | 1/4 [00:00<00:00,  7.13it/s]
[36m(ClientAppActor pid=32867)[0m 
Testing:  50%|█████     | 2/4 [00:00<00:00,  7.14it/s]
[36m(ClientAppActor pid=32867)[0m 
Testing:  75%|███████▌  | 3/4 [00:00<00:00,  7.08it/s]
[36m(ClientAppActor pid=32867)[0m 
Testing: 100%|██████████| 4/4 [00:00<00:00,  8.94it/s]
[36m(ClientAppActor pid=32867)[0m 
Testing:   0%|          | 0/4 [00:00<?, ?it/s]
[36m(ClientAppActor pid=32867)[0m 
Testing:  25%|██▌       | 1/4 [00:00<00:00,  7.17it/s]
[36m(ClientAppActor pid=32867)[0m 
Testing:  50%|█████     | 2/4 [00:00<00:00,  7.19it/s]
[36m(ClientAppActor pid=32867)[0m 
Testing:  75%|███████▌  | 3/4 [00:00<00:00,  7.21it/s]
Testing: 100%|██████████| 4/4 [00:00<00:00,  9.10it/s]
[36m(ClientAppActor pid=32867)[0m GPU Allocated: 1.83 GB
[36m(ClientAppActor pid=32867)[0m GPU Reserved : 3.86 GB
[36m(ClientAppActor pid=32867)[0m 
[36m(ClientAppActor pid=32867)[0m ==================================================
[36m(ClientAppActor pid=32867)[0m Epoch 1 Complete
[36m(ClientAppActor pid=32867)[0m Average Loss : 0.6662
[36m(ClientAppActor pid=32867)[0m Accuracy     : 58.55%
[36m(ClientAppActor pid=32867)[0m Time         : 14.65s
[36m(ClientAppActor pid=32867)[0m Images       : 2000
[36m(ClientAppActor pid=32867)[0m Images/sec   : 136.48
[36m(ClientAppActor pid=32867)[0m GPU Allocated: 1.82 GB
[36m(ClientAppActor pid=32867)[0m GPU Reserved : 3.86 GB
[36m(ClientAppActor pid=32867)[0m ==================================================
[36m(ClientAppActor pid=32867)[0m END classifier norm: 13.065391540527344
[36m(ClientAppActor pid=32867)[0m Client 1 finished training
[36m(ClientAppActor pid=32867)[0m Client 1 extracting parameters...
[36m(ClientAppActor pid=32867)[0m Client 1 parameter extraction complete
[36m(ClientAppActor pid=32867)[0m Client 1 returning results
[36m(ClientAppActor pid=32867)[0m Client 5 using cuda
[36m(ClientAppActor pid=32867)[0m {'fake': 0, 'real': 1}
[36m(ClientAppActor pid=32867)[0m [DEBUG MODE] Train=2000, Val=100, Test=100
[36m(ClientAppActor pid=32867)[0m 
[36m(ClientAppActor pid=32867)[0m Client 5 Class Distribution
[36m(ClientAppActor pid=32867)[0m Train: Counter({0: 1014, 1: 986})
[36m(ClientAppActor pid=32867)[0m Val  : Counter({0: 56, 1: 44})
[36m(ClientAppActor pid=32867)[0m Test : Counter({0: 51, 1: 49})
[36m(ClientAppActor pid=32867)[0m Client 5
[36m(ClientAppActor pid=32867)[0m Train Images: 2000
[36m(ClientAppActor pid=32867)[0m Test Images : 100
[36m(ClientAppActor pid=32867)[0m Validate Images : 100
[36m(ClientAppActor pid=32867)[0m Client 5 starting fit...
[36m(ClientAppActor pid=32867)[0m Client 5 received class memories
[36m(ClientAppActor pid=32867)[0m Real memory norm=0.9056
[36m(ClientAppActor pid=32867)[0m Fake memory norm=0.9017
[36m(ClientAppActor pid=32867)[0m Client 5 starting training...
[36m(ClientAppActor pid=32867)[0m START classifier norm: 13.061445236206055
[36m(ClientAppActor pid=32867)[0m Artifact bias shape: torch.Size([32, 8, 197, 197])
[36m(ClientAppActor pid=32867)[0m 
[36m(ClientAppActor pid=32867)[0m Batch 0/63
[36m(ClientAppActor pid=32867)[0m GPU Allocated: 1.83 GB
[36m(ClientAppActor pid=32867)[0m GPU Reserved : 3.86 GB
[36m(ClientAppActor pid=32867)[0m 
[36m(ClientAppActor pid=32867)[0m ==================================================
[36m(ClientAppActor pid=32867)[0m Epoch 1 Complete
[36m(ClientAppActor pid=32867)[0m Average Loss : 0.6494
[36m(ClientAppActor pid=32867)[0m Accuracy     : 63.00%
[36m(ClientAppActor pid=32867)[0m Time         : 14.55s
[36m(ClientAppActor pid=32867)[0m Images       : 2000
[36m(ClientAppActor pid=32867)[0m Images/sec   : 137.44
[36m(ClientAppActor pid=32867)[0m GPU Allocated: 1.82 GB
[36m(ClientAppActor pid=32867)[0m GPU Reserved : 3.86 GB
[36m(ClientAppActor pid=32867)[0m ==================================================
[36m(ClientAppActor pid=32867)[0m END classifier norm: 13.067984580993652
[36m(ClientAppActor pid=32867)[0m Client 5 finished training
[36m(ClientAppActor pid=32867)[0m Client 5 extracting parameters...
[36m(ClientAppActor pid=32867)[0m Client 5 parameter extraction complete
[36m(ClientAppActor pid=32867)[0m Client 5 returning results

FAFT Round 4: results=5, failures=0

Round 4 Prototype Aggregated

Real memory norm = 0.8985
Fake memory norm = 0.8973
Saved: saved_models/global_model_round_4.pth
Round 4: model saved successfully
Broadcasting 205 tensors (203 weights + memory)
[36m(ClientAppActor pid=32867)[0m Client 2 using cuda
[36m(ClientAppActor pid=32867)[0m {'fake': 0, 'real': 1}
[36m(ClientAppActor pid=32867)[0m [DEBUG MODE] Train=2000, Val=100, Test=100
[36m(ClientAppActor pid=32867)[0m 
[36m(ClientAppActor pid=32867)[0m Client 2 Class Distribution
[36m(ClientAppActor pid=32867)[0m Train: Counter({0: 1012, 1: 988})
[36m(ClientAppActor pid=32867)[0m Val  : Counter({0: 60, 1: 40})
[36m(ClientAppActor pid=32867)[0m Test : Counter({0: 51, 1: 49})
[36m(ClientAppActor pid=32867)[0m Client 2
[36m(ClientAppActor pid=32867)[0m Train Images: 2000
[36m(ClientAppActor pid=32867)[0m Test Images : 100
[36m(ClientAppActor pid=32867)[0m Validate Images : 100
[36m(ClientAppActor pid=32867)[0m 
[36m(ClientAppActor pid=32867)[0m CLIENT 2 STARTING EVALUATION
[36m(ClientAppActor pid=32867)[0m Client 2 received class memories
[36m(ClientAppActor pid=32867)[0m Real memory norm=0.8985
[36m(ClientAppActor pid=32867)[0m Fake memory norm=0.8973
[36m(ClientAppActor pid=32867)[0m Artifact bias shape: torch.Size([32, 8, 197, 197])
[36m(ClientAppActor pid=32867)[0m Accuracy: 0.6300
[36m(ClientAppActor pid=32867)[0m 
[36m(ClientAppActor pid=32867)[0m CLIENT 2 EVALUATION COMPLETE
[36m(ClientAppActor pid=32867)[0m Client 4 using cuda
[36m(ClientAppActor pid=32867)[0m {'fake': 0, 'real': 1}
[36m(ClientAppActor pid=32867)[0m [DEBUG MODE] Train=2000, Val=100, Test=100
[36m(ClientAppActor pid=32867)[0m 
[36m(ClientAppActor pid=32867)[0m Client 4 Class Distribution
[36m(ClientAppActor pid=32867)[0m Train: Counter({0: 1013, 1: 987})
[36m(ClientAppActor pid=32867)[0m Val  : Counter({0: 56, 1: 44})
[36m(ClientAppActor pid=32867)[0m Test : Counter({1: 53, 0: 47})
[36m(ClientAppActor pid=32867)[0m Client 4
[36m(ClientAppActor pid=32867)[0m Train Images: 2000
[36m(ClientAppActor pid=32867)[0m Test Images : 100
[36m(ClientAppActor pid=32867)[0m Validate Images : 100
[36m(ClientAppActor pid=32867)[0m 
[36m(ClientAppActor pid=32867)[0m CLIENT 4 STARTING EVALUATION
[36m(ClientAppActor pid=32867)[0m Client 4 received class memories
[36m(ClientAppActor pid=32867)[0m Real memory norm=0.8985
[36m(ClientAppActor pid=32867)[0m Fake memory norm=0.8973
[36m(ClientAppActor pid=32867)[0m Artifact bias shape: torch.Size([32, 8, 197, 197])
[36m(ClientAppActor pid=32867)[0m Accuracy: 0.7200
[36m(ClientAppActor pid=32867)[0m 
[36m(ClientAppActor pid=32867)[0m CLIENT 4 EVALUATION COMPLETE
[36m(ClientAppActor pid=32867)[0m Client 3 using cuda
[36m(ClientAppActor pid=32867)[0m {'fake': 0, 'real': 1}
[36m(ClientAppActor pid=32867)[0m [DEBUG MODE] Train=2000, Val=100, Test=100
[36m(ClientAppActor pid=32867)[0m 
[36m(ClientAppActor pid=32867)[0m Client 3 Class Distribution
[36m(ClientAppActor pid=32867)[0m Train: Counter({1: 1024, 0: 976})
[36m(ClientAppActor pid=32867)[0m Val  : Counter({1: 54, 0: 46})
[36m(ClientAppActor pid=32867)[0m Test : Counter({1: 50, 0: 50})
[36m(ClientAppActor pid=32867)[0m Client 3
[36m(ClientAppActor pid=32867)[0m Train Images: 2000
[36m(ClientAppActor pid=32867)[0m Test Images : 100
[36m(ClientAppActor pid=32867)[0m Validate Images : 100
[36m(ClientAppActor pid=32867)[0m 
[36m(ClientAppActor pid=32867)[0m CLIENT 3 STARTING EVALUATION
[36m(ClientAppActor pid=32867)[0m Client 3 received class memories
[36m(ClientAppActor pid=32867)[0m Real memory norm=0.8985
[36m(ClientAppActor pid=32867)[0m Fake memory norm=0.8973
[36m(ClientAppActor pid=32867)[0m Artifact bias shape: torch.Size([32, 8, 197, 197])
[36m(ClientAppActor pid=32867)[0m Accuracy: 0.6500
[36m(ClientAppActor pid=32867)[0m 
[36m(ClientAppActor pid=32867)[0m CLIENT 3 EVALUATION COMPLETE
[36m(ClientAppActor pid=32867)[0m Client 1 using cuda
[36m(ClientAppActor pid=32867)[0m {'fake': 0, 'real': 1}
[36m(ClientAppActor pid=32867)[0m [DEBUG MODE] Train=2000, Val=100, Test=100
[36m(ClientAppActor pid=32867)[0m 
[36m(ClientAppActor pid=32867)[0m Client 1 Class Distribution
[36m(ClientAppActor pid=32867)[0m Train: Counter({1: 1011, 0: 989})
[36m(ClientAppActor pid=32867)[0m Val  : Counter({0: 55, 1: 45})
[36m(ClientAppActor pid=32867)[0m Test : Counter({0: 53, 1: 47})
[36m(ClientAppActor pid=32867)[0m Client 1
[36m(ClientAppActor pid=32867)[0m Train Images: 2000
[36m(ClientAppActor pid=32867)[0m Test Images : 100
[36m(ClientAppActor pid=32867)[0m 
Testing:   0%|          | 0/4 [00:00<?, ?it/s]
[36m(ClientAppActor pid=32867)[0m 
Testing:  25%|██▌       | 1/4 [00:00<00:00,  7.20it/s]
[36m(ClientAppActor pid=32867)[0m 
Testing:  50%|█████     | 2/4 [00:00<00:00,  7.11it/s]
[36m(ClientAppActor pid=32867)[0m 
Testing:  75%|███████▌  | 3/4 [00:00<00:00,  7.11it/s]
Testing: 100%|██████████| 4/4 [00:00<00:00,  9.01it/s]
[36m(ClientAppActor pid=32867)[0m 
Testing:   0%|          | 0/4 [00:00<?, ?it/s]
[36m(ClientAppActor pid=32867)[0m 
Testing:  25%|██▌       | 1/4 [00:00<00:00,  7.24it/s]
[36m(ClientAppActor pid=32867)[0m 
Testing:  50%|█████     | 2/4 [00:00<00:00,  7.24it/s]
[36m(ClientAppActor pid=32867)[0m 
Testing:  75%|███████▌  | 3/4 [00:00<00:00,  7.23it/s]
Testing: 100%|██████████| 4/4 [00:00<00:00,  9.15it/s]
[92mINFO [0m:      aggregate_evaluate: received 5 results and 0 failures
[92mINFO [0m:      
[92mINFO [0m:      [ROUND 5]
[92mINFO [0m:      configure_fit: strategy sampled 5 clients (out of 5)
[36m(ClientAppActor pid=32867)[0m 
Epoch 1/1:   0%|          | 0/63 [00:00<?, ?it/s]
[36m(ClientAppActor pid=32867)[0m 
Epoch 1/1:   0%|          | 0/63 [00:00<?, ?it/s, loss=0.5379, acc=75.00%, img/s=132.3, eta=0.2m]
Epoch 1/1:   2%|▏         | 1/63 [00:00<00:15,  4.13it/s, loss=0.5379, acc=75.00%, img/s=132.3, eta=0.2m]
[36m(ClientAppActor pid=32867)[0m 
Epoch 1/1:   2%|▏         | 1/63 [00:00<00:15,  4.13it/s, loss=0.5272, acc=76.56%, img/s=135.6, eta=0.2m]
Epoch 1/1:   3%|▎         | 2/63 [00:00<00:14,  4.26it/s, loss=0.5272, acc=76.56%, img/s=135.6, eta=0.2m]
[36m(ClientAppActor pid=32867)[0m 
Epoch 1/1:   3%|▎         | 2/63 [00:00<00:14,  4.26it/s, loss=0.6176, acc=72.92%, img/s=136.3, eta=0.2m]
Epoch 1/1:   5%|▍         | 3/63 [00:00<00:14,  4.28it/s, loss=0.6176, acc=72.92%, img/s=136.3, eta=0.2m]
[36m(ClientAppActor pid=32867)[0m 
Epoch 1/1:   5%|▍         | 3/63 [00:00<00:14,  4.28it/s, loss=0.6174, acc=71.88%, img/s=136.6, eta=0.2m]
Epoch 1/1:   6%|▋         | 4/63 [00:00<00:13,  4.29it/s, loss=0.6174, acc=71.88%, img/s=136.6, eta=0.2m]
[36m(ClientAppActor pid=32867)[0m 
Epoch 1/1:   6%|▋         | 4/63 [00:01<00:13,  4.29it/s, loss=0.6462, acc=69.38%, img/s=137.1, eta=0.2m]
Epoch 1/1:   8%|▊         | 5/63 [00:01<00:13,  4.31it/s, loss=0.6462, acc=69.38%, img/s=137.1, eta=0.2m]
[36m(ClientAppActor pid=32867)[0m 
Epoch 1/1:   8%|▊         | 5/63 [00:01<00:13,  4.31it/s, loss=0.5748, acc=69.79%, img/s=137.2, eta=0.2m]
Epoch 1/1:  10%|▉         | 6/63 [00:01<00:13,  4.31it/s, loss=0.5748, acc=69.79%, img/s=137.2, eta=0.2m]
[36m(ClientAppActor pid=32867)[0m 
Epoch 1/1:  10%|▉         | 6/63 [00:01<00:13,  4.31it/s, loss=0.4800, acc=71.43%, img/s=137.3, eta=0.2m]
Epoch 1/1:  11%|█         | 7/63 [00:01<00:13,  4.31it/s, loss=0.4800, acc=71.43%, img/s=137.3, eta=0.2m]
[36m(ClientAppActor pid=32867)[0m 
Epoch 1/1:  11%|█         | 7/63 [00:01<00:13,  4.31it/s, loss=0.6181, acc=70.70%, img/s=137.3, eta=0.2m]
Epoch 1/1:  13%|█▎        | 8/63 [00:01<00:12,  4.30it/s, loss=0.6181, acc=70.70%, img/s=137.3, eta=0.2m]
[36m(ClientAppActor pid=32867)[0m 
Epoch 1/1:  13%|█▎        | 8/63 [00:02<00:12,  4.30it/s, loss=0.6814, acc=69.44%, img/s=137.5, eta=0.2m]
Epoch 1/1:  14%|█▍        | 9/63 [00:02<00:12,  4.31it/s, loss=0.6814, acc=69.44%, img/s=137.5, eta=0.2m]
[36m(ClientAppActor pid=32867)[0m 
Epoch 1/1:  14%|█▍        | 9/63 [00:02<00:12,  4.31it/s, loss=0.7639, acc=67.81%, img/s=137.6, eta=0.2m]
Epoch 1/1:  16%|█▌        | 10/63 [00:02<00:12,  4.32it/s, loss=0.7639, acc=67.81%, img/s=137.6, eta=0.2m]
[36m(ClientAppActor pid=32867)[0m 
Epoch 1/1:  16%|█▌        | 10/63 [00:02<00:12,  4.32it/s, loss=0.4935, acc=68.47%, img/s=137.6, eta=0.2m]
Epoch 1/1:  17%|█▋        | 11/63 [00:02<00:12,  4.32it/s, loss=0.4935, acc=68.47%, img/s=137.6, eta=0.2m]
[36m(ClientAppActor pid=32867)[0m 
Epoch 1/1:  17%|█▋        | 11/63 [00:02<00:12,  4.32it/s, loss=0.6585, acc=67.45%, img/s=137.8, eta=0.2m]
Epoch 1/1:  19%|█▉        | 12/63 [00:02<00:11,  4.33it/s, loss=0.6585, acc=67.45%, img/s=137.8, eta=0.2m]
[36m(ClientAppActor pid=32867)[0m 
Epoch 1/1:  19%|█▉        | 12/63 [00:03<00:11,  4.33it/s, loss=0.6181, acc=67.55%, img/s=137.8, eta=0.2m]
Epoch 1/1:  21%|██        | 13/63 [00:03<00:11,  4.33it/s, loss=0.6181, acc=67.55%, img/s=137.8, eta=0.2m]
[36m(ClientAppActor pid=32867)[0m 
Epoch 1/1:  21%|██        | 13/63 [00:03<00:11,  4.33it/s, loss=0.6500, acc=66.96%, img/s=137.8, eta=0.2m]
Epoch 1/1:  22%|██▏       | 14/63 [00:03<00:11,  4.33it/s, loss=0.6500, acc=66.96%, img/s=137.8, eta=0.2m]
[36m(ClientAppActor pid=32867)[0m 
Epoch 1/1:  22%|██▏       | 14/63 [00:03<00:11,  4.33it/s, loss=0.5770, acc=67.50%, img/s=137.9, eta=0.2m]
Epoch 1/1:  24%|██▍       | 15/63 [00:03<00:11,  4.33it/s, loss=0.5770, acc=67.50%, img/s=137.9, eta=0.2m]
[36m(ClientAppActor pid=32867)[0m 
Epoch 1/1:  24%|██▍       | 15/63 [00:03<00:11,  4.33it/s, loss=0.6160, acc=67.58%, img/s=137.9, eta=0.2m]
Epoch 1/1:  25%|██▌       | 16/63 [00:03<00:10,  4.33it/s, loss=0.6160, acc=67.58%, img/s=137.9, eta=0.2m]
[36m(ClientAppActor pid=32867)[0m 
Epoch 1/1:  25%|██▌       | 16/63 [00:03<00:10,  4.33it/s, loss=0.6803, acc=67.10%, img/s=137.9, eta=0.2m]
Epoch 1/1:  27%|██▋       | 17/63 [00:03<00:10,  4.32it/s, loss=0.6803, acc=67.10%, img/s=137.9, eta=0.2m]
[36m(ClientAppActor pid=32867)[0m 
Epoch 1/1:  27%|██▋       | 17/63 [00:04<00:10,  4.32it/s, loss=0.6656, acc=66.84%, img/s=137.9, eta=0.2m]
Epoch 1/1:  29%|██▊       | 18/63 [00:04<00:10,  4.32it/s, loss=0.6656, acc=66.84%, img/s=137.9, eta=0.2m]
[36m(ClientAppActor pid=32867)[0m 
Epoch 1/1:  29%|██▊       | 18/63 [00:04<00:10,  4.32it/s, loss=0.5923, acc=66.78%, img/s=138.0, eta=0.2m]
Epoch 1/1:  30%|███       | 19/63 [00:04<00:10,  4.32it/s, loss=0.5923, acc=66.78%, img/s=138.0, eta=0.2m]
[36m(ClientAppActor pid=32867)[0m 
Epoch 1/1:  30%|███       | 19/63 [00:04<00:10,  4.32it/s, loss=0.6451, acc=66.56%, img/s=138.0, eta=0.2m]
Epoch 1/1:  32%|███▏      | 20/63 [00:04<00:09,  4.32it/s, loss=0.6451, acc=66.56%, img/s=138.0, eta=0.2m]
[36m(ClientAppActor pid=32867)[0m 
Epoch 1/1:  32%|███▏      | 20/63 [00:04<00:09,  4.32it/s, loss=0.5991, acc=66.96%, img/s=138.0, eta=0.2m]
Epoch 1/1:  33%|███▎      | 21/63 [00:04<00:09,  4.32it/s, loss=0.5991, acc=66.96%, img/s=138.0, eta=0.2m]
[36m(ClientAppActor pid=32867)[0m 
Epoch 1/1:  33%|███▎      | 21/63 [00:05<00:09,  4.32it/s, loss=0.5965, acc=67.05%, img/s=138.0, eta=0.2m]
Epoch 1/1:  35%|███▍      | 22/63 [00:05<00:09,  4.32it/s, loss=0.5965, acc=67.05%, img/s=138.0, eta=0.2m]
[36m(ClientAppActor pid=32867)[0m 
Epoch 1/1:  35%|███▍      | 22/63 [00:05<00:09,  4.32it/s, loss=0.6575, acc=66.98%, img/s=138.0, eta=0.2m]
Epoch 1/1:  37%|███▋      | 23/63 [00:05<00:09,  4.33it/s, loss=0.6575, acc=66.98%, img/s=138.0, eta=0.2m]
[36m(ClientAppActor pid=32867)[0m 
Epoch 1/1:  37%|███▋      | 23/63 [00:05<00:09,  4.33it/s, loss=0.5927, acc=67.32%, img/s=138.0, eta=0.2m]
Epoch 1/1:  38%|███▊      | 24/63 [00:05<00:09,  4.31it/s, loss=0.5927, acc=67.32%, img/s=138.0, eta=0.2m]
[36m(ClientAppActor pid=32867)[0m 
Epoch 1/1:  38%|███▊      | 24/63 [00:05<00:09,  4.31it/s, loss=0.5964, acc=67.50%, img/s=138.0, eta=0.1m]
Epoch 1/1:  40%|███▉      | 25/63 [00:05<00:08,  4.31it/s, loss=0.5964, acc=67.50%, img/s=138.0, eta=0.1m]
[36m(ClientAppActor pid=32867)[0m 
Epoch 1/1:  40%|███▉      | 25/63 [00:06<00:08,  4.31it/s, loss=0.6259, acc=67.55%, img/s=138.0, eta=0.1m]
Epoch 1/1:  41%|████▏     | 26/63 [00:06<00:08,  4.33it/s, loss=0.6259, acc=67.55%, img/s=138.0, eta=0.1m]
[36m(ClientAppActor pid=32867)[0m 
Epoch 1/1:  41%|████▏     | 26/63 [00:06<00:08,  4.33it/s, loss=0.5981, acc=67.48%, img/s=138.0, eta=0.1m]
Epoch 1/1:  43%|████▎     | 27/63 [00:06<00:08,  4.32it/s, loss=0.5981, acc=67.48%, img/s=138.0, eta=0.1m]
[36m(ClientAppActor pid=32867)[0m 
Epoch 1/1:  43%|████▎     | 27/63 [00:06<00:08,  4.32it/s, loss=0.5257, acc=67.63%, img/s=138.1, eta=0.1m]
Epoch 1/1:  44%|████▍     | 28/63 [00:06<00:08,  4.33it/s, loss=0.5257, acc=67.63%, img/s=138.1, eta=0.1m]
[36m(ClientAppActor pid=32867)[0m 
Epoch 1/1:  44%|████▍     | 28/63 [00:06<00:08,  4.33it/s, loss=0.6943, acc=67.35%, img/s=138.1, eta=0.1m]
Epoch 1/1:  46%|████▌     | 29/63 [00:06<00:07,  4.32it/s, loss=0.6943, acc=67.35%, img/s=138.1, eta=0.1m]
[36m(ClientAppActor pid=32867)[0m 
Epoch 1/1:  46%|████▌     | 29/63 [00:06<00:07,  4.32it/s, loss=0.6851, acc=67.19%, img/s=138.1, eta=0.1m]
Epoch 1/1:  48%|████▊     | 30/63 [00:06<00:07,  4.32it/s, loss=0.6851, acc=67.19%, img/s=138.1, eta=0.1m]
[36m(ClientAppActor pid=32867)[0m 
Epoch 1/1:  48%|████▊     | 30/63 [00:07<00:07,  4.32it/s, loss=0.6009, acc=66.94%, img/s=138.1, eta=0.1m]
Epoch 1/1:  49%|████▉     | 31/63 [00:07<00:07,  4.33it/s, loss=0.6009, acc=66.94%, img/s=138.1, eta=0.1m]
[36m(ClientAppActor pid=32867)[0m 
Epoch 1/1:  49%|████▉     | 31/63 [00:07<00:07,  4.33it/s, loss=0.5205, acc=67.29%, img/s=138.1, eta=0.1m]
Epoch 1/1:  51%|█████     | 32/63 [00:07<00:07,  4.32it/s, loss=0.5205, acc=67.29%, img/s=138.1, eta=0.1m]
[36m(ClientAppActor pid=32867)[0m 
Epoch 1/1:  51%|█████     | 32/63 [00:07<00:07,  4.32it/s, loss=0.6548, acc=67.05%, img/s=138.1, eta=0.1m]
Epoch 1/1:  52%|█████▏    | 33/63 [00:07<00:06,  4.33it/s, loss=0.6548, acc=67.05%, img/s=138.1, eta=0.1m]
[36m(ClientAppActor pid=32867)[0m 
Epoch 1/1:  52%|█████▏    | 33/63 [00:07<00:06,  4.33it/s, loss=0.6224, acc=66.91%, img/s=138.1, eta=0.1m]
Epoch 1/1:  54%|█████▍    | 34/63 [00:07<00:06,  4.32it/s, loss=0.6224, acc=66.91%, img/s=138.1, eta=0.1m]
[36m(ClientAppActor pid=32867)[0m 
Epoch 1/1:  54%|█████▍    | 34/63 [00:08<00:06,  4.32it/s, loss=0.5274, acc=67.14%, img/s=138.1, eta=0.1m]
Epoch 1/1:  56%|█████▌    | 35/63 [00:08<00:06,  4.32it/s, loss=0.5274, acc=67.14%, img/s=138.1, eta=0.1m]
[36m(ClientAppActor pid=32867)[0m 
Epoch 1/1:  56%|█████▌    | 35/63 [00:08<00:06,  4.32it/s, loss=0.7518, acc=66.67%, img/s=137.9, eta=0.1m]
Epoch 1/1:  57%|█████▋    | 36/63 [00:08<00:06,  4.27it/s, loss=0.7518, acc=66.67%, img/s=137.9, eta=0.1m]
[36m(ClientAppActor pid=32867)[0m 
Epoch 1/1:  57%|█████▋    | 36/63 [00:08<00:06,  4.27it/s, loss=0.4366, acc=67.06%, img/s=137.9, eta=0.1m]
Epoch 1/1:  59%|█████▊    | 37/63 [00:08<00:06,  4.28it/s, loss=0.4366, acc=67.06%, img/s=137.9, eta=0.1m]
[36m(ClientAppActor pid=32867)[0m 
Epoch 1/1:  59%|█████▊    | 37/63 [00:08<00:06,  4.28it/s, loss=0.5657, acc=67.19%, img/s=137.9, eta=0.1m]
Epoch 1/1:  60%|██████    | 38/63 [00:08<00:05,  4.29it/s, loss=0.5657, acc=67.19%, img/s=137.9, eta=0.1m]
[36m(ClientAppActor pid=32867)[0m 
Epoch 1/1:  60%|██████    | 38/63 [00:09<00:05,  4.29it/s, loss=0.6374, acc=66.99%, img/s=138.0, eta=0.1m]
Epoch 1/1:  62%|██████▏   | 39/63 [00:09<00:05,  4.31it/s, loss=0.6374, acc=66.99%, img/s=138.0, eta=0.1m]
[36m(ClientAppActor pid=32867)[0m 
Epoch 1/1:  62%|██████▏   | 39/63 [00:09<00:05,  4.31it/s, loss=0.6834, acc=66.72%, img/s=138.0, eta=0.1m]
Epoch 1/1:  63%|██████▎   | 40/63 [00:09<00:05,  4.31it/s, loss=0.6834, acc=66.72%, img/s=138.0, eta=0.1m]
[36m(ClientAppActor pid=32867)[0m 
Epoch 1/1:  63%|██████▎   | 40/63 [00:09<00:05,  4.31it/s, loss=0.6043, acc=66.69%, img/s=138.0, eta=0.1m]
Epoch 1/1:  65%|██████▌   | 41/63 [00:09<00:05,  4.31it/s, loss=0.6043, acc=66.69%, img/s=138.0, eta=0.1m]
[36m(ClientAppActor pid=32867)[0m 
Epoch 1/1:  65%|██████▌   | 41/63 [00:09<00:05,  4.31it/s, loss=0.6014, acc=66.89%, img/s=138.0, eta=0.1m]
Epoch 1/1:  67%|██████▋   | 42/63 [00:09<00:04,  4.30it/s, loss=0.6014, acc=66.89%, img/s=138.0, eta=0.1m]
[36m(ClientAppActor pid=32867)[0m 
Epoch 1/1:  67%|██████▋   | 42/63 [00:09<00:04,  4.30it/s, loss=0.6216, acc=66.86%, img/s=138.0, eta=0.1m]
Epoch 1/1:  68%|██████▊   | 43/63 [00:09<00:04,  4.31it/s, loss=0.6216, acc=66.86%, img/s=138.0, eta=0.1m]
[36m(ClientAppActor pid=32867)[0m 
Epoch 1/1:  68%|██████▊   | 43/63 [00:10<00:04,  4.31it/s, loss=0.5895, acc=66.97%, img/s=138.0, eta=0.1m]
Epoch 1/1:  70%|██████▉   | 44/63 [00:10<00:04,  4.32it/s, loss=0.5895, acc=66.97%, img/s=138.0, eta=0.1m]
[36m(ClientAppActor pid=32867)[0m 
Epoch 1/1:  70%|██████▉   | 44/63 [00:10<00:04,  4.32it/s, loss=0.5514, acc=67.22%, img/s=138.0, eta=0.1m]
Epoch 1/1:  71%|███████▏  | 45/63 [00:10<00:04,  4.31it/s, loss=0.5514, acc=67.22%, img/s=138.0, eta=0.1m]
[36m(ClientAppActor pid=32867)[0m 
Epoch 1/1:  71%|███████▏  | 45/63 [00:10<00:04,  4.31it/s, loss=0.5922, acc=67.32%, img/s=138.0, eta=0.1m]
Epoch 1/1:  73%|███████▎  | 46/63 [00:10<00:03,  4.31it/s, loss=0.5922, acc=67.32%, img/s=138.0, eta=0.1m]
[36m(ClientAppActor pid=32867)[0m 
Epoch 1/1:  73%|███████▎  | 46/63 [00:10<00:03,  4.31it/s, loss=0.6747, acc=67.15%, img/s=138.0, eta=0.1m]
Epoch 1/1:  75%|███████▍  | 47/63 [00:10<00:03,  4.30it/s, loss=0.6747, acc=67.15%, img/s=138.0, eta=0.1m]
[36m(ClientAppActor pid=32867)[0m 
Epoch 1/1:  75%|███████▍  | 47/63 [00:11<00:03,  4.30it/s, loss=0.6268, acc=67.19%, img/s=138.0, eta=0.1m]
Epoch 1/1:  76%|███████▌  | 48/63 [00:11<00:03,  4.30it/s, loss=0.6268, acc=67.19%, img/s=138.0, eta=0.1m]
[36m(ClientAppActor pid=32867)[0m 
Epoch 1/1:  76%|███████▌  | 48/63 [00:11<00:03,  4.30it/s, loss=0.5142, acc=67.28%, img/s=138.0, eta=0.1m]
Epoch 1/1:  78%|███████▊  | 49/63 [00:11<00:03,  4.32it/s, loss=0.5142, acc=67.28%, img/s=138.0, eta=0.1m]
[36m(ClientAppActor pid=32867)[0m 
Epoch 1/1:  78%|███████▊  | 49/63 [00:11<00:03,  4.32it/s, loss=0.5894, acc=67.31%, img/s=138.0, eta=0.1m]
Epoch 1/1:  79%|███████▉  | 50/63 [00:11<00:03,  4.32it/s, loss=0.5894, acc=67.31%, img/s=138.0, eta=0.1m]
[36m(ClientAppActor pid=32867)[0m 
Epoch 1/1:  79%|███████▉  | 50/63 [00:11<00:03,  4.32it/s, loss=0.7015, acc=67.03%, img/s=138.0, eta=0.0m]
Epoch 1/1:  81%|████████  | 51/63 [00:11<00:02,  4.32it/s, loss=0.7015, acc=67.03%, img/s=138.0, eta=0.0m]
[36m(ClientAppActor pid=32867)[0m 
Epoch 1/1:  81%|████████  | 51/63 [00:12<00:02,  4.32it/s, loss=0.5946, acc=67.13%, img/s=138.0, eta=0.0m]
Epoch 1/1:  83%|████████▎ | 52/63 [00:12<00:02,  4.31it/s, loss=0.5946, acc=67.13%, img/s=138.0, eta=0.0m]
[36m(ClientAppActor pid=32867)[0m 
Epoch 1/1:  83%|████████▎ | 52/63 [00:12<00:02,  4.31it/s, loss=0.6800, acc=66.98%, img/s=138.0, eta=0.0m]
Epoch 1/1:  84%|████████▍ | 53/63 [00:12<00:02,  4.31it/s, loss=0.6800, acc=66.98%, img/s=138.0, eta=0.0m]
[36m(ClientAppActor pid=32867)[0m 
Epoch 1/1:  84%|████████▍ | 53/63 [00:12<00:02,  4.31it/s, loss=0.5043, acc=67.19%, img/s=138.0, eta=0.0m]
Epoch 1/1:  86%|████████▌ | 54/63 [00:12<00:02,  4.31it/s, loss=0.5043, acc=67.19%, img/s=138.0, eta=0.0m]
[36m(ClientAppActor pid=32867)[0m 
Epoch 1/1:  86%|████████▌ | 54/63 [00:12<00:02,  4.31it/s, loss=0.5030, acc=67.27%, img/s=138.0, eta=0.0m]
Epoch 1/1:  87%|████████▋ | 55/63 [00:12<00:01,  4.30it/s, loss=0.5030, acc=67.27%, img/s=138.0, eta=0.0m]
[36m(ClientAppActor pid=32867)[0m 
Epoch 1/1:  87%|████████▋ | 55/63 [00:12<00:01,  4.30it/s, loss=0.5798, acc=67.19%, img/s=138.0, eta=0.0m]
Epoch 1/1:  89%|████████▉ | 56/63 [00:12<00:01,  4.31it/s, loss=0.5798, acc=67.19%, img/s=138.0, eta=0.0m]
[36m(ClientAppActor pid=32867)[0m 
Epoch 1/1:  89%|████████▉ | 56/63 [00:13<00:01,  4.31it/s, loss=0.5081, acc=67.32%, img/s=138.0, eta=0.0m]
Epoch 1/1:  90%|█████████ | 57/63 [00:13<00:01,  4.31it/s, loss=0.5081, acc=67.32%, img/s=138.0, eta=0.0m]
[36m(ClientAppActor pid=32867)[0m 
Epoch 1/1:  90%|█████████ | 57/63 [00:13<00:01,  4.31it/s, loss=0.4475, acc=67.51%, img/s=138.0, eta=0.0m]
Epoch 1/1:  92%|█████████▏| 58/63 [00:13<00:01,  4.31it/s, loss=0.4475, acc=67.51%, img/s=138.0, eta=0.0m]
[36m(ClientAppActor pid=32867)[0m 
Epoch 1/1:  92%|█████████▏| 58/63 [00:13<00:01,  4.31it/s, loss=0.6375, acc=67.48%, img/s=138.0, eta=0.0m]
Epoch 1/1:  94%|█████████▎| 59/63 [00:13<00:00,  4.32it/s, loss=0.6375, acc=67.48%, img/s=138.0, eta=0.0m]
[36m(ClientAppActor pid=32867)[0m 
Epoch 1/1:  94%|█████████▎| 59/63 [00:13<00:00,  4.32it/s, loss=0.4433, acc=67.60%, img/s=138.0, eta=0.0m]
Epoch 1/1:  95%|█████████▌| 60/63 [00:13<00:00,  4.31it/s, loss=0.4433, acc=67.60%, img/s=138.0, eta=0.0m]
[36m(ClientAppActor pid=32867)[0m 
Epoch 1/1:  95%|█████████▌| 60/63 [00:14<00:00,  4.31it/s, loss=0.5845, acc=67.67%, img/s=138.0, eta=0.0m]
Epoch 1/1:  97%|█████████▋| 61/63 [00:14<00:00,  4.31it/s, loss=0.5845, acc=67.67%, img/s=138.0, eta=0.0m]
[36m(ClientAppActor pid=32867)[0m 
Epoch 1/1:  97%|█████████▋| 61/63 [00:14<00:00,  4.31it/s, loss=0.5226, acc=67.79%, img/s=138.0, eta=0.0m]
Epoch 1/1:  98%|█████████▊| 62/63 [00:14<00:00,  4.31it/s, loss=0.5226, acc=67.79%, img/s=138.0, eta=0.0m]
[36m(ClientAppActor pid=32867)[0m 
Epoch 1/1:  98%|█████████▊| 62/63 [00:14<00:00,  4.31it/s, loss=0.3695, acc=68.00%, img/s=69.4, eta=0.0m] 
Epoch 1/1: 100%|██████████| 63/63 [00:14<00:00,  4.87it/s, loss=0.3695, acc=68.00%, img/s=69.4, eta=0.0m]
Epoch 1/1: 100%|██████████| 63/63 [00:14<00:00,  4.34it/s, loss=0.3695, acc=68.00%, img/s=69.4, eta=0.0m]
[36m(ClientAppActor pid=32867)[0m 
Epoch 1/1:   0%|          | 0/63 [00:00<?, ?it/s]
[36m(ClientAppActor pid=32867)[0m 
Epoch 1/1:   0%|          | 0/63 [00:00<?, ?it/s, loss=0.6363, acc=68.75%, img/s=133.9, eta=0.2m]
Epoch 1/1:   2%|▏         | 1/63 [00:00<00:14,  4.18it/s, loss=0.6363, acc=68.75%, img/s=133.9, eta=0.2m]
[36m(ClientAppActor pid=32867)[0m 
Epoch 1/1:   2%|▏         | 1/63 [00:00<00:14,  4.18it/s, loss=0.5807, acc=70.31%, img/s=135.9, eta=0.2m]
Epoch 1/1:   3%|▎         | 2/63 [00:00<00:14,  4.26it/s, loss=0.5807, acc=70.31%, img/s=135.9, eta=0.2m]
[36m(ClientAppActor pid=32867)[0m 
Epoch 1/1:   3%|▎         | 2/63 [00:00<00:14,  4.26it/s, loss=0.6492, acc=67.71%, img/s=136.5, eta=0.2m]
Epoch 1/1:   5%|▍         | 3/63 [00:00<00:14,  4.28it/s, loss=0.6492, acc=67.71%, img/s=136.5, eta=0.2m]
[36m(ClientAppActor pid=32867)[0m 
Epoch 1/1:   5%|▍         | 3/63 [00:00<00:14,  4.28it/s, loss=0.5738, acc=67.97%, img/s=137.1, eta=0.2m]
Epoch 1/1:   6%|▋         | 4/63 [00:00<00:13,  4.31it/s, loss=0.5738, acc=67.97%, img/s=137.1, eta=0.2m]
[36m(ClientAppActor pid=32867)[0m 
Epoch 1/1:   6%|▋         | 4/63 [00:01<00:13,  4.31it/s, loss=0.6224, acc=67.50%, img/s=137.4, eta=0.2m]
Epoch 1/1:   8%|▊         | 5/63 [00:01<00:13,  4.31it/s, loss=0.6224, acc=67.50%, img/s=137.4, eta=0.2m]
[36m(ClientAppActor pid=32867)[0m 
Epoch 1/1:   8%|▊         | 5/63 [00:01<00:13,  4.31it/s, loss=0.6630, acc=67.19%, img/s=137.6, eta=0.2m]
Epoch 1/1:  10%|▉         | 6/63 [00:01<00:13,  4.32it/s, loss=0.6630, acc=67.19%, img/s=137.6, eta=0.2m]
[36m(ClientAppActor pid=32867)[0m 
Epoch 1/1:  10%|▉         | 6/63 [00:01<00:13,  4.32it/s, loss=0.7132, acc=65.62%, img/s=137.1, eta=0.2m]
Epoch 1/1:  11%|█         | 7/63 [00:01<00:13,  4.28it/s, loss=0.7132, acc=65.62%, img/s=137.1, eta=0.2m]
[36m(ClientAppActor pid=32867)[0m 
Epoch 1/1:  11%|█         | 7/63 [00:01<00:13,  4.28it/s, loss=0.6681, acc=64.45%, img/s=137.4, eta=0.2m]
Epoch 1/1:  13%|█▎        | 8/63 [00:01<00:12,  4.30it/s, loss=0.6681, acc=64.45%, img/s=137.4, eta=0.2m]
[36m(ClientAppActor pid=32867)[0m 
Epoch 1/1:  13%|█▎        | 8/63 [00:02<00:12,  4.30it/s, loss=0.6689, acc=64.24%, img/s=137.5, eta=0.2m]
Epoch 1/1:  14%|█▍        | 9/63 [00:02<00:12,  4.31it/s, loss=0.6689, acc=64.24%, img/s=137.5, eta=0.2m]
[36m(ClientAppActor pid=32867)[0m 
Epoch 1/1:  14%|█▍        | 9/63 [00:02<00:12,  4.31it/s, loss=0.6747, acc=63.44%, img/s=137.4, eta=0.2m]
Epoch 1/1:  16%|█▌        | 10/63 [00:02<00:12,  4.30it/s, loss=0.6747, acc=63.44%, img/s=137.4, eta=0.2m]
[36m(ClientAppActor pid=32867)[0m 
Epoch 1/1:  16%|█▌        | 10/63 [00:02<00:12,  4.30it/s, loss=0.6324, acc=63.07%, img/s=137.6, eta=0.2m]
Epoch 1/1:  17%|█▋        | 11/63 [00:02<00:12,  4.32it/s, loss=0.6324, acc=63.07%, img/s=137.6, eta=0.2m]
[36m(ClientAppActor pid=32867)[0m 
Epoch 1/1:  17%|█▋        | 11/63 [00:02<00:12,  4.32it/s, loss=0.5354, acc=64.32%, img/s=137.6, eta=0.2m]
Epoch 1/1:  19%|█▉        | 12/63 [00:02<00:11,  4.31it/s, loss=0.5354, acc=64.32%, img/s=137.6, eta=0.2m]
[36m(ClientAppActor pid=32867)[0m 
Epoch 1/1:  19%|█▉        | 12/63 [00:03<00:11,  4.31it/s, loss=0.6114, acc=64.90%, img/s=137.6, eta=0.2m]
Epoch 1/1:  21%|██        | 13/63 [00:03<00:11,  4.31it/s, loss=0.6114, acc=64.90%, img/s=137.6, eta=0.2m]
[36m(ClientAppActor pid=32867)[0m 
Epoch 1/1:  21%|██        | 13/63 [00:03<00:11,  4.31it/s, loss=0.6250, acc=64.96%, img/s=137.6, eta=0.2m]
Epoch 1/1:  22%|██▏       | 14/63 [00:03<00:11,  4.31it/s, loss=0.6250, acc=64.96%, img/s=137.6, eta=0.2m]
[36m(ClientAppActor pid=32867)[0m 
Epoch 1/1:  22%|██▏       | 14/63 [00:03<00:11,  4.31it/s, loss=0.6234, acc=65.62%, img/s=137.6, eta=0.2m]
Epoch 1/1:  24%|██▍       | 15/63 [00:03<00:11,  4.31it/s, loss=0.6234, acc=65.62%, img/s=137.6, eta=0.2m]
[36m(ClientAppActor pid=32867)[0m 
Epoch 1/1:  24%|██▍       | 15/63 [00:03<00:11,  4.31it/s, loss=0.4974, acc=67.19%, img/s=137.7, eta=0.2m]
Epoch 1/1:  25%|██▌       | 16/63 [00:03<00:10,  4.31it/s, loss=0.4974, acc=67.19%, img/s=137.7, eta=0.2m]
[36m(ClientAppActor pid=32867)[0m 
Epoch 1/1:  25%|██▌       | 16/63 [00:03<00:10,  4.31it/s, loss=0.6096, acc=67.65%, img/s=137.7, eta=0.2m]
Epoch 1/1:  27%|██▋       | 17/63 [00:03<00:10,  4.31it/s, loss=0.6096, acc=67.65%, img/s=137.7, eta=0.2m]
[36m(ClientAppActor pid=32867)[0m 
Epoch 1/1:  27%|██▋       | 17/63 [00:04<00:10,  4.31it/s, loss=0.5082, acc=68.40%, img/s=137.7, eta=0.2m]
Epoch 1/1:  29%|██▊       | 18/63 [00:04<00:10,  4.31it/s, loss=0.5082, acc=68.40%, img/s=137.7, eta=0.2m]
[36m(ClientAppActor pid=32867)[0m 
Epoch 1/1:  29%|██▊       | 18/63 [00:04<00:10,  4.31it/s, loss=0.4999, acc=69.24%, img/s=137.7, eta=0.2m]
Epoch 1/1:  30%|███       | 19/63 [00:04<00:10,  4.32it/s, loss=0.4999, acc=69.24%, img/s=137.7, eta=0.2m]
[36m(ClientAppActor pid=32867)[0m 
Epoch 1/1:  30%|███       | 19/63 [00:04<00:10,  4.32it/s, loss=0.5475, acc=69.69%, img/s=137.7, eta=0.2m]
Epoch 1/1:  32%|███▏      | 20/63 [00:04<00:09,  4.31it/s, loss=0.5475, acc=69.69%, img/s=137.7, eta=0.2m]
[36m(ClientAppActor pid=32867)[0m 
Epoch 1/1:  32%|███▏      | 20/63 [00:04<00:09,  4.31it/s, loss=0.5620, acc=70.39%, img/s=137.8, eta=0.2m]
Epoch 1/1:  33%|███▎      | 21/63 [00:04<00:09,  4.32it/s, loss=0.5620, acc=70.39%, img/s=137.8, eta=0.2m]
[36m(ClientAppActor pid=32867)[0m 
Epoch 1/1:  33%|███▎      | 21/63 [00:05<00:09,  4.32it/s, loss=0.5931, acc=70.60%, img/s=137.8, eta=0.2m]
Epoch 1/1:  35%|███▍      | 22/63 [00:05<00:09,  4.33it/s, loss=0.5931, acc=70.60%, img/s=137.8, eta=0.2m]
[36m(ClientAppActor pid=32867)[0m 
Epoch 1/1:  35%|███▍      | 22/63 [00:05<00:09,  4.33it/s, loss=0.7315, acc=70.11%, img/s=137.8, eta=0.2m]
Epoch 1/1:  37%|███▋      | 23/63 [00:05<00:09,  4.32it/s, loss=0.7315, acc=70.11%, img/s=137.8, eta=0.2m]
[36m(ClientAppActor pid=32867)[0m 
Epoch 1/1:  37%|███▋      | 23/63 [00:05<00:09,  4.32it/s, loss=0.5809, acc=70.18%, img/s=137.9, eta=0.2m]
Epoch 1/1:  38%|███▊      | 24/63 [00:05<00:09,  4.32it/s, loss=0.5809, acc=70.18%, img/s=137.9, eta=0.2m]
[36m(ClientAppActor pid=32867)[0m 
Epoch 1/1:  38%|███▊      | 24/63 [00:05<00:09,  4.32it/s, loss=0.7060, acc=69.50%, img/s=137.8, eta=0.1m]
Epoch 1/1:  40%|███▉      | 25/63 [00:05<00:08,  4.31it/s, loss=0.7060, acc=69.50%, img/s=137.8, eta=0.1m]
[36m(ClientAppActor pid=32867)[0m 
Epoch 1/1:  40%|███▉      | 25/63 [00:06<00:08,  4.31it/s, loss=0.5731, acc=69.59%, img/s=137.8, eta=0.1m]
Epoch 1/1:  41%|████▏     | 26/63 [00:06<00:08,  4.30it/s, loss=0.5731, acc=69.59%, img/s=137.8, eta=0.1m]
[36m(ClientAppActor pid=32867)[0m 
Epoch 1/1:  41%|████▏     | 26/63 [00:06<00:08,  4.30it/s, loss=0.6100, acc=69.56%, img/s=137.8, eta=0.1m]
Epoch 1/1:  43%|████▎     | 27/63 [00:06<00:08,  4.29it/s, loss=0.6100, acc=69.56%, img/s=137.8, eta=0.1m]
[36m(ClientAppActor pid=32867)[0m 
Epoch 1/1:  43%|████▎     | 27/63 [00:06<00:08,  4.29it/s, loss=0.6291, acc=69.42%, img/s=137.8, eta=0.1m]
Epoch 1/1:  44%|████▍     | 28/63 [00:06<00:08,  4.29it/s, loss=0.6291, acc=69.42%, img/s=137.8, eta=0.1m]
[36m(ClientAppActor pid=32867)[0m 
Epoch 1/1:  44%|████▍     | 28/63 [00:06<00:08,  4.29it/s, loss=0.5751, acc=69.40%, img/s=137.7, eta=0.1m]
Epoch 1/1:  46%|████▌     | 29/63 [00:06<00:07,  4.30it/s, loss=0.5751, acc=69.40%, img/s=137.7, eta=0.1m]
[36m(ClientAppActor pid=32867)[0m 
Epoch 1/1:  46%|████▌     | 29/63 [00:06<00:07,  4.30it/s, loss=0.6074, acc=69.17%, img/s=137.7, eta=0.1m]
Epoch 1/1:  48%|████▊     | 30/63 [00:06<00:07,  4.30it/s, loss=0.6074, acc=69.17%, img/s=137.7, eta=0.1m]
[36m(ClientAppActor pid=32867)[0m 
Epoch 1/1:  48%|████▊     | 30/63 [00:07<00:07,  4.30it/s, loss=0.6672, acc=69.05%, img/s=137.7, eta=0.1m]
Epoch 1/1:  49%|████▉     | 31/63 [00:07<00:07,  4.30it/s, loss=0.6672, acc=69.05%, img/s=137.7, eta=0.1m]
[36m(ClientAppActor pid=32867)[0m 
Epoch 1/1:  49%|████▉     | 31/63 [00:07<00:07,  4.30it/s, loss=0.6237, acc=68.75%, img/s=137.8, eta=0.1m]
Epoch 1/1:  51%|█████     | 32/63 [00:07<00:07,  4.31it/s, loss=0.6237, acc=68.75%, img/s=137.8, eta=0.1m]
[36m(ClientAppActor pid=32867)[0m 
Epoch 1/1:  51%|█████     | 32/63 [00:07<00:07,  4.31it/s, loss=0.6295, acc=68.66%, img/s=137.7, eta=0.1m]
Epoch 1/1:  52%|█████▏    | 33/63 [00:07<00:06,  4.30it/s, loss=0.6295, acc=68.66%, img/s=137.7, eta=0.1m]
[36m(ClientAppActor pid=32867)[0m 
Epoch 1/1:  52%|█████▏    | 33/63 [00:07<00:06,  4.30it/s, loss=0.5416, acc=68.84%, img/s=137.8, eta=0.1m]
Epoch 1/1:  54%|█████▍    | 34/63 [00:07<00:06,  4.31it/s, loss=0.5416, acc=68.84%, img/s=137.8, eta=0.1m]
[36m(ClientAppActor pid=32867)[0m 
Epoch 1/1:  54%|█████▍    | 34/63 [00:08<00:06,  4.31it/s, loss=0.6735, acc=68.66%, img/s=137.8, eta=0.1m]
Epoch 1/1:  56%|█████▌    | 35/63 [00:08<00:06,  4.31it/s, loss=0.6735, acc=68.66%, img/s=137.8, eta=0.1m]
[36m(ClientAppActor pid=32867)[0m 
Epoch 1/1:  56%|█████▌    | 35/63 [00:08<00:06,  4.31it/s, loss=0.6760, acc=68.58%, img/s=137.8, eta=0.1m]
Epoch 1/1:  57%|█████▋    | 36/63 [00:08<00:06,  4.31it/s, loss=0.6760, acc=68.58%, img/s=137.8, eta=0.1m]
[36m(ClientAppActor pid=32867)[0m 
Epoch 1/1:  57%|█████▋    | 36/63 [00:08<00:06,  4.31it/s, loss=0.6387, acc=68.41%, img/s=137.8, eta=0.1m]
Epoch 1/1:  59%|█████▊    | 37/63 [00:08<00:06,  4.30it/s, loss=0.6387, acc=68.41%, img/s=137.8, eta=0.1m]
[36m(ClientAppActor pid=32867)[0m 
Epoch 1/1:  59%|█████▊    | 37/63 [00:08<00:06,  4.30it/s, loss=0.6142, acc=68.34%, img/s=137.6, eta=0.1m]
Epoch 1/1:  60%|██████    | 38/63 [00:08<00:05,  4.25it/s, loss=0.6142, acc=68.34%, img/s=137.6, eta=0.1m]
[36m(ClientAppActor pid=32867)[0m 
Epoch 1/1:  60%|██████    | 38/63 [00:09<00:05,  4.25it/s, loss=0.6379, acc=68.27%, img/s=137.6, eta=0.1m]
Epoch 1/1:  62%|██████▏   | 39/63 [00:09<00:05,  4.27it/s, loss=0.6379, acc=68.27%, img/s=137.6, eta=0.1m]
[36m(ClientAppActor pid=32867)[0m 
Epoch 1/1:  62%|██████▏   | 39/63 [00:09<00:05,  4.27it/s, loss=0.5998, acc=68.36%, img/s=137.6, eta=0.1m]
Epoch 1/1:  63%|██████▎   | 40/63 [00:09<00:05,  4.29it/s, loss=0.5998, acc=68.36%, img/s=137.6, eta=0.1m]
[36m(ClientAppActor pid=32867)[0m 
Epoch 1/1:  63%|██████▎   | 40/63 [00:09<00:05,  4.29it/s, loss=0.6223, acc=68.37%, img/s=137.6, eta=0.1m]
Epoch 1/1:  65%|██████▌   | 41/63 [00:09<00:05,  4.28it/s, loss=0.6223, acc=68.37%, img/s=137.6, eta=0.1m]
[36m(ClientAppActor pid=32867)[0m 
Epoch 1/1:  65%|██████▌   | 41/63 [00:09<00:05,  4.28it/s, loss=0.6092, acc=68.15%, img/s=137.6, eta=0.1m]
Epoch 1/1:  67%|██████▋   | 42/63 [00:09<00:04,  4.30it/s, loss=0.6092, acc=68.15%, img/s=137.6, eta=0.1m]
[36m(ClientAppActor pid=32867)[0m 
Epoch 1/1:  67%|██████▋   | 42/63 [00:09<00:04,  4.30it/s, loss=0.6963, acc=67.81%, img/s=137.6, eta=0.1m]
Epoch 1/1:  68%|██████▊   | 43/63 [00:09<00:04,  4.29it/s, loss=0.6963, acc=67.81%, img/s=137.6, eta=0.1m]
[36m(ClientAppActor pid=32867)[0m 
Epoch 1/1:  68%|██████▊   | 43/63 [00:10<00:04,  4.29it/s, loss=0.6410, acc=67.83%, img/s=137.6, eta=0.1m]
Epoch 1/1:  70%|██████▉   | 44/63 [00:10<00:04,  4.30it/s, loss=0.6410, acc=67.83%, img/s=137.6, eta=0.1m]
[36m(ClientAppActor pid=32867)[0m 
Epoch 1/1:  70%|██████▉   | 44/63 [00:10<00:04,  4.30it/s, loss=0.5584, acc=67.92%, img/s=137.7, eta=0.1m]
Epoch 1/1:  71%|███████▏  | 45/63 [00:10<00:04,  4.31it/s, loss=0.5584, acc=67.92%, img/s=137.7, eta=0.1m]
[36m(ClientAppActor pid=32867)[0m 
Epoch 1/1:  71%|███████▏  | 45/63 [00:10<00:04,  4.31it/s, loss=0.6880, acc=67.66%, img/s=137.7, eta=0.1m]
Epoch 1/1:  73%|███████▎  | 46/63 [00:10<00:03,  4.31it/s, loss=0.6880, acc=67.66%, img/s=137.7, eta=0.1m]
[36m(ClientAppActor pid=32867)[0m 
Epoch 1/1:  73%|███████▎  | 46/63 [00:10<00:03,  4.31it/s, loss=0.6168, acc=67.75%, img/s=137.7, eta=0.1m]
Epoch 1/1:  75%|███████▍  | 47/63 [00:10<00:03,  4.31it/s, loss=0.6168, acc=67.75%, img/s=137.7, eta=0.1m]
[36m(ClientAppActor pid=32867)[0m 
Epoch 1/1:  75%|███████▍  | 47/63 [00:11<00:03,  4.31it/s, loss=0.6471, acc=67.58%, img/s=137.7, eta=0.1m]
Epoch 1/1:  76%|███████▌  | 48/63 [00:11<00:03,  4.31it/s, loss=0.6471, acc=67.58%, img/s=137.7, eta=0.1m]
[36m(ClientAppActor pid=32867)[0m 
Epoch 1/1:  76%|███████▌  | 48/63 [00:11<00:03,  4.31it/s, loss=0.5188, acc=67.92%, img/s=137.7, eta=0.1m]
Epoch 1/1:  78%|███████▊  | 49/63 [00:11<00:03,  4.31it/s, loss=0.5188, acc=67.92%, img/s=137.7, eta=0.1m]
[36m(ClientAppActor pid=32867)[0m 
Epoch 1/1:  78%|███████▊  | 49/63 [00:11<00:03,  4.31it/s, loss=0.6443, acc=67.81%, img/s=137.7, eta=0.1m]
Epoch 1/1:  79%|███████▉  | 50/63 [00:11<00:03,  4.31it/s, loss=0.6443, acc=67.81%, img/s=137.7, eta=0.1m]
[36m(ClientAppActor pid=32867)[0m 
Epoch 1/1:  79%|███████▉  | 50/63 [00:11<00:03,  4.31it/s, loss=0.5825, acc=67.83%, img/s=137.7, eta=0.0m]
Epoch 1/1:  81%|████████  | 51/63 [00:11<00:02,  4.31it/s, loss=0.5825, acc=67.83%, img/s=137.7, eta=0.0m]
[36m(ClientAppActor pid=32867)[0m 
Epoch 1/1:  81%|████████  | 51/63 [00:12<00:02,  4.31it/s, loss=0.6422, acc=67.73%, img/s=137.7, eta=0.0m]
Epoch 1/1:  83%|████████▎ | 52/63 [00:12<00:02,  4.31it/s, loss=0.6422, acc=67.73%, img/s=137.7, eta=0.0m]
[36m(ClientAppActor pid=32867)[0m 
Epoch 1/1:  83%|████████▎ | 52/63 [00:12<00:02,  4.31it/s, loss=0.6391, acc=67.75%, img/s=137.7, eta=0.0m]
Epoch 1/1:  84%|████████▍ | 53/63 [00:12<00:02,  4.31it/s, loss=0.6391, acc=67.75%, img/s=137.7, eta=0.0m]
[36m(ClientAppActor pid=32867)[0m 
Epoch 1/1:  84%|████████▍ | 53/63 [00:12<00:02,  4.31it/s, loss=0.6951, acc=67.71%, img/s=137.7, eta=0.0m]
Epoch 1/1:  86%|████████▌ | 54/63 [00:12<00:02,  4.31it/s, loss=0.6951, acc=67.71%, img/s=137.7, eta=0.0m]
[36m(ClientAppActor pid=32867)[0m 
Epoch 1/1:  86%|████████▌ | 54/63 [00:12<00:02,  4.31it/s, loss=0.7624, acc=67.56%, img/s=137.7, eta=0.0m]
Epoch 1/1:  87%|████████▋ | 55/63 [00:12<00:01,  4.31it/s, loss=0.7624, acc=67.56%, img/s=137.7, eta=0.0m]
[36m(ClientAppActor pid=32867)[0m 
Epoch 1/1:  87%|████████▋ | 55/63 [00:13<00:01,  4.31it/s, loss=0.6239, acc=67.63%, img/s=137.7, eta=0.0m]
Epoch 1/1:  89%|████████▉ | 56/63 [00:13<00:01,  4.31it/s, loss=0.6239, acc=67.63%, img/s=137.7, eta=0.0m]
[36m(ClientAppActor pid=32867)[0m 
Epoch 1/1:  89%|████████▉ | 56/63 [00:13<00:01,  4.31it/s, loss=0.5760, acc=67.65%, img/s=137.7, eta=0.0m]
Epoch 1/1:  90%|█████████ | 57/63 [00:13<00:01,  4.32it/s, loss=0.5760, acc=67.65%, img/s=137.7, eta=0.0m]
[36m(ClientAppActor pid=32867)[0m 
Epoch 1/1:  90%|█████████ | 57/63 [00:13<00:01,  4.32it/s, loss=0.6211, acc=67.67%, img/s=137.7, eta=0.0m]
Epoch 1/1:  92%|█████████▏| 58/63 [00:13<00:01,  4.32it/s, loss=0.6211, acc=67.67%, img/s=137.7, eta=0.0m]
[36m(ClientAppActor pid=32867)[0m 
Epoch 1/1:  92%|█████████▏| 58/63 [00:13<00:01,  4.32it/s, loss=0.5067, acc=67.90%, img/s=137.8, eta=0.0m]
Epoch 1/1:  94%|█████████▎| 59/63 [00:13<00:00,  4.32it/s, loss=0.5067, acc=67.90%, img/s=137.8, eta=0.0m]
[36m(ClientAppActor pid=32867)[0m 
Epoch 1/1:  94%|█████████▎| 59/63 [00:13<00:00,  4.32it/s, loss=0.5390, acc=68.12%, img/s=137.8, eta=0.0m]
Epoch 1/1:  95%|█████████▌| 60/63 [00:13<00:00,  4.32it/s, loss=0.5390, acc=68.12%, img/s=137.8, eta=0.0m]
[36m(ClientAppActor pid=32867)[0m 
Epoch 1/1:  95%|█████████▌| 60/63 [00:14<00:00,  4.32it/s, loss=0.5166, acc=68.19%, img/s=137.8, eta=0.0m]
Epoch 1/1:  97%|█████████▋| 61/63 [00:14<00:00,  4.31it/s, loss=0.5166, acc=68.19%, img/s=137.8, eta=0.0m]
[36m(ClientAppActor pid=32867)[0m 
Epoch 1/1:  97%|█████████▋| 61/63 [00:14<00:00,  4.31it/s, loss=0.6753, acc=67.94%, img/s=137.8, eta=0.0m]
Epoch 1/1:  98%|█████████▊| 62/63 [00:14<00:00,  4.32it/s, loss=0.6753, acc=67.94%, img/s=137.8, eta=0.0m]
[36m(ClientAppActor pid=32867)[0m 
Epoch 1/1:  98%|█████████▊| 62/63 [00:14<00:00,  4.32it/s, loss=0.5401, acc=68.00%, img/s=69.3, eta=0.0m] 
Epoch 1/1: 100%|██████████| 63/63 [00:14<00:00,  4.88it/s, loss=0.5401, acc=68.00%, img/s=69.3, eta=0.0m]
Epoch 1/1: 100%|██████████| 63/63 [00:14<00:00,  4.33it/s, loss=0.5401, acc=68.00%, img/s=69.3, eta=0.0m]
[36m(ClientAppActor pid=32867)[0m 
Epoch 1/1:   0%|          | 0/63 [00:00<?, ?it/s]
[36m(ClientAppActor pid=32867)[0m 
Epoch 1/1:   0%|          | 0/63 [00:00<?, ?it/s, loss=0.7021, acc=59.38%, img/s=134.9, eta=0.2m]
Epoch 1/1:   2%|▏         | 1/63 [00:00<00:14,  4.21it/s, loss=0.7021, acc=59.38%, img/s=134.9, eta=0.2m]
[36m(ClientAppActor pid=32867)[0m 
Epoch 1/1:   2%|▏         | 1/63 [00:00<00:14,  4.21it/s, loss=0.5969, acc=59.38%, img/s=136.4, eta=0.2m]
Epoch 1/1:   3%|▎         | 2/63 [00:00<00:14,  4.27it/s, loss=0.5969, acc=59.38%, img/s=136.4, eta=0.2m]
[36m(ClientAppActor pid=32867)[0m 
Epoch 1/1:   3%|▎         | 2/63 [00:00<00:14,  4.27it/s, loss=0.6519, acc=59.38%, img/s=136.5, eta=0.2m]
Epoch 1/1:   5%|▍         | 3/63 [00:00<00:14,  4.27it/s, loss=0.6519, acc=59.38%, img/s=136.5, eta=0.2m]
[36m(ClientAppActor pid=32867)[0m 
Epoch 1/1:   5%|▍         | 3/63 [00:00<00:14,  4.27it/s, loss=0.5768, acc=64.06%, img/s=137.2, eta=0.2m]
Epoch 1/1:   6%|▋         | 4/63 [00:00<00:13,  4.30it/s, loss=0.5768, acc=64.06%, img/s=137.2, eta=0.2m]
[36m(ClientAppActor pid=32867)[0m 
Epoch 1/1:   6%|▋         | 4/63 [00:01<00:13,  4.30it/s, loss=0.6055, acc=65.00%, img/s=137.5, eta=0.2m]
Epoch 1/1:   8%|▊         | 5/63 [00:01<00:13,  4.32it/s, loss=0.6055, acc=65.00%, img/s=137.5, eta=0.2m]
[36m(ClientAppActor pid=32867)[0m 
Epoch 1/1:   8%|▊         | 5/63 [00:01<00:13,  4.32it/s, loss=0.5631, acc=66.15%, img/s=137.6, eta=0.2m]
Epoch 1/1:  10%|▉         | 6/63 [00:01<00:13,  4.32it/s, loss=0.5631, acc=66.15%, img/s=137.6, eta=0.2m]
[36m(ClientAppActor pid=32867)[0m 
Epoch 1/1:  10%|▉         | 6/63 [00:01<00:13,  4.32it/s, loss=0.6600, acc=65.62%, img/s=137.8, eta=0.2m]
Epoch 1/1:  11%|█         | 7/63 [00:01<00:12,  4.33it/s, loss=0.6600, acc=65.62%, img/s=137.8, eta=0.2m]
[36m(ClientAppActor pid=32867)[0m 
Epoch 1/1:  11%|█         | 7/63 [00:01<00:12,  4.33it/s, loss=0.5495, acc=66.41%, img/s=137.7, eta=0.2m]
Epoch 1/1:  13%|█▎        | 8/63 [00:01<00:12,  4.31it/s, loss=0.5495, acc=66.41%, img/s=137.7, eta=0.2m]
[36m(ClientAppActor pid=32867)[0m 
Epoch 1/1:  13%|█▎        | 8/63 [00:02<00:12,  4.31it/s, loss=0.5668, acc=67.01%, img/s=137.7, eta=0.2m]
Epoch 1/1:  14%|█▍        | 9/63 [00:02<00:12,  4.31it/s, loss=0.5668, acc=67.01%, img/s=137.7, eta=0.2m]
[36m(ClientAppActor pid=32867)[0m 
Epoch 1/1:  14%|█▍        | 9/63 [00:02<00:12,  4.31it/s, loss=0.7313, acc=65.62%, img/s=137.8, eta=0.2m]
Epoch 1/1:  16%|█▌        | 10/63 [00:02<00:12,  4.31it/s, loss=0.7313, acc=65.62%, img/s=137.8, eta=0.2m]
[36m(ClientAppActor pid=32867)[0m 
Epoch 1/1:  16%|█▌        | 10/63 [00:02<00:12,  4.31it/s, loss=0.7066, acc=65.34%, img/s=137.8, eta=0.2m]
Epoch 1/1:  17%|█▋        | 11/63 [00:02<00:12,  4.32it/s, loss=0.7066, acc=65.34%, img/s=137.8, eta=0.2m]
[36m(ClientAppActor pid=32867)[0m 
Epoch 1/1:  17%|█▋        | 11/63 [00:02<00:12,  4.32it/s, loss=0.5830, acc=65.62%, img/s=137.8, eta=0.2m]
Epoch 1/1:  19%|█▉        | 12/63 [00:02<00:11,  4.31it/s, loss=0.5830, acc=65.62%, img/s=137.8, eta=0.2m]
[36m(ClientAppActor pid=32867)[0m 
Epoch 1/1:  19%|█▉        | 12/63 [00:03<00:11,  4.31it/s, loss=0.6043, acc=65.62%, img/s=137.8, eta=0.2m]
Epoch 1/1:  21%|██        | 13/63 [00:03<00:11,  4.30it/s, loss=0.6043, acc=65.62%, img/s=137.8, eta=0.2m]
[36m(ClientAppActor pid=32867)[0m 
Epoch 1/1:  21%|██        | 13/63 [00:03<00:11,  4.30it/s, loss=0.6511, acc=65.18%, img/s=137.8, eta=0.2m]
Epoch 1/1:  22%|██▏       | 14/63 [00:03<00:11,  4.31it/s, loss=0.6511, acc=65.18%, img/s=137.8, eta=0.2m]
[36m(ClientAppActor pid=32867)[0m 
Epoch 1/1:  22%|██▏       | 14/63 [00:03<00:11,  4.31it/s, loss=0.6412, acc=65.21%, img/s=137.8, eta=0.2m]
Epoch 1/1:  24%|██▍       | 15/63 [00:03<00:11,  4.30it/s, loss=0.6412, acc=65.21%, img/s=137.8, eta=0.2m]
[36m(ClientAppActor pid=32867)[0m 
Epoch 1/1:  24%|██▍       | 15/63 [00:03<00:11,  4.30it/s, loss=0.8058, acc=64.26%, img/s=137.7, eta=0.2m]
Epoch 1/1:  25%|██▌       | 16/63 [00:03<00:10,  4.30it/s, loss=0.8058, acc=64.26%, img/s=137.7, eta=0.2m]
[36m(ClientAppActor pid=32867)[0m 
Epoch 1/1:  25%|██▌       | 16/63 [00:03<00:10,  4.30it/s, loss=0.5688, acc=64.89%, img/s=137.8, eta=0.2m]
Epoch 1/1:  27%|██▋       | 17/63 [00:03<00:10,  4.31it/s, loss=0.5688, acc=64.89%, img/s=137.8, eta=0.2m]
[36m(ClientAppActor pid=32867)[0m 
Epoch 1/1:  27%|██▋       | 17/63 [00:04<00:10,  4.31it/s, loss=0.6055, acc=65.10%, img/s=137.8, eta=0.2m]
Epoch 1/1:  29%|██▊       | 18/63 [00:04<00:10,  4.31it/s, loss=0.6055, acc=65.10%, img/s=137.8, eta=0.2m]
[36m(ClientAppActor pid=32867)[0m 
Epoch 1/1:  29%|██▊       | 18/63 [00:04<00:10,  4.31it/s, loss=0.6344, acc=64.97%, img/s=137.8, eta=0.2m]
Epoch 1/1:  30%|███       | 19/63 [00:04<00:10,  4.31it/s, loss=0.6344, acc=64.97%, img/s=137.8, eta=0.2m]
[36m(ClientAppActor pid=32867)[0m 
Epoch 1/1:  30%|███       | 19/63 [00:04<00:10,  4.31it/s, loss=0.6369, acc=65.00%, img/s=137.8, eta=0.2m]
Epoch 1/1:  32%|███▏      | 20/63 [00:04<00:09,  4.31it/s, loss=0.6369, acc=65.00%, img/s=137.8, eta=0.2m]
[36m(ClientAppActor pid=32867)[0m 
Epoch 1/1:  32%|███▏      | 20/63 [00:04<00:09,  4.31it/s, loss=0.6260, acc=65.18%, img/s=137.8, eta=0.2m]
Epoch 1/1:  33%|███▎      | 21/63 [00:04<00:09,  4.31it/s, loss=0.6260, acc=65.18%, img/s=137.8, eta=0.2m]
[36m(ClientAppActor pid=32867)[0m 
Epoch 1/1:  33%|███▎      | 21/63 [00:05<00:09,  4.31it/s, loss=0.6597, acc=64.91%, img/s=137.8, eta=0.2m]
Epoch 1/1:  35%|███▍      | 22/63 [00:05<00:09,  4.31it/s, loss=0.6597, acc=64.91%, img/s=137.8, eta=0.2m]
[36m(ClientAppActor pid=32867)[0m 
Epoch 1/1:  35%|███▍      | 22/63 [00:05<00:09,  4.31it/s, loss=0.6232, acc=64.95%, img/s=137.8, eta=0.2m]
Epoch 1/1:  37%|███▋      | 23/63 [00:05<00:09,  4.32it/s, loss=0.6232, acc=64.95%, img/s=137.8, eta=0.2m]
[36m(ClientAppActor pid=32867)[0m 
Epoch 1/1:  37%|███▋      | 23/63 [00:05<00:09,  4.32it/s, loss=0.5756, acc=65.36%, img/s=137.9, eta=0.2m]
Epoch 1/1:  38%|███▊      | 24/63 [00:05<00:09,  4.32it/s, loss=0.5756, acc=65.36%, img/s=137.9, eta=0.2m]
[36m(ClientAppActor pid=32867)[0m 
Epoch 1/1:  38%|███▊      | 24/63 [00:05<00:09,  4.32it/s, loss=0.6477, acc=65.25%, img/s=137.9, eta=0.1m]
Epoch 1/1:  40%|███▉      | 25/63 [00:05<00:08,  4.31it/s, loss=0.6477, acc=65.25%, img/s=137.9, eta=0.1m]
[36m(ClientAppActor pid=32867)[0m 
Epoch 1/1:  40%|███▉      | 25/63 [00:06<00:08,  4.31it/s, loss=0.6535, acc=65.38%, img/s=137.8, eta=0.1m]
Epoch 1/1:  41%|████▏     | 26/63 [00:06<00:08,  4.30it/s, loss=0.6535, acc=65.38%, img/s=137.8, eta=0.1m]
[36m(ClientAppActor pid=32867)[0m 
Epoch 1/1:  41%|████▏     | 26/63 [00:06<00:08,  4.30it/s, loss=0.6418, acc=65.39%, img/s=137.8, eta=0.1m]
Epoch 1/1:  43%|████▎     | 27/63 [00:06<00:08,  4.30it/s, loss=0.6418, acc=65.39%, img/s=137.8, eta=0.1m]
[36m(ClientAppActor pid=32867)[0m 
Epoch 1/1:  43%|████▎     | 27/63 [00:06<00:08,  4.30it/s, loss=0.5303, acc=65.74%, img/s=137.8, eta=0.1m]
Epoch 1/1:  44%|████▍     | 28/63 [00:06<00:08,  4.30it/s, loss=0.5303, acc=65.74%, img/s=137.8, eta=0.1m]
[36m(ClientAppActor pid=32867)[0m 
Epoch 1/1:  44%|████▍     | 28/63 [00:06<00:08,  4.30it/s, loss=0.6156, acc=65.62%, img/s=137.8, eta=0.1m]
Epoch 1/1:  46%|████▌     | 29/63 [00:06<00:07,  4.30it/s, loss=0.6156, acc=65.62%, img/s=137.8, eta=0.1m]
[36m(ClientAppActor pid=32867)[0m 
Epoch 1/1:  46%|████▌     | 29/63 [00:06<00:07,  4.30it/s, loss=0.5404, acc=65.94%, img/s=137.8, eta=0.1m]
Epoch 1/1:  48%|████▊     | 30/63 [00:06<00:07,  4.30it/s, loss=0.5404, acc=65.94%, img/s=137.8, eta=0.1m]
[36m(ClientAppActor pid=32867)[0m 
Epoch 1/1:  48%|████▊     | 30/63 [00:07<00:07,  4.30it/s, loss=0.6379, acc=65.73%, img/s=137.8, eta=0.1m]
Epoch 1/1:  49%|████▉     | 31/63 [00:07<00:07,  4.29it/s, loss=0.6379, acc=65.73%, img/s=137.8, eta=0.1m]
[36m(ClientAppActor pid=32867)[0m 
Epoch 1/1:  49%|████▉     | 31/63 [00:07<00:07,  4.29it/s, loss=0.6428, acc=65.72%, img/s=137.8, eta=0.1m]
Epoch 1/1:  51%|█████     | 32/63 [00:07<00:07,  4.31it/s, loss=0.6428, acc=65.72%, img/s=137.8, eta=0.1m]
[36m(ClientAppActor pid=32867)[0m 
Epoch 1/1:  51%|█████     | 32/63 [00:07<00:07,  4.31it/s, loss=0.6582, acc=65.62%, img/s=137.8, eta=0.1m]
Epoch 1/1:  52%|█████▏    | 33/63 [00:07<00:06,  4.31it/s, loss=0.6582, acc=65.62%, img/s=137.8, eta=0.1m]
[36m(ClientAppActor pid=32867)[0m 
Epoch 1/1:  52%|█████▏    | 33/63 [00:07<00:06,  4.31it/s, loss=0.6007, acc=65.72%, img/s=137.8, eta=0.1m]
Epoch 1/1:  54%|█████▍    | 34/63 [00:07<00:06,  4.31it/s, loss=0.6007, acc=65.72%, img/s=137.8, eta=0.1m]
[36m(ClientAppActor pid=32867)[0m 
Epoch 1/1:  54%|█████▍    | 34/63 [00:08<00:06,  4.31it/s, loss=0.6097, acc=65.62%, img/s=137.8, eta=0.1m]
Epoch 1/1:  56%|█████▌    | 35/63 [00:08<00:06,  4.31it/s, loss=0.6097, acc=65.62%, img/s=137.8, eta=0.1m]
[36m(ClientAppActor pid=32867)[0m 
Epoch 1/1:  56%|█████▌    | 35/63 [00:08<00:06,  4.31it/s, loss=0.5458, acc=65.97%, img/s=137.8, eta=0.1m]
Epoch 1/1:  57%|█████▋    | 36/63 [00:08<00:06,  4.30it/s, loss=0.5458, acc=65.97%, img/s=137.8, eta=0.1m]
[36m(ClientAppActor pid=32867)[0m 
Epoch 1/1:  57%|█████▋    | 36/63 [00:08<00:06,  4.30it/s, loss=0.5521, acc=66.13%, img/s=137.8, eta=0.1m]
Epoch 1/1:  59%|█████▊    | 37/63 [00:08<00:06,  4.31it/s, loss=0.5521, acc=66.13%, img/s=137.8, eta=0.1m]
[36m(ClientAppActor pid=32867)[0m 
Epoch 1/1:  59%|█████▊    | 37/63 [00:08<00:06,  4.31it/s, loss=0.6151, acc=66.12%, img/s=137.8, eta=0.1m]
Epoch 1/1:  60%|██████    | 38/63 [00:08<00:05,  4.31it/s, loss=0.6151, acc=66.12%, img/s=137.8, eta=0.1m]
[36m(ClientAppActor pid=32867)[0m 
Epoch 1/1:  60%|██████    | 38/63 [00:09<00:05,  4.31it/s, loss=0.6083, acc=66.11%, img/s=137.8, eta=0.1m]
Epoch 1/1:  62%|██████▏   | 39/63 [00:09<00:05,  4.31it/s, loss=0.6083, acc=66.11%, img/s=137.8, eta=0.1m]
[36m(ClientAppActor pid=32867)[0m 
Epoch 1/1:  62%|██████▏   | 39/63 [00:09<00:05,  4.31it/s, loss=0.6076, acc=66.02%, img/s=137.8, eta=0.1m]
Epoch 1/1:  63%|██████▎   | 40/63 [00:09<00:05,  4.31it/s, loss=0.6076, acc=66.02%, img/s=137.8, eta=0.1m]
[36m(ClientAppActor pid=32867)[0m 
Epoch 1/1:  63%|██████▎   | 40/63 [00:09<00:05,  4.31it/s, loss=0.6219, acc=66.23%, img/s=137.8, eta=0.1m]
Epoch 1/1:  65%|██████▌   | 41/63 [00:09<00:05,  4.32it/s, loss=0.6219, acc=66.23%, img/s=137.8, eta=0.1m]
[36m(ClientAppActor pid=32867)[0m 
Epoch 1/1:  65%|██████▌   | 41/63 [00:09<00:05,  4.32it/s, loss=0.5208, acc=66.37%, img/s=137.8, eta=0.1m]
Epoch 1/1:  67%|██████▋   | 42/63 [00:09<00:04,  4.32it/s, loss=0.5208, acc=66.37%, img/s=137.8, eta=0.1m]
[36m(ClientAppActor pid=32867)[0m 
Epoch 1/1:  67%|██████▋   | 42/63 [00:09<00:04,  4.32it/s, loss=0.5305, acc=66.64%, img/s=137.8, eta=0.1m]
Epoch 1/1:  68%|██████▊   | 43/63 [00:09<00:04,  4.31it/s, loss=0.5305, acc=66.64%, img/s=137.8, eta=0.1m]
[36m(ClientAppActor pid=32867)[0m 
Epoch 1/1:  68%|██████▊   | 43/63 [00:10<00:04,  4.31it/s, loss=0.6851, acc=66.55%, img/s=137.8, eta=0.1m]
Epoch 1/1:  70%|██████▉   | 44/63 [00:10<00:04,  4.30it/s, loss=0.6851, acc=66.55%, img/s=137.8, eta=0.1m]
[36m(ClientAppActor pid=32867)[0m 
Epoch 1/1:  70%|██████▉   | 44/63 [00:10<00:04,  4.30it/s, loss=0.5333, acc=66.67%, img/s=137.8, eta=0.1m]
Epoch 1/1:  71%|███████▏  | 45/63 [00:10<00:04,  4.30it/s, loss=0.5333, acc=66.67%, img/s=137.8, eta=0.1m]
[36m(ClientAppActor pid=32867)[0m 
Epoch 1/1:  71%|███████▏  | 45/63 [00:10<00:04,  4.30it/s, loss=0.5480, acc=66.78%, img/s=137.8, eta=0.1m]
Epoch 1/1:  73%|███████▎  | 46/63 [00:10<00:03,  4.30it/s, loss=0.5480, acc=66.78%, img/s=137.8, eta=0.1m]
[36m(ClientAppActor pid=32867)[0m 
Epoch 1/1:  73%|███████▎  | 46/63 [00:10<00:03,  4.30it/s, loss=0.6018, acc=66.62%, img/s=137.8, eta=0.1m]
Epoch 1/1:  75%|███████▍  | 47/63 [00:10<00:03,  4.31it/s, loss=0.6018, acc=66.62%, img/s=137.8, eta=0.1m]
[36m(ClientAppActor pid=32867)[0m 
Epoch 1/1:  75%|███████▍  | 47/63 [00:11<00:03,  4.31it/s, loss=0.4967, acc=66.86%, img/s=137.8, eta=0.1m]
Epoch 1/1:  76%|███████▌  | 48/63 [00:11<00:03,  4.31it/s, loss=0.4967, acc=66.86%, img/s=137.8, eta=0.1m]
[36m(ClientAppActor pid=32867)[0m 
Epoch 1/1:  76%|███████▌  | 48/63 [00:11<00:03,  4.31it/s, loss=0.6305, acc=66.77%, img/s=137.8, eta=0.1m]
Epoch 1/1:  78%|███████▊  | 49/63 [00:11<00:03,  4.31it/s, loss=0.6305, acc=66.77%, img/s=137.8, eta=0.1m]
[36m(ClientAppActor pid=32867)[0m 
Epoch 1/1:  78%|███████▊  | 49/63 [00:11<00:03,  4.31it/s, loss=0.5560, acc=66.81%, img/s=137.8, eta=0.1m]
Epoch 1/1:  79%|███████▉  | 50/63 [00:11<00:03,  4.31it/s, loss=0.5560, acc=66.81%, img/s=137.8, eta=0.1m]
[36m(ClientAppActor pid=32867)[0m 
Epoch 1/1:  79%|███████▉  | 50/63 [00:11<00:03,  4.31it/s, loss=0.6592, acc=66.85%, img/s=137.8, eta=0.0m]
Epoch 1/1:  81%|████████  | 51/63 [00:11<00:02,  4.31it/s, loss=0.6592, acc=66.85%, img/s=137.8, eta=0.0m]
[36m(ClientAppActor pid=32867)[0m 
Epoch 1/1:  81%|████████  | 51/63 [00:12<00:02,  4.31it/s, loss=0.6568, acc=66.83%, img/s=137.8, eta=0.0m]
Epoch 1/1:  83%|████████▎ | 52/63 [00:12<00:02,  4.30it/s, loss=0.6568, acc=66.83%, img/s=137.8, eta=0.0m]
[36m(ClientAppActor pid=32867)[0m 
Epoch 1/1:  83%|████████▎ | 52/63 [00:12<00:02,  4.30it/s, loss=0.6536, acc=66.80%, img/s=137.8, eta=0.0m]
Epoch 1/1:  84%|████████▍ | 53/63 [00:12<00:02,  4.31it/s, loss=0.6536, acc=66.80%, img/s=137.8, eta=0.0m]
[36m(ClientAppActor pid=32867)[0m 
Epoch 1/1:  84%|████████▍ | 53/63 [00:12<00:02,  4.31it/s, loss=0.5334, acc=66.90%, img/s=137.8, eta=0.0m]
Epoch 1/1:  86%|████████▌ | 54/63 [00:12<00:02,  4.31it/s, loss=0.5334, acc=66.90%, img/s=137.8, eta=0.0m]
[36m(ClientAppActor pid=32867)[0m 
Epoch 1/1:  86%|████████▌ | 54/63 [00:12<00:02,  4.31it/s, loss=0.5221, acc=67.10%, img/s=137.8, eta=0.0m]
Epoch 1/1:  87%|████████▋ | 55/63 [00:12<00:01,  4.30it/s, loss=0.5221, acc=67.10%, img/s=137.8, eta=0.0m]
[36m(ClientAppActor pid=32867)[0m 
Epoch 1/1:  87%|████████▋ | 55/63 [00:13<00:01,  4.30it/s, loss=0.6754, acc=66.91%, img/s=137.8, eta=0.0m]
Epoch 1/1:  89%|████████▉ | 56/63 [00:13<00:01,  4.31it/s, loss=0.6754, acc=66.91%, img/s=137.8, eta=0.0m]
[36m(ClientAppActor pid=32867)[0m 
Epoch 1/1:  89%|████████▉ | 56/63 [00:13<00:01,  4.31it/s, loss=0.6167, acc=66.94%, img/s=137.8, eta=0.0m]
Epoch 1/1:  90%|█████████ | 57/63 [00:13<00:01,  4.30it/s, loss=0.6167, acc=66.94%, img/s=137.8, eta=0.0m]
[36m(ClientAppActor pid=32867)[0m 
Epoch 1/1:  90%|█████████ | 57/63 [00:13<00:01,  4.30it/s, loss=0.5610, acc=67.03%, img/s=137.8, eta=0.0m]
Epoch 1/1:  92%|█████████▏| 58/63 [00:13<00:01,  4.30it/s, loss=0.5610, acc=67.03%, img/s=137.8, eta=0.0m]
[36m(ClientAppActor pid=32867)[0m 
Epoch 1/1:  92%|█████████▏| 58/63 [00:13<00:01,  4.30it/s, loss=0.5029, acc=67.21%, img/s=137.8, eta=0.0m]
Epoch 1/1:  94%|█████████▎| 59/63 [00:13<00:00,  4.30it/s, loss=0.5029, acc=67.21%, img/s=137.8, eta=0.0m]
[36m(ClientAppActor pid=32867)[0m 
Epoch 1/1:  94%|█████████▎| 59/63 [00:13<00:00,  4.30it/s, loss=0.4866, acc=67.50%, img/s=137.8, eta=0.0m]
Epoch 1/1:  95%|█████████▌| 60/63 [00:13<00:00,  4.30it/s, loss=0.4866, acc=67.50%, img/s=137.8, eta=0.0m]
[36m(ClientAppActor pid=32867)[0m 
Epoch 1/1:  95%|█████████▌| 60/63 [00:14<00:00,  4.30it/s, loss=0.7193, acc=67.47%, img/s=137.8, eta=0.0m]
Epoch 1/1:  97%|█████████▋| 61/63 [00:14<00:00,  4.30it/s, loss=0.7193, acc=67.47%, img/s=137.8, eta=0.0m]
[36m(ClientAppActor pid=32867)[0m 
Epoch 1/1:  97%|█████████▋| 61/63 [00:14<00:00,  4.30it/s, loss=0.5722, acc=67.44%, img/s=137.8, eta=0.0m]
Epoch 1/1:  98%|█████████▊| 62/63 [00:14<00:00,  4.30it/s, loss=0.5722, acc=67.44%, img/s=137.8, eta=0.0m]
[36m(ClientAppActor pid=32867)[0m 
Epoch 1/1:  98%|█████████▊| 62/63 [00:14<00:00,  4.30it/s, loss=0.6525, acc=67.45%, img/s=69.3, eta=0.0m] 
Epoch 1/1: 100%|██████████| 63/63 [00:14<00:00,  4.85it/s, loss=0.6525, acc=67.45%, img/s=69.3, eta=0.0m]
Epoch 1/1: 100%|██████████| 63/63 [00:14<00:00,  4.33it/s, loss=0.6525, acc=67.45%, img/s=69.3, eta=0.0m]
[36m(ClientAppActor pid=32867)[0m Validate Images : 100
[36m(ClientAppActor pid=32867)[0m 
[36m(ClientAppActor pid=32867)[0m CLIENT 1 STARTING EVALUATION
[36m(ClientAppActor pid=32867)[0m Client 1 received class memories
[36m(ClientAppActor pid=32867)[0m Real memory norm=0.8985
[36m(ClientAppActor pid=32867)[0m Fake memory norm=0.8973
[36m(ClientAppActor pid=32867)[0m Artifact bias shape: torch.Size([32, 8, 197, 197])
[36m(ClientAppActor pid=32867)[0m Accuracy: 0.6800
[36m(ClientAppActor pid=32867)[0m 
[36m(ClientAppActor pid=32867)[0m CLIENT 1 EVALUATION COMPLETE
[36m(ClientAppActor pid=32867)[0m Client 5 using cuda
[36m(ClientAppActor pid=32867)[0m {'fake': 0, 'real': 1}
[36m(ClientAppActor pid=32867)[0m [DEBUG MODE] Train=2000, Val=100, Test=100
[36m(ClientAppActor pid=32867)[0m 
[36m(ClientAppActor pid=32867)[0m Client 5 Class Distribution
[36m(ClientAppActor pid=32867)[0m Train: Counter({0: 1014, 1: 986})
[36m(ClientAppActor pid=32867)[0m Val  : Counter({0: 56, 1: 44})
[36m(ClientAppActor pid=32867)[0m Test : Counter({0: 51, 1: 49})
[36m(ClientAppActor pid=32867)[0m Client 5
[36m(ClientAppActor pid=32867)[0m Train Images: 2000
[36m(ClientAppActor pid=32867)[0m Test Images : 100
[36m(ClientAppActor pid=32867)[0m Validate Images : 100
[36m(ClientAppActor pid=32867)[0m 
[36m(ClientAppActor pid=32867)[0m CLIENT 5 STARTING EVALUATION
[36m(ClientAppActor pid=32867)[0m Client 5 received class memories
[36m(ClientAppActor pid=32867)[0m Real memory norm=0.8985
[36m(ClientAppActor pid=32867)[0m Fake memory norm=0.8973
[36m(ClientAppActor pid=32867)[0m Artifact bias shape: torch.Size([32, 8, 197, 197])
[36m(ClientAppActor pid=32867)[0m Accuracy: 0.7000
[36m(ClientAppActor pid=32867)[0m 
[36m(ClientAppActor pid=32867)[0m CLIENT 5 EVALUATION COMPLETE
[36m(ClientAppActor pid=32867)[0m Client 2 using cuda
[36m(ClientAppActor pid=32867)[0m {'fake': 0, 'real': 1}
[36m(ClientAppActor pid=32867)[0m [DEBUG MODE] Train=2000, Val=100, Test=100
[36m(ClientAppActor pid=32867)[0m 
[36m(ClientAppActor pid=32867)[0m Client 2 Class Distribution
[36m(ClientAppActor pid=32867)[0m Train: Counter({0: 1012, 1: 988})
[36m(ClientAppActor pid=32867)[0m Val  : Counter({0: 60, 1: 40})
[36m(ClientAppActor pid=32867)[0m Test : Counter({0: 51, 1: 49})
[36m(ClientAppActor pid=32867)[0m Client 2
[36m(ClientAppActor pid=32867)[0m Train Images: 2000
[36m(ClientAppActor pid=32867)[0m Test Images : 100
[36m(ClientAppActor pid=32867)[0m Validate Images : 100
[36m(ClientAppActor pid=32867)[0m Client 2 starting fit...
[36m(ClientAppActor pid=32867)[0m Client 2 received class memories
[36m(ClientAppActor pid=32867)[0m Real memory norm=0.8985
[36m(ClientAppActor pid=32867)[0m Fake memory norm=0.8973
[36m(ClientAppActor pid=32867)[0m Client 2 starting training...
[36m(ClientAppActor pid=32867)[0m START classifier norm: 13.063898086547852
[36m(ClientAppActor pid=32867)[0m Artifact bias shape: torch.Size([32, 8, 197, 197])
[36m(ClientAppActor pid=32867)[0m 
[36m(ClientAppActor pid=32867)[0m Batch 0/63
[36m(ClientAppActor pid=32867)[0m GPU Allocated: 1.83 GB
[36m(ClientAppActor pid=32867)[0m GPU Reserved : 3.86 GB
[36m(ClientAppActor pid=32867)[0m 
[36m(ClientAppActor pid=32867)[0m ==================================================
[36m(ClientAppActor pid=32867)[0m Epoch 1 Complete
[36m(ClientAppActor pid=32867)[0m Average Loss : 0.5948
[36m(ClientAppActor pid=32867)[0m Accuracy     : 68.00%
[36m(ClientAppActor pid=32867)[0m Time         : 14.52s
[36m(ClientAppActor pid=32867)[0m Images       : 2000
[36m(ClientAppActor pid=32867)[0m Images/sec   : 137.71
[36m(ClientAppActor pid=32867)[0m GPU Allocated: 1.82 GB
[36m(ClientAppActor pid=32867)[0m GPU Reserved : 3.86 GB
[36m(ClientAppActor pid=32867)[0m ==================================================
[36m(ClientAppActor pid=32867)[0m END classifier norm: 13.068614959716797
[36m(ClientAppActor pid=32867)[0m Client 2 finished training
[36m(ClientAppActor pid=32867)[0m Client 2 extracting parameters...
[36m(ClientAppActor pid=32867)[0m Client 2 parameter extraction complete
[36m(ClientAppActor pid=32867)[0m Client 2 returning results
[36m(ClientAppActor pid=32867)[0m Client 5 using cuda
[36m(ClientAppActor pid=32867)[0m {'fake': 0, 'real': 1}
[36m(ClientAppActor pid=32867)[0m [DEBUG MODE] Train=2000, Val=100, Test=100
[36m(ClientAppActor pid=32867)[0m 
[36m(ClientAppActor pid=32867)[0m Client 5 Class Distribution
[36m(ClientAppActor pid=32867)[0m Train: Counter({0: 1014, 1: 986})
[36m(ClientAppActor pid=32867)[0m Val  : Counter({0: 56, 1: 44})
[36m(ClientAppActor pid=32867)[0m Test : Counter({0: 51, 1: 49})
[36m(ClientAppActor pid=32867)[0m Client 5
[36m(ClientAppActor pid=32867)[0m Train Images: 2000
[36m(ClientAppActor pid=32867)[0m Test Images : 100
[36m(ClientAppActor pid=32867)[0m Validate Images : 100
[36m(ClientAppActor pid=32867)[0m Client 5 starting fit...
[36m(ClientAppActor pid=32867)[0m Client 5 received class memories
[36m(ClientAppActor pid=32867)[0m Real memory norm=0.8985
[36m(ClientAppActor pid=32867)[0m Fake memory norm=0.8973
[36m(ClientAppActor pid=32867)[0m Client 5 starting training...
[36m(ClientAppActor pid=32867)[0m START classifier norm: 13.063898086547852
[36m(ClientAppActor pid=32867)[0m Artifact bias shape: torch.Size([32, 8, 197, 197])
[36m(ClientAppActor pid=32867)[0m 
[36m(ClientAppActor pid=32867)[0m Batch 0/63
[36m(ClientAppActor pid=32867)[0m GPU Allocated: 1.83 GB
[36m(ClientAppActor pid=32867)[0m GPU Reserved : 3.86 GB
[36m(ClientAppActor pid=32867)[0m 
[36m(ClientAppActor pid=32867)[0m ==================================================
[36m(ClientAppActor pid=32867)[0m Epoch 1 Complete
[36m(ClientAppActor pid=32867)[0m Average Loss : 0.6154
[36m(ClientAppActor pid=32867)[0m Accuracy     : 68.00%
[36m(ClientAppActor pid=32867)[0m Time         : 14.54s
[36m(ClientAppActor pid=32867)[0m Images       : 2000
[36m(ClientAppActor pid=32867)[0m Images/sec   : 137.52
[36m(ClientAppActor pid=32867)[0m GPU Allocated: 1.82 GB
[36m(ClientAppActor pid=32867)[0m GPU Reserved : 3.86 GB
[36m(ClientAppActor pid=32867)[0m ==================================================
[36m(ClientAppActor pid=32867)[0m END classifier norm: 13.068599700927734
[36m(ClientAppActor pid=32867)[0m Client 5 finished training
[36m(ClientAppActor pid=32867)[0m Client 5 extracting parameters...
[36m(ClientAppActor pid=32867)[0m Client 5 parameter extraction complete
[36m(ClientAppActor pid=32867)[0m Client 5 returning results
[36m(ClientAppActor pid=32867)[0m Client 3 using cuda
[36m(ClientAppActor pid=32867)[0m {'fake': 0, 'real': 1}
[36m(ClientAppActor pid=32867)[0m [DEBUG MODE] Train=2000, Val=100, Test=100
[36m(ClientAppActor pid=32867)[0m 
[36m(ClientAppActor pid=32867)[0m Client 3 Class Distribution
[36m(ClientAppActor pid=32867)[0m Train: Counter({1: 1024, 0: 976})
[36m(ClientAppActor pid=32867)[0m Val  : Counter({1: 54, 0: 46})
[36m(ClientAppActor pid=32867)[0m Test : Counter({1: 50, 0: 50})
[36m(ClientAppActor pid=32867)[0m Client 3
[36m(ClientAppActor pid=32867)[0m Train Images: 2000
[36m(ClientAppActor pid=32867)[0m Test Images : 100
[36m(ClientAppActor pid=32867)[0m Validate Images : 100
[36m(ClientAppActor pid=32867)[0m Client 3 starting fit...
[36m(ClientAppActor pid=32867)[0m Client 3 received class memories
[36m(ClientAppActor pid=32867)[0m Real memory norm=0.8985
[36m(ClientAppActor pid=32867)[0m Fake memory norm=0.8973
[36m(ClientAppActor pid=32867)[0m Client 3 starting training...
[36m(ClientAppActor pid=32867)[0m START classifier norm: 13.063898086547852
[36m(ClientAppActor pid=32867)[0m Artifact bias shape: torch.Size([32, 8, 197, 197])
[36m(ClientAppActor pid=32867)[0m 
[36m(ClientAppActor pid=32867)[0m Batch 0/63
[36m(ClientAppActor pid=32867)[0m GPU Allocated: 1.83 GB
[36m(ClientAppActor pid=32867)[0m GPU Reserved : 3.86 GB
[36m(ClientAppActor pid=32867)[0m 
[36m(ClientAppActor pid=32867)[0m ==================================================
[36m(ClientAppActor pid=32867)[0m 
Epoch 1/1:   0%|          | 0/63 [00:00<?, ?it/s]
[36m(ClientAppActor pid=32867)[0m 
Epoch 1/1:   0%|          | 0/63 [00:00<?, ?it/s, loss=0.5790, acc=75.00%, img/s=132.5, eta=0.2m]
Epoch 1/1:   2%|▏         | 1/63 [00:00<00:14,  4.14it/s, loss=0.5790, acc=75.00%, img/s=132.5, eta=0.2m]
[36m(ClientAppActor pid=32867)[0m 
Epoch 1/1:   2%|▏         | 1/63 [00:00<00:14,  4.14it/s, loss=0.6735, acc=65.62%, img/s=135.2, eta=0.2m]
Epoch 1/1:   3%|▎         | 2/63 [00:00<00:14,  4.24it/s, loss=0.6735, acc=65.62%, img/s=135.2, eta=0.2m]
[36m(ClientAppActor pid=32867)[0m 
Epoch 1/1:   3%|▎         | 2/63 [00:00<00:14,  4.24it/s, loss=0.5908, acc=65.62%, img/s=136.5, eta=0.2m]
Epoch 1/1:   5%|▍         | 3/63 [00:00<00:13,  4.29it/s, loss=0.5908, acc=65.62%, img/s=136.5, eta=0.2m]
[36m(ClientAppActor pid=32867)[0m 
Epoch 1/1:   5%|▍         | 3/63 [00:00<00:13,  4.29it/s, loss=0.6983, acc=62.50%, img/s=136.7, eta=0.2m]
Epoch 1/1:   6%|▋         | 4/63 [00:00<00:13,  4.29it/s, loss=0.6983, acc=62.50%, img/s=136.7, eta=0.2m]
[36m(ClientAppActor pid=32867)[0m 
Epoch 1/1:   6%|▋         | 4/63 [00:01<00:13,  4.29it/s, loss=0.6891, acc=63.12%, img/s=137.1, eta=0.2m]
Epoch 1/1:   8%|▊         | 5/63 [00:01<00:13,  4.31it/s, loss=0.6891, acc=63.12%, img/s=137.1, eta=0.2m]
[36m(ClientAppActor pid=32867)[0m 
Epoch 1/1:   8%|▊         | 5/63 [00:01<00:13,  4.31it/s, loss=0.6597, acc=60.94%, img/s=137.2, eta=0.2m]
Epoch 1/1:  10%|▉         | 6/63 [00:01<00:13,  4.30it/s, loss=0.6597, acc=60.94%, img/s=137.2, eta=0.2m]
[36m(ClientAppActor pid=32867)[0m 
Epoch 1/1:  10%|▉         | 6/63 [00:01<00:13,  4.30it/s, loss=0.5629, acc=61.61%, img/s=137.2, eta=0.2m]
Epoch 1/1:  11%|█         | 7/63 [00:01<00:13,  4.30it/s, loss=0.5629, acc=61.61%, img/s=137.2, eta=0.2m]
[36m(ClientAppActor pid=32867)[0m 
Epoch 1/1:  11%|█         | 7/63 [00:01<00:13,  4.30it/s, loss=0.5948, acc=62.89%, img/s=137.3, eta=0.2m]
Epoch 1/1:  13%|█▎        | 8/63 [00:01<00:12,  4.30it/s, loss=0.5948, acc=62.89%, img/s=137.3, eta=0.2m]
[36m(ClientAppActor pid=32867)[0m 
Epoch 1/1:  13%|█▎        | 8/63 [00:02<00:12,  4.30it/s, loss=0.5687, acc=63.54%, img/s=137.4, eta=0.2m]
Epoch 1/1:  14%|█▍        | 9/63 [00:02<00:12,  4.30it/s, loss=0.5687, acc=63.54%, img/s=137.4, eta=0.2m]
[36m(ClientAppActor pid=32867)[0m 
Epoch 1/1:  14%|█▍        | 9/63 [00:02<00:12,  4.30it/s, loss=0.5939, acc=63.44%, img/s=137.4, eta=0.2m]
Epoch 1/1:  16%|█▌        | 10/63 [00:02<00:12,  4.30it/s, loss=0.5939, acc=63.44%, img/s=137.4, eta=0.2m]
[36m(ClientAppActor pid=32867)[0m 
Epoch 1/1:  16%|█▌        | 10/63 [00:02<00:12,  4.30it/s, loss=0.5715, acc=64.20%, img/s=137.5, eta=0.2m]
Epoch 1/1:  17%|█▋        | 11/63 [00:02<00:12,  4.31it/s, loss=0.5715, acc=64.20%, img/s=137.5, eta=0.2m]
[36m(ClientAppActor pid=32867)[0m 
Epoch 1/1:  17%|█▋        | 11/63 [00:02<00:12,  4.31it/s, loss=0.6358, acc=64.58%, img/s=137.6, eta=0.2m]
Epoch 1/1:  19%|█▉        | 12/63 [00:02<00:11,  4.31it/s, loss=0.6358, acc=64.58%, img/s=137.6, eta=0.2m]
[36m(ClientAppActor pid=32867)[0m 
Epoch 1/1:  19%|█▉        | 12/63 [00:03<00:11,  4.31it/s, loss=0.6659, acc=63.70%, img/s=137.6, eta=0.2m]
Epoch 1/1:  21%|██        | 13/63 [00:03<00:11,  4.31it/s, loss=0.6659, acc=63.70%, img/s=137.6, eta=0.2m]
[36m(ClientAppActor pid=32867)[0m 
Epoch 1/1:  21%|██        | 13/63 [00:03<00:11,  4.31it/s, loss=0.7329, acc=63.17%, img/s=137.6, eta=0.2m]
Epoch 1/1:  22%|██▏       | 14/63 [00:03<00:11,  4.31it/s, loss=0.7329, acc=63.17%, img/s=137.6, eta=0.2m]
[36m(ClientAppActor pid=32867)[0m 
Epoch 1/1:  22%|██▏       | 14/63 [00:03<00:11,  4.31it/s, loss=0.6528, acc=63.54%, img/s=137.6, eta=0.2m]
Epoch 1/1:  24%|██▍       | 15/63 [00:03<00:11,  4.30it/s, loss=0.6528, acc=63.54%, img/s=137.6, eta=0.2m]
[36m(ClientAppActor pid=32867)[0m 
Epoch 1/1:  24%|██▍       | 15/63 [00:03<00:11,  4.30it/s, loss=0.6137, acc=63.28%, img/s=137.6, eta=0.2m]
Epoch 1/1:  25%|██▌       | 16/63 [00:03<00:10,  4.31it/s, loss=0.6137, acc=63.28%, img/s=137.6, eta=0.2m]
[36m(ClientAppActor pid=32867)[0m 
Epoch 1/1:  25%|██▌       | 16/63 [00:03<00:10,  4.31it/s, loss=0.5689, acc=63.24%, img/s=137.6, eta=0.2m]
Epoch 1/1:  27%|██▋       | 17/63 [00:03<00:10,  4.31it/s, loss=0.5689, acc=63.24%, img/s=137.6, eta=0.2m]
[36m(ClientAppActor pid=32867)[0m 
Epoch 1/1:  27%|██▋       | 17/63 [00:04<00:10,  4.31it/s, loss=0.6307, acc=63.02%, img/s=137.7, eta=0.2m]
Epoch 1/1:  29%|██▊       | 18/63 [00:04<00:10,  4.32it/s, loss=0.6307, acc=63.02%, img/s=137.7, eta=0.2m]
[36m(ClientAppActor pid=32867)[0m 
Epoch 1/1:  29%|██▊       | 18/63 [00:04<00:10,  4.32it/s, loss=0.5114, acc=63.65%, img/s=137.7, eta=0.2m]
Epoch 1/1:  30%|███       | 19/63 [00:04<00:10,  4.31it/s, loss=0.5114, acc=63.65%, img/s=137.7, eta=0.2m]
[36m(ClientAppActor pid=32867)[0m 
Epoch 1/1:  30%|███       | 19/63 [00:04<00:10,  4.31it/s, loss=0.5536, acc=64.22%, img/s=137.7, eta=0.2m]
Epoch 1/1:  32%|███▏      | 20/63 [00:04<00:09,  4.31it/s, loss=0.5536, acc=64.22%, img/s=137.7, eta=0.2m]
[36m(ClientAppActor pid=32867)[0m 
Epoch 1/1:  32%|███▏      | 20/63 [00:04<00:09,  4.31it/s, loss=0.6528, acc=63.84%, img/s=137.8, eta=0.2m]
Epoch 1/1:  33%|███▎      | 21/63 [00:04<00:09,  4.32it/s, loss=0.6528, acc=63.84%, img/s=137.8, eta=0.2m]
[36m(ClientAppActor pid=32867)[0m 
Epoch 1/1:  33%|███▎      | 21/63 [00:05<00:09,  4.32it/s, loss=0.5784, acc=64.20%, img/s=137.7, eta=0.2m]
Epoch 1/1:  35%|███▍      | 22/63 [00:05<00:09,  4.31it/s, loss=0.5784, acc=64.20%, img/s=137.7, eta=0.2m]
[36m(ClientAppActor pid=32867)[0m 
Epoch 1/1:  35%|███▍      | 22/63 [00:05<00:09,  4.31it/s, loss=0.5878, acc=64.54%, img/s=137.8, eta=0.2m]
Epoch 1/1:  37%|███▋      | 23/63 [00:05<00:09,  4.32it/s, loss=0.5878, acc=64.54%, img/s=137.8, eta=0.2m]
[36m(ClientAppActor pid=32867)[0m 
Epoch 1/1:  37%|███▋      | 23/63 [00:05<00:09,  4.32it/s, loss=0.5887, acc=64.71%, img/s=137.8, eta=0.2m]
Epoch 1/1:  38%|███▊      | 24/63 [00:05<00:09,  4.31it/s, loss=0.5887, acc=64.71%, img/s=137.8, eta=0.2m]
[36m(ClientAppActor pid=32867)[0m 
Epoch 1/1:  38%|███▊      | 24/63 [00:05<00:09,  4.31it/s, loss=0.6483, acc=64.62%, img/s=137.7, eta=0.1m]
Epoch 1/1:  40%|███▉      | 25/63 [00:05<00:08,  4.31it/s, loss=0.6483, acc=64.62%, img/s=137.7, eta=0.1m]
[36m(ClientAppActor pid=32867)[0m 
Epoch 1/1:  40%|███▉      | 25/63 [00:06<00:08,  4.31it/s, loss=0.5185, acc=65.14%, img/s=137.8, eta=0.1m]
Epoch 1/1:  41%|████▏     | 26/63 [00:06<00:08,  4.31it/s, loss=0.5185, acc=65.14%, img/s=137.8, eta=0.1m]
[36m(ClientAppActor pid=32867)[0m 
Epoch 1/1:  41%|████▏     | 26/63 [00:06<00:08,  4.31it/s, loss=0.5418, acc=65.39%, img/s=137.8, eta=0.1m]
Epoch 1/1:  43%|████▎     | 27/63 [00:06<00:08,  4.30it/s, loss=0.5418, acc=65.39%, img/s=137.8, eta=0.1m]
[36m(ClientAppActor pid=32867)[0m 
Epoch 1/1:  43%|████▎     | 27/63 [00:06<00:08,  4.30it/s, loss=0.9192, acc=64.73%, img/s=138.3, eta=0.1m]
Epoch 1/1:  44%|████▍     | 28/63 [00:06<00:07,  4.46it/s, loss=0.9192, acc=64.73%, img/s=138.3, eta=0.1m]
[36m(ClientAppActor pid=32867)[0m 
Epoch 1/1:  44%|████▍     | 28/63 [00:06<00:07,  4.46it/s, loss=0.6183, acc=64.55%, img/s=138.4, eta=0.1m]
Epoch 1/1:  46%|████▌     | 29/63 [00:06<00:07,  4.43it/s, loss=0.6183, acc=64.55%, img/s=138.4, eta=0.1m]
[36m(ClientAppActor pid=32867)[0m 
Epoch 1/1:  46%|████▌     | 29/63 [00:06<00:07,  4.43it/s, loss=0.7282, acc=64.17%, img/s=138.3, eta=0.1m]
Epoch 1/1:  48%|████▊     | 30/63 [00:06<00:07,  4.39it/s, loss=0.7282, acc=64.17%, img/s=138.3, eta=0.1m]
[36m(ClientAppActor pid=32867)[0m 
Epoch 1/1:  48%|████▊     | 30/63 [00:07<00:07,  4.39it/s, loss=0.6372, acc=64.21%, img/s=138.4, eta=0.1m]
Epoch 1/1:  49%|████▉     | 31/63 [00:07<00:07,  4.37it/s, loss=0.6372, acc=64.21%, img/s=138.4, eta=0.1m]
[36m(ClientAppActor pid=32867)[0m 
Epoch 1/1:  49%|████▉     | 31/63 [00:07<00:07,  4.37it/s, loss=0.5149, acc=64.65%, img/s=138.3, eta=0.1m]
Epoch 1/1:  51%|█████     | 32/63 [00:07<00:07,  4.35it/s, loss=0.5149, acc=64.65%, img/s=138.3, eta=0.1m]
[36m(ClientAppActor pid=32867)[0m 
Epoch 1/1:  51%|█████     | 32/63 [00:07<00:07,  4.35it/s, loss=0.5277, acc=64.87%, img/s=138.3, eta=0.1m]
Epoch 1/1:  52%|█████▏    | 33/63 [00:07<00:06,  4.35it/s, loss=0.5277, acc=64.87%, img/s=138.3, eta=0.1m]
[36m(ClientAppActor pid=32867)[0m 
Epoch 1/1:  52%|█████▏    | 33/63 [00:07<00:06,  4.35it/s, loss=0.5558, acc=64.98%, img/s=138.3, eta=0.1m]
Epoch 1/1:  54%|█████▍    | 34/63 [00:07<00:06,  4.34it/s, loss=0.5558, acc=64.98%, img/s=138.3, eta=0.1m]
[36m(ClientAppActor pid=32867)[0m 
Epoch 1/1:  54%|█████▍    | 34/63 [00:08<00:06,  4.34it/s, loss=0.5908, acc=65.18%, img/s=138.3, eta=0.1m]
Epoch 1/1:  56%|█████▌    | 35/63 [00:08<00:06,  4.33it/s, loss=0.5908, acc=65.18%, img/s=138.3, eta=0.1m]
[36m(ClientAppActor pid=32867)[0m 
Epoch 1/1:  56%|█████▌    | 35/63 [00:08<00:06,  4.33it/s, loss=0.6276, acc=65.10%, img/s=138.3, eta=0.1m]
Epoch 1/1:  57%|█████▋    | 36/63 [00:08<00:06,  4.33it/s, loss=0.6276, acc=65.10%, img/s=138.3, eta=0.1m]
[36m(ClientAppActor pid=32867)[0m 
Epoch 1/1:  57%|█████▋    | 36/63 [00:08<00:06,  4.33it/s, loss=0.5876, acc=65.12%, img/s=138.3, eta=0.1m]
Epoch 1/1:  59%|█████▊    | 37/63 [00:08<00:06,  4.32it/s, loss=0.5876, acc=65.12%, img/s=138.3, eta=0.1m]
[36m(ClientAppActor pid=32867)[0m 
Epoch 1/1:  59%|█████▊    | 37/63 [00:08<00:06,  4.32it/s, loss=0.6573, acc=65.05%, img/s=138.3, eta=0.1m]
Epoch 1/1:  60%|██████    | 38/63 [00:08<00:05,  4.32it/s, loss=0.6573, acc=65.05%, img/s=138.3, eta=0.1m]
[36m(ClientAppActor pid=32867)[0m 
Epoch 1/1:  60%|██████    | 38/63 [00:09<00:05,  4.32it/s, loss=0.4792, acc=65.30%, img/s=138.3, eta=0.1m]
Epoch 1/1:  62%|██████▏   | 39/63 [00:09<00:05,  4.32it/s, loss=0.4792, acc=65.30%, img/s=138.3, eta=0.1m]
[36m(ClientAppActor pid=32867)[0m 
Epoch 1/1:  62%|██████▏   | 39/63 [00:09<00:05,  4.32it/s, loss=0.7603, acc=65.16%, img/s=138.3, eta=0.1m]
Epoch 1/1:  63%|██████▎   | 40/63 [00:09<00:05,  4.32it/s, loss=0.7603, acc=65.16%, img/s=138.3, eta=0.1m]
[36m(ClientAppActor pid=32867)[0m 
Epoch 1/1:  63%|██████▎   | 40/63 [00:09<00:05,  4.32it/s, loss=0.6372, acc=65.24%, img/s=138.3, eta=0.1m]
Epoch 1/1:  65%|██████▌   | 41/63 [00:09<00:05,  4.32it/s, loss=0.6372, acc=65.24%, img/s=138.3, eta=0.1m]
[36m(ClientAppActor pid=32867)[0m 
Epoch 1/1:  65%|██████▌   | 41/63 [00:09<00:05,  4.32it/s, loss=0.7479, acc=65.10%, img/s=138.3, eta=0.1m]
Epoch 1/1:  67%|██████▋   | 42/63 [00:09<00:04,  4.32it/s, loss=0.7479, acc=65.10%, img/s=138.3, eta=0.1m]
[36m(ClientAppActor pid=32867)[0m 
Epoch 1/1:  67%|██████▋   | 42/63 [00:09<00:04,  4.32it/s, loss=0.6775, acc=64.97%, img/s=138.3, eta=0.1m]
Epoch 1/1:  68%|██████▊   | 43/63 [00:09<00:04,  4.32it/s, loss=0.6775, acc=64.97%, img/s=138.3, eta=0.1m]
[36m(ClientAppActor pid=32867)[0m 
Epoch 1/1:  68%|██████▊   | 43/63 [00:10<00:04,  4.32it/s, loss=0.5918, acc=65.13%, img/s=138.3, eta=0.1m]
Epoch 1/1:  70%|██████▉   | 44/63 [00:10<00:04,  4.31it/s, loss=0.5918, acc=65.13%, img/s=138.3, eta=0.1m]
[36m(ClientAppActor pid=32867)[0m 
Epoch 1/1:  70%|██████▉   | 44/63 [00:10<00:04,  4.31it/s, loss=0.5997, acc=65.28%, img/s=138.3, eta=0.1m]
Epoch 1/1:  71%|███████▏  | 45/63 [00:10<00:04,  4.31it/s, loss=0.5997, acc=65.28%, img/s=138.3, eta=0.1m]
[36m(ClientAppActor pid=32867)[0m 
Epoch 1/1:  71%|███████▏  | 45/63 [00:10<00:04,  4.31it/s, loss=0.6176, acc=65.29%, img/s=138.3, eta=0.1m]
Epoch 1/1:  73%|███████▎  | 46/63 [00:10<00:03,  4.31it/s, loss=0.6176, acc=65.29%, img/s=138.3, eta=0.1m]
[36m(ClientAppActor pid=32867)[0m 
Epoch 1/1:  73%|███████▎  | 46/63 [00:10<00:03,  4.31it/s, loss=0.5869, acc=65.43%, img/s=138.3, eta=0.1m]
Epoch 1/1:  75%|███████▍  | 47/63 [00:10<00:03,  4.32it/s, loss=0.5869, acc=65.43%, img/s=138.3, eta=0.1m]
[36m(ClientAppActor pid=32867)[0m 
Epoch 1/1:  75%|███████▍  | 47/63 [00:11<00:03,  4.32it/s, loss=0.6066, acc=65.49%, img/s=138.3, eta=0.1m]
Epoch 1/1:  76%|███████▌  | 48/63 [00:11<00:03,  4.31it/s, loss=0.6066, acc=65.49%, img/s=138.3, eta=0.1m]
[36m(ClientAppActor pid=32867)[0m 
Epoch 1/1:  76%|███████▌  | 48/63 [00:11<00:03,  4.31it/s, loss=0.6275, acc=65.37%, img/s=138.3, eta=0.1m]
Epoch 1/1:  78%|███████▊  | 49/63 [00:11<00:03,  4.32it/s, loss=0.6275, acc=65.37%, img/s=138.3, eta=0.1m]
[36m(ClientAppActor pid=32867)[0m 
Epoch 1/1:  78%|███████▊  | 49/63 [00:11<00:03,  4.32it/s, loss=0.5735, acc=65.31%, img/s=138.3, eta=0.1m]
Epoch 1/1:  79%|███████▉  | 50/63 [00:11<00:03,  4.31it/s, loss=0.5735, acc=65.31%, img/s=138.3, eta=0.1m]
[36m(ClientAppActor pid=32867)[0m 
Epoch 1/1:  79%|███████▉  | 50/63 [00:11<00:03,  4.31it/s, loss=0.6609, acc=65.20%, img/s=138.3, eta=0.0m]
Epoch 1/1:  81%|████████  | 51/63 [00:11<00:02,  4.31it/s, loss=0.6609, acc=65.20%, img/s=138.3, eta=0.0m]
[36m(ClientAppActor pid=32867)[0m 
Epoch 1/1:  81%|████████  | 51/63 [00:12<00:02,  4.31it/s, loss=0.6529, acc=65.08%, img/s=138.2, eta=0.0m]
Epoch 1/1:  83%|████████▎ | 52/63 [00:12<00:02,  4.31it/s, loss=0.6529, acc=65.08%, img/s=138.2, eta=0.0m]
[36m(ClientAppActor pid=32867)[0m 
Epoch 1/1:  83%|████████▎ | 52/63 [00:12<00:02,  4.31it/s, loss=0.7267, acc=64.86%, img/s=138.2, eta=0.0m]
Epoch 1/1:  84%|████████▍ | 53/63 [00:12<00:02,  4.31it/s, loss=0.7267, acc=64.86%, img/s=138.2, eta=0.0m]
[36m(ClientAppActor pid=32867)[0m 
Epoch 1/1:  84%|████████▍ | 53/63 [00:12<00:02,  4.31it/s, loss=0.6879, acc=64.58%, img/s=138.2, eta=0.0m]
Epoch 1/1:  86%|████████▌ | 54/63 [00:12<00:02,  4.31it/s, loss=0.6879, acc=64.58%, img/s=138.2, eta=0.0m]
[36m(ClientAppActor pid=32867)[0m 
Epoch 1/1:  86%|████████▌ | 54/63 [00:12<00:02,  4.31it/s, loss=0.5376, acc=64.83%, img/s=138.2, eta=0.0m]
Epoch 1/1:  87%|████████▋ | 55/63 [00:12<00:01,  4.31it/s, loss=0.5376, acc=64.83%, img/s=138.2, eta=0.0m]
[36m(ClientAppActor pid=32867)[0m 
Epoch 1/1:  87%|████████▋ | 55/63 [00:12<00:01,  4.31it/s, loss=0.6279, acc=64.84%, img/s=138.2, eta=0.0m]
Epoch 1/1:  89%|████████▉ | 56/63 [00:12<00:01,  4.30it/s, loss=0.6279, acc=64.84%, img/s=138.2, eta=0.0m]
[36m(ClientAppActor pid=32867)[0m 
Epoch 1/1:  89%|████████▉ | 56/63 [00:13<00:01,  4.30it/s, loss=0.6379, acc=64.91%, img/s=138.2, eta=0.0m]
Epoch 1/1:  90%|█████████ | 57/63 [00:13<00:01,  4.30it/s, loss=0.6379, acc=64.91%, img/s=138.2, eta=0.0m]
[36m(ClientAppActor pid=32867)[0m 
Epoch 1/1:  90%|█████████ | 57/63 [00:13<00:01,  4.30it/s, loss=0.5880, acc=65.03%, img/s=138.2, eta=0.0m]
Epoch 1/1:  92%|█████████▏| 58/63 [00:13<00:01,  4.30it/s, loss=0.5880, acc=65.03%, img/s=138.2, eta=0.0m]
[36m(ClientAppActor pid=32867)[0m 
Epoch 1/1:  92%|█████████▏| 58/63 [00:13<00:01,  4.30it/s, loss=0.6394, acc=64.99%, img/s=138.2, eta=0.0m]
Epoch 1/1:  94%|█████████▎| 59/63 [00:13<00:00,  4.30it/s, loss=0.6394, acc=64.99%, img/s=138.2, eta=0.0m]
[36m(ClientAppActor pid=32867)[0m 
Epoch 1/1:  94%|█████████▎| 59/63 [00:13<00:00,  4.30it/s, loss=0.6482, acc=64.95%, img/s=138.2, eta=0.0m]
Epoch 1/1:  95%|█████████▌| 60/63 [00:13<00:00,  4.31it/s, loss=0.6482, acc=64.95%, img/s=138.2, eta=0.0m]
[36m(ClientAppActor pid=32867)[0m 
Epoch 1/1:  95%|█████████▌| 60/63 [00:14<00:00,  4.31it/s, loss=0.5304, acc=65.11%, img/s=138.2, eta=0.0m]
Epoch 1/1:  97%|█████████▋| 61/63 [00:14<00:00,  4.31it/s, loss=0.5304, acc=65.11%, img/s=138.2, eta=0.0m]
[36m(ClientAppActor pid=32867)[0m 
Epoch 1/1:  97%|█████████▋| 61/63 [00:14<00:00,  4.31it/s, loss=0.7175, acc=65.02%, img/s=138.2, eta=0.0m]
Epoch 1/1:  98%|█████████▊| 62/63 [00:14<00:00,  4.32it/s, loss=0.7175, acc=65.02%, img/s=138.2, eta=0.0m]
[36m(ClientAppActor pid=32867)[0m 
Epoch 1/1:  98%|█████████▊| 62/63 [00:14<00:00,  4.32it/s, loss=0.7551, acc=64.90%, img/s=69.5, eta=0.0m] 
Epoch 1/1: 100%|██████████| 63/63 [00:14<00:00,  4.88it/s, loss=0.7551, acc=64.90%, img/s=69.5, eta=0.0m]
Epoch 1/1: 100%|██████████| 63/63 [00:14<00:00,  4.34it/s, loss=0.7551, acc=64.90%, img/s=69.5, eta=0.0m]
[36m(ClientAppActor pid=32867)[0m 
Epoch 1/1:   0%|          | 0/63 [00:00<?, ?it/s]
[36m(ClientAppActor pid=32867)[0m 
Epoch 1/1:   0%|          | 0/63 [00:00<?, ?it/s, loss=0.5547, acc=78.12%, img/s=132.8, eta=0.2m]
Epoch 1/1:   2%|▏         | 1/63 [00:00<00:14,  4.15it/s, loss=0.5547, acc=78.12%, img/s=132.8, eta=0.2m]
[36m(ClientAppActor pid=32867)[0m 
Epoch 1/1:   2%|▏         | 1/63 [00:00<00:14,  4.15it/s, loss=0.5018, acc=78.12%, img/s=135.0, eta=0.2m]
Epoch 1/1:   3%|▎         | 2/63 [00:00<00:14,  4.23it/s, loss=0.5018, acc=78.12%, img/s=135.0, eta=0.2m]
[36m(ClientAppActor pid=32867)[0m 
Epoch 1/1:   3%|▎         | 2/63 [00:00<00:14,  4.23it/s, loss=0.5002, acc=80.21%, img/s=136.0, eta=0.2m]
Epoch 1/1:   5%|▍         | 3/63 [00:00<00:14,  4.27it/s, loss=0.5002, acc=80.21%, img/s=136.0, eta=0.2m]
[36m(ClientAppActor pid=32867)[0m 
Epoch 1/1:   5%|▍         | 3/63 [00:00<00:14,  4.27it/s, loss=0.4771, acc=78.91%, img/s=136.6, eta=0.2m]
Epoch 1/1:   6%|▋         | 4/63 [00:00<00:13,  4.29it/s, loss=0.4771, acc=78.91%, img/s=136.6, eta=0.2m]
[36m(ClientAppActor pid=32867)[0m 
Epoch 1/1:   6%|▋         | 4/63 [00:01<00:13,  4.29it/s, loss=0.6597, acc=75.62%, img/s=136.8, eta=0.2m]
Epoch 1/1:   8%|▊         | 5/63 [00:01<00:13,  4.29it/s, loss=0.6597, acc=75.62%, img/s=136.8, eta=0.2m]
[36m(ClientAppActor pid=32867)[0m 
Epoch 1/1:   8%|▊         | 5/63 [00:01<00:13,  4.29it/s, loss=0.6150, acc=75.00%, img/s=137.2, eta=0.2m]
Epoch 1/1:  10%|▉         | 6/63 [00:01<00:13,  4.31it/s, loss=0.6150, acc=75.00%, img/s=137.2, eta=0.2m]
[36m(ClientAppActor pid=32867)[0m 
Epoch 1/1:  10%|▉         | 6/63 [00:01<00:13,  4.31it/s, loss=0.6986, acc=73.21%, img/s=137.2, eta=0.2m]
Epoch 1/1:  11%|█         | 7/63 [00:01<00:12,  4.31it/s, loss=0.6986, acc=73.21%, img/s=137.2, eta=0.2m]
[36m(ClientAppActor pid=32867)[0m 
Epoch 1/1:  11%|█         | 7/63 [00:01<00:12,  4.31it/s, loss=0.7120, acc=71.88%, img/s=137.3, eta=0.2m]
Epoch 1/1:  13%|█▎        | 8/63 [00:01<00:12,  4.30it/s, loss=0.7120, acc=71.88%, img/s=137.3, eta=0.2m]
[36m(ClientAppActor pid=32867)[0m 
Epoch 1/1:  13%|█▎        | 8/63 [00:02<00:12,  4.30it/s, loss=0.4351, acc=72.92%, img/s=137.3, eta=0.2m]
Epoch 1/1:  14%|█▍        | 9/63 [00:02<00:12,  4.30it/s, loss=0.4351, acc=72.92%, img/s=137.3, eta=0.2m]
[36m(ClientAppActor pid=32867)[0m 
Epoch 1/1:  14%|█▍        | 9/63 [00:02<00:12,  4.30it/s, loss=0.4414, acc=74.06%, img/s=137.3, eta=0.2m]
Epoch 1/1:  16%|█▌        | 10/63 [00:02<00:12,  4.30it/s, loss=0.4414, acc=74.06%, img/s=137.3, eta=0.2m]
[36m(ClientAppActor pid=32867)[0m 
Epoch 1/1:  16%|█▌        | 10/63 [00:02<00:12,  4.30it/s, loss=0.6325, acc=73.58%, img/s=137.4, eta=0.2m]
Epoch 1/1:  17%|█▋        | 11/63 [00:02<00:12,  4.31it/s, loss=0.6325, acc=73.58%, img/s=137.4, eta=0.2m]
[36m(ClientAppActor pid=32867)[0m 
Epoch 1/1:  17%|█▋        | 11/63 [00:02<00:12,  4.31it/s, loss=0.7055, acc=72.40%, img/s=137.3, eta=0.2m]
Epoch 1/1:  19%|█▉        | 12/63 [00:02<00:11,  4.30it/s, loss=0.7055, acc=72.40%, img/s=137.3, eta=0.2m]
[36m(ClientAppActor pid=32867)[0m 
Epoch 1/1:  19%|█▉        | 12/63 [00:03<00:11,  4.30it/s, loss=0.7202, acc=71.39%, img/s=137.5, eta=0.2m]
Epoch 1/1:  21%|██        | 13/63 [00:03<00:11,  4.31it/s, loss=0.7202, acc=71.39%, img/s=137.5, eta=0.2m]
[36m(ClientAppActor pid=32867)[0m 
Epoch 1/1:  21%|██        | 13/63 [00:03<00:11,  4.31it/s, loss=0.7333, acc=70.31%, img/s=137.5, eta=0.2m]
Epoch 1/1:  22%|██▏       | 14/63 [00:03<00:11,  4.31it/s, loss=0.7333, acc=70.31%, img/s=137.5, eta=0.2m]
[36m(ClientAppActor pid=32867)[0m 
Epoch 1/1:  22%|██▏       | 14/63 [00:03<00:11,  4.31it/s, loss=0.6360, acc=69.79%, img/s=137.5, eta=0.2m]
Epoch 1/1:  24%|██▍       | 15/63 [00:03<00:11,  4.31it/s, loss=0.6360, acc=69.79%, img/s=137.5, eta=0.2m]
[36m(ClientAppActor pid=32867)[0m 
Epoch 1/1:  24%|██▍       | 15/63 [00:03<00:11,  4.31it/s, loss=0.5427, acc=70.31%, img/s=137.5, eta=0.2m]
Epoch 1/1:  25%|██▌       | 16/63 [00:03<00:10,  4.31it/s, loss=0.5427, acc=70.31%, img/s=137.5, eta=0.2m]
[36m(ClientAppActor pid=32867)[0m 
Epoch 1/1:  25%|██▌       | 16/63 [00:03<00:10,  4.31it/s, loss=0.6393, acc=69.85%, img/s=137.6, eta=0.2m]
Epoch 1/1:  27%|██▋       | 17/63 [00:03<00:10,  4.31it/s, loss=0.6393, acc=69.85%, img/s=137.6, eta=0.2m]
[36m(ClientAppActor pid=32867)[0m 
Epoch 1/1:  27%|██▋       | 17/63 [00:04<00:10,  4.31it/s, loss=0.5377, acc=69.97%, img/s=137.6, eta=0.2m]
Epoch 1/1:  29%|██▊       | 18/63 [00:04<00:10,  4.32it/s, loss=0.5377, acc=69.97%, img/s=137.6, eta=0.2m]
[36m(ClientAppActor pid=32867)[0m 
Epoch 1/1:  29%|██▊       | 18/63 [00:04<00:10,  4.32it/s, loss=0.7288, acc=69.90%, img/s=137.7, eta=0.2m]
Epoch 1/1:  30%|███       | 19/63 [00:04<00:10,  4.32it/s, loss=0.7288, acc=69.90%, img/s=137.7, eta=0.2m]
[36m(ClientAppActor pid=32867)[0m 
Epoch 1/1:  30%|███       | 19/63 [00:04<00:10,  4.32it/s, loss=0.5651, acc=70.16%, img/s=137.6, eta=0.2m]
Epoch 1/1:  32%|███▏      | 20/63 [00:04<00:09,  4.31it/s, loss=0.5651, acc=70.16%, img/s=137.6, eta=0.2m]
[36m(ClientAppActor pid=32867)[0m 
Epoch 1/1:  32%|███▏      | 20/63 [00:04<00:09,  4.31it/s, loss=0.6217, acc=69.94%, img/s=137.7, eta=0.2m]
Epoch 1/1:  33%|███▎      | 21/63 [00:04<00:09,  4.32it/s, loss=0.6217, acc=69.94%, img/s=137.7, eta=0.2m]
[36m(ClientAppActor pid=32867)[0m 
Epoch 1/1:  33%|███▎      | 21/63 [00:05<00:09,  4.32it/s, loss=0.5905, acc=70.03%, img/s=137.7, eta=0.2m]
Epoch 1/1:  35%|███▍      | 22/63 [00:05<00:09,  4.31it/s, loss=0.5905, acc=70.03%, img/s=137.7, eta=0.2m]
[36m(ClientAppActor pid=32867)[0m 
Epoch 1/1:  35%|███▍      | 22/63 [00:05<00:09,  4.31it/s, loss=0.6220, acc=69.70%, img/s=137.7, eta=0.2m]
Epoch 1/1:  37%|███▋      | 23/63 [00:05<00:09,  4.32it/s, loss=0.6220, acc=69.70%, img/s=137.7, eta=0.2m]
[36m(ClientAppActor pid=32867)[0m 
Epoch 1/1:  37%|███▋      | 23/63 [00:05<00:09,  4.32it/s, loss=0.5678, acc=69.79%, img/s=137.8, eta=0.2m]
Epoch 1/1:  38%|███▊      | 24/63 [00:05<00:09,  4.32it/s, loss=0.5678, acc=69.79%, img/s=137.8, eta=0.2m]
[36m(ClientAppActor pid=32867)[0m 
Epoch 1/1:  38%|███▊      | 24/63 [00:05<00:09,  4.32it/s, loss=0.5294, acc=70.00%, img/s=137.7, eta=0.1m]
Epoch 1/1:  40%|███▉      | 25/63 [00:05<00:08,  4.31it/s, loss=0.5294, acc=70.00%, img/s=137.7, eta=0.1m]
[36m(ClientAppActor pid=32867)[0m 
Epoch 1/1:  40%|███▉      | 25/63 [00:06<00:08,  4.31it/s, loss=0.5789, acc=69.95%, img/s=137.7, eta=0.1m]
Epoch 1/1:  41%|████▏     | 26/63 [00:06<00:08,  4.31it/s, loss=0.5789, acc=69.95%, img/s=137.7, eta=0.1m]
[36m(ClientAppActor pid=32867)[0m 
Epoch 1/1:  41%|████▏     | 26/63 [00:06<00:08,  4.31it/s, loss=0.5963, acc=69.79%, img/s=137.7, eta=0.1m]
Epoch 1/1:  43%|████▎     | 27/63 [00:06<00:08,  4.30it/s, loss=0.5963, acc=69.79%, img/s=137.7, eta=0.1m]
[36m(ClientAppActor pid=32867)[0m 
Epoch 1/1:  43%|████▎     | 27/63 [00:06<00:08,  4.30it/s, loss=0.7391, acc=69.53%, img/s=137.7, eta=0.1m]
Epoch 1/1:  44%|████▍     | 28/63 [00:06<00:08,  4.31it/s, loss=0.7391, acc=69.53%, img/s=137.7, eta=0.1m]
[36m(ClientAppActor pid=32867)[0m 
Epoch 1/1:  44%|████▍     | 28/63 [00:06<00:08,  4.31it/s, loss=0.5808, acc=69.29%, img/s=137.8, eta=0.1m]
Epoch 1/1:  46%|████▌     | 29/63 [00:06<00:07,  4.32it/s, loss=0.5808, acc=69.29%, img/s=137.8, eta=0.1m]
[36m(ClientAppActor pid=32867)[0m 
Epoch 1/1:  46%|████▌     | 29/63 [00:06<00:07,  4.32it/s, loss=0.6200, acc=69.27%, img/s=137.8, eta=0.1m]
Epoch 1/1:  48%|████▊     | 30/63 [00:06<00:07,  4.32it/s, loss=0.6200, acc=69.27%, img/s=137.8, eta=0.1m]
[36m(ClientAppActor pid=32867)[0m 
Epoch 1/1:  48%|████▊     | 30/63 [00:07<00:07,  4.32it/s, loss=0.5042, acc=69.46%, img/s=137.8, eta=0.1m]
Epoch 1/1:  49%|████▉     | 31/63 [00:07<00:07,  4.32it/s, loss=0.5042, acc=69.46%, img/s=137.8, eta=0.1m]
[36m(ClientAppActor pid=32867)[0m 
Epoch 1/1:  49%|████▉     | 31/63 [00:07<00:07,  4.32it/s, loss=0.7513, acc=69.04%, img/s=137.8, eta=0.1m]
Epoch 1/1:  51%|█████     | 32/63 [00:07<00:07,  4.33it/s, loss=0.7513, acc=69.04%, img/s=137.8, eta=0.1m]
[36m(ClientAppActor pid=32867)[0m 
Epoch 1/1:  51%|█████     | 32/63 [00:07<00:07,  4.33it/s, loss=0.7299, acc=68.66%, img/s=137.8, eta=0.1m]
Epoch 1/1:  52%|█████▏    | 33/63 [00:07<00:06,  4.32it/s, loss=0.7299, acc=68.66%, img/s=137.8, eta=0.1m]
[36m(ClientAppActor pid=32867)[0m 
Epoch 1/1:  52%|█████▏    | 33/63 [00:07<00:06,  4.32it/s, loss=0.5171, acc=68.93%, img/s=137.8, eta=0.1m]
Epoch 1/1:  54%|█████▍    | 34/63 [00:07<00:06,  4.32it/s, loss=0.5171, acc=68.93%, img/s=137.8, eta=0.1m]
[36m(ClientAppActor pid=32867)[0m 
Epoch 1/1:  54%|█████▍    | 34/63 [00:08<00:06,  4.32it/s, loss=0.6114, acc=68.93%, img/s=137.8, eta=0.1m]
Epoch 1/1:  56%|█████▌    | 35/63 [00:08<00:06,  4.31it/s, loss=0.6114, acc=68.93%, img/s=137.8, eta=0.1m]
[36m(ClientAppActor pid=32867)[0m 
Epoch 1/1:  56%|█████▌    | 35/63 [00:08<00:06,  4.31it/s, loss=0.5693, acc=69.10%, img/s=137.8, eta=0.1m]
Epoch 1/1:  57%|█████▋    | 36/63 [00:08<00:06,  4.31it/s, loss=0.5693, acc=69.10%, img/s=137.8, eta=0.1m]
[36m(ClientAppActor pid=32867)[0m 
Epoch 1/1:  57%|█████▋    | 36/63 [00:08<00:06,  4.31it/s, loss=0.6269, acc=69.00%, img/s=137.8, eta=0.1m]
Epoch 1/1:  59%|█████▊    | 37/63 [00:08<00:06,  4.31it/s, loss=0.6269, acc=69.00%, img/s=137.8, eta=0.1m]
[36m(ClientAppActor pid=32867)[0m 
Epoch 1/1:  59%|█████▊    | 37/63 [00:08<00:06,  4.31it/s, loss=0.5744, acc=69.16%, img/s=137.8, eta=0.1m]
Epoch 1/1:  60%|██████    | 38/63 [00:08<00:05,  4.30it/s, loss=0.5744, acc=69.16%, img/s=137.8, eta=0.1m]
[36m(ClientAppActor pid=32867)[0m 
Epoch 1/1:  60%|██████    | 38/63 [00:09<00:05,  4.30it/s, loss=0.6513, acc=68.99%, img/s=137.8, eta=0.1m]
Epoch 1/1:  62%|██████▏   | 39/63 [00:09<00:05,  4.30it/s, loss=0.6513, acc=68.99%, img/s=137.8, eta=0.1m]
[36m(ClientAppActor pid=32867)[0m 
Epoch 1/1:  62%|██████▏   | 39/63 [00:09<00:05,  4.30it/s, loss=0.6463, acc=68.75%, img/s=137.8, eta=0.1m]
Epoch 1/1:  63%|██████▎   | 40/63 [00:09<00:05,  4.31it/s, loss=0.6463, acc=68.75%, img/s=137.8, eta=0.1m]
[36m(ClientAppActor pid=32867)[0m 
Epoch 1/1:  63%|██████▎   | 40/63 [00:09<00:05,  4.31it/s, loss=0.6829, acc=68.29%, img/s=137.8, eta=0.1m]
Epoch 1/1:  65%|██████▌   | 41/63 [00:09<00:05,  4.31it/s, loss=0.6829, acc=68.29%, img/s=137.8, eta=0.1m]
[36m(ClientAppActor pid=32867)[0m 
Epoch 1/1:  65%|██████▌   | 41/63 [00:09<00:05,  4.31it/s, loss=0.5466, acc=68.38%, img/s=137.9, eta=0.1m]
Epoch 1/1:  67%|██████▋   | 42/63 [00:09<00:04,  4.31it/s, loss=0.5466, acc=68.38%, img/s=137.9, eta=0.1m]
[36m(ClientAppActor pid=32867)[0m 
Epoch 1/1:  67%|██████▋   | 42/63 [00:09<00:04,  4.31it/s, loss=0.6371, acc=68.10%, img/s=137.8, eta=0.1m]
Epoch 1/1:  68%|██████▊   | 43/63 [00:09<00:04,  4.30it/s, loss=0.6371, acc=68.10%, img/s=137.8, eta=0.1m]
[36m(ClientAppActor pid=32867)[0m 
Epoch 1/1:  68%|██████▊   | 43/63 [00:10<00:04,  4.30it/s, loss=0.5495, acc=68.11%, img/s=137.8, eta=0.1m]
Epoch 1/1:  70%|██████▉   | 44/63 [00:10<00:04,  4.29it/s, loss=0.5495, acc=68.11%, img/s=137.8, eta=0.1m]
[36m(ClientAppActor pid=32867)[0m 
Epoch 1/1:  70%|██████▉   | 44/63 [00:10<00:04,  4.29it/s, loss=0.6463, acc=67.99%, img/s=137.8, eta=0.1m]
Epoch 1/1:  71%|███████▏  | 45/63 [00:10<00:04,  4.30it/s, loss=0.6463, acc=67.99%, img/s=137.8, eta=0.1m]
[36m(ClientAppActor pid=32867)[0m 
Epoch 1/1:  71%|███████▏  | 45/63 [00:10<00:04,  4.30it/s, loss=0.6324, acc=67.93%, img/s=137.8, eta=0.1m]
Epoch 1/1:  73%|███████▎  | 46/63 [00:10<00:03,  4.30it/s, loss=0.6324, acc=67.93%, img/s=137.8, eta=0.1m]
[36m(ClientAppActor pid=32867)[0m 
Epoch 1/1:  73%|███████▎  | 46/63 [00:10<00:03,  4.30it/s, loss=0.6278, acc=67.95%, img/s=137.8, eta=0.1m]
Epoch 1/1:  75%|███████▍  | 47/63 [00:10<00:03,  4.30it/s, loss=0.6278, acc=67.95%, img/s=137.8, eta=0.1m]
[36m(ClientAppActor pid=32867)[0m 
Epoch 1/1:  75%|███████▍  | 47/63 [00:11<00:03,  4.30it/s, loss=0.4811, acc=68.23%, img/s=137.8, eta=0.1m]
Epoch 1/1:  76%|███████▌  | 48/63 [00:11<00:03,  4.30it/s, loss=0.4811, acc=68.23%, img/s=137.8, eta=0.1m]
[36m(ClientAppActor pid=32867)[0m 
Epoch 1/1:  76%|███████▌  | 48/63 [00:11<00:03,  4.30it/s, loss=0.7452, acc=67.98%, img/s=137.8, eta=0.1m]
Epoch 1/1:  78%|███████▊  | 49/63 [00:11<00:03,  4.30it/s, loss=0.7452, acc=67.98%, img/s=137.8, eta=0.1m]
[36m(ClientAppActor pid=32867)[0m 
Epoch 1/1:  78%|███████▊  | 49/63 [00:11<00:03,  4.30it/s, loss=0.5034, acc=68.19%, img/s=137.8, eta=0.1m]
Epoch 1/1:  79%|███████▉  | 50/63 [00:11<00:03,  4.30it/s, loss=0.5034, acc=68.19%, img/s=137.8, eta=0.1m]
[36m(ClientAppActor pid=32867)[0m 
Epoch 1/1:  79%|███████▉  | 50/63 [00:11<00:03,  4.30it/s, loss=0.7517, acc=68.01%, img/s=137.8, eta=0.0m]
Epoch 1/1:  81%|████████  | 51/63 [00:11<00:02,  4.29it/s, loss=0.7517, acc=68.01%, img/s=137.8, eta=0.0m]
[36m(ClientAppActor pid=32867)[0m 
Epoch 1/1:  81%|████████  | 51/63 [00:12<00:02,  4.29it/s, loss=0.7683, acc=67.55%, img/s=137.8, eta=0.0m]
Epoch 1/1:  83%|████████▎ | 52/63 [00:12<00:02,  4.29it/s, loss=0.7683, acc=67.55%, img/s=137.8, eta=0.0m]
[36m(ClientAppActor pid=32867)[0m 
Epoch 1/1:  83%|████████▎ | 52/63 [00:12<00:02,  4.29it/s, loss=0.6087, acc=67.57%, img/s=137.8, eta=0.0m]
Epoch 1/1:  84%|████████▍ | 53/63 [00:12<00:02,  4.31it/s, loss=0.6087, acc=67.57%, img/s=137.8, eta=0.0m]
[36m(ClientAppActor pid=32867)[0m 
Epoch 1/1:  84%|████████▍ | 53/63 [00:12<00:02,  4.31it/s, loss=0.6320, acc=67.53%, img/s=137.8, eta=0.0m]
Epoch 1/1:  86%|████████▌ | 54/63 [00:12<00:02,  4.30it/s, loss=0.6320, acc=67.53%, img/s=137.8, eta=0.0m]
[36m(ClientAppActor pid=32867)[0m 
Epoch 1/1:  86%|████████▌ | 54/63 [00:12<00:02,  4.30it/s, loss=0.6208, acc=67.67%, img/s=137.7, eta=0.0m]
Epoch 1/1:  87%|████████▋ | 55/63 [00:12<00:01,  4.29it/s, loss=0.6208, acc=67.67%, img/s=137.7, eta=0.0m]
[36m(ClientAppActor pid=32867)[0m 
Epoch 1/1:  87%|████████▋ | 55/63 [00:13<00:01,  4.29it/s, loss=0.5661, acc=67.75%, img/s=137.8, eta=0.0m]
Epoch 1/1:  89%|████████▉ | 56/63 [00:13<00:01,  4.29it/s, loss=0.5661, acc=67.75%, img/s=137.8, eta=0.0m]
[36m(ClientAppActor pid=32867)[0m 
Epoch 1/1:  89%|████████▉ | 56/63 [00:13<00:01,  4.29it/s, loss=0.5786, acc=67.87%, img/s=137.8, eta=0.0m]
Epoch 1/1:  90%|█████████ | 57/63 [00:13<00:01,  4.30it/s, loss=0.5786, acc=67.87%, img/s=137.8, eta=0.0m]
[36m(ClientAppActor pid=32867)[0m 
Epoch 1/1:  90%|█████████ | 57/63 [00:13<00:01,  4.30it/s, loss=0.8100, acc=67.51%, img/s=137.8, eta=0.0m]
Epoch 1/1:  92%|█████████▏| 58/63 [00:13<00:01,  4.30it/s, loss=0.8100, acc=67.51%, img/s=137.8, eta=0.0m]
[36m(ClientAppActor pid=32867)[0m 
Epoch 1/1:  92%|█████████▏| 58/63 [00:13<00:01,  4.30it/s, loss=0.6424, acc=67.48%, img/s=137.7, eta=0.0m]
Epoch 1/1:  94%|█████████▎| 59/63 [00:13<00:00,  4.28it/s, loss=0.6424, acc=67.48%, img/s=137.7, eta=0.0m]
[36m(ClientAppActor pid=32867)[0m 
Epoch 1/1:  94%|█████████▎| 59/63 [00:13<00:00,  4.28it/s, loss=0.6993, acc=67.40%, img/s=137.7, eta=0.0m]
Epoch 1/1:  95%|█████████▌| 60/63 [00:13<00:00,  4.30it/s, loss=0.6993, acc=67.40%, img/s=137.7, eta=0.0m]
[36m(ClientAppActor pid=32867)[0m 
Epoch 1/1:  95%|█████████▌| 60/63 [00:14<00:00,  4.30it/s, loss=0.5741, acc=67.47%, img/s=137.7, eta=0.0m]
Epoch 1/1:  97%|█████████▋| 61/63 [00:14<00:00,  4.29it/s, loss=0.5741, acc=67.47%, img/s=137.7, eta=0.0m]
[36m(ClientAppActor pid=32867)[0m 
Epoch 1/1:  97%|█████████▋| 61/63 [00:14<00:00,  4.29it/s, loss=0.5596, acc=67.59%, img/s=137.7, eta=0.0m]
Epoch 1/1:  98%|█████████▊| 62/63 [00:14<00:00,  4.29it/s, loss=0.5596, acc=67.59%, img/s=137.7, eta=0.0m]
[36m(ClientAppActor pid=32867)[0m 
Epoch 1/1:  98%|█████████▊| 62/63 [00:14<00:00,  4.29it/s, loss=0.5623, acc=67.60%, img/s=69.3, eta=0.0m] 
Epoch 1/1: 100%|██████████| 63/63 [00:14<00:00,  4.87it/s, loss=0.5623, acc=67.60%, img/s=69.3, eta=0.0m]
Epoch 1/1: 100%|██████████| 63/63 [00:14<00:00,  4.33it/s, loss=0.5623, acc=67.60%, img/s=69.3, eta=0.0m]
[92mINFO [0m:      aggregate_fit: received 5 results and 0 failures
[92mINFO [0m:      configure_evaluate: strategy sampled 5 clients (out of 5)
[36m(ClientAppActor pid=32867)[0m 
Testing:   0%|          | 0/4 [00:00<?, ?it/s]
[36m(ClientAppActor pid=32867)[0m 
Testing:  25%|██▌       | 1/4 [00:00<00:00,  6.92it/s]
[36m(ClientAppActor pid=32867)[0m 
Testing:  50%|█████     | 2/4 [00:00<00:00,  7.09it/s]
[36m(ClientAppActor pid=32867)[0m 
Testing:  75%|███████▌  | 3/4 [00:00<00:00,  7.15it/s]
[36m(ClientAppActor pid=32867)[0m 
Testing: 100%|██████████| 4/4 [00:00<00:00,  9.00it/s]
[36m(ClientAppActor pid=32867)[0m 
Testing:   0%|          | 0/4 [00:00<?, ?it/s]
[36m(ClientAppActor pid=32867)[0m Epoch 1 Complete
[36m(ClientAppActor pid=32867)[0m Average Loss : 0.6090
[36m(ClientAppActor pid=32867)[0m Accuracy     : 67.45%
[36m(ClientAppActor pid=32867)[0m Time         : 14.54s
[36m(ClientAppActor pid=32867)[0m Images       : 2000
[36m(ClientAppActor pid=32867)[0m Images/sec   : 137.52
[36m(ClientAppActor pid=32867)[0m GPU Allocated: 1.82 GB
[36m(ClientAppActor pid=32867)[0m GPU Reserved : 3.86 GB
[36m(ClientAppActor pid=32867)[0m ==================================================
[36m(ClientAppActor pid=32867)[0m END classifier norm: 13.067429542541504
[36m(ClientAppActor pid=32867)[0m Client 3 finished training
[36m(ClientAppActor pid=32867)[0m Client 3 extracting parameters...
[36m(ClientAppActor pid=32867)[0m Client 3 parameter extraction complete
[36m(ClientAppActor pid=32867)[0m Client 3 returning results
[36m(ClientAppActor pid=32867)[0m Client 1 using cuda
[36m(ClientAppActor pid=32867)[0m {'fake': 0, 'real': 1}
[36m(ClientAppActor pid=32867)[0m [DEBUG MODE] Train=2000, Val=100, Test=100
[36m(ClientAppActor pid=32867)[0m 
[36m(ClientAppActor pid=32867)[0m Client 1 Class Distribution
[36m(ClientAppActor pid=32867)[0m Train: Counter({1: 1011, 0: 989})
[36m(ClientAppActor pid=32867)[0m Val  : Counter({0: 55, 1: 45})
[36m(ClientAppActor pid=32867)[0m Test : Counter({0: 53, 1: 47})
[36m(ClientAppActor pid=32867)[0m Client 1
[36m(ClientAppActor pid=32867)[0m Train Images: 2000
[36m(ClientAppActor pid=32867)[0m Test Images : 100
[36m(ClientAppActor pid=32867)[0m Validate Images : 100
[36m(ClientAppActor pid=32867)[0m Client 1 starting fit...
[36m(ClientAppActor pid=32867)[0m Client 1 received class memories
[36m(ClientAppActor pid=32867)[0m Real memory norm=0.8985
[36m(ClientAppActor pid=32867)[0m Fake memory norm=0.8973
[36m(ClientAppActor pid=32867)[0m Client 1 starting training...
[36m(ClientAppActor pid=32867)[0m START classifier norm: 13.063898086547852
[36m(ClientAppActor pid=32867)[0m Artifact bias shape: torch.Size([32, 8, 197, 197])
[36m(ClientAppActor pid=32867)[0m 
[36m(ClientAppActor pid=32867)[0m Batch 0/63
[36m(ClientAppActor pid=32867)[0m GPU Allocated: 1.83 GB
[36m(ClientAppActor pid=32867)[0m GPU Reserved : 3.86 GB
[36m(ClientAppActor pid=32867)[0m 
[36m(ClientAppActor pid=32867)[0m ==================================================
[36m(ClientAppActor pid=32867)[0m Epoch 1 Complete
[36m(ClientAppActor pid=32867)[0m Average Loss : 0.6245
[36m(ClientAppActor pid=32867)[0m Accuracy     : 64.90%
[36m(ClientAppActor pid=32867)[0m Time         : 14.50s
[36m(ClientAppActor pid=32867)[0m Images       : 2000
[36m(ClientAppActor pid=32867)[0m Images/sec   : 137.92
[36m(ClientAppActor pid=32867)[0m GPU Allocated: 1.82 GB
[36m(ClientAppActor pid=32867)[0m GPU Reserved : 3.86 GB
[36m(ClientAppActor pid=32867)[0m ==================================================
[36m(ClientAppActor pid=32867)[0m END classifier norm: 13.067768096923828
[36m(ClientAppActor pid=32867)[0m Client 1 finished training
[36m(ClientAppActor pid=32867)[0m Client 1 extracting parameters...
[36m(ClientAppActor pid=32867)[0m Client 1 parameter extraction complete
[36m(ClientAppActor pid=32867)[0m Client 1 returning results
[36m(ClientAppActor pid=32867)[0m Client 4 using cuda
[36m(ClientAppActor pid=32867)[0m {'fake': 0, 'real': 1}
[36m(ClientAppActor pid=32867)[0m [DEBUG MODE] Train=2000, Val=100, Test=100
[36m(ClientAppActor pid=32867)[0m 
[36m(ClientAppActor pid=32867)[0m Client 4 Class Distribution
[36m(ClientAppActor pid=32867)[0m Train: Counter({0: 1013, 1: 987})
[36m(ClientAppActor pid=32867)[0m Val  : Counter({0: 56, 1: 44})
[36m(ClientAppActor pid=32867)[0m Test : Counter({1: 53, 0: 47})
[36m(ClientAppActor pid=32867)[0m Client 4
[36m(ClientAppActor pid=32867)[0m Train Images: 2000
[36m(ClientAppActor pid=32867)[0m Test Images : 100
[36m(ClientAppActor pid=32867)[0m Validate Images : 100
[36m(ClientAppActor pid=32867)[0m Client 4 starting fit...
[36m(ClientAppActor pid=32867)[0m Client 4 received class memories
[36m(ClientAppActor pid=32867)[0m Real memory norm=0.8985
[36m(ClientAppActor pid=32867)[0m Fake memory norm=0.8973
[36m(ClientAppActor pid=32867)[0m Client 4 starting training...
[36m(ClientAppActor pid=32867)[0m START classifier norm: 13.063898086547852
[36m(ClientAppActor pid=32867)[0m Artifact bias shape: torch.Size([32, 8, 197, 197])
[36m(ClientAppActor pid=32867)[0m 
[36m(ClientAppActor pid=32867)[0m Batch 0/63
[36m(ClientAppActor pid=32867)[0m GPU Allocated: 1.83 GB
[36m(ClientAppActor pid=32867)[0m GPU Reserved : 3.86 GB
[36m(ClientAppActor pid=32867)[0m 
[36m(ClientAppActor pid=32867)[0m ==================================================
[36m(ClientAppActor pid=32867)[0m Epoch 1 Complete
[36m(ClientAppActor pid=32867)[0m Average Loss : 0.6141
[36m(ClientAppActor pid=32867)[0m Accuracy     : 67.60%
[36m(ClientAppActor pid=32867)[0m Time         : 14.55s
[36m(ClientAppActor pid=32867)[0m Images       : 2000
[36m(ClientAppActor pid=32867)[0m Images/sec   : 137.48
[36m(ClientAppActor pid=32867)[0m GPU Allocated: 1.82 GB
[36m(ClientAppActor pid=32867)[0m GPU Reserved : 3.86 GB
[36m(ClientAppActor pid=32867)[0m ==================================================
[36m(ClientAppActor pid=32867)[0m END classifier norm: 13.066115379333496
[36m(ClientAppActor pid=32867)[0m Client 4 finished training
[36m(ClientAppActor pid=32867)[0m Client 4 extracting parameters...
[36m(ClientAppActor pid=32867)[0m Client 4 parameter extraction complete
[36m(ClientAppActor pid=32867)[0m Client 4 returning results

FAFT Round 5: results=5, failures=0

Round 5 Prototype Aggregated

Real memory norm = 0.8899
Fake memory norm = 0.8939
Saved: saved_models/global_model_round_5.pth
Round 5: model saved successfully
Broadcasting 205 tensors (203 weights + memory)
[36m(ClientAppActor pid=32867)[0m Client 1 using cuda
[36m(ClientAppActor pid=32867)[0m {'fake': 0, 'real': 1}
[36m(ClientAppActor pid=32867)[0m [DEBUG MODE] Train=2000, Val=100, Test=100
[36m(ClientAppActor pid=32867)[0m 
[36m(ClientAppActor pid=32867)[0m Client 1 Class Distribution
[36m(ClientAppActor pid=32867)[0m Train: Counter({1: 1011, 0: 989})
[36m(ClientAppActor pid=32867)[0m Val  : Counter({0: 55, 1: 45})
[36m(ClientAppActor pid=32867)[0m Test : Counter({0: 53, 1: 47})
[36m(ClientAppActor pid=32867)[0m Client 1
[36m(ClientAppActor pid=32867)[0m Train Images: 2000
[36m(ClientAppActor pid=32867)[0m Test Images : 100
[36m(ClientAppActor pid=32867)[0m Validate Images : 100
[36m(ClientAppActor pid=32867)[0m 
[36m(ClientAppActor pid=32867)[0m CLIENT 1 STARTING EVALUATION
[36m(ClientAppActor pid=32867)[0m Client 1 received class memories
[36m(ClientAppActor pid=32867)[0m Real memory norm=0.8899
[36m(ClientAppActor pid=32867)[0m Fake memory norm=0.8939
[36m(ClientAppActor pid=32867)[0m Artifact bias shape: torch.Size([32, 8, 197, 197])
[36m(ClientAppActor pid=32867)[0m Accuracy: 0.7100
[36m(ClientAppActor pid=32867)[0m 
[36m(ClientAppActor pid=32867)[0m CLIENT 1 EVALUATION COMPLETE
[36m(ClientAppActor pid=32867)[0m Client 2 using cuda
[36m(ClientAppActor pid=32867)[0m {'fake': 0, 'real': 1}
[36m(ClientAppActor pid=32867)[0m [DEBUG MODE] Train=2000, Val=100, Test=100
[36m(ClientAppActor pid=32867)[0m 
[36m(ClientAppActor pid=32867)[0m Client 2 Class Distribution
[36m(ClientAppActor pid=32867)[0m Train: Counter({0: 1012, 1: 988})
[36m(ClientAppActor pid=32867)[0m Val  : Counter({0: 60, 1: 40})
[36m(ClientAppActor pid=32867)[0m Test : Counter({0: 51, 1: 49})
[36m(ClientAppActor pid=32867)[0m Client 2
[36m(ClientAppActor pid=32867)[0m Train Images: 2000
[36m(ClientAppActor pid=32867)[0m Test Images : 100
[36m(ClientAppActor pid=32867)[0m Validate Images : 100
[36m(ClientAppActor pid=32867)[0m 
[36m(ClientAppActor pid=32867)[0m CLIENT 2 STARTING EVALUATION
[36m(ClientAppActor pid=32867)[0m Client 2 received class memories
[36m(ClientAppActor pid=32867)[0m Real memory norm=0.8899
[36m(ClientAppActor pid=32867)[0m 
Testing:  25%|██▌       | 1/4 [00:00<00:00,  7.23it/s]
[36m(ClientAppActor pid=32867)[0m 
Testing:  50%|█████     | 2/4 [00:00<00:00,  7.19it/s]
[36m(ClientAppActor pid=32867)[0m 
Testing:  75%|███████▌  | 3/4 [00:00<00:00,  7.19it/s]
Testing: 100%|██████████| 4/4 [00:00<00:00,  9.10it/s]
[36m(ClientAppActor pid=32867)[0m 
Testing:   0%|          | 0/4 [00:00<?, ?it/s]
[36m(ClientAppActor pid=32867)[0m 
Testing:  25%|██▌       | 1/4 [00:00<00:00,  7.24it/s]
[36m(ClientAppActor pid=32867)[0m 
Testing:  50%|█████     | 2/4 [00:00<00:00,  7.18it/s]
[36m(ClientAppActor pid=32867)[0m 
Testing:  75%|███████▌  | 3/4 [00:00<00:00,  7.18it/s]
Testing: 100%|██████████| 4/4 [00:00<00:00,  9.09it/s]
[36m(ClientAppActor pid=32867)[0m 
Testing:   0%|          | 0/4 [00:00<?, ?it/s]
[36m(ClientAppActor pid=32867)[0m 
Testing:  25%|██▌       | 1/4 [00:00<00:00,  7.12it/s]
[36m(ClientAppActor pid=32867)[0m 
Testing:  50%|█████     | 2/4 [00:00<00:00,  7.16it/s]
[36m(ClientAppActor pid=32867)[0m 
Testing:  75%|███████▌  | 3/4 [00:00<00:00,  7.16it/s]
Testing: 100%|██████████| 4/4 [00:00<00:00,  9.05it/s]
[36m(ClientAppActor pid=32867)[0m 
Testing:   0%|          | 0/4 [00:00<?, ?it/s]
[36m(ClientAppActor pid=32867)[0m 
Testing:  25%|██▌       | 1/4 [00:00<00:00,  7.15it/s]
[36m(ClientAppActor pid=32867)[0m 
Testing:  50%|█████     | 2/4 [00:00<00:00,  7.16it/s]
[36m(ClientAppActor pid=32867)[0m 
Testing:  75%|███████▌  | 3/4 [00:00<00:00,  7.16it/s]
[92mINFO [0m:      aggregate_evaluate: received 5 results and 0 failures
[36m(ClientAppActor pid=32867)[0m 
Testing: 100%|██████████| 4/4 [00:00<00:00,  9.05it/s]
[92mINFO [0m:      
[92mINFO [0m:      [SUMMARY]
[92mINFO [0m:      Run finished 5 round(s) in 591.74s
[92mINFO [0m:      	History (loss, distributed):
[92mINFO [0m:      		round 1: 2.7771496891975405
[92mINFO [0m:      		round 2: 2.7743479728698732
[92mINFO [0m:      		round 3: 2.7386035203933714
[92mINFO [0m:      		round 4: 2.411998212337494
[92mINFO [0m:      		round 5: 2.342106378078461
[92mINFO [0m:      	History (metrics, distributed, fit):
[92mINFO [0m:      	{'fake_memory_norm': [(1, 0.9050031306126436),
[92mINFO [0m:      	                      (2, 0.90427597633304),
[92mINFO [0m:      	                      (3, 0.9017230092029475),
[92mINFO [0m:      	                      (4, 0.8973339383162396),
[92mINFO [0m:      	                      (5, 0.8938762427916364)],
[92mINFO [0m:      	 'real_memory_norm': [(1, 0.9116701852830278),
[92mINFO [0m:      	                      (2, 0.9099767684169311),
[92mINFO [0m:      	                      (3, 0.9055896073042196),
[92mINFO [0m:      	                      (4, 0.8984503729190331),
[92mINFO [0m:      	                      (5, 0.889905204139402)]}
[92mINFO [0m:      	History (metrics, distributed, evaluate):
[92mINFO [0m:      	{'accuracy': [(1, 0.504), (2, 0.504), (3, 0.612), (4, 0.676), (5, 0.688)]}
[92mINFO [0m:      
[36m(ClientAppActor pid=32867)[0m Fake memory norm=0.8939
[36m(ClientAppActor pid=32867)[0m Artifact bias shape: torch.Size([32, 8, 197, 197])
[36m(ClientAppActor pid=32867)[0m Accuracy: 0.6400
[36m(ClientAppActor pid=32867)[0m 
[36m(ClientAppActor pid=32867)[0m CLIENT 2 EVALUATION COMPLETE
[36m(ClientAppActor pid=32867)[0m Client 3 using cuda
[36m(ClientAppActor pid=32867)[0m {'fake': 0, 'real': 1}
[36m(ClientAppActor pid=32867)[0m [DEBUG MODE] Train=2000, Val=100, Test=100
[36m(ClientAppActor pid=32867)[0m 
[36m(ClientAppActor pid=32867)[0m Client 3 Class Distribution
[36m(ClientAppActor pid=32867)[0m Train: Counter({1: 1024, 0: 976})
[36m(ClientAppActor pid=32867)[0m Val  : Counter({1: 54, 0: 46})
[36m(ClientAppActor pid=32867)[0m Test : Counter({1: 50, 0: 50})
[36m(ClientAppActor pid=32867)[0m Client 3
[36m(ClientAppActor pid=32867)[0m Train Images: 2000
[36m(ClientAppActor pid=32867)[0m Test Images : 100
[36m(ClientAppActor pid=32867)[0m Validate Images : 100
[36m(ClientAppActor pid=32867)[0m 
[36m(ClientAppActor pid=32867)[0m CLIENT 3 STARTING EVALUATION
[36m(ClientAppActor pid=32867)[0m Client 3 received class memories
[36m(ClientAppActor pid=32867)[0m Real memory norm=0.8899
[36m(ClientAppActor pid=32867)[0m Fake memory norm=0.8939
[36m(ClientAppActor pid=32867)[0m Artifact bias shape: torch.Size([32, 8, 197, 197])
[36m(ClientAppActor pid=32867)[0m Accuracy: 0.6500
[36m(ClientAppActor pid=32867)[0m 
[36m(ClientAppActor pid=32867)[0m CLIENT 3 EVALUATION COMPLETE
[36m(ClientAppActor pid=32867)[0m Client 5 using cuda
[36m(ClientAppActor pid=32867)[0m {'fake': 0, 'real': 1}
[36m(ClientAppActor pid=32867)[0m [DEBUG MODE] Train=2000, Val=100, Test=100
[36m(ClientAppActor pid=32867)[0m 
[36m(ClientAppActor pid=32867)[0m Client 5 Class Distribution
[36m(ClientAppActor pid=32867)[0m Train: Counter({0: 1014, 1: 986})
[36m(ClientAppActor pid=32867)[0m Val  : Counter({0: 56, 1: 44})
[36m(ClientAppActor pid=32867)[0m Test : Counter({0: 51, 1: 49})
[36m(ClientAppActor pid=32867)[0m Client 5
[36m(ClientAppActor pid=32867)[0m Train Images: 2000
[36m(ClientAppActor pid=32867)[0m Test Images : 100
[36m(ClientAppActor pid=32867)[0m Validate Images : 100
[36m(ClientAppActor pid=32867)[0m 
[36m(ClientAppActor pid=32867)[0m CLIENT 5 STARTING EVALUATION
[36m(ClientAppActor pid=32867)[0m Client 5 received class memories
[36m(ClientAppActor pid=32867)[0m Real memory norm=0.8899
[36m(ClientAppActor pid=32867)[0m Fake memory norm=0.8939
[36m(ClientAppActor pid=32867)[0m Artifact bias shape: torch.Size([32, 8, 197, 197])
[36m(ClientAppActor pid=32867)[0m Accuracy: 0.7200
[36m(ClientAppActor pid=32867)[0m 
[36m(ClientAppActor pid=32867)[0m CLIENT 5 EVALUATION COMPLETE
[36m(ClientAppActor pid=32867)[0m Client 4 using cuda
[36m(ClientAppActor pid=32867)[0m {'fake': 0, 'real': 1}
[36m(ClientAppActor pid=32867)[0m [DEBUG MODE] Train=2000, Val=100, Test=100
[36m(ClientAppActor pid=32867)[0m 
[36m(ClientAppActor pid=32867)[0m Client 4 Class Distribution
[36m(ClientAppActor pid=32867)[0m Train: Counter({0: 1013, 1: 987})
[36m(ClientAppActor pid=32867)[0m Val  : Counter({0: 56, 1: 44})
[36m(ClientAppActor pid=32867)[0m Test : Counter({1: 53, 0: 47})
[36m(ClientAppActor pid=32867)[0m Client 4
[36m(ClientAppActor pid=32867)[0m Train Images: 2000
[36m(ClientAppActor pid=32867)[0m Test Images : 100
[36m(ClientAppActor pid=32867)[0m Validate Images : 100
[36m(ClientAppActor pid=32867)[0m 
[36m(ClientAppActor pid=32867)[0m CLIENT 4 STARTING EVALUATION
[36m(ClientAppActor pid=32867)[0m Client 4 received class memories
[36m(ClientAppActor pid=32867)[0m Real memory norm=0.8899
[36m(ClientAppActor pid=32867)[0m Fake memory norm=0.8939
[36m(ClientAppActor pid=32867)[0m Artifact bias shape: torch.Size([32, 8, 197, 197])
[36m(ClientAppActor pid=32867)[0m Accuracy: 0.7200
[36m(ClientAppActor pid=32867)[0m 
[36m(ClientAppActor pid=32867)[0m CLIENT 4 EVALUATION COMPLETE
