
================================================================================
TRAINING ATTEMPT 1/999999
================================================================================
Loading project configuration... 
Success
[92mINFO [0m:      Starting Flower ServerApp, config: num_rounds=5, no round_timeout
[92mINFO [0m:      
[92mINFO [0m:      [INIT]
[92mINFO [0m:      Requesting initial parameters from one random client
[92mINFO [0m:      Received initial parameters from one random client
[92mINFO [0m:      Starting evaluation of initial global parameters
[92mINFO [0m:      Evaluation returned no results (`None`)
[92mINFO [0m:      
[92mINFO [0m:      [ROUND 1]
[92mINFO [0m:      configure_fit: strategy sampled 5 clients (out of 5)
[36m(ClientAppActor pid=9750)[0m 
Epoch 1/1:   0%|          | 0/63 [00:00<?, ?it/s]
[36m(ClientAppActor pid=9750)[0m 
Epoch 1/1:   0%|          | 0/63 [00:06<?, ?it/s, loss=0.7023, acc=53.12%, img/s=4.9, eta=6.8m]
Epoch 1/1:   2%|▏         | 1/63 [00:06<06:45,  6.55s/it, loss=0.7023, acc=53.12%, img/s=4.9, eta=6.8m]
[36m(ClientAppActor pid=9750)[0m 
Epoch 1/1:   2%|▏         | 1/63 [00:06<06:45,  6.55s/it, loss=0.7212, acc=56.25%, img/s=9.2, eta=3.6m]
Epoch 1/1:   3%|▎         | 2/63 [00:06<03:00,  2.96s/it, loss=0.7212, acc=56.25%, img/s=9.2, eta=3.6m]
[36m(ClientAppActor pid=9750)[0m 
Epoch 1/1:   3%|▎         | 2/63 [00:07<03:00,  2.96s/it, loss=0.5095, acc=61.46%, img/s=13.0, eta=2.5m]
Epoch 1/1:   5%|▍         | 3/63 [00:07<01:47,  1.80s/it, loss=0.5095, acc=61.46%, img/s=13.0, eta=2.5m]
[36m(ClientAppActor pid=9750)[0m 
Epoch 1/1:   5%|▍         | 3/63 [00:07<01:47,  1.80s/it, loss=0.5067, acc=64.84%, img/s=16.3, eta=1.9m]
Epoch 1/1:   6%|▋         | 4/63 [00:07<01:14,  1.27s/it, loss=0.5067, acc=64.84%, img/s=16.3, eta=1.9m]
[36m(ClientAppActor pid=9750)[0m 
Epoch 1/1:   6%|▋         | 4/63 [00:08<01:14,  1.27s/it, loss=0.6177, acc=65.00%, img/s=19.3, eta=1.6m]
Epoch 1/1:   8%|▊         | 5/63 [00:08<00:55,  1.04it/s, loss=0.6177, acc=65.00%, img/s=19.3, eta=1.6m]
[36m(ClientAppActor pid=9750)[0m 
Epoch 1/1:   8%|▊         | 5/63 [00:08<00:55,  1.04it/s, loss=0.6749, acc=66.67%, img/s=22.3, eta=1.4m]
Epoch 1/1:  10%|▉         | 6/63 [00:08<00:42,  1.35it/s, loss=0.6749, acc=66.67%, img/s=22.3, eta=1.4m]
[36m(ClientAppActor pid=9750)[0m 
Epoch 1/1:  10%|▉         | 6/63 [00:08<00:42,  1.35it/s, loss=0.9781, acc=63.39%, img/s=25.1, eta=1.2m]
Epoch 1/1:  11%|█         | 7/63 [00:08<00:34,  1.64it/s, loss=0.9781, acc=63.39%, img/s=25.1, eta=1.2m]
[36m(ClientAppActor pid=9750)[0m 
Epoch 1/1:  11%|█         | 7/63 [00:09<00:34,  1.64it/s, loss=0.9172, acc=61.72%, img/s=27.5, eta=1.1m]
Epoch 1/1:  13%|█▎        | 8/63 [00:09<00:29,  1.86it/s, loss=0.9172, acc=61.72%, img/s=27.5, eta=1.1m]
[36m(ClientAppActor pid=9750)[0m 
Epoch 1/1:  13%|█▎        | 8/63 [00:09<00:29,  1.86it/s, loss=0.7926, acc=59.72%, img/s=29.9, eta=1.0m]
Epoch 1/1:  14%|█▍        | 9/63 [00:09<00:25,  2.13it/s, loss=0.7926, acc=59.72%, img/s=29.9, eta=1.0m]
[36m(ClientAppActor pid=9750)[0m 
Epoch 1/1:  14%|█▍        | 9/63 [00:10<00:25,  2.13it/s, loss=0.8089, acc=57.19%, img/s=31.8, eta=0.9m]
Epoch 1/1:  16%|█▌        | 10/63 [00:10<00:24,  2.18it/s, loss=0.8089, acc=57.19%, img/s=31.8, eta=0.9m]
[36m(ClientAppActor pid=9750)[0m 
Epoch 1/1:  16%|█▌        | 10/63 [00:10<00:24,  2.18it/s, loss=0.7464, acc=55.40%, img/s=33.7, eta=0.8m]
Epoch 1/1:  17%|█▋        | 11/63 [00:10<00:22,  2.29it/s, loss=0.7464, acc=55.40%, img/s=33.7, eta=0.8m]
[36m(ClientAppActor pid=9750)[0m 
Epoch 1/1:  17%|█▋        | 11/63 [00:10<00:22,  2.29it/s, loss=0.7457, acc=55.21%, img/s=35.4, eta=0.8m]
Epoch 1/1:  19%|█▉        | 12/63 [00:10<00:21,  2.39it/s, loss=0.7457, acc=55.21%, img/s=35.4, eta=0.8m]
[36m(ClientAppActor pid=9750)[0m 
Epoch 1/1:  19%|█▉        | 12/63 [00:11<00:21,  2.39it/s, loss=0.6865, acc=55.77%, img/s=37.2, eta=0.7m]
Epoch 1/1:  21%|██        | 13/63 [00:11<00:20,  2.49it/s, loss=0.6865, acc=55.77%, img/s=37.2, eta=0.7m]
[36m(ClientAppActor pid=9750)[0m 
Epoch 1/1:  21%|██        | 13/63 [00:11<00:20,  2.49it/s, loss=0.7366, acc=55.80%, img/s=38.8, eta=0.7m]
Epoch 1/1:  22%|██▏       | 14/63 [00:11<00:18,  2.62it/s, loss=0.7366, acc=55.80%, img/s=38.8, eta=0.7m]
[36m(ClientAppActor pid=9750)[0m 
Epoch 1/1:  22%|██▏       | 14/63 [00:11<00:18,  2.62it/s, loss=0.6757, acc=56.25%, img/s=40.2, eta=0.6m]
Epoch 1/1:  24%|██▍       | 15/63 [00:11<00:18,  2.59it/s, loss=0.6757, acc=56.25%, img/s=40.2, eta=0.6m]
[36m(ClientAppActor pid=9750)[0m 
Epoch 1/1:  24%|██▍       | 15/63 [00:12<00:18,  2.59it/s, loss=0.7839, acc=55.47%, img/s=41.6, eta=0.6m]
Epoch 1/1:  25%|██▌       | 16/63 [00:12<00:17,  2.63it/s, loss=0.7839, acc=55.47%, img/s=41.6, eta=0.6m]
[36m(ClientAppActor pid=9750)[0m 
Epoch 1/1:  25%|██▌       | 16/63 [00:12<00:17,  2.63it/s, loss=0.6817, acc=55.51%, img/s=43.0, eta=0.6m]
Epoch 1/1:  27%|██▋       | 17/63 [00:12<00:16,  2.71it/s, loss=0.6817, acc=55.51%, img/s=43.0, eta=0.6m]
[36m(ClientAppActor pid=9750)[0m 
Epoch 1/1:  27%|██▋       | 17/63 [00:13<00:16,  2.71it/s, loss=0.6643, acc=55.90%, img/s=44.2, eta=0.5m]
Epoch 1/1:  29%|██▊       | 18/63 [00:13<00:16,  2.69it/s, loss=0.6643, acc=55.90%, img/s=44.2, eta=0.5m]
[36m(ClientAppActor pid=9750)[0m 
Epoch 1/1:  29%|██▊       | 18/63 [00:13<00:16,  2.69it/s, loss=0.6764, acc=56.09%, img/s=45.3, eta=0.5m]
Epoch 1/1:  30%|███       | 19/63 [00:13<00:16,  2.63it/s, loss=0.6764, acc=56.09%, img/s=45.3, eta=0.5m]
[36m(ClientAppActor pid=9750)[0m 
Epoch 1/1:  30%|███       | 19/63 [00:14<00:16,  2.63it/s, loss=0.6549, acc=56.41%, img/s=44.6, eta=0.5m]
Epoch 1/1:  32%|███▏      | 20/63 [00:14<00:23,  1.82it/s, loss=0.6549, acc=56.41%, img/s=44.6, eta=0.5m]
[36m(ClientAppActor pid=9750)[0m 
Epoch 1/1:  32%|███▏      | 20/63 [00:14<00:23,  1.82it/s, loss=0.6334, acc=57.14%, img/s=45.4, eta=0.5m]
Epoch 1/1:  33%|███▎      | 21/63 [00:14<00:21,  1.95it/s, loss=0.6334, acc=57.14%, img/s=45.4, eta=0.5m]
[36m(ClientAppActor pid=9750)[0m 
Epoch 1/1:  33%|███▎      | 21/63 [00:15<00:21,  1.95it/s, loss=0.6707, acc=57.67%, img/s=46.5, eta=0.5m]
Epoch 1/1:  35%|███▍      | 22/63 [00:15<00:19,  2.14it/s, loss=0.6707, acc=57.67%, img/s=46.5, eta=0.5m]
[36m(ClientAppActor pid=9750)[0m 
Epoch 1/1:  35%|███▍      | 22/63 [00:15<00:19,  2.14it/s, loss=0.6107, acc=58.02%, img/s=47.4, eta=0.5m]
Epoch 1/1:  37%|███▋      | 23/63 [00:15<00:17,  2.26it/s, loss=0.6107, acc=58.02%, img/s=47.4, eta=0.5m]
[36m(ClientAppActor pid=9750)[0m 
Epoch 1/1:  37%|███▋      | 23/63 [00:15<00:17,  2.26it/s, loss=0.7367, acc=57.81%, img/s=48.3, eta=0.4m]
Epoch 1/1:  38%|███▊      | 24/63 [00:15<00:16,  2.41it/s, loss=0.7367, acc=57.81%, img/s=48.3, eta=0.4m]
[36m(ClientAppActor pid=9750)[0m 
Epoch 1/1:  38%|███▊      | 24/63 [00:16<00:16,  2.41it/s, loss=0.6660, acc=57.75%, img/s=49.2, eta=0.4m]
Epoch 1/1:  40%|███▉      | 25/63 [00:16<00:15,  2.51it/s, loss=0.6660, acc=57.75%, img/s=49.2, eta=0.4m]
[36m(ClientAppActor pid=9750)[0m 
Epoch 1/1:  40%|███▉      | 25/63 [00:16<00:15,  2.51it/s, loss=0.7008, acc=57.93%, img/s=50.0, eta=0.4m]
Epoch 1/1:  41%|████▏     | 26/63 [00:16<00:14,  2.52it/s, loss=0.7008, acc=57.93%, img/s=50.0, eta=0.4m]
[36m(ClientAppActor pid=9750)[0m 
Epoch 1/1:  41%|████▏     | 26/63 [00:16<00:14,  2.52it/s, loss=0.7813, acc=57.64%, img/s=50.9, eta=0.4m]
Epoch 1/1:  43%|████▎     | 27/63 [00:16<00:13,  2.61it/s, loss=0.7813, acc=57.64%, img/s=50.9, eta=0.4m]
[36m(ClientAppActor pid=9750)[0m 
Epoch 1/1:  43%|████▎     | 27/63 [00:17<00:13,  2.61it/s, loss=0.6183, acc=57.92%, img/s=51.6, eta=0.4m]
Epoch 1/1:  44%|████▍     | 28/63 [00:17<00:13,  2.66it/s, loss=0.6183, acc=57.92%, img/s=51.6, eta=0.4m]
[36m(ClientAppActor pid=9750)[0m 
Epoch 1/1:  44%|████▍     | 28/63 [00:17<00:13,  2.66it/s, loss=0.5762, acc=58.51%, img/s=52.3, eta=0.3m]
Epoch 1/1:  46%|████▌     | 29/63 [00:17<00:12,  2.62it/s, loss=0.5762, acc=58.51%, img/s=52.3, eta=0.3m]
[36m(ClientAppActor pid=9750)[0m 
Epoch 1/1:  46%|████▌     | 29/63 [00:18<00:12,  2.62it/s, loss=0.6450, acc=58.44%, img/s=53.1, eta=0.3m]
Epoch 1/1:  48%|████▊     | 30/63 [00:18<00:12,  2.69it/s, loss=0.6450, acc=58.44%, img/s=53.1, eta=0.3m]
[36m(ClientAppActor pid=9750)[0m 
Epoch 1/1:  48%|████▊     | 30/63 [00:18<00:12,  2.69it/s, loss=0.6867, acc=58.37%, img/s=53.2, eta=0.3m]
Epoch 1/1:  49%|████▉     | 31/63 [00:18<00:13,  2.37it/s, loss=0.6867, acc=58.37%, img/s=53.2, eta=0.3m]
[36m(ClientAppActor pid=9750)[0m 
Epoch 1/1:  49%|████▉     | 31/63 [00:19<00:13,  2.37it/s, loss=0.6591, acc=58.59%, img/s=53.9, eta=0.3m]
Epoch 1/1:  51%|█████     | 32/63 [00:19<00:12,  2.44it/s, loss=0.6591, acc=58.59%, img/s=53.9, eta=0.3m]
[36m(ClientAppActor pid=9750)[0m 
Epoch 1/1:  51%|█████     | 32/63 [00:19<00:12,  2.44it/s, loss=0.7011, acc=58.52%, img/s=54.9, eta=0.3m]
Epoch 1/1:  52%|█████▏    | 33/63 [00:19<00:10,  2.79it/s, loss=0.7011, acc=58.52%, img/s=54.9, eta=0.3m]
[36m(ClientAppActor pid=9750)[0m 
Epoch 1/1:  52%|█████▏    | 33/63 [00:19<00:10,  2.79it/s, loss=0.6771, acc=58.64%, img/s=55.4, eta=0.3m]
Epoch 1/1:  54%|█████▍    | 34/63 [00:19<00:10,  2.71it/s, loss=0.6771, acc=58.64%, img/s=55.4, eta=0.3m]
[36m(ClientAppActor pid=9750)[0m 
Epoch 1/1:  54%|█████▍    | 34/63 [00:19<00:10,  2.71it/s, loss=0.6770, acc=58.93%, img/s=56.0, eta=0.3m]
Epoch 1/1:  56%|█████▌    | 35/63 [00:19<00:10,  2.75it/s, loss=0.6770, acc=58.93%, img/s=56.0, eta=0.3m]
[36m(ClientAppActor pid=9750)[0m 
Epoch 1/1:  56%|█████▌    | 35/63 [00:20<00:10,  2.75it/s, loss=0.6882, acc=58.77%, img/s=56.7, eta=0.3m]
Epoch 1/1:  57%|█████▋    | 36/63 [00:20<00:09,  2.81it/s, loss=0.6882, acc=58.77%, img/s=56.7, eta=0.3m]
[36m(ClientAppActor pid=9750)[0m 
Epoch 1/1:  57%|█████▋    | 36/63 [00:20<00:09,  2.81it/s, loss=0.7118, acc=58.70%, img/s=57.1, eta=0.2m]
Epoch 1/1:  59%|█████▊    | 37/63 [00:20<00:09,  2.75it/s, loss=0.7118, acc=58.70%, img/s=57.1, eta=0.2m]
[36m(ClientAppActor pid=9750)[0m 
Epoch 1/1:  59%|█████▊    | 37/63 [00:21<00:09,  2.75it/s, loss=0.7003, acc=58.47%, img/s=57.7, eta=0.2m]
Epoch 1/1:  60%|██████    | 38/63 [00:21<00:09,  2.76it/s, loss=0.7003, acc=58.47%, img/s=57.7, eta=0.2m]
[36m(ClientAppActor pid=9750)[0m 
Epoch 1/1:  60%|██████    | 38/63 [00:21<00:09,  2.76it/s, loss=0.6291, acc=58.49%, img/s=58.4, eta=0.2m]
Epoch 1/1:  62%|██████▏   | 39/63 [00:21<00:08,  2.90it/s, loss=0.6291, acc=58.49%, img/s=58.4, eta=0.2m]
[36m(ClientAppActor pid=9750)[0m 
Epoch 1/1:  62%|██████▏   | 39/63 [00:21<00:08,  2.90it/s, loss=0.6846, acc=58.52%, img/s=58.8, eta=0.2m]
Epoch 1/1:  63%|██████▎   | 40/63 [00:21<00:08,  2.79it/s, loss=0.6846, acc=58.52%, img/s=58.8, eta=0.2m]
[36m(ClientAppActor pid=9750)[0m 
Epoch 1/1:  63%|██████▎   | 40/63 [00:22<00:08,  2.79it/s, loss=0.5750, acc=59.15%, img/s=59.3, eta=0.2m]
Epoch 1/1:  65%|██████▌   | 41/63 [00:22<00:07,  2.82it/s, loss=0.5750, acc=59.15%, img/s=59.3, eta=0.2m]
[36m(ClientAppActor pid=9750)[0m 
Epoch 1/1:  65%|██████▌   | 41/63 [00:22<00:07,  2.82it/s, loss=0.6021, acc=59.52%, img/s=59.8, eta=0.2m]
Epoch 1/1:  67%|██████▋   | 42/63 [00:22<00:07,  2.84it/s, loss=0.6021, acc=59.52%, img/s=59.8, eta=0.2m]
[36m(ClientAppActor pid=9750)[0m 
Epoch 1/1:  67%|██████▋   | 42/63 [00:22<00:07,  2.84it/s, loss=0.6375, acc=59.59%, img/s=60.3, eta=0.2m]
Epoch 1/1:  68%|██████▊   | 43/63 [00:22<00:07,  2.83it/s, loss=0.6375, acc=59.59%, img/s=60.3, eta=0.2m]
[36m(ClientAppActor pid=9750)[0m 
Epoch 1/1:  68%|██████▊   | 43/63 [00:23<00:07,  2.83it/s, loss=0.7702, acc=59.38%, img/s=60.4, eta=0.2m]
Epoch 1/1:  70%|██████▉   | 44/63 [00:23<00:07,  2.54it/s, loss=0.7702, acc=59.38%, img/s=60.4, eta=0.2m]
[36m(ClientAppActor pid=9750)[0m 
Epoch 1/1:  70%|██████▉   | 44/63 [00:23<00:07,  2.54it/s, loss=0.6280, acc=59.31%, img/s=61.0, eta=0.2m]
Epoch 1/1:  71%|███████▏  | 45/63 [00:23<00:06,  2.71it/s, loss=0.6280, acc=59.31%, img/s=61.0, eta=0.2m]
[36m(ClientAppActor pid=9750)[0m 
Epoch 1/1:  71%|███████▏  | 45/63 [00:23<00:06,  2.71it/s, loss=0.5780, acc=59.44%, img/s=61.5, eta=0.1m]
Epoch 1/1:  73%|███████▎  | 46/63 [00:23<00:05,  2.87it/s, loss=0.5780, acc=59.44%, img/s=61.5, eta=0.1m]
[36m(ClientAppActor pid=9750)[0m 
Epoch 1/1:  73%|███████▎  | 46/63 [00:24<00:05,  2.87it/s, loss=0.7175, acc=59.38%, img/s=62.1, eta=0.1m]
Epoch 1/1:  75%|███████▍  | 47/63 [00:24<00:05,  3.02it/s, loss=0.7175, acc=59.38%, img/s=62.1, eta=0.1m]
[36m(ClientAppActor pid=9750)[0m 
Epoch 1/1:  75%|███████▍  | 47/63 [00:24<00:05,  3.02it/s, loss=0.7569, acc=59.05%, img/s=62.7, eta=0.1m]
Epoch 1/1:  76%|███████▌  | 48/63 [00:24<00:04,  3.12it/s, loss=0.7569, acc=59.05%, img/s=62.7, eta=0.1m]
[36m(ClientAppActor pid=9750)[0m 
Epoch 1/1:  76%|███████▌  | 48/63 [00:24<00:04,  3.12it/s, loss=0.5878, acc=59.38%, img/s=63.0, eta=0.1m]
Epoch 1/1:  78%|███████▊  | 49/63 [00:24<00:04,  2.95it/s, loss=0.5878, acc=59.38%, img/s=63.0, eta=0.1m]
[36m(ClientAppActor pid=9750)[0m 
Epoch 1/1:  78%|███████▊  | 49/63 [00:25<00:04,  2.95it/s, loss=0.6793, acc=59.44%, img/s=63.3, eta=0.1m]
Epoch 1/1:  79%|███████▉  | 50/63 [00:25<00:04,  2.79it/s, loss=0.6793, acc=59.44%, img/s=63.3, eta=0.1m]
[36m(ClientAppActor pid=9750)[0m 
Epoch 1/1:  79%|███████▉  | 50/63 [00:25<00:04,  2.79it/s, loss=0.6293, acc=59.56%, img/s=63.8, eta=0.1m]
Epoch 1/1:  81%|████████  | 51/63 [00:25<00:04,  2.91it/s, loss=0.6293, acc=59.56%, img/s=63.8, eta=0.1m]
[36m(ClientAppActor pid=9750)[0m 
Epoch 1/1:  81%|████████  | 51/63 [00:25<00:04,  2.91it/s, loss=0.6349, acc=59.86%, img/s=64.3, eta=0.1m]
Epoch 1/1:  83%|████████▎ | 52/63 [00:25<00:03,  3.05it/s, loss=0.6349, acc=59.86%, img/s=64.3, eta=0.1m]
[36m(ClientAppActor pid=9750)[0m 
Epoch 1/1:  83%|████████▎ | 52/63 [00:26<00:03,  3.05it/s, loss=0.7098, acc=59.85%, img/s=64.7, eta=0.1m]
Epoch 1/1:  84%|████████▍ | 53/63 [00:26<00:03,  3.11it/s, loss=0.7098, acc=59.85%, img/s=64.7, eta=0.1m]
[36m(ClientAppActor pid=9750)[0m 
Epoch 1/1:  84%|████████▍ | 53/63 [00:26<00:03,  3.11it/s, loss=0.6714, acc=59.90%, img/s=65.1, eta=0.1m]
Epoch 1/1:  86%|████████▌ | 54/63 [00:26<00:02,  3.07it/s, loss=0.6714, acc=59.90%, img/s=65.1, eta=0.1m]
[36m(ClientAppActor pid=9750)[0m 
Epoch 1/1:  86%|████████▌ | 54/63 [00:26<00:02,  3.07it/s, loss=0.6276, acc=60.00%, img/s=65.4, eta=0.1m]
Epoch 1/1:  87%|████████▋ | 55/63 [00:26<00:02,  2.89it/s, loss=0.6276, acc=60.00%, img/s=65.4, eta=0.1m]
[36m(ClientAppActor pid=9750)[0m 
Epoch 1/1:  87%|████████▋ | 55/63 [00:27<00:02,  2.89it/s, loss=0.6398, acc=60.10%, img/s=65.6, eta=0.1m]
Epoch 1/1:  89%|████████▉ | 56/63 [00:27<00:02,  2.77it/s, loss=0.6398, acc=60.10%, img/s=65.6, eta=0.1m]
[36m(ClientAppActor pid=9750)[0m 
Epoch 1/1:  89%|████████▉ | 56/63 [00:27<00:02,  2.77it/s, loss=0.6317, acc=60.31%, img/s=65.8, eta=0.0m]
Epoch 1/1:  90%|█████████ | 57/63 [00:27<00:02,  2.72it/s, loss=0.6317, acc=60.31%, img/s=65.8, eta=0.0m]
[36m(ClientAppActor pid=9750)[0m 
Epoch 1/1:  90%|█████████ | 57/63 [00:28<00:02,  2.72it/s, loss=0.6328, acc=60.51%, img/s=66.2, eta=0.0m]
Epoch 1/1:  92%|█████████▏| 58/63 [00:28<00:01,  2.78it/s, loss=0.6328, acc=60.51%, img/s=66.2, eta=0.0m]
[36m(ClientAppActor pid=9750)[0m 
Epoch 1/1:  92%|█████████▏| 58/63 [00:28<00:01,  2.78it/s, loss=0.5892, acc=60.59%, img/s=66.5, eta=0.0m]
Epoch 1/1:  94%|█████████▎| 59/63 [00:28<00:01,  2.81it/s, loss=0.5892, acc=60.59%, img/s=66.5, eta=0.0m]
[36m(ClientAppActor pid=9750)[0m 
Epoch 1/1:  94%|█████████▎| 59/63 [00:28<00:01,  2.81it/s, loss=0.6497, acc=60.73%, img/s=66.7, eta=0.0m]
Epoch 1/1:  95%|█████████▌| 60/63 [00:28<00:01,  2.76it/s, loss=0.6497, acc=60.73%, img/s=66.7, eta=0.0m]
[36m(ClientAppActor pid=9750)[0m 
Epoch 1/1:  95%|█████████▌| 60/63 [00:29<00:01,  2.76it/s, loss=0.6543, acc=60.86%, img/s=67.0, eta=0.0m]
Epoch 1/1:  97%|█████████▋| 61/63 [00:29<00:00,  2.76it/s, loss=0.6543, acc=60.86%, img/s=67.0, eta=0.0m]
[36m(ClientAppActor pid=9750)[0m 
Epoch 1/1:  97%|█████████▋| 61/63 [00:29<00:00,  2.76it/s, loss=0.5954, acc=60.99%, img/s=67.2, eta=0.0m]
Epoch 1/1:  98%|█████████▊| 62/63 [00:29<00:00,  2.66it/s, loss=0.5954, acc=60.99%, img/s=67.2, eta=0.0m]
[36m(ClientAppActor pid=9750)[0m 
Epoch 1/1:  98%|█████████▊| 62/63 [00:30<00:00,  2.66it/s, loss=0.7595, acc=60.80%, img/s=33.4, eta=0.0m]
Epoch 1/1: 100%|██████████| 63/63 [00:30<00:00,  2.17it/s, loss=0.7595, acc=60.80%, img/s=33.4, eta=0.0m]
Epoch 1/1: 100%|██████████| 63/63 [00:30<00:00,  2.09it/s, loss=0.7595, acc=60.80%, img/s=33.4, eta=0.0m]
[36m(ClientAppActor pid=9750)[0m 
Epoch 1/1:   0%|          | 0/63 [00:00<?, ?it/s]
[36m(ClientAppActor pid=9750)[0m 
Epoch 1/1:   0%|          | 0/63 [00:00<?, ?it/s, loss=0.6972, acc=50.00%, img/s=63.5, eta=0.5m]
Epoch 1/1:   2%|▏         | 1/63 [00:00<00:31,  1.98it/s, loss=0.6972, acc=50.00%, img/s=63.5, eta=0.5m]
[36m(ClientAppActor pid=9750)[0m 
Epoch 1/1:   2%|▏         | 1/63 [00:01<00:31,  1.98it/s, loss=0.6682, acc=54.69%, img/s=57.0, eta=0.6m]
Epoch 1/1:   3%|▎         | 2/63 [00:01<00:34,  1.75it/s, loss=0.6682, acc=54.69%, img/s=57.0, eta=0.6m]
[36m(ClientAppActor pid=9750)[0m 
Epoch 1/1:   3%|▎         | 2/63 [00:01<00:34,  1.75it/s, loss=0.7875, acc=56.25%, img/s=57.2, eta=0.6m]
Epoch 1/1:   5%|▍         | 3/63 [00:01<00:33,  1.77it/s, loss=0.7875, acc=56.25%, img/s=57.2, eta=0.6m]
[36m(ClientAppActor pid=9750)[0m 
Epoch 1/1:   5%|▍         | 3/63 [00:02<00:33,  1.77it/s, loss=0.7641, acc=55.47%, img/s=60.5, eta=0.5m]
Epoch 1/1:   6%|▋         | 4/63 [00:02<00:30,  1.94it/s, loss=0.7641, acc=55.47%, img/s=60.5, eta=0.5m]
[36m(ClientAppActor pid=9750)[0m 
Epoch 1/1:   6%|▋         | 4/63 [00:02<00:30,  1.94it/s, loss=0.5970, acc=58.12%, img/s=64.6, eta=0.5m]
Epoch 1/1:   8%|▊         | 5/63 [00:02<00:26,  2.18it/s, loss=0.5970, acc=58.12%, img/s=64.6, eta=0.5m]
[36m(ClientAppActor pid=9750)[0m 
Epoch 1/1:   8%|▊         | 5/63 [00:02<00:26,  2.18it/s, loss=0.6565, acc=59.38%, img/s=65.4, eta=0.5m]
Epoch 1/1:  10%|▉         | 6/63 [00:02<00:26,  2.18it/s, loss=0.6565, acc=59.38%, img/s=65.4, eta=0.5m]
[36m(ClientAppActor pid=9750)[0m 
Epoch 1/1:  10%|▉         | 6/63 [00:03<00:26,  2.18it/s, loss=0.7344, acc=58.48%, img/s=67.2, eta=0.4m]
Epoch 1/1:  11%|█         | 7/63 [00:03<00:24,  2.28it/s, loss=0.7344, acc=58.48%, img/s=67.2, eta=0.4m]
[36m(ClientAppActor pid=9750)[0m 
Epoch 1/1:  11%|█         | 7/63 [00:03<00:24,  2.28it/s, loss=0.6531, acc=58.59%, img/s=67.7, eta=0.4m]
Epoch 1/1:  13%|█▎        | 8/63 [00:03<00:24,  2.27it/s, loss=0.6531, acc=58.59%, img/s=67.7, eta=0.4m]
[36m(ClientAppActor pid=9750)[0m 
Epoch 1/1:  13%|█▎        | 8/63 [00:04<00:24,  2.27it/s, loss=0.6772, acc=59.38%, img/s=67.6, eta=0.4m]
Epoch 1/1:  14%|█▍        | 9/63 [00:04<00:24,  2.21it/s, loss=0.6772, acc=59.38%, img/s=67.6, eta=0.4m]
[36m(ClientAppActor pid=9750)[0m 
Epoch 1/1:  14%|█▍        | 9/63 [00:04<00:24,  2.21it/s, loss=0.7092, acc=57.81%, img/s=68.0, eta=0.4m]
Epoch 1/1:  16%|█▌        | 10/63 [00:04<00:23,  2.22it/s, loss=0.7092, acc=57.81%, img/s=68.0, eta=0.4m]
[36m(ClientAppActor pid=9750)[0m 
Epoch 1/1:  16%|█▌        | 10/63 [00:05<00:23,  2.22it/s, loss=0.6437, acc=57.95%, img/s=68.2, eta=0.4m]
Epoch 1/1:  17%|█▋        | 11/63 [00:05<00:23,  2.21it/s, loss=0.6437, acc=57.95%, img/s=68.2, eta=0.4m]
[36m(ClientAppActor pid=9750)[0m 
Epoch 1/1:  17%|█▋        | 11/63 [00:05<00:23,  2.21it/s, loss=0.6646, acc=57.81%, img/s=68.5, eta=0.4m]
Epoch 1/1:  19%|█▉        | 12/63 [00:05<00:23,  2.22it/s, loss=0.6646, acc=57.81%, img/s=68.5, eta=0.4m]
[36m(ClientAppActor pid=9750)[0m 
Epoch 1/1:  19%|█▉        | 12/63 [00:06<00:23,  2.22it/s, loss=0.6936, acc=57.93%, img/s=68.9, eta=0.4m]
Epoch 1/1:  21%|██        | 13/63 [00:06<00:22,  2.25it/s, loss=0.6936, acc=57.93%, img/s=68.9, eta=0.4m]
[36m(ClientAppActor pid=9750)[0m 
Epoch 1/1:  21%|██        | 13/63 [00:06<00:22,  2.25it/s, loss=0.6884, acc=58.04%, img/s=68.7, eta=0.4m]
Epoch 1/1:  22%|██▏       | 14/63 [00:06<00:22,  2.19it/s, loss=0.6884, acc=58.04%, img/s=68.7, eta=0.4m]
[36m(ClientAppActor pid=9750)[0m 
Epoch 1/1:  22%|██▏       | 14/63 [00:06<00:22,  2.19it/s, loss=0.7159, acc=57.50%, img/s=69.8, eta=0.4m]
Epoch 1/1:  24%|██▍       | 15/63 [00:06<00:20,  2.34it/s, loss=0.7159, acc=57.50%, img/s=69.8, eta=0.4m]
[36m(ClientAppActor pid=9750)[0m 
Epoch 1/1:  24%|██▍       | 15/63 [00:07<00:20,  2.34it/s, loss=0.7126, acc=57.62%, img/s=70.7, eta=0.4m]
Epoch 1/1:  25%|██▌       | 16/63 [00:07<00:19,  2.46it/s, loss=0.7126, acc=57.62%, img/s=70.7, eta=0.4m]
[36m(ClientAppActor pid=9750)[0m 
Epoch 1/1:  25%|██▌       | 16/63 [00:07<00:19,  2.46it/s, loss=0.7045, acc=57.35%, img/s=71.6, eta=0.3m]
Epoch 1/1:  27%|██▋       | 17/63 [00:07<00:18,  2.54it/s, loss=0.7045, acc=57.35%, img/s=71.6, eta=0.3m]
[36m(ClientAppActor pid=9750)[0m 
Epoch 1/1:  27%|██▋       | 17/63 [00:08<00:18,  2.54it/s, loss=0.6778, acc=57.64%, img/s=71.4, eta=0.3m]
Epoch 1/1:  29%|██▊       | 18/63 [00:08<00:18,  2.42it/s, loss=0.6778, acc=57.64%, img/s=71.4, eta=0.3m]
[36m(ClientAppActor pid=9750)[0m 
Epoch 1/1:  29%|██▊       | 18/63 [00:08<00:18,  2.42it/s, loss=0.6934, acc=57.07%, img/s=71.2, eta=0.3m]
Epoch 1/1:  30%|███       | 19/63 [00:08<00:19,  2.31it/s, loss=0.6934, acc=57.07%, img/s=71.2, eta=0.3m]
[36m(ClientAppActor pid=9750)[0m 
Epoch 1/1:  30%|███       | 19/63 [00:08<00:19,  2.31it/s, loss=0.6151, acc=57.34%, img/s=71.4, eta=0.3m]
Epoch 1/1:  32%|███▏      | 20/63 [00:08<00:18,  2.33it/s, loss=0.6151, acc=57.34%, img/s=71.4, eta=0.3m]
[36m(ClientAppActor pid=9750)[0m 
Epoch 1/1:  32%|███▏      | 20/63 [00:09<00:18,  2.33it/s, loss=0.6177, acc=57.74%, img/s=71.4, eta=0.3m]
Epoch 1/1:  33%|███▎      | 21/63 [00:09<00:18,  2.30it/s, loss=0.6177, acc=57.74%, img/s=71.4, eta=0.3m]
[36m(ClientAppActor pid=9750)[0m 
Epoch 1/1:  33%|███▎      | 21/63 [00:09<00:18,  2.30it/s, loss=0.7046, acc=57.81%, img/s=71.8, eta=0.3m]
Epoch 1/1:  35%|███▍      | 22/63 [00:09<00:17,  2.37it/s, loss=0.7046, acc=57.81%, img/s=71.8, eta=0.3m]
[36m(ClientAppActor pid=9750)[0m 
Epoch 1/1:  35%|███▍      | 22/63 [00:10<00:17,  2.37it/s, loss=0.7748, acc=58.02%, img/s=72.0, eta=0.3m]
Epoch 1/1:  37%|███▋      | 23/63 [00:10<00:16,  2.37it/s, loss=0.7748, acc=58.02%, img/s=72.0, eta=0.3m]
[36m(ClientAppActor pid=9750)[0m 
Epoch 1/1:  37%|███▋      | 23/63 [00:10<00:16,  2.37it/s, loss=0.6350, acc=58.33%, img/s=71.8, eta=0.3m]
Epoch 1/1:  38%|███▊      | 24/63 [00:10<00:17,  2.29it/s, loss=0.6350, acc=58.33%, img/s=71.8, eta=0.3m]
[36m(ClientAppActor pid=9750)[0m 
Epoch 1/1:  38%|███▊      | 24/63 [00:11<00:17,  2.29it/s, loss=0.7240, acc=58.12%, img/s=72.2, eta=0.3m]
Epoch 1/1:  40%|███▉      | 25/63 [00:11<00:16,  2.36it/s, loss=0.7240, acc=58.12%, img/s=72.2, eta=0.3m]
[36m(ClientAppActor pid=9750)[0m 
Epoch 1/1:  40%|███▉      | 25/63 [00:11<00:16,  2.36it/s, loss=0.6981, acc=58.17%, img/s=72.6, eta=0.3m]
Epoch 1/1:  41%|████▏     | 26/63 [00:11<00:15,  2.44it/s, loss=0.6981, acc=58.17%, img/s=72.6, eta=0.3m]
[36m(ClientAppActor pid=9750)[0m 
Epoch 1/1:  41%|████▏     | 26/63 [00:11<00:15,  2.44it/s, loss=0.6607, acc=57.99%, img/s=72.6, eta=0.3m]
Epoch 1/1:  43%|████▎     | 27/63 [00:11<00:15,  2.40it/s, loss=0.6607, acc=57.99%, img/s=72.6, eta=0.3m]
[36m(ClientAppActor pid=9750)[0m 
Epoch 1/1:  43%|████▎     | 27/63 [00:12<00:15,  2.40it/s, loss=0.7539, acc=57.48%, img/s=72.2, eta=0.3m]
Epoch 1/1:  44%|████▍     | 28/63 [00:12<00:15,  2.23it/s, loss=0.7539, acc=57.48%, img/s=72.2, eta=0.3m]
[36m(ClientAppActor pid=9750)[0m 
Epoch 1/1:  44%|████▍     | 28/63 [00:12<00:15,  2.23it/s, loss=0.7180, acc=57.00%, img/s=72.0, eta=0.3m]
Epoch 1/1:  46%|████▌     | 29/63 [00:12<00:15,  2.19it/s, loss=0.7180, acc=57.00%, img/s=72.0, eta=0.3m]
[36m(ClientAppActor pid=9750)[0m 
Epoch 1/1:  46%|████▌     | 29/63 [00:13<00:15,  2.19it/s, loss=0.7693, acc=56.56%, img/s=72.0, eta=0.2m]
Epoch 1/1:  48%|████▊     | 30/63 [00:13<00:14,  2.21it/s, loss=0.7693, acc=56.56%, img/s=72.0, eta=0.2m]
[36m(ClientAppActor pid=9750)[0m 
Epoch 1/1:  48%|████▊     | 30/63 [00:14<00:14,  2.21it/s, loss=0.6761, acc=56.55%, img/s=70.3, eta=0.2m]
Epoch 1/1:  49%|████▉     | 31/63 [00:14<00:17,  1.81it/s, loss=0.6761, acc=56.55%, img/s=70.3, eta=0.2m]
[36m(ClientAppActor pid=9750)[0m 
Epoch 1/1:  49%|████▉     | 31/63 [00:14<00:17,  1.81it/s, loss=0.6581, acc=56.84%, img/s=70.5, eta=0.2m]
Epoch 1/1:  51%|█████     | 32/63 [00:14<00:15,  1.97it/s, loss=0.6581, acc=56.84%, img/s=70.5, eta=0.2m]
[36m(ClientAppActor pid=9750)[0m 
Epoch 1/1:  51%|█████     | 32/63 [00:14<00:15,  1.97it/s, loss=0.6437, acc=57.20%, img/s=70.5, eta=0.2m]
Epoch 1/1:  52%|█████▏    | 33/63 [00:14<00:14,  2.04it/s, loss=0.6437, acc=57.20%, img/s=70.5, eta=0.2m]
[36m(ClientAppActor pid=9750)[0m 
Epoch 1/1:  52%|█████▏    | 33/63 [00:15<00:14,  2.04it/s, loss=0.7011, acc=57.26%, img/s=70.8, eta=0.2m]
Epoch 1/1:  54%|█████▍    | 34/63 [00:15<00:13,  2.17it/s, loss=0.7011, acc=57.26%, img/s=70.8, eta=0.2m]
[36m(ClientAppActor pid=9750)[0m 
Epoch 1/1:  54%|█████▍    | 34/63 [00:15<00:13,  2.17it/s, loss=0.6064, acc=57.86%, img/s=70.5, eta=0.2m]
Epoch 1/1:  56%|█████▌    | 35/63 [00:15<00:13,  2.08it/s, loss=0.6064, acc=57.86%, img/s=70.5, eta=0.2m]
[36m(ClientAppActor pid=9750)[0m 
Epoch 1/1:  56%|█████▌    | 35/63 [00:16<00:13,  2.08it/s, loss=0.6904, acc=57.90%, img/s=70.3, eta=0.2m]
Epoch 1/1:  57%|█████▋    | 36/63 [00:16<00:13,  2.07it/s, loss=0.6904, acc=57.90%, img/s=70.3, eta=0.2m]
[36m(ClientAppActor pid=9750)[0m 
Epoch 1/1:  57%|█████▋    | 36/63 [00:16<00:13,  2.07it/s, loss=0.7376, acc=57.60%, img/s=70.5, eta=0.2m]
Epoch 1/1:  59%|█████▊    | 37/63 [00:16<00:11,  2.17it/s, loss=0.7376, acc=57.60%, img/s=70.5, eta=0.2m]
[36m(ClientAppActor pid=9750)[0m 
Epoch 1/1:  59%|█████▊    | 37/63 [00:17<00:11,  2.17it/s, loss=0.7604, acc=57.32%, img/s=70.6, eta=0.2m]
Epoch 1/1:  60%|██████    | 38/63 [00:17<00:11,  2.19it/s, loss=0.7604, acc=57.32%, img/s=70.6, eta=0.2m]
[36m(ClientAppActor pid=9750)[0m 
Epoch 1/1:  60%|██████    | 38/63 [00:17<00:11,  2.19it/s, loss=0.7215, acc=57.37%, img/s=70.5, eta=0.2m]
Epoch 1/1:  62%|██████▏   | 39/63 [00:17<00:11,  2.17it/s, loss=0.7215, acc=57.37%, img/s=70.5, eta=0.2m]
[36m(ClientAppActor pid=9750)[0m 
Epoch 1/1:  62%|██████▏   | 39/63 [00:18<00:11,  2.17it/s, loss=0.6770, acc=57.34%, img/s=70.5, eta=0.2m]
Epoch 1/1:  63%|██████▎   | 40/63 [00:18<00:10,  2.20it/s, loss=0.6770, acc=57.34%, img/s=70.5, eta=0.2m]
[36m(ClientAppActor pid=9750)[0m 
Epoch 1/1:  63%|██████▎   | 40/63 [00:18<00:10,  2.20it/s, loss=0.6739, acc=57.39%, img/s=70.0, eta=0.2m]
Epoch 1/1:  65%|██████▌   | 41/63 [00:18<00:10,  2.02it/s, loss=0.6739, acc=57.39%, img/s=70.0, eta=0.2m]
[36m(ClientAppActor pid=9750)[0m 
Epoch 1/1:  65%|██████▌   | 41/63 [00:19<00:10,  2.02it/s, loss=0.7085, acc=57.44%, img/s=68.1, eta=0.2m]
Epoch 1/1:  67%|██████▋   | 42/63 [00:19<00:13,  1.55it/s, loss=0.7085, acc=57.44%, img/s=68.1, eta=0.2m]
[36m(ClientAppActor pid=9750)[0m 
Epoch 1/1:  67%|██████▋   | 42/63 [00:20<00:13,  1.55it/s, loss=0.6475, acc=57.56%, img/s=68.4, eta=0.2m]
Epoch 1/1:  68%|██████▊   | 43/63 [00:20<00:11,  1.77it/s, loss=0.6475, acc=57.56%, img/s=68.4, eta=0.2m]
[36m(ClientAppActor pid=9750)[0m 
Epoch 1/1:  68%|██████▊   | 43/63 [00:20<00:11,  1.77it/s, loss=0.6246, acc=57.67%, img/s=68.8, eta=0.1m]
Epoch 1/1:  70%|██████▉   | 44/63 [00:20<00:09,  1.98it/s, loss=0.6246, acc=57.67%, img/s=68.8, eta=0.1m]
[36m(ClientAppActor pid=9750)[0m 
Epoch 1/1:  70%|██████▉   | 44/63 [00:20<00:09,  1.98it/s, loss=0.6187, acc=57.85%, img/s=68.9, eta=0.1m]
Epoch 1/1:  71%|███████▏  | 45/63 [00:20<00:08,  2.07it/s, loss=0.6187, acc=57.85%, img/s=68.9, eta=0.1m]
[36m(ClientAppActor pid=9750)[0m 
Epoch 1/1:  71%|███████▏  | 45/63 [00:21<00:08,  2.07it/s, loss=0.6621, acc=58.02%, img/s=69.1, eta=0.1m]
Epoch 1/1:  73%|███████▎  | 46/63 [00:21<00:07,  2.20it/s, loss=0.6621, acc=58.02%, img/s=69.1, eta=0.1m]
[36m(ClientAppActor pid=9750)[0m 
Epoch 1/1:  73%|███████▎  | 46/63 [00:21<00:07,  2.20it/s, loss=0.7243, acc=57.78%, img/s=69.3, eta=0.1m]
Epoch 1/1:  75%|███████▍  | 47/63 [00:21<00:07,  2.27it/s, loss=0.7243, acc=57.78%, img/s=69.3, eta=0.1m]
[36m(ClientAppActor pid=9750)[0m 
Epoch 1/1:  75%|███████▍  | 47/63 [00:22<00:07,  2.27it/s, loss=0.7057, acc=57.94%, img/s=69.5, eta=0.1m]
Epoch 1/1:  76%|███████▌  | 48/63 [00:22<00:06,  2.31it/s, loss=0.7057, acc=57.94%, img/s=69.5, eta=0.1m]
[36m(ClientAppActor pid=9750)[0m 
Epoch 1/1:  76%|███████▌  | 48/63 [00:22<00:06,  2.31it/s, loss=0.7272, acc=57.65%, img/s=69.6, eta=0.1m]
Epoch 1/1:  78%|███████▊  | 49/63 [00:22<00:05,  2.36it/s, loss=0.7272, acc=57.65%, img/s=69.6, eta=0.1m]
[36m(ClientAppActor pid=9750)[0m 
Epoch 1/1:  78%|███████▊  | 49/63 [00:22<00:05,  2.36it/s, loss=0.6346, acc=57.88%, img/s=69.8, eta=0.1m]
Epoch 1/1:  79%|███████▉  | 50/63 [00:22<00:05,  2.38it/s, loss=0.6346, acc=57.88%, img/s=69.8, eta=0.1m]
[36m(ClientAppActor pid=9750)[0m 
Epoch 1/1:  79%|███████▉  | 50/63 [00:23<00:05,  2.38it/s, loss=0.6518, acc=58.03%, img/s=69.7, eta=0.1m]
Epoch 1/1:  81%|████████  | 51/63 [00:23<00:05,  2.29it/s, loss=0.6518, acc=58.03%, img/s=69.7, eta=0.1m]
[36m(ClientAppActor pid=9750)[0m 
Epoch 1/1:  81%|████████  | 51/63 [00:23<00:05,  2.29it/s, loss=0.6477, acc=58.17%, img/s=69.6, eta=0.1m]
Epoch 1/1:  83%|████████▎ | 52/63 [00:23<00:05,  2.20it/s, loss=0.6477, acc=58.17%, img/s=69.6, eta=0.1m]
[36m(ClientAppActor pid=9750)[0m 
Epoch 1/1:  83%|████████▎ | 52/63 [00:24<00:05,  2.20it/s, loss=0.6277, acc=58.31%, img/s=69.8, eta=0.1m]
Epoch 1/1:  84%|████████▍ | 53/63 [00:24<00:04,  2.27it/s, loss=0.6277, acc=58.31%, img/s=69.8, eta=0.1m]
[36m(ClientAppActor pid=9750)[0m 
Epoch 1/1:  84%|████████▍ | 53/63 [00:24<00:04,  2.27it/s, loss=0.6357, acc=58.45%, img/s=69.9, eta=0.1m]
Epoch 1/1:  86%|████████▌ | 54/63 [00:24<00:03,  2.29it/s, loss=0.6357, acc=58.45%, img/s=69.9, eta=0.1m]
[36m(ClientAppActor pid=9750)[0m 
Epoch 1/1:  86%|████████▌ | 54/63 [00:25<00:03,  2.29it/s, loss=0.7185, acc=58.41%, img/s=69.9, eta=0.1m]
Epoch 1/1:  87%|████████▋ | 55/63 [00:25<00:03,  2.30it/s, loss=0.7185, acc=58.41%, img/s=69.9, eta=0.1m]
[36m(ClientAppActor pid=9750)[0m 
Epoch 1/1:  87%|████████▋ | 55/63 [00:25<00:03,  2.30it/s, loss=0.6703, acc=58.43%, img/s=70.1, eta=0.1m]
Epoch 1/1:  89%|████████▉ | 56/63 [00:25<00:02,  2.35it/s, loss=0.6703, acc=58.43%, img/s=70.1, eta=0.1m]
[36m(ClientAppActor pid=9750)[0m 
Epoch 1/1:  89%|████████▉ | 56/63 [00:25<00:02,  2.35it/s, loss=0.6681, acc=58.39%, img/s=70.3, eta=0.0m]
Epoch 1/1:  90%|█████████ | 57/63 [00:25<00:02,  2.42it/s, loss=0.6681, acc=58.39%, img/s=70.3, eta=0.0m]
[36m(ClientAppActor pid=9750)[0m 
Epoch 1/1:  90%|█████████ | 57/63 [00:26<00:02,  2.42it/s, loss=0.6564, acc=58.41%, img/s=70.2, eta=0.0m]
Epoch 1/1:  92%|█████████▏| 58/63 [00:26<00:02,  2.28it/s, loss=0.6564, acc=58.41%, img/s=70.2, eta=0.0m]
[36m(ClientAppActor pid=9750)[0m 
Epoch 1/1:  92%|█████████▏| 58/63 [00:26<00:02,  2.28it/s, loss=0.6114, acc=58.47%, img/s=70.2, eta=0.0m]
Epoch 1/1:  94%|█████████▎| 59/63 [00:26<00:01,  2.30it/s, loss=0.6114, acc=58.47%, img/s=70.2, eta=0.0m]
[36m(ClientAppActor pid=9750)[0m 
Epoch 1/1:  94%|█████████▎| 59/63 [00:27<00:01,  2.30it/s, loss=0.5646, acc=58.85%, img/s=70.4, eta=0.0m]
Epoch 1/1:  95%|█████████▌| 60/63 [00:27<00:01,  2.37it/s, loss=0.5646, acc=58.85%, img/s=70.4, eta=0.0m]
[36m(ClientAppActor pid=9750)[0m 
Epoch 1/1:  95%|█████████▌| 60/63 [00:27<00:01,  2.37it/s, loss=0.7152, acc=58.81%, img/s=70.4, eta=0.0m]
Epoch 1/1:  97%|█████████▋| 61/63 [00:27<00:00,  2.31it/s, loss=0.7152, acc=58.81%, img/s=70.4, eta=0.0m]
[36m(ClientAppActor pid=9750)[0m 
Epoch 1/1:  97%|█████████▋| 61/63 [00:28<00:00,  2.31it/s, loss=0.5822, acc=59.07%, img/s=70.4, eta=0.0m]
Epoch 1/1:  98%|█████████▊| 62/63 [00:28<00:00,  2.29it/s, loss=0.5822, acc=59.07%, img/s=70.4, eta=0.0m]
[36m(ClientAppActor pid=9750)[0m 
Epoch 1/1:  98%|█████████▊| 62/63 [00:28<00:00,  2.29it/s, loss=0.5925, acc=59.20%, img/s=35.5, eta=0.0m]
Epoch 1/1: 100%|██████████| 63/63 [00:28<00:00,  2.67it/s, loss=0.5925, acc=59.20%, img/s=35.5, eta=0.0m]
Epoch 1/1: 100%|██████████| 63/63 [00:28<00:00,  2.22it/s, loss=0.5925, acc=59.20%, img/s=35.5, eta=0.0m]
[36m(ClientAppActor pid=9750)[0m 
Epoch 1/1:   0%|          | 0/63 [00:00<?, ?it/s]
[36m(ClientAppActor pid=9750)[0m 
Epoch 1/1:   0%|          | 0/63 [00:00<?, ?it/s, loss=0.6820, acc=53.12%, img/s=54.7, eta=0.6m]
Epoch 1/1:   2%|▏         | 1/63 [00:00<00:36,  1.71it/s, loss=0.6820, acc=53.12%, img/s=54.7, eta=0.6m]
[36m(ClientAppActor pid=9750)[0m 
Epoch 1/1:   2%|▏         | 1/63 [00:00<00:36,  1.71it/s, loss=0.7253, acc=50.00%, img/s=64.6, eta=0.5m]
Epoch 1/1:   3%|▎         | 2/63 [00:00<00:29,  2.09it/s, loss=0.7253, acc=50.00%, img/s=64.6, eta=0.5m]
[36m(ClientAppActor pid=9750)[0m 
Epoch 1/1:   3%|▎         | 2/63 [00:01<00:29,  2.09it/s, loss=0.7075, acc=52.08%, img/s=68.0, eta=0.5m]
Epoch 1/1:   5%|▍         | 3/63 [00:01<00:27,  2.21it/s, loss=0.7075, acc=52.08%, img/s=68.0, eta=0.5m]
[36m(ClientAppActor pid=9750)[0m 
Epoch 1/1:   5%|▍         | 3/63 [00:01<00:27,  2.21it/s, loss=0.7094, acc=51.56%, img/s=69.3, eta=0.5m]
Epoch 1/1:   6%|▋         | 4/63 [00:01<00:26,  2.24it/s, loss=0.7094, acc=51.56%, img/s=69.3, eta=0.5m]
[36m(ClientAppActor pid=9750)[0m 
Epoch 1/1:   6%|▋         | 4/63 [00:02<00:26,  2.24it/s, loss=0.7652, acc=49.38%, img/s=67.8, eta=0.5m]
Epoch 1/1:   8%|▊         | 5/63 [00:02<00:27,  2.13it/s, loss=0.7652, acc=49.38%, img/s=67.8, eta=0.5m]
[36m(ClientAppActor pid=9750)[0m 
Epoch 1/1:   8%|▊         | 5/63 [00:02<00:27,  2.13it/s, loss=0.7277, acc=48.96%, img/s=67.4, eta=0.5m]
Epoch 1/1:  10%|▉         | 6/63 [00:02<00:27,  2.10it/s, loss=0.7277, acc=48.96%, img/s=67.4, eta=0.5m]
[36m(ClientAppActor pid=9750)[0m 
Epoch 1/1:  10%|▉         | 6/63 [00:03<00:27,  2.10it/s, loss=0.6918, acc=49.55%, img/s=68.2, eta=0.4m]
Epoch 1/1:  11%|█         | 7/63 [00:03<00:25,  2.16it/s, loss=0.6918, acc=49.55%, img/s=68.2, eta=0.4m]
[36m(ClientAppActor pid=9750)[0m 
Epoch 1/1:  11%|█         | 7/63 [00:03<00:25,  2.16it/s, loss=0.7251, acc=48.83%, img/s=69.7, eta=0.4m]
Epoch 1/1:  13%|█▎        | 8/63 [00:03<00:24,  2.28it/s, loss=0.7251, acc=48.83%, img/s=69.7, eta=0.4m]
[36m(ClientAppActor pid=9750)[0m 
Epoch 1/1:  13%|█▎        | 8/63 [00:04<00:24,  2.28it/s, loss=0.8004, acc=47.57%, img/s=71.9, eta=0.4m]
Epoch 1/1:  14%|█▍        | 9/63 [00:04<00:21,  2.46it/s, loss=0.8004, acc=47.57%, img/s=71.9, eta=0.4m]
[36m(ClientAppActor pid=9750)[0m 
Epoch 1/1:  14%|█▍        | 9/63 [00:04<00:21,  2.46it/s, loss=0.6342, acc=49.06%, img/s=72.0, eta=0.4m]
Epoch 1/1:  16%|█▌        | 10/63 [00:04<00:22,  2.41it/s, loss=0.6342, acc=49.06%, img/s=72.0, eta=0.4m]
[36m(ClientAppActor pid=9750)[0m 
Epoch 1/1:  16%|█▌        | 10/63 [00:04<00:22,  2.41it/s, loss=0.7487, acc=49.43%, img/s=73.0, eta=0.4m]
Epoch 1/1:  17%|█▋        | 11/63 [00:04<00:21,  2.47it/s, loss=0.7487, acc=49.43%, img/s=73.0, eta=0.4m]
[36m(ClientAppActor pid=9750)[0m 
Epoch 1/1:  17%|█▋        | 11/63 [00:05<00:21,  2.47it/s, loss=0.6844, acc=49.48%, img/s=74.3, eta=0.4m]
Epoch 1/1:  19%|█▉        | 12/63 [00:05<00:19,  2.59it/s, loss=0.6844, acc=49.48%, img/s=74.3, eta=0.4m]
[36m(ClientAppActor pid=9750)[0m 
Epoch 1/1:  19%|█▉        | 12/63 [00:05<00:19,  2.59it/s, loss=0.6597, acc=50.72%, img/s=74.6, eta=0.4m]
Epoch 1/1:  21%|██        | 13/63 [00:05<00:19,  2.54it/s, loss=0.6597, acc=50.72%, img/s=74.6, eta=0.4m]
[36m(ClientAppActor pid=9750)[0m 
Epoch 1/1:  21%|██        | 13/63 [00:06<00:19,  2.54it/s, loss=0.6996, acc=51.56%, img/s=73.6, eta=0.4m]
Epoch 1/1:  22%|██▏       | 14/63 [00:06<00:20,  2.33it/s, loss=0.6996, acc=51.56%, img/s=73.6, eta=0.4m]
[36m(ClientAppActor pid=9750)[0m 
Epoch 1/1:  22%|██▏       | 14/63 [00:06<00:20,  2.33it/s, loss=0.6590, acc=52.29%, img/s=74.2, eta=0.3m]
Epoch 1/1:  24%|██▍       | 15/63 [00:06<00:19,  2.42it/s, loss=0.6590, acc=52.29%, img/s=74.2, eta=0.3m]
[36m(ClientAppActor pid=9750)[0m 
Epoch 1/1:  24%|██▍       | 15/63 [00:06<00:19,  2.42it/s, loss=0.7015, acc=52.15%, img/s=74.4, eta=0.3m]
Epoch 1/1:  25%|██▌       | 16/63 [00:06<00:19,  2.41it/s, loss=0.7015, acc=52.15%, img/s=74.4, eta=0.3m]
[36m(ClientAppActor pid=9750)[0m 
Epoch 1/1:  25%|██▌       | 16/63 [00:07<00:19,  2.41it/s, loss=0.6471, acc=52.57%, img/s=74.6, eta=0.3m]
Epoch 1/1:  27%|██▋       | 17/63 [00:07<00:18,  2.42it/s, loss=0.6471, acc=52.57%, img/s=74.6, eta=0.3m]
[36m(ClientAppActor pid=9750)[0m 
Epoch 1/1:  27%|██▋       | 17/63 [00:07<00:18,  2.42it/s, loss=0.6885, acc=53.12%, img/s=75.0, eta=0.3m]
Epoch 1/1:  29%|██▊       | 18/63 [00:07<00:18,  2.46it/s, loss=0.6885, acc=53.12%, img/s=75.0, eta=0.3m]
[36m(ClientAppActor pid=9750)[0m 
Epoch 1/1:  29%|██▊       | 18/63 [00:08<00:18,  2.46it/s, loss=0.6517, acc=52.96%, img/s=74.9, eta=0.3m]
Epoch 1/1:  30%|███       | 19/63 [00:08<00:18,  2.40it/s, loss=0.6517, acc=52.96%, img/s=74.9, eta=0.3m]
[36m(ClientAppActor pid=9750)[0m 
Epoch 1/1:  30%|███       | 19/63 [00:08<00:18,  2.40it/s, loss=0.6816, acc=52.81%, img/s=75.5, eta=0.3m]
Epoch 1/1:  32%|███▏      | 20/63 [00:08<00:17,  2.52it/s, loss=0.6816, acc=52.81%, img/s=75.5, eta=0.3m]
[36m(ClientAppActor pid=9750)[0m 
Epoch 1/1:  32%|███▏      | 20/63 [00:08<00:17,  2.52it/s, loss=0.6715, acc=52.38%, img/s=75.6, eta=0.3m]
Epoch 1/1:  33%|███▎      | 21/63 [00:08<00:16,  2.49it/s, loss=0.6715, acc=52.38%, img/s=75.6, eta=0.3m]
[36m(ClientAppActor pid=9750)[0m 
Epoch 1/1:  33%|███▎      | 21/63 [00:09<00:16,  2.49it/s, loss=0.5706, acc=53.55%, img/s=75.2, eta=0.3m]
Epoch 1/1:  35%|███▍      | 22/63 [00:09<00:17,  2.35it/s, loss=0.5706, acc=53.55%, img/s=75.2, eta=0.3m]
[36m(ClientAppActor pid=9750)[0m 
Epoch 1/1:  35%|███▍      | 22/63 [00:09<00:17,  2.35it/s, loss=0.6648, acc=53.94%, img/s=75.8, eta=0.3m]
Epoch 1/1:  37%|███▋      | 23/63 [00:09<00:15,  2.50it/s, loss=0.6648, acc=53.94%, img/s=75.8, eta=0.3m]
[36m(ClientAppActor pid=9750)[0m 
Epoch 1/1:  37%|███▋      | 23/63 [00:10<00:15,  2.50it/s, loss=0.7363, acc=53.65%, img/s=76.3, eta=0.3m]
Epoch 1/1:  38%|███▊      | 24/63 [00:10<00:15,  2.58it/s, loss=0.7363, acc=53.65%, img/s=76.3, eta=0.3m]
[36m(ClientAppActor pid=9750)[0m 
Epoch 1/1:  38%|███▊      | 24/63 [00:10<00:15,  2.58it/s, loss=0.6843, acc=53.75%, img/s=76.7, eta=0.3m]
Epoch 1/1:  40%|███▉      | 25/63 [00:10<00:14,  2.62it/s, loss=0.6843, acc=53.75%, img/s=76.7, eta=0.3m]
[36m(ClientAppActor pid=9750)[0m 
Epoch 1/1:  40%|███▉      | 25/63 [00:10<00:14,  2.62it/s, loss=0.7336, acc=53.73%, img/s=76.8, eta=0.3m]
Epoch 1/1:  41%|████▏     | 26/63 [00:10<00:14,  2.57it/s, loss=0.7336, acc=53.73%, img/s=76.8, eta=0.3m]
[36m(ClientAppActor pid=9750)[0m 
Epoch 1/1:  41%|████▏     | 26/63 [00:11<00:14,  2.57it/s, loss=0.5777, acc=54.63%, img/s=76.9, eta=0.2m]
Epoch 1/1:  43%|████▎     | 27/63 [00:11<00:14,  2.55it/s, loss=0.5777, acc=54.63%, img/s=76.9, eta=0.2m]
[36m(ClientAppActor pid=9750)[0m 
Epoch 1/1:  43%|████▎     | 27/63 [00:11<00:14,  2.55it/s, loss=0.5836, acc=55.13%, img/s=77.2, eta=0.2m]
Epoch 1/1:  44%|████▍     | 28/63 [00:11<00:13,  2.59it/s, loss=0.5836, acc=55.13%, img/s=77.2, eta=0.2m]
[36m(ClientAppActor pid=9750)[0m 
Epoch 1/1:  44%|████▍     | 28/63 [00:11<00:13,  2.59it/s, loss=0.6559, acc=54.96%, img/s=77.5, eta=0.2m]
Epoch 1/1:  46%|████▌     | 29/63 [00:11<00:12,  2.62it/s, loss=0.6559, acc=54.96%, img/s=77.5, eta=0.2m]
[36m(ClientAppActor pid=9750)[0m 
Epoch 1/1:  46%|████▌     | 29/63 [00:12<00:12,  2.62it/s, loss=0.5570, acc=55.52%, img/s=77.6, eta=0.2m]
Epoch 1/1:  48%|████▊     | 30/63 [00:12<00:12,  2.59it/s, loss=0.5570, acc=55.52%, img/s=77.6, eta=0.2m]
[36m(ClientAppActor pid=9750)[0m 
Epoch 1/1:  48%|████▊     | 30/63 [00:12<00:12,  2.59it/s, loss=0.6607, acc=55.44%, img/s=77.4, eta=0.2m]
Epoch 1/1:  49%|████▉     | 31/63 [00:12<00:12,  2.50it/s, loss=0.6607, acc=55.44%, img/s=77.4, eta=0.2m]
[36m(ClientAppActor pid=9750)[0m 
Epoch 1/1:  49%|████▉     | 31/63 [00:13<00:12,  2.50it/s, loss=0.7444, acc=55.18%, img/s=77.4, eta=0.2m]
Epoch 1/1:  51%|█████     | 32/63 [00:13<00:12,  2.48it/s, loss=0.7444, acc=55.18%, img/s=77.4, eta=0.2m]
[36m(ClientAppActor pid=9750)[0m 
Epoch 1/1:  51%|█████     | 32/63 [00:13<00:12,  2.48it/s, loss=0.6882, acc=55.40%, img/s=77.3, eta=0.2m]
Epoch 1/1:  52%|█████▏    | 33/63 [00:13<00:12,  2.41it/s, loss=0.6882, acc=55.40%, img/s=77.3, eta=0.2m]
[36m(ClientAppActor pid=9750)[0m 
Epoch 1/1:  52%|█████▏    | 33/63 [00:14<00:12,  2.41it/s, loss=0.6797, acc=55.33%, img/s=77.3, eta=0.2m]
Epoch 1/1:  54%|█████▍    | 34/63 [00:14<00:11,  2.43it/s, loss=0.6797, acc=55.33%, img/s=77.3, eta=0.2m]
[36m(ClientAppActor pid=9750)[0m 
Epoch 1/1:  54%|█████▍    | 34/63 [00:14<00:11,  2.43it/s, loss=0.6462, acc=55.71%, img/s=77.5, eta=0.2m]
Epoch 1/1:  56%|█████▌    | 35/63 [00:14<00:11,  2.49it/s, loss=0.6462, acc=55.71%, img/s=77.5, eta=0.2m]
[36m(ClientAppActor pid=9750)[0m 
Epoch 1/1:  56%|█████▌    | 35/63 [00:14<00:11,  2.49it/s, loss=0.7461, acc=55.90%, img/s=77.5, eta=0.2m]
Epoch 1/1:  57%|█████▋    | 36/63 [00:14<00:11,  2.45it/s, loss=0.7461, acc=55.90%, img/s=77.5, eta=0.2m]
[36m(ClientAppActor pid=9750)[0m 
Epoch 1/1:  57%|█████▋    | 36/63 [00:15<00:11,  2.45it/s, loss=0.6587, acc=56.00%, img/s=76.7, eta=0.2m]
Epoch 1/1:  59%|█████▊    | 37/63 [00:15<00:11,  2.21it/s, loss=0.6587, acc=56.00%, img/s=76.7, eta=0.2m]
[36m(ClientAppActor pid=9750)[0m 
Epoch 1/1:  59%|█████▊    | 37/63 [00:15<00:11,  2.21it/s, loss=0.7291, acc=55.84%, img/s=76.2, eta=0.2m]
Epoch 1/1:  60%|██████    | 38/63 [00:15<00:11,  2.11it/s, loss=0.7291, acc=55.84%, img/s=76.2, eta=0.2m]
[36m(ClientAppActor pid=9750)[0m 
Epoch 1/1:  60%|██████    | 38/63 [00:16<00:11,  2.11it/s, loss=0.7380, acc=55.53%, img/s=76.8, eta=0.2m]
Epoch 1/1:  62%|██████▏   | 39/63 [00:16<00:10,  2.36it/s, loss=0.7380, acc=55.53%, img/s=76.8, eta=0.2m]
[36m(ClientAppActor pid=9750)[0m 
Epoch 1/1:  62%|██████▏   | 39/63 [00:16<00:10,  2.36it/s, loss=0.6530, acc=55.47%, img/s=76.8, eta=0.2m]
Epoch 1/1:  63%|██████▎   | 40/63 [00:16<00:09,  2.38it/s, loss=0.6530, acc=55.47%, img/s=76.8, eta=0.2m]
[36m(ClientAppActor pid=9750)[0m 
Epoch 1/1:  63%|██████▎   | 40/63 [00:17<00:09,  2.38it/s, loss=0.6809, acc=55.34%, img/s=76.8, eta=0.2m]
Epoch 1/1:  65%|██████▌   | 41/63 [00:17<00:09,  2.37it/s, loss=0.6809, acc=55.34%, img/s=76.8, eta=0.2m]
[36m(ClientAppActor pid=9750)[0m 
Epoch 1/1:  65%|██████▌   | 41/63 [00:17<00:09,  2.37it/s, loss=0.6405, acc=55.58%, img/s=76.8, eta=0.1m]
Epoch 1/1:  67%|██████▋   | 42/63 [00:17<00:08,  2.39it/s, loss=0.6405, acc=55.58%, img/s=76.8, eta=0.1m]
[36m(ClientAppActor pid=9750)[0m 
Epoch 1/1:  67%|██████▋   | 42/63 [00:17<00:08,  2.39it/s, loss=0.6194, acc=55.81%, img/s=77.0, eta=0.1m]
Epoch 1/1:  68%|██████▊   | 43/63 [00:17<00:08,  2.47it/s, loss=0.6194, acc=55.81%, img/s=77.0, eta=0.1m]
[36m(ClientAppActor pid=9750)[0m 
Epoch 1/1:  68%|██████▊   | 43/63 [00:18<00:08,  2.47it/s, loss=0.6874, acc=56.04%, img/s=77.1, eta=0.1m]
Epoch 1/1:  70%|██████▉   | 44/63 [00:18<00:07,  2.51it/s, loss=0.6874, acc=56.04%, img/s=77.1, eta=0.1m]
[36m(ClientAppActor pid=9750)[0m 
Epoch 1/1:  70%|██████▉   | 44/63 [00:18<00:07,  2.51it/s, loss=0.7057, acc=55.97%, img/s=77.0, eta=0.1m]
Epoch 1/1:  71%|███████▏  | 45/63 [00:18<00:07,  2.43it/s, loss=0.7057, acc=55.97%, img/s=77.0, eta=0.1m]
[36m(ClientAppActor pid=9750)[0m 
Epoch 1/1:  71%|███████▏  | 45/63 [00:19<00:07,  2.43it/s, loss=0.6475, acc=56.25%, img/s=77.0, eta=0.1m]
Epoch 1/1:  73%|███████▎  | 46/63 [00:19<00:06,  2.43it/s, loss=0.6475, acc=56.25%, img/s=77.0, eta=0.1m]
[36m(ClientAppActor pid=9750)[0m 
Epoch 1/1:  73%|███████▎  | 46/63 [00:19<00:06,  2.43it/s, loss=0.6946, acc=56.12%, img/s=77.2, eta=0.1m]
Epoch 1/1:  75%|███████▍  | 47/63 [00:19<00:06,  2.53it/s, loss=0.6946, acc=56.12%, img/s=77.2, eta=0.1m]
[36m(ClientAppActor pid=9750)[0m 
Epoch 1/1:  75%|███████▍  | 47/63 [00:19<00:06,  2.53it/s, loss=0.6714, acc=56.18%, img/s=77.1, eta=0.1m]
Epoch 1/1:  76%|███████▌  | 48/63 [00:19<00:06,  2.44it/s, loss=0.6714, acc=56.18%, img/s=77.1, eta=0.1m]
[36m(ClientAppActor pid=9750)[0m 
Epoch 1/1:  76%|███████▌  | 48/63 [00:20<00:06,  2.44it/s, loss=0.7204, acc=56.12%, img/s=75.9, eta=0.1m]
Epoch 1/1:  78%|███████▊  | 49/63 [00:20<00:07,  1.96it/s, loss=0.7204, acc=56.12%, img/s=75.9, eta=0.1m]
[36m(ClientAppActor pid=9750)[0m 
Epoch 1/1:  78%|███████▊  | 49/63 [00:21<00:07,  1.96it/s, loss=0.6236, acc=56.25%, img/s=74.4, eta=0.1m]
Epoch 1/1:  79%|███████▉  | 50/63 [00:21<00:07,  1.65it/s, loss=0.6236, acc=56.25%, img/s=74.4, eta=0.1m]
[36m(ClientAppActor pid=9750)[0m 
Epoch 1/1:  79%|███████▉  | 50/63 [00:21<00:07,  1.65it/s, loss=0.5831, acc=56.68%, img/s=74.5, eta=0.1m]
Epoch 1/1:  81%|████████  | 51/63 [00:21<00:06,  1.83it/s, loss=0.5831, acc=56.68%, img/s=74.5, eta=0.1m]
[36m(ClientAppActor pid=9750)[0m 
Epoch 1/1:  81%|████████  | 51/63 [00:22<00:06,  1.83it/s, loss=0.6753, acc=56.73%, img/s=74.7, eta=0.1m]
Epoch 1/1:  83%|████████▎ | 52/63 [00:22<00:05,  2.03it/s, loss=0.6753, acc=56.73%, img/s=74.7, eta=0.1m]
[36m(ClientAppActor pid=9750)[0m 
Epoch 1/1:  83%|████████▎ | 52/63 [00:22<00:05,  2.03it/s, loss=0.5740, acc=56.96%, img/s=74.6, eta=0.1m]
Epoch 1/1:  84%|████████▍ | 53/63 [00:22<00:04,  2.07it/s, loss=0.5740, acc=56.96%, img/s=74.6, eta=0.1m]
[36m(ClientAppActor pid=9750)[0m 
Epoch 1/1:  84%|████████▍ | 53/63 [00:23<00:04,  2.07it/s, loss=0.6959, acc=56.94%, img/s=74.6, eta=0.1m]
Epoch 1/1:  86%|████████▌ | 54/63 [00:23<00:04,  2.14it/s, loss=0.6959, acc=56.94%, img/s=74.6, eta=0.1m]
[36m(ClientAppActor pid=9750)[0m 
Epoch 1/1:  86%|████████▌ | 54/63 [00:23<00:04,  2.14it/s, loss=0.5952, acc=57.05%, img/s=74.8, eta=0.1m]
Epoch 1/1:  87%|████████▋ | 55/63 [00:23<00:03,  2.30it/s, loss=0.5952, acc=57.05%, img/s=74.8, eta=0.1m]
[36m(ClientAppActor pid=9750)[0m 
Epoch 1/1:  87%|████████▋ | 55/63 [00:23<00:03,  2.30it/s, loss=0.6297, acc=57.20%, img/s=74.9, eta=0.0m]
Epoch 1/1:  89%|████████▉ | 56/63 [00:23<00:02,  2.35it/s, loss=0.6297, acc=57.20%, img/s=74.9, eta=0.0m]
[36m(ClientAppActor pid=9750)[0m 
Epoch 1/1:  89%|████████▉ | 56/63 [00:24<00:02,  2.35it/s, loss=0.6399, acc=57.35%, img/s=75.1, eta=0.0m]
Epoch 1/1:  90%|█████████ | 57/63 [00:24<00:02,  2.45it/s, loss=0.6399, acc=57.35%, img/s=75.1, eta=0.0m]
[36m(ClientAppActor pid=9750)[0m 
Epoch 1/1:  90%|█████████ | 57/63 [00:24<00:02,  2.45it/s, loss=0.5858, acc=57.49%, img/s=75.0, eta=0.0m]
Epoch 1/1:  92%|█████████▏| 58/63 [00:24<00:02,  2.37it/s, loss=0.5858, acc=57.49%, img/s=75.0, eta=0.0m]
[36m(ClientAppActor pid=9750)[0m 
Epoch 1/1:  92%|█████████▏| 58/63 [00:25<00:02,  2.37it/s, loss=0.7231, acc=57.52%, img/s=75.1, eta=0.0m]
Epoch 1/1:  94%|█████████▎| 59/63 [00:25<00:01,  2.42it/s, loss=0.7231, acc=57.52%, img/s=75.1, eta=0.0m]
[36m(ClientAppActor pid=9750)[0m 
Epoch 1/1:  94%|█████████▎| 59/63 [00:25<00:01,  2.42it/s, loss=0.5848, acc=57.86%, img/s=74.5, eta=0.0m]
Epoch 1/1:  95%|█████████▌| 60/63 [00:25<00:01,  2.10it/s, loss=0.5848, acc=57.86%, img/s=74.5, eta=0.0m]
[36m(ClientAppActor pid=9750)[0m 
Epoch 1/1:  95%|█████████▌| 60/63 [00:26<00:01,  2.10it/s, loss=0.5867, acc=57.99%, img/s=74.8, eta=0.0m]
Epoch 1/1:  97%|█████████▋| 61/63 [00:26<00:00,  2.32it/s, loss=0.5867, acc=57.99%, img/s=74.8, eta=0.0m]
[36m(ClientAppActor pid=9750)[0m 
Epoch 1/1:  97%|█████████▋| 61/63 [00:26<00:00,  2.32it/s, loss=0.7005, acc=57.91%, img/s=74.8, eta=0.0m]
Epoch 1/1:  98%|█████████▊| 62/63 [00:26<00:00,  2.33it/s, loss=0.7005, acc=57.91%, img/s=74.8, eta=0.0m]
[36m(ClientAppActor pid=9750)[0m 
Epoch 1/1:  98%|█████████▊| 62/63 [00:26<00:00,  2.33it/s, loss=0.5426, acc=58.10%, img/s=37.8, eta=0.0m]
Epoch 1/1: 100%|██████████| 63/63 [00:26<00:00,  2.87it/s, loss=0.5426, acc=58.10%, img/s=37.8, eta=0.0m]
Epoch 1/1: 100%|██████████| 63/63 [00:26<00:00,  2.36it/s, loss=0.5426, acc=58.10%, img/s=37.8, eta=0.0m]
Using device: cuda
GPU Enabled
GPU Count: 1
NVIDIA GeForce RTX 3060

===== RUN CONFIG =====
{'num-server-rounds': 5, 'local-epochs': 1, 'model-name': 'resnet18', 'dataset-name': '140k'}
======================

[36m(ClientAppActor pid=9750)[0m Using device: cuda
[36m(ClientAppActor pid=9750)[0m GPU Enabled
[36m(ClientAppActor pid=9750)[0m GPU Count: 1
[36m(ClientAppActor pid=9750)[0m NVIDIA GeForce RTX 3060
[36m(ClientAppActor pid=9750)[0m Client 4 using cuda
[36m(ClientAppActor pid=9750)[0m {'fake': 0, 'real': 1}
[36m(ClientAppActor pid=9750)[0m [DEBUG MODE] Train=2000, Val=100, Test=100
[36m(ClientAppActor pid=9750)[0m 
[36m(ClientAppActor pid=9750)[0m Client 4 Class Distribution
[36m(ClientAppActor pid=9750)[0m Train: Counter({0: 1013, 1: 987})
[36m(ClientAppActor pid=9750)[0m Val  : Counter({0: 56, 1: 44})
[36m(ClientAppActor pid=9750)[0m Test : Counter({1: 53, 0: 47})
[36m(ClientAppActor pid=9750)[0m Client 4
[36m(ClientAppActor pid=9750)[0m Train Images: 2000
[36m(ClientAppActor pid=9750)[0m Test Images : 100
[36m(ClientAppActor pid=9750)[0m Validate Images : 100
[36m(ClientAppActor pid=9750)[0m Client 3 using cuda
[36m(ClientAppActor pid=9750)[0m {'fake': 0, 'real': 1}
[36m(ClientAppActor pid=9750)[0m [DEBUG MODE] Train=2000, Val=100, Test=100
[36m(ClientAppActor pid=9750)[0m 
[36m(ClientAppActor pid=9750)[0m Client 3 Class Distribution
[36m(ClientAppActor pid=9750)[0m Train: Counter({1: 1024, 0: 976})
[36m(ClientAppActor pid=9750)[0m Val  : Counter({1: 54, 0: 46})
[36m(ClientAppActor pid=9750)[0m Test : Counter({1: 50, 0: 50})
[36m(ClientAppActor pid=9750)[0m Client 3
[36m(ClientAppActor pid=9750)[0m Train Images: 2000
[36m(ClientAppActor pid=9750)[0m Test Images : 100
[36m(ClientAppActor pid=9750)[0m Validate Images : 100
[36m(ClientAppActor pid=9750)[0m Client 3 starting fit...
[36m(ClientAppActor pid=9750)[0m Client 3 starting training...
[36m(ClientAppActor pid=9750)[0m START classifier norm: 0.812319278717041
[36m(ClientAppActor pid=9750)[0m 
[36m(ClientAppActor pid=9750)[0m Batch 0/63
[36m(ClientAppActor pid=9750)[0m GPU Allocated: 0.20 GB
[36m(ClientAppActor pid=9750)[0m GPU Reserved : 0.30 GB
[36m(ClientAppActor pid=9750)[0m 
[36m(ClientAppActor pid=9750)[0m ==================================================
[36m(ClientAppActor pid=9750)[0m Epoch 1 Complete
[36m(ClientAppActor pid=9750)[0m Average Loss : 0.6777
[36m(ClientAppActor pid=9750)[0m Accuracy     : 60.80%
[36m(ClientAppActor pid=9750)[0m Time         : 30.20s
[36m(ClientAppActor pid=9750)[0m Images       : 2000
[36m(ClientAppActor pid=9750)[0m Images/sec   : 66.23
[36m(ClientAppActor pid=9750)[0m GPU Allocated: 0.19 GB
[36m(ClientAppActor pid=9750)[0m GPU Reserved : 0.32 GB
[36m(ClientAppActor pid=9750)[0m ==================================================
[36m(ClientAppActor pid=9750)[0m END classifier norm: 0.8090693354606628
[36m(ClientAppActor pid=9750)[0m Client 3 finished training
[36m(ClientAppActor pid=9750)[0m Client 3 extracting parameters...
[36m(ClientAppActor pid=9750)[0m Client 3 parameter extraction complete
[36m(ClientAppActor pid=9750)[0m Client 3 returning results
[36m(ClientAppActor pid=9750)[0m Client 1 using cuda
[36m(ClientAppActor pid=9750)[0m {'fake': 0, 'real': 1}
[36m(ClientAppActor pid=9750)[0m [DEBUG MODE] Train=2000, Val=100, Test=100
[36m(ClientAppActor pid=9750)[0m 
[36m(ClientAppActor pid=9750)[0m Client 1 Class Distribution
[36m(ClientAppActor pid=9750)[0m Train: Counter({1: 1011, 0: 989})
[36m(ClientAppActor pid=9750)[0m Val  : Counter({0: 55, 1: 45})
[36m(ClientAppActor pid=9750)[0m Test : Counter({0: 53, 1: 47})
[36m(ClientAppActor pid=9750)[0m Client 1
[36m(ClientAppActor pid=9750)[0m Train Images: 2000
[36m(ClientAppActor pid=9750)[0m Test Images : 100
[36m(ClientAppActor pid=9750)[0m Validate Images : 100
[36m(ClientAppActor pid=9750)[0m Client 1 starting fit...
[36m(ClientAppActor pid=9750)[0m Client 1 starting training...
[36m(ClientAppActor pid=9750)[0m START classifier norm: 0.812319278717041
[36m(ClientAppActor pid=9750)[0m 
[36m(ClientAppActor pid=9750)[0m Batch 0/63
[36m(ClientAppActor pid=9750)[0m GPU Allocated: 0.20 GB
[36m(ClientAppActor pid=9750)[0m GPU Reserved : 0.63 GB
[36m(ClientAppActor pid=9750)[0m 
[36m(ClientAppActor pid=9750)[0m ==================================================
[36m(ClientAppActor pid=9750)[0m Epoch 1 Complete
[36m(ClientAppActor pid=9750)[0m Average Loss : 0.6786
[36m(ClientAppActor pid=9750)[0m Accuracy     : 59.20%
[36m(ClientAppActor pid=9750)[0m Time         : 28.40s
[36m(ClientAppActor pid=9750)[0m Images       : 2000
[36m(ClientAppActor pid=9750)[0m Images/sec   : 70.41
[36m(ClientAppActor pid=9750)[0m GPU Allocated: 0.20 GB
[36m(ClientAppActor pid=9750)[0m GPU Reserved : 0.74 GB
[36m(ClientAppActor pid=9750)[0m ==================================================
[36m(ClientAppActor pid=9750)[0m END classifier norm: 0.8093434572219849
[36m(ClientAppActor pid=9750)[0m Client 1 finished training
[36m(ClientAppActor pid=9750)[0m Client 1 extracting parameters...
[36m(ClientAppActor pid=9750)[0m Client 1 parameter extraction complete
[36m(ClientAppActor pid=9750)[0m Client 1 returning results
[36m(ClientAppActor pid=9750)[0m Client 2 using cuda
[36m(ClientAppActor pid=9750)[0m {'fake': 0, 'real': 1}
[36m(ClientAppActor pid=9750)[0m [DEBUG MODE] Train=2000, Val=100, Test=100
[36m(ClientAppActor pid=9750)[0m 
[36m(ClientAppActor pid=9750)[0m Client 2 Class Distribution
[36m(ClientAppActor pid=9750)[0m Train: Counter({0: 1012, 1: 988})
[36m(ClientAppActor pid=9750)[0m Val  : Counter({0: 60, 1: 40})
[36m(ClientAppActor pid=9750)[0m Test : Counter({0: 51, 1: 49})
[36m(ClientAppActor pid=9750)[0m Client 2
[36m(ClientAppActor pid=9750)[0m Train Images: 2000
[36m(ClientAppActor pid=9750)[0m Test Images : 100
[36m(ClientAppActor pid=9750)[0m Validate Images : 100
[36m(ClientAppActor pid=9750)[0m Client 2 starting fit...
[36m(ClientAppActor pid=9750)[0m Client 2 starting training...
[36m(ClientAppActor pid=9750)[0m START classifier norm: 0.812319278717041
[36m(ClientAppActor pid=9750)[0m 
[36m(ClientAppActor pid=9750)[0m Batch 0/63
[36m(ClientAppActor pid=9750)[0m GPU Allocated: 0.20 GB
[36m(ClientAppActor pid=9750)[0m GPU Reserved : 0.74 GB
[36m(ClientAppActor pid=9750)[0m 
[36m(ClientAppActor pid=9750)[0m ==================================================
[36m(ClientAppActor pid=9750)[0m Epoch 1 Complete
[36m(ClientAppActor pid=9750)[0m Average Loss : 0.6695
[36m(ClientAppActor pid=9750)[0m Accuracy     : 58.10%
[36m(ClientAppActor pid=9750)[0m Time         : 26.67s
[36m(ClientAppActor pid=9750)[0m Images       : 2000
[36m(ClientAppActor pid=9750)[0m Images/sec   : 74.99
[36m(ClientAppActor pid=9750)[0m GPU Allocated: 0.19 GB
[36m(ClientAppActor pid=9750)[0m GPU Reserved : 0.74 GB
[36m(ClientAppActor pid=9750)[0m ==================================================
[36m(ClientAppActor pid=9750)[0m END classifier norm: 0.8098595142364502
[36m(ClientAppActor pid=9750)[0m Client 2 finished training
[36m(ClientAppActor pid=9750)[0m Client 2 extracting parameters...
[36m(ClientAppActor pid=9750)[0m Client 2 parameter extraction complete
[36m(ClientAppActor pid=9750)[0m Client 2 returning results
[36m(ClientAppActor pid=9750)[0m Client 4 using cuda
[36m(ClientAppActor pid=9750)[0m {'fake': 0, 'real': 1}
[36m(ClientAppActor pid=9750)[0m [DEBUG MODE] Train=2000, Val=100, Test=100
[36m(ClientAppActor pid=9750)[0m 
[36m(ClientAppActor pid=9750)[0m Client 4 Class Distribution
[36m(ClientAppActor pid=9750)[0m Train: Counter({0: 1013, 1: 987})
[36m(ClientAppActor pid=9750)[0m Val  : Counter({0: 56, 1: 44})
[36m(ClientAppActor pid=9750)[0m Test : Counter({1: 53, 0: 47})
[36m(ClientAppActor pid=9750)[0m Client 4
[36m(ClientAppActor pid=9750)[0m Train Images: 2000
[36m(ClientAppActor pid=9750)[0m Test Images : 100
[36m(ClientAppActor pid=9750)[0m Validate Images : 100
[36m(ClientAppActor pid=9750)[0m Client 4 starting fit...
[36m(ClientAppActor pid=9750)[0m 
Epoch 1/1:   0%|          | 0/63 [00:00<?, ?it/s]
[36m(ClientAppActor pid=9750)[0m 
Epoch 1/1:   0%|          | 0/63 [00:00<?, ?it/s, loss=0.6970, acc=46.88%, img/s=97.0, eta=0.3m]
Epoch 1/1:   2%|▏         | 1/63 [00:00<00:20,  3.03it/s, loss=0.6970, acc=46.88%, img/s=97.0, eta=0.3m]
[36m(ClientAppActor pid=9750)[0m 
Epoch 1/1:   2%|▏         | 1/63 [00:00<00:20,  3.03it/s, loss=0.7124, acc=45.31%, img/s=107.4, eta=0.3m]
Epoch 1/1:   3%|▎         | 2/63 [00:00<00:17,  3.42it/s, loss=0.7124, acc=45.31%, img/s=107.4, eta=0.3m]
[36m(ClientAppActor pid=9750)[0m 
Epoch 1/1:   3%|▎         | 2/63 [00:00<00:17,  3.42it/s, loss=0.7057, acc=44.79%, img/s=109.0, eta=0.3m]
Epoch 1/1:   5%|▍         | 3/63 [00:00<00:17,  3.46it/s, loss=0.7057, acc=44.79%, img/s=109.0, eta=0.3m]
[36m(ClientAppActor pid=9750)[0m 
Epoch 1/1:   5%|▍         | 3/63 [00:01<00:17,  3.46it/s, loss=0.6651, acc=46.09%, img/s=111.0, eta=0.3m]
Epoch 1/1:   6%|▋         | 4/63 [00:01<00:16,  3.54it/s, loss=0.6651, acc=46.09%, img/s=111.0, eta=0.3m]
[36m(ClientAppActor pid=9750)[0m 
Epoch 1/1:   6%|▋         | 4/63 [00:01<00:16,  3.54it/s, loss=0.7581, acc=46.25%, img/s=109.6, eta=0.3m]
Epoch 1/1:   8%|▊         | 5/63 [00:01<00:16,  3.43it/s, loss=0.7581, acc=46.25%, img/s=109.6, eta=0.3m]
[36m(ClientAppActor pid=9750)[0m 
Epoch 1/1:   8%|▊         | 5/63 [00:01<00:16,  3.43it/s, loss=0.6339, acc=48.44%, img/s=110.2, eta=0.3m]
Epoch 1/1:  10%|▉         | 6/63 [00:01<00:16,  3.47it/s, loss=0.6339, acc=48.44%, img/s=110.2, eta=0.3m]
[36m(ClientAppActor pid=9750)[0m 
Epoch 1/1:  10%|▉         | 6/63 [00:01<00:16,  3.47it/s, loss=0.7854, acc=49.11%, img/s=112.2, eta=0.3m]
Epoch 1/1:  11%|█         | 7/63 [00:01<00:15,  3.61it/s, loss=0.7854, acc=49.11%, img/s=112.2, eta=0.3m]
[36m(ClientAppActor pid=9750)[0m 
Epoch 1/1:  11%|█         | 7/63 [00:02<00:15,  3.61it/s, loss=0.8646, acc=48.05%, img/s=111.8, eta=0.3m]
Epoch 1/1:  13%|█▎        | 8/63 [00:02<00:15,  3.54it/s, loss=0.8646, acc=48.05%, img/s=111.8, eta=0.3m]
[36m(ClientAppActor pid=9750)[0m 
Epoch 1/1:  13%|█▎        | 8/63 [00:02<00:15,  3.54it/s, loss=0.7334, acc=47.92%, img/s=113.9, eta=0.3m]
Epoch 1/1:  14%|█▍        | 9/63 [00:02<00:14,  3.72it/s, loss=0.7334, acc=47.92%, img/s=113.9, eta=0.3m]
[36m(ClientAppActor pid=9750)[0m 
Epoch 1/1:  14%|█▍        | 9/63 [00:02<00:14,  3.72it/s, loss=0.6989, acc=47.50%, img/s=115.5, eta=0.2m]
Epoch 1/1:  16%|█▌        | 10/63 [00:02<00:13,  3.84it/s, loss=0.6989, acc=47.50%, img/s=115.5, eta=0.2m]
[36m(ClientAppActor pid=9750)[0m 
Epoch 1/1:  16%|█▌        | 10/63 [00:03<00:13,  3.84it/s, loss=0.8133, acc=46.31%, img/s=116.0, eta=0.2m]
Epoch 1/1:  17%|█▋        | 11/63 [00:03<00:13,  3.82it/s, loss=0.8133, acc=46.31%, img/s=116.0, eta=0.2m]
[36m(ClientAppActor pid=9750)[0m 
Epoch 1/1:  17%|█▋        | 11/63 [00:03<00:13,  3.82it/s, loss=0.7663, acc=45.83%, img/s=116.8, eta=0.2m]
Epoch 1/1:  19%|█▉        | 12/63 [00:03<00:13,  3.87it/s, loss=0.7663, acc=45.83%, img/s=116.8, eta=0.2m]
[36m(ClientAppActor pid=9750)[0m 
Epoch 1/1:  19%|█▉        | 12/63 [00:03<00:13,  3.87it/s, loss=0.7738, acc=45.19%, img/s=118.7, eta=0.2m]
Epoch 1/1:  21%|██        | 13/63 [00:03<00:12,  4.07it/s, loss=0.7738, acc=45.19%, img/s=118.7, eta=0.2m]
[36m(ClientAppActor pid=9750)[0m 
Epoch 1/1:  21%|██        | 13/63 [00:03<00:12,  4.07it/s, loss=0.7243, acc=44.87%, img/s=117.7, eta=0.2m]
Epoch 1/1:  22%|██▏       | 14/63 [00:03<00:12,  3.80it/s, loss=0.7243, acc=44.87%, img/s=117.7, eta=0.2m]
[36m(ClientAppActor pid=9750)[0m 
Epoch 1/1:  22%|██▏       | 14/63 [00:04<00:12,  3.80it/s, loss=0.6944, acc=46.04%, img/s=118.2, eta=0.2m]
Epoch 1/1:  24%|██▍       | 15/63 [00:04<00:12,  3.83it/s, loss=0.6944, acc=46.04%, img/s=118.2, eta=0.2m]
[36m(ClientAppActor pid=9750)[0m 
Epoch 1/1:  24%|██▍       | 15/63 [00:04<00:12,  3.83it/s, loss=0.7307, acc=45.51%, img/s=118.5, eta=0.2m]
Epoch 1/1:  25%|██▌       | 16/63 [00:04<00:12,  3.85it/s, loss=0.7307, acc=45.51%, img/s=118.5, eta=0.2m]
[36m(ClientAppActor pid=9750)[0m 
Epoch 1/1:  25%|██▌       | 16/63 [00:04<00:12,  3.85it/s, loss=0.5550, acc=47.61%, img/s=119.0, eta=0.2m]
Epoch 1/1:  27%|██▋       | 17/63 [00:04<00:11,  3.89it/s, loss=0.5550, acc=47.61%, img/s=119.0, eta=0.2m]
[36m(ClientAppActor pid=9750)[0m 
Epoch 1/1:  27%|██▋       | 17/63 [00:04<00:11,  3.89it/s, loss=0.6401, acc=48.26%, img/s=119.0, eta=0.2m]
Epoch 1/1:  29%|██▊       | 18/63 [00:04<00:11,  3.83it/s, loss=0.6401, acc=48.26%, img/s=119.0, eta=0.2m]
[36m(ClientAppActor pid=9750)[0m 
Epoch 1/1:  29%|██▊       | 18/63 [00:05<00:11,  3.83it/s, loss=0.7137, acc=48.52%, img/s=119.4, eta=0.2m]
Epoch 1/1:  30%|███       | 19/63 [00:05<00:11,  3.87it/s, loss=0.7137, acc=48.52%, img/s=119.4, eta=0.2m]
[36m(ClientAppActor pid=9750)[0m 
Epoch 1/1:  30%|███       | 19/63 [00:05<00:11,  3.87it/s, loss=0.6426, acc=49.22%, img/s=120.3, eta=0.2m]
Epoch 1/1:  32%|███▏      | 20/63 [00:05<00:10,  4.02it/s, loss=0.6426, acc=49.22%, img/s=120.3, eta=0.2m]
[36m(ClientAppActor pid=9750)[0m 
Epoch 1/1:  32%|███▏      | 20/63 [00:05<00:10,  4.02it/s, loss=0.7327, acc=49.11%, img/s=120.8, eta=0.2m]
Epoch 1/1:  33%|███▎      | 21/63 [00:05<00:10,  4.05it/s, loss=0.7327, acc=49.11%, img/s=120.8, eta=0.2m]
[36m(ClientAppActor pid=9750)[0m 
Epoch 1/1:  33%|███▎      | 21/63 [00:05<00:10,  4.05it/s, loss=0.7093, acc=49.43%, img/s=118.5, eta=0.2m]
Epoch 1/1:  35%|███▍      | 22/63 [00:05<00:11,  3.48it/s, loss=0.7093, acc=49.43%, img/s=118.5, eta=0.2m]
[36m(ClientAppActor pid=9750)[0m 
Epoch 1/1:  35%|███▍      | 22/63 [00:06<00:11,  3.48it/s, loss=0.7619, acc=49.32%, img/s=119.8, eta=0.2m]
Epoch 1/1:  37%|███▋      | 23/63 [00:06<00:10,  3.83it/s, loss=0.7619, acc=49.32%, img/s=119.8, eta=0.2m]
[36m(ClientAppActor pid=9750)[0m 
Epoch 1/1:  37%|███▋      | 23/63 [00:06<00:10,  3.83it/s, loss=0.6388, acc=49.74%, img/s=119.6, eta=0.2m]
Epoch 1/1:  38%|███▊      | 24/63 [00:06<00:10,  3.77it/s, loss=0.6388, acc=49.74%, img/s=119.6, eta=0.2m]
[36m(ClientAppActor pid=9750)[0m 
Epoch 1/1:  38%|███▊      | 24/63 [00:06<00:10,  3.77it/s, loss=0.6843, acc=49.75%, img/s=120.3, eta=0.2m]
Epoch 1/1:  40%|███▉      | 25/63 [00:06<00:09,  3.92it/s, loss=0.6843, acc=49.75%, img/s=120.3, eta=0.2m]
[36m(ClientAppActor pid=9750)[0m 
Epoch 1/1:  40%|███▉      | 25/63 [00:06<00:09,  3.92it/s, loss=0.7183, acc=49.76%, img/s=120.2, eta=0.2m]
Epoch 1/1:  41%|████▏     | 26/63 [00:06<00:09,  3.84it/s, loss=0.7183, acc=49.76%, img/s=120.2, eta=0.2m]
[36m(ClientAppActor pid=9750)[0m 
Epoch 1/1:  41%|████▏     | 26/63 [00:07<00:09,  3.84it/s, loss=0.5985, acc=50.58%, img/s=120.0, eta=0.2m]
Epoch 1/1:  43%|████▎     | 27/63 [00:07<00:09,  3.77it/s, loss=0.5985, acc=50.58%, img/s=120.0, eta=0.2m]
[36m(ClientAppActor pid=9750)[0m 
Epoch 1/1:  43%|████▎     | 27/63 [00:07<00:09,  3.77it/s, loss=0.6383, acc=51.12%, img/s=120.3, eta=0.2m]
Epoch 1/1:  44%|████▍     | 28/63 [00:07<00:09,  3.84it/s, loss=0.6383, acc=51.12%, img/s=120.3, eta=0.2m]
[36m(ClientAppActor pid=9750)[0m 
Epoch 1/1:  44%|████▍     | 28/63 [00:07<00:09,  3.84it/s, loss=0.6603, acc=51.29%, img/s=120.8, eta=0.2m]
Epoch 1/1:  46%|████▌     | 29/63 [00:07<00:08,  3.97it/s, loss=0.6603, acc=51.29%, img/s=120.8, eta=0.2m]
[36m(ClientAppActor pid=9750)[0m 
Epoch 1/1:  46%|████▌     | 29/63 [00:07<00:08,  3.97it/s, loss=0.6693, acc=52.08%, img/s=121.0, eta=0.1m]
Epoch 1/1:  48%|████▊     | 30/63 [00:07<00:08,  3.96it/s, loss=0.6693, acc=52.08%, img/s=121.0, eta=0.1m]
[36m(ClientAppActor pid=9750)[0m 
Epoch 1/1:  48%|████▊     | 30/63 [00:08<00:08,  3.96it/s, loss=0.6892, acc=52.02%, img/s=121.4, eta=0.1m]
Epoch 1/1:  49%|████▉     | 31/63 [00:08<00:07,  4.02it/s, loss=0.6892, acc=52.02%, img/s=121.4, eta=0.1m]
[36m(ClientAppActor pid=9750)[0m 
Epoch 1/1:  49%|████▉     | 31/63 [00:08<00:07,  4.02it/s, loss=0.7505, acc=52.05%, img/s=122.0, eta=0.1m]
Epoch 1/1:  51%|█████     | 32/63 [00:08<00:07,  4.16it/s, loss=0.7505, acc=52.05%, img/s=122.0, eta=0.1m]
[36m(ClientAppActor pid=9750)[0m 
Epoch 1/1:  51%|█████     | 32/63 [00:08<00:07,  4.16it/s, loss=0.6356, acc=52.56%, img/s=122.1, eta=0.1m]
Epoch 1/1:  52%|█████▏    | 33/63 [00:08<00:07,  4.10it/s, loss=0.6356, acc=52.56%, img/s=122.1, eta=0.1m]
[36m(ClientAppActor pid=9750)[0m 
Epoch 1/1:  52%|█████▏    | 33/63 [00:08<00:07,  4.10it/s, loss=0.6844, acc=52.67%, img/s=121.8, eta=0.1m]
Epoch 1/1:  54%|█████▍    | 34/63 [00:08<00:07,  3.88it/s, loss=0.6844, acc=52.67%, img/s=121.8, eta=0.1m]
[36m(ClientAppActor pid=9750)[0m 
Epoch 1/1:  54%|█████▍    | 34/63 [00:09<00:07,  3.88it/s, loss=0.6560, acc=52.95%, img/s=121.3, eta=0.1m]
Epoch 1/1:  56%|█████▌    | 35/63 [00:09<00:07,  3.70it/s, loss=0.6560, acc=52.95%, img/s=121.3, eta=0.1m]
[36m(ClientAppActor pid=9750)[0m 
Epoch 1/1:  56%|█████▌    | 35/63 [00:09<00:07,  3.70it/s, loss=0.5859, acc=53.30%, img/s=121.5, eta=0.1m]
Epoch 1/1:  57%|█████▋    | 36/63 [00:09<00:07,  3.81it/s, loss=0.5859, acc=53.30%, img/s=121.5, eta=0.1m]
[36m(ClientAppActor pid=9750)[0m 
Epoch 1/1:  57%|█████▋    | 36/63 [00:09<00:07,  3.81it/s, loss=0.6187, acc=53.89%, img/s=122.2, eta=0.1m]
Epoch 1/1:  59%|█████▊    | 37/63 [00:09<00:06,  4.06it/s, loss=0.6187, acc=53.89%, img/s=122.2, eta=0.1m]
[36m(ClientAppActor pid=9750)[0m 
Epoch 1/1:  59%|█████▊    | 37/63 [00:09<00:06,  4.06it/s, loss=0.6595, acc=54.28%, img/s=122.3, eta=0.1m]
Epoch 1/1:  60%|██████    | 38/63 [00:09<00:06,  4.00it/s, loss=0.6595, acc=54.28%, img/s=122.3, eta=0.1m]
[36m(ClientAppActor pid=9750)[0m 
Epoch 1/1:  60%|██████    | 38/63 [00:10<00:06,  4.00it/s, loss=0.5891, acc=54.81%, img/s=122.0, eta=0.1m]
Epoch 1/1:  62%|██████▏   | 39/63 [00:10<00:06,  3.86it/s, loss=0.5891, acc=54.81%, img/s=122.0, eta=0.1m]
[36m(ClientAppActor pid=9750)[0m 
Epoch 1/1:  62%|██████▏   | 39/63 [00:10<00:06,  3.86it/s, loss=0.5794, acc=55.23%, img/s=122.3, eta=0.1m]
Epoch 1/1:  63%|██████▎   | 40/63 [00:10<00:05,  3.94it/s, loss=0.5794, acc=55.23%, img/s=122.3, eta=0.1m]
[36m(ClientAppActor pid=9750)[0m 
Epoch 1/1:  63%|██████▎   | 40/63 [00:10<00:05,  3.94it/s, loss=0.8111, acc=54.88%, img/s=122.6, eta=0.1m]
Epoch 1/1:  65%|██████▌   | 41/63 [00:10<00:05,  4.04it/s, loss=0.8111, acc=54.88%, img/s=122.6, eta=0.1m]
[36m(ClientAppActor pid=9750)[0m 
Epoch 1/1:  65%|██████▌   | 41/63 [00:10<00:05,  4.04it/s, loss=0.6316, acc=54.99%, img/s=122.9, eta=0.1m]
Epoch 1/1:  67%|██████▋   | 42/63 [00:10<00:05,  4.10it/s, loss=0.6316, acc=54.99%, img/s=122.9, eta=0.1m]
[36m(ClientAppActor pid=9750)[0m 
Epoch 1/1:  67%|██████▋   | 42/63 [00:11<00:05,  4.10it/s, loss=0.6724, acc=55.16%, img/s=122.7, eta=0.1m]
Epoch 1/1:  68%|██████▊   | 43/63 [00:11<00:05,  3.95it/s, loss=0.6724, acc=55.16%, img/s=122.7, eta=0.1m]
[36m(ClientAppActor pid=9750)[0m 
Epoch 1/1:  68%|██████▊   | 43/63 [00:11<00:05,  3.95it/s, loss=0.5962, acc=55.54%, img/s=122.8, eta=0.1m]
Epoch 1/1:  70%|██████▉   | 44/63 [00:11<00:04,  3.93it/s, loss=0.5962, acc=55.54%, img/s=122.8, eta=0.1m]
[36m(ClientAppActor pid=9750)[0m 
Epoch 1/1:  70%|██████▉   | 44/63 [00:11<00:04,  3.93it/s, loss=0.6298, acc=55.69%, img/s=122.9, eta=0.1m]
Epoch 1/1:  71%|███████▏  | 45/63 [00:11<00:04,  3.96it/s, loss=0.6298, acc=55.69%, img/s=122.9, eta=0.1m]
[36m(ClientAppActor pid=9750)[0m 
Epoch 1/1:  71%|███████▏  | 45/63 [00:11<00:04,  3.96it/s, loss=0.7319, acc=55.64%, img/s=122.9, eta=0.1m]
Epoch 1/1:  73%|███████▎  | 46/63 [00:11<00:04,  3.91it/s, loss=0.7319, acc=55.64%, img/s=122.9, eta=0.1m]
[36m(ClientAppActor pid=9750)[0m 
Epoch 1/1:  73%|███████▎  | 46/63 [00:12<00:04,  3.91it/s, loss=0.6222, acc=55.78%, img/s=122.5, eta=0.1m]
Epoch 1/1:  75%|███████▍  | 47/63 [00:12<00:04,  3.74it/s, loss=0.6222, acc=55.78%, img/s=122.5, eta=0.1m]
[36m(ClientAppActor pid=9750)[0m 
Epoch 1/1:  75%|███████▍  | 47/63 [00:12<00:04,  3.74it/s, loss=0.6419, acc=55.92%, img/s=122.6, eta=0.1m]
Epoch 1/1:  76%|███████▌  | 48/63 [00:12<00:03,  3.79it/s, loss=0.6419, acc=55.92%, img/s=122.6, eta=0.1m]
[36m(ClientAppActor pid=9750)[0m 
Epoch 1/1:  76%|███████▌  | 48/63 [00:12<00:03,  3.79it/s, loss=0.6245, acc=55.99%, img/s=122.8, eta=0.1m]
Epoch 1/1:  78%|███████▊  | 49/63 [00:12<00:03,  3.90it/s, loss=0.6245, acc=55.99%, img/s=122.8, eta=0.1m]
[36m(ClientAppActor pid=9750)[0m 
Epoch 1/1:  78%|███████▊  | 49/63 [00:13<00:03,  3.90it/s, loss=0.6320, acc=56.06%, img/s=122.4, eta=0.1m]
Epoch 1/1:  79%|███████▉  | 50/63 [00:13<00:03,  3.70it/s, loss=0.6320, acc=56.06%, img/s=122.4, eta=0.1m]
[36m(ClientAppActor pid=9750)[0m 
Epoch 1/1:  79%|███████▉  | 50/63 [00:13<00:03,  3.70it/s, loss=0.5938, acc=56.31%, img/s=122.4, eta=0.1m]
Epoch 1/1:  81%|████████  | 51/63 [00:13<00:03,  3.75it/s, loss=0.5938, acc=56.31%, img/s=122.4, eta=0.1m]
[36m(ClientAppActor pid=9750)[0m 
Epoch 1/1:  81%|████████  | 51/63 [00:13<00:03,  3.75it/s, loss=0.7270, acc=56.31%, img/s=123.2, eta=0.0m]
Epoch 1/1:  83%|████████▎ | 52/63 [00:13<00:02,  4.16it/s, loss=0.7270, acc=56.31%, img/s=123.2, eta=0.0m]
[36m(ClientAppActor pid=9750)[0m 
Epoch 1/1:  83%|████████▎ | 52/63 [00:13<00:02,  4.16it/s, loss=0.5948, acc=56.60%, img/s=123.5, eta=0.0m]
Epoch 1/1:  84%|████████▍ | 53/63 [00:13<00:02,  4.23it/s, loss=0.5948, acc=56.60%, img/s=123.5, eta=0.0m]
[36m(ClientAppActor pid=9750)[0m 
Epoch 1/1:  84%|████████▍ | 53/63 [00:14<00:02,  4.23it/s, loss=0.6778, acc=56.66%, img/s=123.2, eta=0.0m]
Epoch 1/1:  86%|████████▌ | 54/63 [00:14<00:02,  3.96it/s, loss=0.6778, acc=56.66%, img/s=123.2, eta=0.0m]
[36m(ClientAppActor pid=9750)[0m 
Epoch 1/1:  86%|████████▌ | 54/63 [00:14<00:02,  3.96it/s, loss=0.6508, acc=56.70%, img/s=123.2, eta=0.0m]
Epoch 1/1:  87%|████████▋ | 55/63 [00:14<00:02,  3.93it/s, loss=0.6508, acc=56.70%, img/s=123.2, eta=0.0m]
[36m(ClientAppActor pid=9750)[0m 
Epoch 1/1:  87%|████████▋ | 55/63 [00:14<00:02,  3.93it/s, loss=0.6128, acc=56.86%, img/s=123.0, eta=0.0m]
Epoch 1/1:  89%|████████▉ | 56/63 [00:14<00:01,  3.82it/s, loss=0.6128, acc=56.86%, img/s=123.0, eta=0.0m]
[36m(ClientAppActor pid=9750)[0m 
Epoch 1/1:  89%|████████▉ | 56/63 [00:14<00:01,  3.82it/s, loss=0.7001, acc=56.69%, img/s=123.2, eta=0.0m]
Epoch 1/1:  90%|█████████ | 57/63 [00:14<00:01,  3.90it/s, loss=0.7001, acc=56.69%, img/s=123.2, eta=0.0m]
[36m(ClientAppActor pid=9750)[0m 
Epoch 1/1:  90%|█████████ | 57/63 [00:15<00:01,  3.90it/s, loss=0.6675, acc=56.90%, img/s=123.4, eta=0.0m]
Epoch 1/1:  92%|█████████▏| 58/63 [00:15<00:01,  4.02it/s, loss=0.6675, acc=56.90%, img/s=123.4, eta=0.0m]
[36m(ClientAppActor pid=9750)[0m 
Epoch 1/1:  92%|█████████▏| 58/63 [00:15<00:01,  4.02it/s, loss=0.6000, acc=57.10%, img/s=123.5, eta=0.0m]
Epoch 1/1:  94%|█████████▎| 59/63 [00:15<00:00,  4.04it/s, loss=0.6000, acc=57.10%, img/s=123.5, eta=0.0m]
[36m(ClientAppActor pid=9750)[0m 
Epoch 1/1:  94%|█████████▎| 59/63 [00:15<00:00,  4.04it/s, loss=0.6849, acc=57.03%, img/s=123.7, eta=0.0m]
Epoch 1/1:  95%|█████████▌| 60/63 [00:15<00:00,  4.11it/s, loss=0.6849, acc=57.03%, img/s=123.7, eta=0.0m]
[36m(ClientAppActor pid=9750)[0m 
Epoch 1/1:  95%|█████████▌| 60/63 [00:15<00:00,  4.11it/s, loss=0.6293, acc=57.22%, img/s=123.9, eta=0.0m]
Epoch 1/1:  97%|█████████▋| 61/63 [00:15<00:00,  4.15it/s, loss=0.6293, acc=57.22%, img/s=123.9, eta=0.0m]
[36m(ClientAppActor pid=9750)[0m 
Epoch 1/1:  97%|█████████▋| 61/63 [00:15<00:00,  4.15it/s, loss=0.6326, acc=57.16%, img/s=124.0, eta=0.0m]
Epoch 1/1:  98%|█████████▊| 62/63 [00:15<00:00,  4.13it/s, loss=0.6326, acc=57.16%, img/s=124.0, eta=0.0m]
[36m(ClientAppActor pid=9750)[0m 
Epoch 1/1:  98%|█████████▊| 62/63 [00:16<00:00,  4.13it/s, loss=0.5600, acc=57.30%, img/s=62.4, eta=0.0m] 
Epoch 1/1: 100%|██████████| 63/63 [00:16<00:00,  4.61it/s, loss=0.5600, acc=57.30%, img/s=62.4, eta=0.0m]
Epoch 1/1: 100%|██████████| 63/63 [00:16<00:00,  3.90it/s, loss=0.5600, acc=57.30%, img/s=62.4, eta=0.0m]
[36m(ClientAppActor pid=9750)[0m 
Epoch 1/1:   0%|          | 0/63 [00:00<?, ?it/s]
[36m(ClientAppActor pid=9750)[0m 
Epoch 1/1:   0%|          | 0/63 [00:00<?, ?it/s, loss=0.6985, acc=46.88%, img/s=96.6, eta=0.3m]
Epoch 1/1:   2%|▏         | 1/63 [00:00<00:20,  3.02it/s, loss=0.6985, acc=46.88%, img/s=96.6, eta=0.3m]
[36m(ClientAppActor pid=9750)[0m 
Epoch 1/1:   2%|▏         | 1/63 [00:00<00:20,  3.02it/s, loss=0.7311, acc=48.44%, img/s=108.0, eta=0.3m]
Epoch 1/1:   3%|▎         | 2/63 [00:00<00:17,  3.45it/s, loss=0.7311, acc=48.44%, img/s=108.0, eta=0.3m]
[36m(ClientAppActor pid=9750)[0m 
Epoch 1/1:   3%|▎         | 2/63 [00:00<00:17,  3.45it/s, loss=0.7171, acc=47.92%, img/s=106.7, eta=0.3m]
Epoch 1/1:   5%|▍         | 3/63 [00:00<00:17,  3.36it/s, loss=0.7171, acc=47.92%, img/s=106.7, eta=0.3m]
[36m(ClientAppActor pid=9750)[0m 
Epoch 1/1:   5%|▍         | 3/63 [00:01<00:17,  3.36it/s, loss=0.6862, acc=50.78%, img/s=111.0, eta=0.3m]
Epoch 1/1:   6%|▋         | 4/63 [00:01<00:16,  3.57it/s, loss=0.6862, acc=50.78%, img/s=111.0, eta=0.3m]
[36m(ClientAppActor pid=9750)[0m 
Epoch 1/1:   6%|▋         | 4/63 [00:01<00:16,  3.57it/s, loss=0.7647, acc=50.62%, img/s=113.8, eta=0.3m]
Epoch 1/1:   8%|▊         | 5/63 [00:01<00:15,  3.70it/s, loss=0.7647, acc=50.62%, img/s=113.8, eta=0.3m]
[36m(ClientAppActor pid=9750)[0m 
Epoch 1/1:   8%|▊         | 5/63 [00:01<00:15,  3.70it/s, loss=0.7235, acc=49.48%, img/s=108.2, eta=0.3m]
Epoch 1/1:  10%|▉         | 6/63 [00:01<00:17,  3.29it/s, loss=0.7235, acc=49.48%, img/s=108.2, eta=0.3m]
[36m(ClientAppActor pid=9750)[0m 
Epoch 1/1:  10%|▉         | 6/63 [00:02<00:17,  3.29it/s, loss=0.7014, acc=50.89%, img/s=102.5, eta=0.3m]
Epoch 1/1:  11%|█         | 7/63 [00:02<00:18,  2.95it/s, loss=0.7014, acc=50.89%, img/s=102.5, eta=0.3m]
[36m(ClientAppActor pid=9750)[0m 
Epoch 1/1:  11%|█         | 7/63 [00:02<00:18,  2.95it/s, loss=0.7611, acc=49.61%, img/s=105.7, eta=0.3m]
Epoch 1/1:  13%|█▎        | 8/63 [00:02<00:16,  3.27it/s, loss=0.7611, acc=49.61%, img/s=105.7, eta=0.3m]
[36m(ClientAppActor pid=9750)[0m 
Epoch 1/1:  13%|█▎        | 8/63 [00:02<00:16,  3.27it/s, loss=0.6767, acc=50.69%, img/s=106.6, eta=0.3m]
Epoch 1/1:  14%|█▍        | 9/63 [00:02<00:16,  3.35it/s, loss=0.6767, acc=50.69%, img/s=106.6, eta=0.3m]
[36m(ClientAppActor pid=9750)[0m 
Epoch 1/1:  14%|█▍        | 9/63 [00:02<00:16,  3.35it/s, loss=0.6816, acc=51.56%, img/s=106.9, eta=0.3m]
Epoch 1/1:  16%|█▌        | 10/63 [00:02<00:15,  3.38it/s, loss=0.6816, acc=51.56%, img/s=106.9, eta=0.3m]
[36m(ClientAppActor pid=9750)[0m 
Epoch 1/1:  16%|█▌        | 10/63 [00:03<00:15,  3.38it/s, loss=0.6469, acc=52.56%, img/s=107.7, eta=0.3m]
Epoch 1/1:  17%|█▋        | 11/63 [00:03<00:15,  3.46it/s, loss=0.6469, acc=52.56%, img/s=107.7, eta=0.3m]
[36m(ClientAppActor pid=9750)[0m 
Epoch 1/1:  17%|█▋        | 11/63 [00:03<00:15,  3.46it/s, loss=0.8968, acc=52.60%, img/s=108.6, eta=0.3m]
Epoch 1/1:  19%|█▉        | 12/63 [00:03<00:14,  3.53it/s, loss=0.8968, acc=52.60%, img/s=108.6, eta=0.3m]
[36m(ClientAppActor pid=9750)[0m 
Epoch 1/1:  19%|█▉        | 12/63 [00:03<00:14,  3.53it/s, loss=0.7298, acc=52.40%, img/s=109.9, eta=0.2m]
Epoch 1/1:  21%|██        | 13/63 [00:03<00:13,  3.67it/s, loss=0.7298, acc=52.40%, img/s=109.9, eta=0.2m]
[36m(ClientAppActor pid=9750)[0m 
Epoch 1/1:  21%|██        | 13/63 [00:04<00:13,  3.67it/s, loss=0.6933, acc=53.12%, img/s=111.1, eta=0.2m]
Epoch 1/1:  22%|██▏       | 14/63 [00:04<00:12,  3.77it/s, loss=0.6933, acc=53.12%, img/s=111.1, eta=0.2m]
[36m(ClientAppActor pid=9750)[0m 
Epoch 1/1:  22%|██▏       | 14/63 [00:04<00:12,  3.77it/s, loss=0.6606, acc=53.33%, img/s=112.3, eta=0.2m]
Epoch 1/1:  24%|██▍       | 15/63 [00:04<00:12,  3.87it/s, loss=0.6606, acc=53.33%, img/s=112.3, eta=0.2m]
[36m(ClientAppActor pid=9750)[0m 
Epoch 1/1:  24%|██▍       | 15/63 [00:04<00:12,  3.87it/s, loss=0.6493, acc=54.30%, img/s=113.7, eta=0.2m]
Epoch 1/1:  25%|██▌       | 16/63 [00:04<00:11,  4.01it/s, loss=0.6493, acc=54.30%, img/s=113.7, eta=0.2m]
[36m(ClientAppActor pid=9750)[0m 
Epoch 1/1:  25%|██▌       | 16/63 [00:04<00:11,  4.01it/s, loss=0.6136, acc=54.96%, img/s=115.4, eta=0.2m]
Epoch 1/1:  27%|██▋       | 17/63 [00:04<00:10,  4.20it/s, loss=0.6136, acc=54.96%, img/s=115.4, eta=0.2m]
[36m(ClientAppActor pid=9750)[0m 
Epoch 1/1:  27%|██▋       | 17/63 [00:04<00:10,  4.20it/s, loss=0.7650, acc=54.86%, img/s=115.9, eta=0.2m]
Epoch 1/1:  29%|██▊       | 18/63 [00:04<00:10,  4.12it/s, loss=0.7650, acc=54.86%, img/s=115.9, eta=0.2m]
[36m(ClientAppActor pid=9750)[0m 
Epoch 1/1:  29%|██▊       | 18/63 [00:05<00:10,  4.12it/s, loss=0.7159, acc=54.93%, img/s=116.4, eta=0.2m]
Epoch 1/1:  30%|███       | 19/63 [00:05<00:10,  4.07it/s, loss=0.7159, acc=54.93%, img/s=116.4, eta=0.2m]
[36m(ClientAppActor pid=9750)[0m 
Epoch 1/1:  30%|███       | 19/63 [00:05<00:10,  4.07it/s, loss=0.7499, acc=54.22%, img/s=117.0, eta=0.2m]
Epoch 1/1:  32%|███▏      | 20/63 [00:05<00:10,  4.07it/s, loss=0.7499, acc=54.22%, img/s=117.0, eta=0.2m]
[36m(ClientAppActor pid=9750)[0m 
Epoch 1/1:  32%|███▏      | 20/63 [00:05<00:10,  4.07it/s, loss=0.7808, acc=53.87%, img/s=116.8, eta=0.2m]
Epoch 1/1:  33%|███▎      | 21/63 [00:05<00:10,  3.88it/s, loss=0.7808, acc=53.87%, img/s=116.8, eta=0.2m]
[36m(ClientAppActor pid=9750)[0m 
Epoch 1/1:  33%|███▎      | 21/63 [00:05<00:10,  3.88it/s, loss=0.6338, acc=54.26%, img/s=118.0, eta=0.2m]
Epoch 1/1:  35%|███▍      | 22/63 [00:05<00:10,  4.10it/s, loss=0.6338, acc=54.26%, img/s=118.0, eta=0.2m]
[36m(ClientAppActor pid=9750)[0m 
Epoch 1/1:  35%|███▍      | 22/63 [00:06<00:10,  4.10it/s, loss=0.7436, acc=54.08%, img/s=118.9, eta=0.2m]
Epoch 1/1:  37%|███▋      | 23/63 [00:06<00:09,  4.20it/s, loss=0.7436, acc=54.08%, img/s=118.9, eta=0.2m]
[36m(ClientAppActor pid=9750)[0m 
Epoch 1/1:  37%|███▋      | 23/63 [00:06<00:09,  4.20it/s, loss=0.6653, acc=54.04%, img/s=118.6, eta=0.2m]
Epoch 1/1:  38%|███▊      | 24/63 [00:06<00:09,  3.97it/s, loss=0.6653, acc=54.04%, img/s=118.6, eta=0.2m]
[36m(ClientAppActor pid=9750)[0m 
Epoch 1/1:  38%|███▊      | 24/63 [00:06<00:09,  3.97it/s, loss=0.6285, acc=54.25%, img/s=118.4, eta=0.2m]
Epoch 1/1:  40%|███▉      | 25/63 [00:06<00:09,  3.82it/s, loss=0.6285, acc=54.25%, img/s=118.4, eta=0.2m]
[36m(ClientAppActor pid=9750)[0m 
Epoch 1/1:  40%|███▉      | 25/63 [00:07<00:09,  3.82it/s, loss=0.6631, acc=54.93%, img/s=118.8, eta=0.2m]
Epoch 1/1:  41%|████▏     | 26/63 [00:07<00:09,  3.90it/s, loss=0.6631, acc=54.93%, img/s=118.8, eta=0.2m]
[36m(ClientAppActor pid=9750)[0m 
Epoch 1/1:  41%|████▏     | 26/63 [00:07<00:09,  3.90it/s, loss=0.6869, acc=55.21%, img/s=118.5, eta=0.2m]
Epoch 1/1:  43%|████▎     | 27/63 [00:07<00:09,  3.75it/s, loss=0.6869, acc=55.21%, img/s=118.5, eta=0.2m]
[36m(ClientAppActor pid=9750)[0m 
Epoch 1/1:  43%|████▎     | 27/63 [00:07<00:09,  3.75it/s, loss=0.6523, acc=55.25%, img/s=119.1, eta=0.2m]
Epoch 1/1:  44%|████▍     | 28/63 [00:07<00:08,  3.90it/s, loss=0.6523, acc=55.25%, img/s=119.1, eta=0.2m]
[36m(ClientAppActor pid=9750)[0m 
Epoch 1/1:  44%|████▍     | 28/63 [00:07<00:08,  3.90it/s, loss=0.7410, acc=55.50%, img/s=120.3, eta=0.2m]
Epoch 1/1:  46%|████▌     | 29/63 [00:07<00:08,  4.22it/s, loss=0.7410, acc=55.50%, img/s=120.3, eta=0.2m]
[36m(ClientAppActor pid=9750)[0m 
Epoch 1/1:  46%|████▌     | 29/63 [00:08<00:08,  4.22it/s, loss=0.5707, acc=56.15%, img/s=118.0, eta=0.1m]
Epoch 1/1:  48%|████▊     | 30/63 [00:08<00:09,  3.43it/s, loss=0.5707, acc=56.15%, img/s=118.0, eta=0.1m]
[36m(ClientAppActor pid=9750)[0m 
Epoch 1/1:  48%|████▊     | 30/63 [00:08<00:09,  3.43it/s, loss=0.6049, acc=56.55%, img/s=117.9, eta=0.1m]
Epoch 1/1:  49%|████▉     | 31/63 [00:08<00:09,  3.49it/s, loss=0.6049, acc=56.55%, img/s=117.9, eta=0.1m]
[36m(ClientAppActor pid=9750)[0m 
Epoch 1/1:  49%|████▉     | 31/63 [00:08<00:09,  3.49it/s, loss=0.7046, acc=56.74%, img/s=118.6, eta=0.1m]
Epoch 1/1:  51%|█████     | 32/63 [00:08<00:08,  3.73it/s, loss=0.7046, acc=56.74%, img/s=118.6, eta=0.1m]
[36m(ClientAppActor pid=9750)[0m 
Epoch 1/1:  51%|█████     | 32/63 [00:08<00:08,  3.73it/s, loss=0.7550, acc=56.82%, img/s=119.0, eta=0.1m]
Epoch 1/1:  52%|█████▏    | 33/63 [00:08<00:07,  3.85it/s, loss=0.7550, acc=56.82%, img/s=119.0, eta=0.1m]
[36m(ClientAppActor pid=9750)[0m 
Epoch 1/1:  52%|█████▏    | 33/63 [00:09<00:07,  3.85it/s, loss=0.6368, acc=57.08%, img/s=119.2, eta=0.1m]
Epoch 1/1:  54%|█████▍    | 34/63 [00:09<00:07,  3.90it/s, loss=0.6368, acc=57.08%, img/s=119.2, eta=0.1m]
[36m(ClientAppActor pid=9750)[0m 
Epoch 1/1:  54%|█████▍    | 34/63 [00:09<00:07,  3.90it/s, loss=0.7527, acc=56.88%, img/s=119.5, eta=0.1m]
Epoch 1/1:  56%|█████▌    | 35/63 [00:09<00:07,  3.93it/s, loss=0.7527, acc=56.88%, img/s=119.5, eta=0.1m]
[36m(ClientAppActor pid=9750)[0m 
Epoch 1/1:  56%|█████▌    | 35/63 [00:09<00:07,  3.93it/s, loss=0.7305, acc=56.68%, img/s=119.5, eta=0.1m]
Epoch 1/1:  57%|█████▋    | 36/63 [00:09<00:06,  3.89it/s, loss=0.7305, acc=56.68%, img/s=119.5, eta=0.1m]
[36m(ClientAppActor pid=9750)[0m 
Epoch 1/1:  57%|█████▋    | 36/63 [00:10<00:06,  3.89it/s, loss=0.6524, acc=56.84%, img/s=109.9, eta=0.1m]
Epoch 1/1:  59%|█████▊    | 37/63 [00:10<00:13,  1.92it/s, loss=0.6524, acc=56.84%, img/s=109.9, eta=0.1m]
[36m(ClientAppActor pid=9750)[0m 
Epoch 1/1:  59%|█████▊    | 37/63 [00:11<00:13,  1.92it/s, loss=0.6997, acc=56.33%, img/s=110.5, eta=0.1m]
Epoch 1/1:  60%|██████    | 38/63 [00:11<00:10,  2.31it/s, loss=0.6997, acc=56.33%, img/s=110.5, eta=0.1m]
[36m(ClientAppActor pid=9750)[0m 
Epoch 1/1:  60%|██████    | 38/63 [00:11<00:10,  2.31it/s, loss=0.6958, acc=56.25%, img/s=111.2, eta=0.1m]
Epoch 1/1:  62%|██████▏   | 39/63 [00:11<00:08,  2.70it/s, loss=0.6958, acc=56.25%, img/s=111.2, eta=0.1m]
[36m(ClientAppActor pid=9750)[0m 
Epoch 1/1:  62%|██████▏   | 39/63 [00:11<00:08,  2.70it/s, loss=0.6535, acc=56.48%, img/s=112.0, eta=0.1m]
Epoch 1/1:  63%|██████▎   | 40/63 [00:11<00:07,  3.11it/s, loss=0.6535, acc=56.48%, img/s=112.0, eta=0.1m]
[36m(ClientAppActor pid=9750)[0m 
Epoch 1/1:  63%|██████▎   | 40/63 [00:11<00:07,  3.11it/s, loss=0.7088, acc=56.40%, img/s=111.9, eta=0.1m]
Epoch 1/1:  65%|██████▌   | 41/63 [00:11<00:06,  3.21it/s, loss=0.7088, acc=56.40%, img/s=111.9, eta=0.1m]
[36m(ClientAppActor pid=9750)[0m 
Epoch 1/1:  65%|██████▌   | 41/63 [00:11<00:06,  3.21it/s, loss=0.6671, acc=56.25%, img/s=112.6, eta=0.1m]
Epoch 1/1:  67%|██████▋   | 42/63 [00:11<00:05,  3.54it/s, loss=0.6671, acc=56.25%, img/s=112.6, eta=0.1m]
[36m(ClientAppActor pid=9750)[0m 
Epoch 1/1:  67%|██████▋   | 42/63 [00:12<00:05,  3.54it/s, loss=0.8012, acc=55.74%, img/s=112.3, eta=0.1m]
Epoch 1/1:  68%|██████▊   | 43/63 [00:12<00:05,  3.43it/s, loss=0.8012, acc=55.74%, img/s=112.3, eta=0.1m]
[36m(ClientAppActor pid=9750)[0m 
Epoch 1/1:  68%|██████▊   | 43/63 [00:12<00:05,  3.43it/s, loss=0.7014, acc=55.75%, img/s=112.7, eta=0.1m]
Epoch 1/1:  70%|██████▉   | 44/63 [00:12<00:05,  3.61it/s, loss=0.7014, acc=55.75%, img/s=112.7, eta=0.1m]
[36m(ClientAppActor pid=9750)[0m 
Epoch 1/1:  70%|██████▉   | 44/63 [00:12<00:05,  3.61it/s, loss=0.6373, acc=56.11%, img/s=113.0, eta=0.1m]
Epoch 1/1:  71%|███████▏  | 45/63 [00:12<00:04,  3.71it/s, loss=0.6373, acc=56.11%, img/s=113.0, eta=0.1m]
[36m(ClientAppActor pid=9750)[0m 
Epoch 1/1:  71%|███████▏  | 45/63 [00:13<00:04,  3.71it/s, loss=0.7215, acc=55.98%, img/s=113.2, eta=0.1m]
Epoch 1/1:  73%|███████▎  | 46/63 [00:13<00:04,  3.74it/s, loss=0.7215, acc=55.98%, img/s=113.2, eta=0.1m]
[36m(ClientAppActor pid=9750)[0m 
Epoch 1/1:  73%|███████▎  | 46/63 [00:13<00:04,  3.74it/s, loss=0.7076, acc=56.05%, img/s=113.7, eta=0.1m]
Epoch 1/1:  75%|███████▍  | 47/63 [00:13<00:04,  3.94it/s, loss=0.7076, acc=56.05%, img/s=113.7, eta=0.1m]
[36m(ClientAppActor pid=9750)[0m 
Epoch 1/1:  75%|███████▍  | 47/63 [00:13<00:04,  3.94it/s, loss=0.6263, acc=56.25%, img/s=113.9, eta=0.1m]
Epoch 1/1:  76%|███████▌  | 48/63 [00:13<00:03,  3.92it/s, loss=0.6263, acc=56.25%, img/s=113.9, eta=0.1m]
[36m(ClientAppActor pid=9750)[0m 
Epoch 1/1:  76%|███████▌  | 48/63 [00:13<00:03,  3.92it/s, loss=0.6346, acc=56.44%, img/s=114.4, eta=0.1m]
Epoch 1/1:  78%|███████▊  | 49/63 [00:13<00:03,  4.06it/s, loss=0.6346, acc=56.44%, img/s=114.4, eta=0.1m]
[36m(ClientAppActor pid=9750)[0m 
Epoch 1/1:  78%|███████▊  | 49/63 [00:13<00:03,  4.06it/s, loss=0.6036, acc=56.69%, img/s=114.6, eta=0.1m]
Epoch 1/1:  79%|███████▉  | 50/63 [00:13<00:03,  4.03it/s, loss=0.6036, acc=56.69%, img/s=114.6, eta=0.1m]
[36m(ClientAppActor pid=9750)[0m 
Epoch 1/1:  79%|███████▉  | 50/63 [00:14<00:03,  4.03it/s, loss=0.6946, acc=56.68%, img/s=115.0, eta=0.1m]
Epoch 1/1:  81%|████████  | 51/63 [00:14<00:02,  4.12it/s, loss=0.6946, acc=56.68%, img/s=115.0, eta=0.1m]
[36m(ClientAppActor pid=9750)[0m 
Epoch 1/1:  81%|████████  | 51/63 [00:14<00:02,  4.12it/s, loss=0.6180, acc=56.85%, img/s=115.1, eta=0.1m]
Epoch 1/1:  83%|████████▎ | 52/63 [00:14<00:02,  4.00it/s, loss=0.6180, acc=56.85%, img/s=115.1, eta=0.1m]
[36m(ClientAppActor pid=9750)[0m 
Epoch 1/1:  83%|████████▎ | 52/63 [00:14<00:02,  4.00it/s, loss=0.5516, acc=57.19%, img/s=115.1, eta=0.0m]
Epoch 1/1:  84%|████████▍ | 53/63 [00:14<00:02,  3.91it/s, loss=0.5516, acc=57.19%, img/s=115.1, eta=0.0m]
[36m(ClientAppActor pid=9750)[0m 
Epoch 1/1:  84%|████████▍ | 53/63 [00:14<00:02,  3.91it/s, loss=0.6777, acc=57.12%, img/s=115.3, eta=0.0m]
Epoch 1/1:  86%|████████▌ | 54/63 [00:14<00:02,  3.93it/s, loss=0.6777, acc=57.12%, img/s=115.3, eta=0.0m]
[36m(ClientAppActor pid=9750)[0m 
Epoch 1/1:  86%|████████▌ | 54/63 [00:15<00:02,  3.93it/s, loss=0.6489, acc=57.22%, img/s=115.3, eta=0.0m]
Epoch 1/1:  87%|████████▋ | 55/63 [00:15<00:02,  3.81it/s, loss=0.6489, acc=57.22%, img/s=115.3, eta=0.0m]
[36m(ClientAppActor pid=9750)[0m 
Epoch 1/1:  87%|████████▋ | 55/63 [00:15<00:02,  3.81it/s, loss=0.5960, acc=57.42%, img/s=115.4, eta=0.0m]
Epoch 1/1:  89%|████████▉ | 56/63 [00:15<00:01,  3.80it/s, loss=0.5960, acc=57.42%, img/s=115.4, eta=0.0m]
[36m(ClientAppActor pid=9750)[0m 
Epoch 1/1:  89%|████████▉ | 56/63 [00:15<00:01,  3.80it/s, loss=0.6576, acc=57.35%, img/s=115.4, eta=0.0m]
Epoch 1/1:  90%|█████████ | 57/63 [00:15<00:01,  3.76it/s, loss=0.6576, acc=57.35%, img/s=115.4, eta=0.0m]
[36m(ClientAppActor pid=9750)[0m 
Epoch 1/1:  90%|█████████ | 57/63 [00:16<00:01,  3.76it/s, loss=0.6052, acc=57.54%, img/s=115.6, eta=0.0m]
Epoch 1/1:  92%|█████████▏| 58/63 [00:16<00:01,  3.79it/s, loss=0.6052, acc=57.54%, img/s=115.6, eta=0.0m]
[36m(ClientAppActor pid=9750)[0m 
Epoch 1/1:  92%|█████████▏| 58/63 [00:16<00:01,  3.79it/s, loss=0.6157, acc=57.79%, img/s=115.9, eta=0.0m]
Epoch 1/1:  94%|█████████▎| 59/63 [00:16<00:01,  3.93it/s, loss=0.6157, acc=57.79%, img/s=115.9, eta=0.0m]
[36m(ClientAppActor pid=9750)[0m 
Epoch 1/1:  94%|█████████▎| 59/63 [00:16<00:01,  3.93it/s, loss=0.6013, acc=57.97%, img/s=116.1, eta=0.0m]
Epoch 1/1:  95%|█████████▌| 60/63 [00:16<00:00,  3.94it/s, loss=0.6013, acc=57.97%, img/s=116.1, eta=0.0m]
[36m(ClientAppActor pid=9750)[0m 
Epoch 1/1:  95%|█████████▌| 60/63 [00:16<00:00,  3.94it/s, loss=0.7507, acc=57.68%, img/s=116.3, eta=0.0m]
Epoch 1/1:  97%|█████████▋| 61/63 [00:16<00:00,  4.01it/s, loss=0.7507, acc=57.68%, img/s=116.3, eta=0.0m]
[36m(ClientAppActor pid=9750)[0m 
Epoch 1/1:  97%|█████████▋| 61/63 [00:17<00:00,  4.01it/s, loss=0.5676, acc=58.01%, img/s=116.7, eta=0.0m]
Epoch 1/1:  98%|█████████▊| 62/63 [00:17<00:00,  4.17it/s, loss=0.5676, acc=58.01%, img/s=116.7, eta=0.0m]
[36m(ClientAppActor pid=9750)[0m 
Epoch 1/1:  98%|█████████▊| 62/63 [00:17<00:00,  4.17it/s, loss=0.5988, acc=58.10%, img/s=58.9, eta=0.0m] 
Epoch 1/1: 100%|██████████| 63/63 [00:17<00:00,  4.86it/s, loss=0.5988, acc=58.10%, img/s=58.9, eta=0.0m]
Epoch 1/1: 100%|██████████| 63/63 [00:17<00:00,  3.68it/s, loss=0.5988, acc=58.10%, img/s=58.9, eta=0.0m]
[92mINFO [0m:      aggregate_fit: received 5 results and 0 failures
[93mWARNING [0m:   No fit_metrics_aggregation_fn provided
[92mINFO [0m:      configure_evaluate: strategy sampled 5 clients (out of 5)
[36m(ClientAppActor pid=9750)[0m 
Testing:   0%|          | 0/4 [00:00<?, ?it/s]
[36m(ClientAppActor pid=9750)[0m 
Testing:  25%|██▌       | 1/4 [00:00<00:02,  1.22it/s]
[36m(ClientAppActor pid=9750)[0m 
Testing:  50%|█████     | 2/4 [00:01<00:00,  2.07it/s]
[36m(ClientAppActor pid=9750)[0m 
Testing:  75%|███████▌  | 3/4 [00:01<00:00,  2.27it/s]
[36m(ClientAppActor pid=9750)[0m 
Testing: 100%|██████████| 4/4 [00:01<00:00,  2.99it/s]
Testing: 100%|██████████| 4/4 [00:01<00:00,  2.46it/s]
[36m(ClientAppActor pid=9750)[0m 
Testing:   0%|          | 0/4 [00:00<?, ?it/s]
[36m(ClientAppActor pid=9750)[0m 
Testing:  25%|██▌       | 1/4 [00:00<00:01,  2.31it/s]
[36m(ClientAppActor pid=9750)[0m 
Testing:  50%|█████     | 2/4 [00:00<00:00,  3.01it/s]
[36m(ClientAppActor pid=9750)[0m 
Testing:  75%|███████▌  | 3/4 [00:00<00:00,  3.63it/s]
Testing: 100%|██████████| 4/4 [00:00<00:00,  4.26it/s]
[36m(ClientAppActor pid=9750)[0m 
Testing:   0%|          | 0/4 [00:00<?, ?it/s]
[36m(ClientAppActor pid=9750)[0m 
Testing:  25%|██▌       | 1/4 [00:00<00:00,  4.08it/s]
[36m(ClientAppActor pid=9750)[0m 
Testing:  50%|█████     | 2/4 [00:00<00:00,  5.01it/s]
[36m(ClientAppActor pid=9750)[0m 
Testing:  75%|███████▌  | 3/4 [00:00<00:00,  4.87it/s]
Testing: 100%|██████████| 4/4 [00:00<00:00,  6.06it/s]
[36m(ClientAppActor pid=9750)[0m 
Testing:   0%|          | 0/4 [00:00<?, ?it/s]
[36m(ClientAppActor pid=9750)[0m 
Testing:  25%|██▌       | 1/4 [00:00<00:01,  2.43it/s]
[36m(ClientAppActor pid=9750)[0m 
Testing:  50%|█████     | 2/4 [00:00<00:00,  2.67it/s]
[36m(ClientAppActor pid=9750)[0m 
Testing:  75%|███████▌  | 3/4 [00:01<00:00,  2.55it/s]
[36m(ClientAppActor pid=9750)[0m 
Testing: 100%|██████████| 4/4 [00:01<00:00,  3.31it/s]
[36m(ClientAppActor pid=9750)[0m 
Testing:   0%|          | 0/4 [00:00<?, ?it/s]
[36m(ClientAppActor pid=9750)[0m 
Testing:  25%|██▌       | 1/4 [00:00<00:00,  4.49it/s]
[36m(ClientAppActor pid=9750)[0m 
Testing:  50%|█████     | 2/4 [00:00<00:00,  4.78it/s]
[92mINFO [0m:      aggregate_evaluate: received 5 results and 0 failures
[92mINFO [0m:      
[92mINFO [0m:      [ROUND 2]
[92mINFO [0m:      configure_fit: strategy sampled 5 clients (out of 5)
[36m(ClientAppActor pid=9750)[0m Client 4 starting training...
[36m(ClientAppActor pid=9750)[0m START classifier norm: 0.812319278717041
[36m(ClientAppActor pid=9750)[0m 
[36m(ClientAppActor pid=9750)[0m Batch 0/63
[36m(ClientAppActor pid=9750)[0m GPU Allocated: 0.20 GB
[36m(ClientAppActor pid=9750)[0m GPU Reserved : 0.74 GB
[36m(ClientAppActor pid=9750)[0m 
[36m(ClientAppActor pid=9750)[0m ==================================================
[36m(ClientAppActor pid=9750)[0m Epoch 1 Complete
[36m(ClientAppActor pid=9750)[0m Average Loss : 0.6745
[36m(ClientAppActor pid=9750)[0m Accuracy     : 57.30%
[36m(ClientAppActor pid=9750)[0m Time         : 16.16s
[36m(ClientAppActor pid=9750)[0m Images       : 2000
[36m(ClientAppActor pid=9750)[0m Images/sec   : 123.79
[36m(ClientAppActor pid=9750)[0m GPU Allocated: 0.19 GB
[36m(ClientAppActor pid=9750)[0m GPU Reserved : 0.74 GB
[36m(ClientAppActor pid=9750)[0m ==================================================
[36m(ClientAppActor pid=9750)[0m END classifier norm: 0.8084269165992737
[36m(ClientAppActor pid=9750)[0m Client 4 finished training
[36m(ClientAppActor pid=9750)[0m Client 4 extracting parameters...
[36m(ClientAppActor pid=9750)[0m Client 4 parameter extraction complete
[36m(ClientAppActor pid=9750)[0m Client 4 returning results
[36m(ClientAppActor pid=9750)[0m Client 5 using cuda
[36m(ClientAppActor pid=9750)[0m {'fake': 0, 'real': 1}
[36m(ClientAppActor pid=9750)[0m [DEBUG MODE] Train=2000, Val=100, Test=100
[36m(ClientAppActor pid=9750)[0m 
[36m(ClientAppActor pid=9750)[0m Client 5 Class Distribution
[36m(ClientAppActor pid=9750)[0m Train: Counter({0: 1014, 1: 986})
[36m(ClientAppActor pid=9750)[0m Val  : Counter({0: 56, 1: 44})
[36m(ClientAppActor pid=9750)[0m Test : Counter({0: 51, 1: 49})
[36m(ClientAppActor pid=9750)[0m Client 5
[36m(ClientAppActor pid=9750)[0m Train Images: 2000
[36m(ClientAppActor pid=9750)[0m Test Images : 100
[36m(ClientAppActor pid=9750)[0m Validate Images : 100
[36m(ClientAppActor pid=9750)[0m Client 5 starting fit...
[36m(ClientAppActor pid=9750)[0m Client 5 starting training...
[36m(ClientAppActor pid=9750)[0m START classifier norm: 0.812319278717041
[36m(ClientAppActor pid=9750)[0m 
[36m(ClientAppActor pid=9750)[0m Batch 0/63
[36m(ClientAppActor pid=9750)[0m GPU Allocated: 0.20 GB
[36m(ClientAppActor pid=9750)[0m GPU Reserved : 0.74 GB
[36m(ClientAppActor pid=9750)[0m 
[36m(ClientAppActor pid=9750)[0m ==================================================
[36m(ClientAppActor pid=9750)[0m Epoch 1 Complete
[36m(ClientAppActor pid=9750)[0m Average Loss : 0.6811
[36m(ClientAppActor pid=9750)[0m Accuracy     : 58.10%
[36m(ClientAppActor pid=9750)[0m Time         : 17.13s
[36m(ClientAppActor pid=9750)[0m Images       : 2000
[36m(ClientAppActor pid=9750)[0m Images/sec   : 116.76
[36m(ClientAppActor pid=9750)[0m GPU Allocated: 0.19 GB
[36m(ClientAppActor pid=9750)[0m GPU Reserved : 0.74 GB
[36m(ClientAppActor pid=9750)[0m ==================================================
[36m(ClientAppActor pid=9750)[0m END classifier norm: 0.8090533018112183
[36m(ClientAppActor pid=9750)[0m Client 5 finished training
[36m(ClientAppActor pid=9750)[0m Client 5 extracting parameters...
[36m(ClientAppActor pid=9750)[0m Client 5 parameter extraction complete
[36m(ClientAppActor pid=9750)[0m Client 5 returning results

Round 1: results=5, failures=0
Saved: saved_models/global_model_round_1.pth
Round 1: model saved successfully
[36m(ClientAppActor pid=9750)[0m Client 3 using cuda
[36m(ClientAppActor pid=9750)[0m {'fake': 0, 'real': 1}
[36m(ClientAppActor pid=9750)[0m [DEBUG MODE] Train=2000, Val=100, Test=100
[36m(ClientAppActor pid=9750)[0m 
[36m(ClientAppActor pid=9750)[0m Client 3 Class Distribution
[36m(ClientAppActor pid=9750)[0m Train: Counter({1: 1024, 0: 976})
[36m(ClientAppActor pid=9750)[0m Val  : Counter({1: 54, 0: 46})
[36m(ClientAppActor pid=9750)[0m Test : Counter({1: 50, 0: 50})
[36m(ClientAppActor pid=9750)[0m Client 3
[36m(ClientAppActor pid=9750)[0m Train Images: 2000
[36m(ClientAppActor pid=9750)[0m Test Images : 100
[36m(ClientAppActor pid=9750)[0m Validate Images : 100
[36m(ClientAppActor pid=9750)[0m 
[36m(ClientAppActor pid=9750)[0m CLIENT 3 STARTING EVALUATION
[36m(ClientAppActor pid=9750)[0m Accuracy: 0.6200
[36m(ClientAppActor pid=9750)[0m 
[36m(ClientAppActor pid=9750)[0m CLIENT 3 EVALUATION COMPLETE
[36m(ClientAppActor pid=9750)[0m Client 5 using cuda
[36m(ClientAppActor pid=9750)[0m {'fake': 0, 'real': 1}
[36m(ClientAppActor pid=9750)[0m [DEBUG MODE] Train=2000, Val=100, Test=100
[36m(ClientAppActor pid=9750)[0m 
[36m(ClientAppActor pid=9750)[0m Client 5 Class Distribution
[36m(ClientAppActor pid=9750)[0m Train: Counter({0: 1014, 1: 986})
[36m(ClientAppActor pid=9750)[0m Val  : Counter({0: 56, 1: 44})
[36m(ClientAppActor pid=9750)[0m Test : Counter({0: 51, 1: 49})
[36m(ClientAppActor pid=9750)[0m Client 5
[36m(ClientAppActor pid=9750)[0m Train Images: 2000
[36m(ClientAppActor pid=9750)[0m Test Images : 100
[36m(ClientAppActor pid=9750)[0m Validate Images : 100
[36m(ClientAppActor pid=9750)[0m 
[36m(ClientAppActor pid=9750)[0m CLIENT 5 STARTING EVALUATION
[36m(ClientAppActor pid=9750)[0m Accuracy: 0.6700
[36m(ClientAppActor pid=9750)[0m 
[36m(ClientAppActor pid=9750)[0m CLIENT 5 EVALUATION COMPLETE
[36m(ClientAppActor pid=9750)[0m Client 1 using cuda
[36m(ClientAppActor pid=9750)[0m {'fake': 0, 'real': 1}
[36m(ClientAppActor pid=9750)[0m [DEBUG MODE] Train=2000, Val=100, Test=100
[36m(ClientAppActor pid=9750)[0m 
[36m(ClientAppActor pid=9750)[0m Client 1 Class Distribution
[36m(ClientAppActor pid=9750)[0m Train: Counter({1: 1011, 0: 989})
[36m(ClientAppActor pid=9750)[0m Val  : Counter({0: 55, 1: 45})
[36m(ClientAppActor pid=9750)[0m Test : Counter({0: 53, 1: 47})
[36m(ClientAppActor pid=9750)[0m Client 1
[36m(ClientAppActor pid=9750)[0m Train Images: 2000
[36m(ClientAppActor pid=9750)[0m Test Images : 100
[36m(ClientAppActor pid=9750)[0m Validate Images : 100
[36m(ClientAppActor pid=9750)[0m 
[36m(ClientAppActor pid=9750)[0m CLIENT 1 STARTING EVALUATION
[36m(ClientAppActor pid=9750)[0m Accuracy: 0.6700
[36m(ClientAppActor pid=9750)[0m 
[36m(ClientAppActor pid=9750)[0m CLIENT 1 EVALUATION COMPLETE
[36m(ClientAppActor pid=9750)[0m Client 4 using cuda
[36m(ClientAppActor pid=9750)[0m {'fake': 0, 'real': 1}
[36m(ClientAppActor pid=9750)[0m [DEBUG MODE] Train=2000, Val=100, Test=100
[36m(ClientAppActor pid=9750)[0m 
[36m(ClientAppActor pid=9750)[0m Client 4 Class Distribution
[36m(ClientAppActor pid=9750)[0m Train: Counter({0: 1013, 1: 987})
[36m(ClientAppActor pid=9750)[0m Val  : Counter({0: 56, 1: 44})
[36m(ClientAppActor pid=9750)[0m Test : Counter({1: 53, 0: 47})
[36m(ClientAppActor pid=9750)[0m Client 4
[36m(ClientAppActor pid=9750)[0m Train Images: 2000
[36m(ClientAppActor pid=9750)[0m Test Images : 100
[36m(ClientAppActor pid=9750)[0m Validate Images : 100
[36m(ClientAppActor pid=9750)[0m 
[36m(ClientAppActor pid=9750)[0m CLIENT 4 STARTING EVALUATION
[36m(ClientAppActor pid=9750)[0m Accuracy: 0.6600
[36m(ClientAppActor pid=9750)[0m 
[36m(ClientAppActor pid=9750)[0m CLIENT 4 EVALUATION COMPLETE
[36m(ClientAppActor pid=9750)[0m Client 2 using cuda
[36m(ClientAppActor pid=9750)[0m {'fake': 0, 'real': 1}
[36m(ClientAppActor pid=9750)[0m [DEBUG MODE] Train=2000, Val=100, Test=100
[36m(ClientAppActor pid=9750)[0m 
[36m(ClientAppActor pid=9750)[0m Client 2 Class Distribution
[36m(ClientAppActor pid=9750)[0m Train: Counter({0: 1012, 1: 988})
[36m(ClientAppActor pid=9750)[0m Val  : Counter({0: 60, 1: 40})
[36m(ClientAppActor pid=9750)[0m Test : Counter({0: 51, 1: 49})
[36m(ClientAppActor pid=9750)[0m Client 2
[36m(ClientAppActor pid=9750)[0m Train Images: 2000
[36m(ClientAppActor pid=9750)[0m Test Images : 100
[36m(ClientAppActor pid=9750)[0m Validate Images : 100
[36m(ClientAppActor pid=9750)[0m 
[36m(ClientAppActor pid=9750)[0m CLIENT 2 STARTING EVALUATION
[36m(ClientAppActor pid=9750)[0m 
Testing:  75%|███████▌  | 3/4 [00:00<00:00,  5.76it/s]
Testing: 100%|██████████| 4/4 [00:00<00:00,  6.99it/s]
[36m(ClientAppActor pid=9750)[0m 
Epoch 1/1:   0%|          | 0/63 [00:00<?, ?it/s]
[36m(ClientAppActor pid=9750)[0m 
Epoch 1/1:   0%|          | 0/63 [00:00<?, ?it/s, loss=0.6065, acc=71.88%, img/s=366.2, eta=0.1m]
[36m(ClientAppActor pid=9750)[0m 
Epoch 1/1:   0%|          | 0/63 [00:00<?, ?it/s, loss=0.5950, acc=76.56%, img/s=375.6, eta=0.1m]
Epoch 1/1:   3%|▎         | 2/63 [00:00<00:05, 11.74it/s, loss=0.5950, acc=76.56%, img/s=375.6, eta=0.1m]
Epoch 1/1:   3%|▎         | 2/63 [00:00<00:05, 11.74it/s, loss=0.6836, acc=70.83%, img/s=375.4, eta=0.1m]
[36m(ClientAppActor pid=9750)[0m 
Epoch 1/1:   3%|▎         | 2/63 [00:00<00:05, 11.74it/s, loss=0.6271, acc=71.09%, img/s=377.1, eta=0.1m]
Epoch 1/1:   6%|▋         | 4/63 [00:00<00:05, 11.80it/s, loss=0.6271, acc=71.09%, img/s=377.1, eta=0.1m]
[36m(ClientAppActor pid=9750)[0m 
Epoch 1/1:   6%|▋         | 4/63 [00:00<00:05, 11.80it/s, loss=0.5753, acc=71.25%, img/s=382.8, eta=0.1m]
[36m(ClientAppActor pid=9750)[0m 
Epoch 1/1:   6%|▋         | 4/63 [00:00<00:05, 11.80it/s, loss=0.6998, acc=69.27%, img/s=388.2, eta=0.1m]
Epoch 1/1:  10%|▉         | 6/63 [00:00<00:04, 12.27it/s, loss=0.6998, acc=69.27%, img/s=388.2, eta=0.1m]
Epoch 1/1:  10%|▉         | 6/63 [00:00<00:04, 12.27it/s, loss=0.6437, acc=68.75%, img/s=392.1, eta=0.1m]
[36m(ClientAppActor pid=9750)[0m 
Epoch 1/1:  10%|▉         | 6/63 [00:00<00:04, 12.27it/s, loss=0.6300, acc=67.97%, img/s=394.3, eta=0.1m]
Epoch 1/1:  13%|█▎        | 8/63 [00:00<00:04, 12.52it/s, loss=0.6300, acc=67.97%, img/s=394.3, eta=0.1m]
[36m(ClientAppActor pid=9750)[0m 
Epoch 1/1:  13%|█▎        | 8/63 [00:00<00:04, 12.52it/s, loss=0.6223, acc=67.36%, img/s=395.3, eta=0.1m]
[36m(ClientAppActor pid=9750)[0m 
Epoch 1/1:  13%|█▎        | 8/63 [00:00<00:04, 12.52it/s, loss=0.5490, acc=68.75%, img/s=396.9, eta=0.1m]
Epoch 1/1:  16%|█▌        | 10/63 [00:00<00:04, 12.60it/s, loss=0.5490, acc=68.75%, img/s=396.9, eta=0.1m]
[36m(ClientAppActor pid=9750)[0m 
Epoch 1/1:  16%|█▌        | 10/63 [00:00<00:04, 12.60it/s, loss=0.6679, acc=67.33%, img/s=398.4, eta=0.1m]
Epoch 1/1:  16%|█▌        | 10/63 [00:00<00:04, 12.60it/s, loss=0.6315, acc=67.19%, img/s=399.6, eta=0.1m]
Epoch 1/1:  19%|█▉        | 12/63 [00:00<00:04, 12.71it/s, loss=0.6315, acc=67.19%, img/s=399.6, eta=0.1m]
[36m(ClientAppActor pid=9750)[0m 
Epoch 1/1:  19%|█▉        | 12/63 [00:01<00:04, 12.71it/s, loss=0.6140, acc=67.07%, img/s=400.0, eta=0.1m]
[36m(ClientAppActor pid=9750)[0m 
Epoch 1/1:  19%|█▉        | 12/63 [00:01<00:04, 12.71it/s, loss=0.7412, acc=66.52%, img/s=400.2, eta=0.1m]
Epoch 1/1:  22%|██▏       | 14/63 [00:01<00:03, 12.68it/s, loss=0.7412, acc=66.52%, img/s=400.2, eta=0.1m]
[36m(ClientAppActor pid=9750)[0m 
Epoch 1/1:  22%|██▏       | 14/63 [00:01<00:03, 12.68it/s, loss=0.5561, acc=67.29%, img/s=400.1, eta=0.1m]
Epoch 1/1:  22%|██▏       | 14/63 [00:01<00:03, 12.68it/s, loss=0.5682, acc=67.58%, img/s=399.8, eta=0.1m]
Epoch 1/1:  25%|██▌       | 16/63 [00:01<00:03, 12.59it/s, loss=0.5682, acc=67.58%, img/s=399.8, eta=0.1m]
[36m(ClientAppActor pid=9750)[0m 
Epoch 1/1:  25%|██▌       | 16/63 [00:01<00:03, 12.59it/s, loss=0.6111, acc=67.28%, img/s=398.8, eta=0.1m]
[36m(ClientAppActor pid=9750)[0m 
Epoch 1/1:  25%|██▌       | 16/63 [00:01<00:03, 12.59it/s, loss=0.6509, acc=66.15%, img/s=399.4, eta=0.1m]
Epoch 1/1:  29%|██▊       | 18/63 [00:01<00:03, 12.53it/s, loss=0.6509, acc=66.15%, img/s=399.4, eta=0.1m]
[36m(ClientAppActor pid=9750)[0m 
Epoch 1/1:  29%|██▊       | 18/63 [00:01<00:03, 12.53it/s, loss=0.5888, acc=66.12%, img/s=400.1, eta=0.1m]
[36m(ClientAppActor pid=9750)[0m 
Epoch 1/1:  29%|██▊       | 18/63 [00:01<00:03, 12.53it/s, loss=0.5960, acc=66.41%, img/s=400.9, eta=0.1m]
Epoch 1/1:  32%|███▏      | 20/63 [00:01<00:03, 12.66it/s, loss=0.5960, acc=66.41%, img/s=400.9, eta=0.1m]
Epoch 1/1:  32%|███▏      | 20/63 [00:01<00:03, 12.66it/s, loss=0.5874, acc=66.52%, img/s=401.3, eta=0.1m]
[36m(ClientAppActor pid=9750)[0m 
Epoch 1/1:  32%|███▏      | 20/63 [00:01<00:03, 12.66it/s, loss=0.5042, acc=67.05%, img/s=401.9, eta=0.1m]
Epoch 1/1:  35%|███▍      | 22/63 [00:01<00:03, 12.73it/s, loss=0.5042, acc=67.05%, img/s=401.9, eta=0.1m]
[36m(ClientAppActor pid=9750)[0m 
Epoch 1/1:  35%|███▍      | 22/63 [00:01<00:03, 12.73it/s, loss=0.4847, acc=67.66%, img/s=402.0, eta=0.1m]
[36m(ClientAppActor pid=9750)[0m 
Epoch 1/1:  35%|███▍      | 22/63 [00:01<00:03, 12.73it/s, loss=0.5676, acc=67.97%, img/s=402.3, eta=0.1m]
Epoch 1/1:  38%|███▊      | 24/63 [00:01<00:03, 12.72it/s, loss=0.5676, acc=67.97%, img/s=402.3, eta=0.1m]
Epoch 1/1:  38%|███▊      | 24/63 [00:01<00:03, 12.72it/s, loss=0.5956, acc=68.12%, img/s=402.6, eta=0.1m]
[36m(ClientAppActor pid=9750)[0m 
Epoch 1/1:  38%|███▊      | 24/63 [00:02<00:03, 12.72it/s, loss=0.6288, acc=68.03%, img/s=402.9, eta=0.0m]
Epoch 1/1:  41%|████▏     | 26/63 [00:02<00:02, 12.76it/s, loss=0.6288, acc=68.03%, img/s=402.9, eta=0.0m]
[36m(ClientAppActor pid=9750)[0m 
Epoch 1/1:  41%|████▏     | 26/63 [00:02<00:02, 12.76it/s, loss=0.5127, acc=68.29%, img/s=403.4, eta=0.0m]
[36m(ClientAppActor pid=9750)[0m 
Epoch 1/1:  41%|████▏     | 26/63 [00:02<00:02, 12.76it/s, loss=0.4081, acc=68.97%, img/s=403.4, eta=0.0m]
Epoch 1/1:  44%|████▍     | 28/63 [00:02<00:02, 12.77it/s, loss=0.4081, acc=68.97%, img/s=403.4, eta=0.0m]
[36m(ClientAppActor pid=9750)[0m 
Epoch 1/1:  44%|████▍     | 28/63 [00:02<00:02, 12.77it/s, loss=0.6872, acc=68.64%, img/s=403.7, eta=0.0m]
Epoch 1/1:  44%|████▍     | 28/63 [00:02<00:02, 12.77it/s, loss=0.5630, acc=68.54%, img/s=403.9, eta=0.0m]
Epoch 1/1:  48%|████▊     | 30/63 [00:02<00:02, 12.78it/s, loss=0.5630, acc=68.54%, img/s=403.9, eta=0.0m]
[36m(ClientAppActor pid=9750)[0m 
Epoch 1/1:  48%|████▊     | 30/63 [00:02<00:02, 12.78it/s, loss=0.5122, acc=68.75%, img/s=404.0, eta=0.0m]
[36m(ClientAppActor pid=9750)[0m 
Epoch 1/1:  48%|████▊     | 30/63 [00:02<00:02, 12.78it/s, loss=0.7148, acc=68.65%, img/s=404.2, eta=0.0m]
Epoch 1/1:  51%|█████     | 32/63 [00:02<00:02, 12.78it/s, loss=0.7148, acc=68.65%, img/s=404.2, eta=0.0m]
[36m(ClientAppActor pid=9750)[0m 
Epoch 1/1:  51%|█████     | 32/63 [00:02<00:02, 12.78it/s, loss=0.6624, acc=68.75%, img/s=404.5, eta=0.0m]
Epoch 1/1:  51%|█████     | 32/63 [00:02<00:02, 12.78it/s, loss=0.5521, acc=68.84%, img/s=405.1, eta=0.0m]
Epoch 1/1:  54%|█████▍    | 34/63 [00:02<00:02, 12.88it/s, loss=0.5521, acc=68.84%, img/s=405.1, eta=0.0m]
[36m(ClientAppActor pid=9750)[0m 
Epoch 1/1:  54%|█████▍    | 34/63 [00:02<00:02, 12.88it/s, loss=0.4141, acc=69.20%, img/s=405.1, eta=0.0m]
[36m(ClientAppActor pid=9750)[0m 
Epoch 1/1:  54%|█████▍    | 34/63 [00:02<00:02, 12.88it/s, loss=0.6088, acc=69.36%, img/s=405.3, eta=0.0m]
Epoch 1/1:  57%|█████▋    | 36/63 [00:02<00:02, 12.86it/s, loss=0.6088, acc=69.36%, img/s=405.3, eta=0.0m]
[36m(ClientAppActor pid=9750)[0m 
Epoch 1/1:  57%|█████▋    | 36/63 [00:02<00:02, 12.86it/s, loss=0.4614, acc=69.85%, img/s=405.7, eta=0.0m]
Epoch 1/1:  57%|█████▋    | 36/63 [00:02<00:02, 12.86it/s, loss=0.6550, acc=69.57%, img/s=405.9, eta=0.0m]
Epoch 1/1:  60%|██████    | 38/63 [00:02<00:01, 12.91it/s, loss=0.6550, acc=69.57%, img/s=405.9, eta=0.0m]
[36m(ClientAppActor pid=9750)[0m 
Epoch 1/1:  60%|██████    | 38/63 [00:03<00:01, 12.91it/s, loss=0.5995, acc=69.55%, img/s=405.8, eta=0.0m]
[36m(ClientAppActor pid=9750)[0m 
Epoch 1/1:  60%|██████    | 38/63 [00:03<00:01, 12.91it/s, loss=0.6675, acc=69.30%, img/s=405.8, eta=0.0m]
Epoch 1/1:  63%|██████▎   | 40/63 [00:03<00:01, 12.82it/s, loss=0.6675, acc=69.30%, img/s=405.8, eta=0.0m]
[36m(ClientAppActor pid=9750)[0m 
Epoch 1/1:  63%|██████▎   | 40/63 [00:03<00:01, 12.82it/s, loss=0.6106, acc=69.21%, img/s=405.9, eta=0.0m]
Epoch 1/1:  63%|██████▎   | 40/63 [00:03<00:01, 12.82it/s, loss=0.7271, acc=69.05%, img/s=406.3, eta=0.0m]
Epoch 1/1:  67%|██████▋   | 42/63 [00:03<00:01, 12.87it/s, loss=0.7271, acc=69.05%, img/s=406.3, eta=0.0m]
[36m(ClientAppActor pid=9750)[0m 
Epoch 1/1:  67%|██████▋   | 42/63 [00:03<00:01, 12.87it/s, loss=0.7252, acc=68.82%, img/s=406.3, eta=0.0m]
[36m(ClientAppActor pid=9750)[0m 
Epoch 1/1:  67%|██████▋   | 42/63 [00:03<00:01, 12.87it/s, loss=0.7215, acc=68.61%, img/s=406.2, eta=0.0m]
Epoch 1/1:  70%|██████▉   | 44/63 [00:03<00:01, 12.81it/s, loss=0.7215, acc=68.61%, img/s=406.2, eta=0.0m]
[36m(ClientAppActor pid=9750)[0m 
Epoch 1/1:  70%|██████▉   | 44/63 [00:03<00:01, 12.81it/s, loss=0.6253, acc=68.61%, img/s=406.3, eta=0.0m]
[36m(ClientAppActor pid=9750)[0m 
Epoch 1/1:  70%|██████▉   | 44/63 [00:03<00:01, 12.81it/s, loss=0.5064, acc=68.75%, img/s=406.5, eta=0.0m]
Epoch 1/1:  73%|███████▎  | 46/63 [00:03<00:01, 12.84it/s, loss=0.5064, acc=68.75%, img/s=406.5, eta=0.0m]
Epoch 1/1:  73%|███████▎  | 46/63 [00:03<00:01, 12.84it/s, loss=0.6308, acc=68.62%, img/s=406.6, eta=0.0m]
[36m(ClientAppActor pid=9750)[0m 
Epoch 1/1:  73%|███████▎  | 46/63 [00:03<00:01, 12.84it/s, loss=0.5827, acc=68.55%, img/s=406.7, eta=0.0m]
Epoch 1/1:  76%|███████▌  | 48/63 [00:03<00:01, 12.84it/s, loss=0.5827, acc=68.55%, img/s=406.7, eta=0.0m]
[36m(ClientAppActor pid=9750)[0m 
Epoch 1/1:  76%|███████▌  | 48/63 [00:03<00:01, 12.84it/s, loss=0.5980, acc=68.69%, img/s=406.8, eta=0.0m]
[36m(ClientAppActor pid=9750)[0m 
Epoch 1/1:  76%|███████▌  | 48/63 [00:03<00:01, 12.84it/s, loss=0.6061, acc=68.62%, img/s=406.9, eta=0.0m]
Epoch 1/1:  79%|███████▉  | 50/63 [00:03<00:01, 12.84it/s, loss=0.6061, acc=68.62%, img/s=406.9, eta=0.0m]
Epoch 1/1:  79%|███████▉  | 50/63 [00:04<00:01, 12.84it/s, loss=0.6044, acc=68.57%, img/s=407.0, eta=0.0m]
[36m(ClientAppActor pid=9750)[0m 
Epoch 1/1:  79%|███████▉  | 50/63 [00:04<00:01, 12.84it/s, loss=0.6115, acc=68.57%, img/s=407.2, eta=0.0m]
Epoch 1/1:  83%|████████▎ | 52/63 [00:04<00:00, 12.88it/s, loss=0.6115, acc=68.57%, img/s=407.2, eta=0.0m]
[36m(ClientAppActor pid=9750)[0m 
Epoch 1/1:  83%|████████▎ | 52/63 [00:04<00:00, 12.88it/s, loss=0.5841, acc=68.57%, img/s=407.0, eta=0.0m]
[36m(ClientAppActor pid=9750)[0m 
Epoch 1/1:  83%|████████▎ | 52/63 [00:04<00:00, 12.88it/s, loss=0.6537, acc=68.63%, img/s=407.1, eta=0.0m]
Epoch 1/1:  86%|████████▌ | 54/63 [00:04<00:00, 12.82it/s, loss=0.6537, acc=68.63%, img/s=407.1, eta=0.0m]
Epoch 1/1:  86%|████████▌ | 54/63 [00:04<00:00, 12.82it/s, loss=0.5749, acc=68.69%, img/s=407.4, eta=0.0m]
[36m(ClientAppActor pid=9750)[0m 
Epoch 1/1:  86%|████████▌ | 54/63 [00:04<00:00, 12.82it/s, loss=0.7094, acc=68.47%, img/s=407.5, eta=0.0m]
Epoch 1/1:  89%|████████▉ | 56/63 [00:04<00:00, 12.88it/s, loss=0.7094, acc=68.47%, img/s=407.5, eta=0.0m]
[36m(ClientAppActor pid=9750)[0m 
Epoch 1/1:  89%|████████▉ | 56/63 [00:04<00:00, 12.88it/s, loss=0.6074, acc=68.37%, img/s=407.6, eta=0.0m]
[36m(ClientAppActor pid=9750)[0m 
Epoch 1/1:  89%|████████▉ | 56/63 [00:04<00:00, 12.88it/s, loss=0.5117, acc=68.48%, img/s=407.7, eta=0.0m]
Epoch 1/1:  92%|█████████▏| 58/63 [00:04<00:00, 12.89it/s, loss=0.5117, acc=68.48%, img/s=407.7, eta=0.0m]
Epoch 1/1:  92%|█████████▏| 58/63 [00:04<00:00, 12.89it/s, loss=0.6866, acc=68.27%, img/s=407.9, eta=0.0m]
[36m(ClientAppActor pid=9750)[0m 
Epoch 1/1:  92%|█████████▏| 58/63 [00:04<00:00, 12.89it/s, loss=0.5421, acc=68.39%, img/s=407.9, eta=0.0m]
Epoch 1/1:  95%|█████████▌| 60/63 [00:04<00:00, 12.92it/s, loss=0.5421, acc=68.39%, img/s=407.9, eta=0.0m]
[36m(ClientAppActor pid=9750)[0m 
Epoch 1/1:  95%|█████████▌| 60/63 [00:04<00:00, 12.92it/s, loss=0.4627, acc=68.65%, img/s=408.0, eta=0.0m]
[36m(ClientAppActor pid=9750)[0m 
Epoch 1/1:  95%|█████████▌| 60/63 [00:04<00:00, 12.92it/s, loss=0.5869, acc=68.60%, img/s=408.1, eta=0.0m]
Epoch 1/1:  98%|█████████▊| 62/63 [00:04<00:00, 12.93it/s, loss=0.5869, acc=68.60%, img/s=408.1, eta=0.0m]
Epoch 1/1:  98%|█████████▊| 62/63 [00:04<00:00, 12.93it/s, loss=0.4916, acc=68.80%, img/s=205.6, eta=0.0m]
Epoch 1/1: 100%|██████████| 63/63 [00:04<00:00, 12.85it/s, loss=0.4916, acc=68.80%, img/s=205.6, eta=0.0m]
[36m(ClientAppActor pid=9750)[0m 
Epoch 1/1:   0%|          | 0/63 [00:00<?, ?it/s]
Epoch 1/1:   0%|          | 0/63 [00:00<?, ?it/s, loss=0.6694, acc=53.12%, img/s=418.7, eta=0.1m]
[36m(ClientAppActor pid=9750)[0m 
Epoch 1/1:   0%|          | 0/63 [00:00<?, ?it/s, loss=0.6162, acc=65.62%, img/s=413.9, eta=0.1m]
Epoch 1/1:   3%|▎         | 2/63 [00:00<00:04, 12.94it/s, loss=0.6162, acc=65.62%, img/s=413.9, eta=0.1m]
[36m(ClientAppActor pid=9750)[0m 
Epoch 1/1:   3%|▎         | 2/63 [00:00<00:04, 12.94it/s, loss=0.5653, acc=70.83%, img/s=409.8, eta=0.1m]
[36m(ClientAppActor pid=9750)[0m 
Epoch 1/1:   3%|▎         | 2/63 [00:00<00:04, 12.94it/s, loss=0.5315, acc=71.88%, img/s=409.7, eta=0.1m]
Epoch 1/1:   6%|▋         | 4/63 [00:00<00:04, 12.78it/s, loss=0.5315, acc=71.88%, img/s=409.7, eta=0.1m]
Epoch 1/1:   6%|▋         | 4/63 [00:00<00:04, 12.78it/s, loss=0.5787, acc=71.25%, img/s=409.7, eta=0.1m]
[36m(ClientAppActor pid=9750)[0m 
Epoch 1/1:   6%|▋         | 4/63 [00:00<00:04, 12.78it/s, loss=0.6427, acc=69.79%, img/s=410.0, eta=0.1m]
Epoch 1/1:  10%|▉         | 6/63 [00:00<00:04, 12.80it/s, loss=0.6427, acc=69.79%, img/s=410.0, eta=0.1m]
[36m(ClientAppActor pid=9750)[0m 
Epoch 1/1:  10%|▉         | 6/63 [00:00<00:04, 12.80it/s, loss=0.5657, acc=69.20%, img/s=410.4, eta=0.1m]
[36m(ClientAppActor pid=9750)[0m 
Epoch 1/1:  10%|▉         | 6/63 [00:00<00:04, 12.80it/s, loss=0.7409, acc=67.97%, img/s=410.8, eta=0.1m]
Epoch 1/1:  13%|█▎        | 8/63 [00:00<00:04, 12.85it/s, loss=0.7409, acc=67.97%, img/s=410.8, eta=0.1m]
Epoch 1/1:  13%|█▎        | 8/63 [00:00<00:04, 12.85it/s, loss=0.6690, acc=67.01%, img/s=412.4, eta=0.1m]
[36m(ClientAppActor pid=9750)[0m 
Epoch 1/1:  13%|█▎        | 8/63 [00:00<00:04, 12.85it/s, loss=0.6031, acc=67.19%, img/s=412.8, eta=0.1m]
Epoch 1/1:  16%|█▌        | 10/63 [00:00<00:04, 12.96it/s, loss=0.6031, acc=67.19%, img/s=412.8, eta=0.1m]
[36m(ClientAppActor pid=9750)[0m 
Epoch 1/1:  16%|█▌        | 10/63 [00:00<00:04, 12.96it/s, loss=0.5012, acc=67.90%, img/s=412.5, eta=0.1m]
[36m(ClientAppActor pid=9750)[0m 
Epoch 1/1:  16%|█▌        | 10/63 [00:00<00:04, 12.96it/s, loss=0.6112, acc=68.23%, img/s=412.1, eta=0.1m]
Epoch 1/1:  19%|█▉        | 12/63 [00:00<00:03, 12.89it/s, loss=0.6112, acc=68.23%, img/s=412.1, eta=0.1m]
Epoch 1/1:  19%|█▉        | 12/63 [00:01<00:03, 12.89it/s, loss=0.5185, acc=68.75%, img/s=412.6, eta=0.1m]
[36m(ClientAppActor pid=9750)[0m 
Epoch 1/1:  19%|█▉        | 12/63 [00:01<00:03, 12.89it/s, loss=0.7117, acc=68.30%, img/s=413.1, eta=0.1m]
Epoch 1/1:  22%|██▏       | 14/63 [00:01<00:03, 12.96it/s, loss=0.7117, acc=68.30%, img/s=413.1, eta=0.1m]
[36m(ClientAppActor pid=9750)[0m 
Epoch 1/1:  22%|██▏       | 14/63 [00:01<00:03, 12.96it/s, loss=0.5769, acc=68.96%, img/s=413.0, eta=0.1m]
[36m(ClientAppActor pid=9750)[0m 
Epoch 1/1:  22%|██▏       | 14/63 [00:01<00:03, 12.96it/s, loss=0.6372, acc=68.95%, img/s=412.8, eta=0.1m]
Epoch 1/1:  25%|██▌       | 16/63 [00:01<00:03, 12.92it/s, loss=0.6372, acc=68.95%, img/s=412.8, eta=0.1m]
Epoch 1/1:  25%|██▌       | 16/63 [00:01<00:03, 12.92it/s, loss=0.5077, acc=69.30%, img/s=413.4, eta=0.1m]
[36m(ClientAppActor pid=9750)[0m 
Epoch 1/1:  25%|██▌       | 16/63 [00:01<00:03, 12.92it/s, loss=0.6304, acc=69.27%, img/s=413.9, eta=0.1m]
Epoch 1/1:  29%|██▊       | 18/63 [00:01<00:03, 13.01it/s, loss=0.6304, acc=69.27%, img/s=413.9, eta=0.1m]
[36m(ClientAppActor pid=9750)[0m 
Epoch 1/1:  29%|██▊       | 18/63 [00:01<00:03, 13.01it/s, loss=0.5710, acc=69.41%, img/s=413.2, eta=0.1m]
[36m(ClientAppActor pid=9750)[0m 
Epoch 1/1:  29%|██▊       | 18/63 [00:01<00:03, 13.01it/s, loss=0.5090, acc=70.16%, img/s=412.9, eta=0.1m]
Epoch 1/1:  32%|███▏      | 20/63 [00:01<00:03, 12.89it/s, loss=0.5090, acc=70.16%, img/s=412.9, eta=0.1m]
[36m(ClientAppActor pid=9750)[0m 
Epoch 1/1:  32%|███▏      | 20/63 [00:01<00:03, 12.89it/s, loss=0.5963, acc=70.54%, img/s=413.1, eta=0.1m]
Epoch 1/1:  32%|███▏      | 20/63 [00:01<00:03, 12.89it/s, loss=0.7652, acc=69.74%, img/s=413.5, eta=0.1m]
Epoch 1/1:  35%|███▍      | 22/63 [00:01<00:03, 12.96it/s, loss=0.7652, acc=69.74%, img/s=413.5, eta=0.1m]
[36m(ClientAppActor pid=9750)[0m 
Epoch 1/1:  35%|███▍      | 22/63 [00:01<00:03, 12.96it/s, loss=0.6818, acc=69.43%, img/s=413.5, eta=0.1m]
[36m(ClientAppActor pid=9750)[0m 
Epoch 1/1:  35%|███▍      | 22/63 [00:01<00:03, 12.96it/s, loss=0.5872, acc=69.01%, img/s=413.9, eta=0.1m]
Epoch 1/1:  38%|███▊      | 24/63 [00:01<00:03, 12.99it/s, loss=0.5872, acc=69.01%, img/s=413.9, eta=0.1m]
[36m(ClientAppActor pid=9750)[0m 
Epoch 1/1:  38%|███▊      | 24/63 [00:01<00:03, 12.99it/s, loss=0.5690, acc=69.38%, img/s=414.3, eta=0.0m]
Epoch 1/1:  38%|███▊      | 24/63 [00:02<00:03, 12.99it/s, loss=0.7100, acc=68.63%, img/s=414.2, eta=0.0m]
Epoch 1/1:  41%|████▏     | 26/63 [00:02<00:02, 13.01it/s, loss=0.7100, acc=68.63%, img/s=414.2, eta=0.0m]
[36m(ClientAppActor pid=9750)[0m 
Epoch 1/1:  41%|████▏     | 26/63 [00:02<00:02, 13.01it/s, loss=0.7383, acc=68.17%, img/s=414.0, eta=0.0m]
[36m(ClientAppActor pid=9750)[0m 
Epoch 1/1:  41%|████▏     | 26/63 [00:02<00:02, 13.01it/s, loss=0.6454, acc=68.42%, img/s=414.1, eta=0.0m]
Epoch 1/1:  44%|████▍     | 28/63 [00:02<00:02, 12.98it/s, loss=0.6454, acc=68.42%, img/s=414.1, eta=0.0m]
[36m(ClientAppActor pid=9750)[0m 
Epoch 1/1:  44%|████▍     | 28/63 [00:02<00:02, 12.98it/s, loss=0.5397, acc=68.64%, img/s=414.5, eta=0.0m]
Epoch 1/1:  44%|████▍     | 28/63 [00:02<00:02, 12.98it/s, loss=0.6238, acc=68.33%, img/s=414.4, eta=0.0m]
Epoch 1/1:  48%|████▊     | 30/63 [00:02<00:02, 13.01it/s, loss=0.6238, acc=68.33%, img/s=414.4, eta=0.0m]
[36m(ClientAppActor pid=9750)[0m 
Epoch 1/1:  48%|████▊     | 30/63 [00:02<00:02, 13.01it/s, loss=0.5944, acc=68.15%, img/s=414.5, eta=0.0m]
[36m(ClientAppActor pid=9750)[0m 
Epoch 1/1:  48%|████▊     | 30/63 [00:02<00:02, 13.01it/s, loss=0.6544, acc=67.87%, img/s=414.4, eta=0.0m]
Epoch 1/1:  51%|█████     | 32/63 [00:02<00:02, 12.99it/s, loss=0.6544, acc=67.87%, img/s=414.4, eta=0.0m]
[36m(ClientAppActor pid=9750)[0m 
Epoch 1/1:  51%|█████     | 32/63 [00:02<00:02, 12.99it/s, loss=0.6474, acc=67.71%, img/s=415.1, eta=0.0m]
Epoch 1/1:  51%|█████     | 32/63 [00:02<00:02, 12.99it/s, loss=0.6276, acc=67.65%, img/s=415.1, eta=0.0m]
Epoch 1/1:  54%|█████▍    | 34/63 [00:02<00:02, 13.09it/s, loss=0.6276, acc=67.65%, img/s=415.1, eta=0.0m]
[36m(ClientAppActor pid=9750)[0m 
Epoch 1/1:  54%|█████▍    | 34/63 [00:02<00:02, 13.09it/s, loss=0.6449, acc=67.50%, img/s=414.9, eta=0.0m]
[36m(ClientAppActor pid=9750)[0m 
Epoch 1/1:  54%|█████▍    | 34/63 [00:02<00:02, 13.09it/s, loss=0.5454, acc=67.53%, img/s=414.5, eta=0.0m]
Epoch 1/1:  57%|█████▋    | 36/63 [00:02<00:02, 12.95it/s, loss=0.5454, acc=67.53%, img/s=414.5, eta=0.0m]
[36m(ClientAppActor pid=9750)[0m 
Epoch 1/1:  57%|█████▋    | 36/63 [00:02<00:02, 12.95it/s, loss=0.5675, acc=67.65%, img/s=414.2, eta=0.0m]
Epoch 1/1:  57%|█████▋    | 36/63 [00:02<00:02, 12.95it/s, loss=0.6819, acc=67.60%, img/s=414.1, eta=0.0m]
Epoch 1/1:  60%|██████    | 38/63 [00:02<00:01, 12.89it/s, loss=0.6819, acc=67.60%, img/s=414.1, eta=0.0m]
[36m(ClientAppActor pid=9750)[0m 
Epoch 1/1:  60%|██████    | 38/63 [00:03<00:01, 12.89it/s, loss=0.5731, acc=67.71%, img/s=414.1, eta=0.0m]
[36m(ClientAppActor pid=9750)[0m 
Epoch 1/1:  60%|██████    | 38/63 [00:03<00:01, 12.89it/s, loss=0.5219, acc=67.97%, img/s=414.1, eta=0.0m]
Epoch 1/1:  63%|██████▎   | 40/63 [00:03<00:01, 12.89it/s, loss=0.5219, acc=67.97%, img/s=414.1, eta=0.0m]
[36m(ClientAppActor pid=9750)[0m 
Epoch 1/1:  63%|██████▎   | 40/63 [00:03<00:01, 12.89it/s, loss=0.6310, acc=67.68%, img/s=414.2, eta=0.0m]
Epoch 1/1:  63%|██████▎   | 40/63 [00:03<00:01, 12.89it/s, loss=0.5670, acc=67.71%, img/s=414.4, eta=0.0m]
Epoch 1/1:  67%|██████▋   | 42/63 [00:03<00:01, 12.97it/s, loss=0.5670, acc=67.71%, img/s=414.4, eta=0.0m]
[36m(ClientAppActor pid=9750)[0m 
Epoch 1/1:  67%|██████▋   | 42/63 [00:03<00:01, 12.97it/s, loss=0.6539, acc=67.51%, img/s=414.2, eta=0.0m]
[36m(ClientAppActor pid=9750)[0m 
Epoch 1/1:  67%|██████▋   | 42/63 [00:03<00:01, 12.97it/s, loss=0.4915, acc=67.83%, img/s=414.1, eta=0.0m]
Epoch 1/1:  70%|██████▉   | 44/63 [00:03<00:01, 12.91it/s, loss=0.4915, acc=67.83%, img/s=414.1, eta=0.0m]
[36m(ClientAppActor pid=9750)[0m 
Epoch 1/1:  70%|██████▉   | 44/63 [00:03<00:01, 12.91it/s, loss=0.7392, acc=67.64%, img/s=414.0, eta=0.0m]
[36m(ClientAppActor pid=9750)[0m 
Epoch 1/1:  70%|██████▉   | 44/63 [00:03<00:01, 12.91it/s, loss=0.5559, acc=67.73%, img/s=414.2, eta=0.0m]
Epoch 1/1:  73%|███████▎  | 46/63 [00:03<00:01, 12.94it/s, loss=0.5559, acc=67.73%, img/s=414.2, eta=0.0m]
Epoch 1/1:  73%|███████▎  | 46/63 [00:03<00:01, 12.94it/s, loss=0.4862, acc=68.02%, img/s=414.2, eta=0.0m]
[36m(ClientAppActor pid=9750)[0m 
Epoch 1/1:  73%|███████▎  | 46/63 [00:03<00:01, 12.94it/s, loss=0.5100, acc=68.03%, img/s=414.2, eta=0.0m]
Epoch 1/1:  76%|███████▌  | 48/63 [00:03<00:01, 12.94it/s, loss=0.5100, acc=68.03%, img/s=414.2, eta=0.0m]
[36m(ClientAppActor pid=9750)[0m 
Epoch 1/1:  76%|███████▌  | 48/63 [00:03<00:01, 12.94it/s, loss=0.7791, acc=67.73%, img/s=414.2, eta=0.0m]
[36m(ClientAppActor pid=9750)[0m 
Epoch 1/1:  76%|███████▌  | 48/63 [00:03<00:01, 12.94it/s, loss=0.4977, acc=67.88%, img/s=414.1, eta=0.0m]
Epoch 1/1:  79%|███████▉  | 50/63 [00:03<00:01, 12.92it/s, loss=0.4977, acc=67.88%, img/s=414.1, eta=0.0m]
Epoch 1/1:  79%|███████▉  | 50/63 [00:03<00:01, 12.92it/s, loss=0.6469, acc=67.71%, img/s=414.0, eta=0.0m]
[36m(ClientAppActor pid=9750)[0m 
Epoch 1/1:  79%|███████▉  | 50/63 [00:04<00:01, 12.92it/s, loss=0.5951, acc=67.61%, img/s=414.1, eta=0.0m]
Epoch 1/1:  83%|████████▎ | 52/63 [00:04<00:00, 12.91it/s, loss=0.5951, acc=67.61%, img/s=414.1, eta=0.0m]
[36m(ClientAppActor pid=9750)[0m 
Epoch 1/1:  83%|████████▎ | 52/63 [00:04<00:00, 12.91it/s, loss=0.7656, acc=67.51%, img/s=414.1, eta=0.0m]
[36m(ClientAppActor pid=9750)[0m 
Epoch 1/1:  83%|████████▎ | 52/63 [00:04<00:00, 12.91it/s, loss=0.6404, acc=67.48%, img/s=414.3, eta=0.0m]
Epoch 1/1:  86%|████████▌ | 54/63 [00:04<00:00, 12.97it/s, loss=0.6404, acc=67.48%, img/s=414.3, eta=0.0m]
Epoch 1/1:  86%|████████▌ | 54/63 [00:04<00:00, 12.97it/s, loss=0.5297, acc=67.50%, img/s=414.5, eta=0.0m]
[36m(ClientAppActor pid=9750)[0m 
Epoch 1/1:  86%|████████▌ | 54/63 [00:04<00:00, 12.97it/s, loss=0.6151, acc=67.52%, img/s=414.4, eta=0.0m]
Epoch 1/1:  89%|████████▉ | 56/63 [00:04<00:00, 13.00it/s, loss=0.6151, acc=67.52%, img/s=414.4, eta=0.0m]
[36m(ClientAppActor pid=9750)[0m 
Epoch 1/1:  89%|████████▉ | 56/63 [00:04<00:00, 13.00it/s, loss=0.5281, acc=67.65%, img/s=414.4, eta=0.0m]
[36m(ClientAppActor pid=9750)[0m 
Epoch 1/1:  89%|████████▉ | 56/63 [00:04<00:00, 13.00it/s, loss=0.5028, acc=67.78%, img/s=414.5, eta=0.0m]
Epoch 1/1:  92%|█████████▏| 58/63 [00:04<00:00, 13.02it/s, loss=0.5028, acc=67.78%, img/s=414.5, eta=0.0m]
Epoch 1/1:  92%|█████████▏| 58/63 [00:04<00:00, 13.02it/s, loss=0.5527, acc=67.85%, img/s=414.6, eta=0.0m]
[36m(ClientAppActor pid=9750)[0m 
Epoch 1/1:  92%|█████████▏| 58/63 [00:04<00:00, 13.02it/s, loss=0.5058, acc=67.92%, img/s=414.5, eta=0.0m]
Epoch 1/1:  95%|█████████▌| 60/63 [00:04<00:00, 13.00it/s, loss=0.5058, acc=67.92%, img/s=414.5, eta=0.0m]
[36m(ClientAppActor pid=9750)[0m 
Epoch 1/1:  95%|█████████▌| 60/63 [00:04<00:00, 13.00it/s, loss=0.6194, acc=67.88%, img/s=414.4, eta=0.0m]
[36m(ClientAppActor pid=9750)[0m 
Epoch 1/1:  95%|█████████▌| 60/63 [00:04<00:00, 13.00it/s, loss=0.7371, acc=67.69%, img/s=414.3, eta=0.0m]
Epoch 1/1:  98%|█████████▊| 62/63 [00:04<00:00, 12.92it/s, loss=0.7371, acc=67.69%, img/s=414.3, eta=0.0m]
Epoch 1/1:  98%|█████████▊| 62/63 [00:04<00:00, 12.92it/s, loss=0.4823, acc=67.75%, img/s=208.7, eta=0.0m]
Epoch 1/1: 100%|██████████| 63/63 [00:04<00:00, 13.04it/s, loss=0.4823, acc=67.75%, img/s=208.7, eta=0.0m]
[36m(ClientAppActor pid=9750)[0m 
Epoch 1/1:   0%|          | 0/63 [00:00<?, ?it/s]
Epoch 1/1:   0%|          | 0/63 [00:00<?, ?it/s, loss=0.6221, acc=71.88%, img/s=412.2, eta=0.1m]
[36m(ClientAppActor pid=9750)[0m 
Epoch 1/1:   0%|          | 0/63 [00:00<?, ?it/s, loss=0.6885, acc=67.19%, img/s=409.3, eta=0.1m]
Epoch 1/1:   3%|▎         | 2/63 [00:00<00:04, 12.79it/s, loss=0.6885, acc=67.19%, img/s=409.3, eta=0.1m]
[36m(ClientAppActor pid=9750)[0m 
Epoch 1/1:   3%|▎         | 2/63 [00:00<00:04, 12.79it/s, loss=0.4904, acc=77.08%, img/s=412.9, eta=0.1m]
[36m(ClientAppActor pid=9750)[0m 
Epoch 1/1:   3%|▎         | 2/63 [00:00<00:04, 12.79it/s, loss=0.6827, acc=72.66%, img/s=411.7, eta=0.1m]
Epoch 1/1:   6%|▋         | 4/63 [00:00<00:04, 12.88it/s, loss=0.6827, acc=72.66%, img/s=411.7, eta=0.1m]
Epoch 1/1:   6%|▋         | 4/63 [00:00<00:04, 12.88it/s, loss=0.5434, acc=72.50%, img/s=413.7, eta=0.1m]
[36m(ClientAppActor pid=9750)[0m 
Epoch 1/1:   6%|▋         | 4/63 [00:00<00:04, 12.88it/s, loss=0.7074, acc=69.79%, img/s=412.6, eta=0.1m]
Epoch 1/1:  10%|▉         | 6/63 [00:00<00:04, 12.91it/s, loss=0.7074, acc=69.79%, img/s=412.6, eta=0.1m]
[36m(ClientAppActor pid=9750)[0m 
Epoch 1/1:  10%|▉         | 6/63 [00:00<00:04, 12.91it/s, loss=0.6791, acc=67.86%, img/s=411.2, eta=0.1m]
[36m(ClientAppActor pid=9750)[0m 
Epoch 1/1:  10%|▉         | 6/63 [00:00<00:04, 12.91it/s, loss=0.8166, acc=64.84%, img/s=411.4, eta=0.1m]
Epoch 1/1:  13%|█▎        | 8/63 [00:00<00:04, 12.85it/s, loss=0.8166, acc=64.84%, img/s=411.4, eta=0.1m]
Epoch 1/1:  13%|█▎        | 8/63 [00:00<00:04, 12.85it/s, loss=0.6720, acc=63.54%, img/s=411.8, eta=0.1m]
[36m(ClientAppActor pid=9750)[0m 
Epoch 1/1:  13%|█▎        | 8/63 [00:00<00:04, 12.85it/s, loss=0.5478, acc=65.00%, img/s=412.1, eta=0.1m]
Epoch 1/1:  16%|█▌        | 10/63 [00:00<00:04, 12.89it/s, loss=0.5478, acc=65.00%, img/s=412.1, eta=0.1m]
[36m(ClientAppActor pid=9750)[0m 
Epoch 1/1:  16%|█▌        | 10/63 [00:00<00:04, 12.89it/s, loss=0.7092, acc=63.64%, img/s=411.1, eta=0.1m]
[36m(ClientAppActor pid=9750)[0m 
Epoch 1/1:  16%|█▌        | 10/63 [00:00<00:04, 12.89it/s, loss=0.7326, acc=61.98%, img/s=411.2, eta=0.1m]
Epoch 1/1:  19%|█▉        | 12/63 [00:00<00:03, 12.83it/s, loss=0.7326, acc=61.98%, img/s=411.2, eta=0.1m]
Epoch 1/1:  19%|█▉        | 12/63 [00:01<00:03, 12.83it/s, loss=0.6642, acc=62.26%, img/s=412.1, eta=0.1m]
[36m(ClientAppActor pid=9750)[0m 
Epoch 1/1:  19%|█▉        | 12/63 [00:01<00:03, 12.83it/s, loss=0.6847, acc=62.72%, img/s=412.0, eta=0.1m]
Epoch 1/1:  22%|██▏       | 14/63 [00:01<00:03, 12.89it/s, loss=0.6847, acc=62.72%, img/s=412.0, eta=0.1m]
[36m(ClientAppActor pid=9750)[0m 
Epoch 1/1:  22%|██▏       | 14/63 [00:01<00:03, 12.89it/s, loss=0.6492, acc=63.33%, img/s=412.0, eta=0.1m]
[36m(ClientAppActor pid=9750)[0m 
Epoch 1/1:  22%|██▏       | 14/63 [00:01<00:03, 12.89it/s, loss=0.6349, acc=63.48%, img/s=411.9, eta=0.1m]
Epoch 1/1:  25%|██▌       | 16/63 [00:01<00:03, 12.88it/s, loss=0.6349, acc=63.48%, img/s=411.9, eta=0.1m]
[36m(ClientAppActor pid=9750)[0m 
Epoch 1/1:  25%|██▌       | 16/63 [00:01<00:03, 12.88it/s, loss=0.5607, acc=64.52%, img/s=412.6, eta=0.1m]
Epoch 1/1:  25%|██▌       | 16/63 [00:01<00:03, 12.88it/s, loss=0.5455, acc=65.45%, img/s=413.1, eta=0.1m]
Epoch 1/1:  29%|██▊       | 18/63 [00:01<00:03, 12.98it/s, loss=0.5455, acc=65.45%, img/s=413.1, eta=0.1m]
[36m(ClientAppActor pid=9750)[0m 
Epoch 1/1:  29%|██▊       | 18/63 [00:01<00:03, 12.98it/s, loss=0.6282, acc=65.79%, img/s=413.2, eta=0.1m]
[36m(ClientAppActor pid=9750)[0m 
Epoch 1/1:  29%|██▊       | 18/63 [00:01<00:03, 12.98it/s, loss=0.5715, acc=66.25%, img/s=413.3, eta=0.1m]
Epoch 1/1:  32%|███▏      | 20/63 [00:01<00:03, 12.98it/s, loss=0.5715, acc=66.25%, img/s=413.3, eta=0.1m]
[36m(ClientAppActor pid=9750)[0m 
Epoch 1/1:  32%|███▏      | 20/63 [00:01<00:03, 12.98it/s, loss=0.6280, acc=65.62%, img/s=413.4, eta=0.1m]
Epoch 1/1:  32%|███▏      | 20/63 [00:01<00:03, 12.98it/s, loss=0.5947, acc=65.62%, img/s=413.7, eta=0.1m]
Epoch 1/1:  35%|███▍      | 22/63 [00:01<00:03, 13.01it/s, loss=0.5947, acc=65.62%, img/s=413.7, eta=0.1m]
[36m(ClientAppActor pid=9750)[0m 
Epoch 1/1:  35%|███▍      | 22/63 [00:01<00:03, 13.01it/s, loss=0.6510, acc=65.62%, img/s=413.8, eta=0.1m]
[36m(ClientAppActor pid=9750)[0m 
Epoch 1/1:  35%|███▍      | 22/63 [00:01<00:03, 13.01it/s, loss=0.5549, acc=65.89%, img/s=413.5, eta=0.1m]
Epoch 1/1:  38%|███▊      | 24/63 [00:01<00:03, 12.95it/s, loss=0.5549, acc=65.89%, img/s=413.5, eta=0.1m]
[36m(ClientAppActor pid=9750)[0m 
Epoch 1/1:  38%|███▊      | 24/63 [00:01<00:03, 12.95it/s, loss=0.5925, acc=65.88%, img/s=413.5, eta=0.0m]
Epoch 1/1:  38%|███▊      | 24/63 [00:02<00:03, 12.95it/s, loss=0.8021, acc=65.50%, img/s=413.5, eta=0.0m]
Epoch 1/1:  41%|████▏     | 26/63 [00:02<00:02, 12.95it/s, loss=0.8021, acc=65.50%, img/s=413.5, eta=0.0m]
[36m(ClientAppActor pid=9750)[0m 
Epoch 1/1:  41%|████▏     | 26/63 [00:02<00:02, 12.95it/s, loss=0.5707, acc=65.74%, img/s=413.4, eta=0.0m]
[36m(ClientAppActor pid=9750)[0m 
Epoch 1/1:  41%|████▏     | 26/63 [00:02<00:02, 12.95it/s, loss=0.4872, acc=66.29%, img/s=413.1, eta=0.0m]
Epoch 1/1:  44%|████▍     | 28/63 [00:02<00:02, 12.89it/s, loss=0.4872, acc=66.29%, img/s=413.1, eta=0.0m]
[36m(ClientAppActor pid=9750)[0m 
Epoch 1/1:  44%|████▍     | 28/63 [00:02<00:02, 12.89it/s, loss=0.5646, acc=66.49%, img/s=412.9, eta=0.0m]
Epoch 1/1:  44%|████▍     | 28/63 [00:02<00:02, 12.89it/s, loss=0.6751, acc=66.15%, img/s=412.9, eta=0.0m]
Epoch 1/1:  48%|████▊     | 30/63 [00:02<00:02, 12.87it/s, loss=0.6751, acc=66.15%, img/s=412.9, eta=0.0m]
[36m(ClientAppActor pid=9750)[0m 
Epoch 1/1:  48%|████▊     | 30/63 [00:02<00:02, 12.87it/s, loss=0.5465, acc=66.33%, img/s=413.1, eta=0.0m]
[36m(ClientAppActor pid=9750)[0m 
Epoch 1/1:  48%|████▊     | 30/63 [00:02<00:02, 12.87it/s, loss=0.4771, acc=66.70%, img/s=413.0, eta=0.0m]
Epoch 1/1:  51%|█████     | 32/63 [00:02<00:02, 12.89it/s, loss=0.4771, acc=66.70%, img/s=413.0, eta=0.0m]
[36m(ClientAppActor pid=9750)[0m 
Epoch 1/1:  51%|█████     | 32/63 [00:02<00:02, 12.89it/s, loss=0.7184, acc=66.48%, img/s=413.3, eta=0.0m]
Epoch 1/1:  51%|█████     | 32/63 [00:02<00:02, 12.89it/s, loss=0.5857, acc=66.27%, img/s=413.2, eta=0.0m]
Epoch 1/1:  54%|█████▍    | 34/63 [00:02<00:02, 12.93it/s, loss=0.5857, acc=66.27%, img/s=413.2, eta=0.0m]
[36m(ClientAppActor pid=9750)[0m 
Epoch 1/1:  54%|█████▍    | 34/63 [00:02<00:02, 12.93it/s, loss=0.6193, acc=66.34%, img/s=413.3, eta=0.0m]
[36m(ClientAppActor pid=9750)[0m 
Epoch 1/1:  54%|█████▍    | 34/63 [00:02<00:02, 12.93it/s, loss=0.6339, acc=66.41%, img/s=413.3, eta=0.0m]
Epoch 1/1:  57%|█████▋    | 36/63 [00:02<00:02, 12.94it/s, loss=0.6339, acc=66.41%, img/s=413.3, eta=0.0m]
[36m(ClientAppActor pid=9750)[0m 
Epoch 1/1:  57%|█████▋    | 36/63 [00:02<00:02, 12.94it/s, loss=0.6064, acc=66.39%, img/s=413.3, eta=0.0m]
[36m(ClientAppActor pid=9750)[0m 
Epoch 1/1:  57%|█████▋    | 36/63 [00:02<00:02, 12.94it/s, loss=0.5541, acc=66.78%, img/s=413.2, eta=0.0m]
Epoch 1/1:  60%|██████    | 38/63 [00:02<00:01, 12.90it/s, loss=0.5541, acc=66.78%, img/s=413.2, eta=0.0m]
Epoch 1/1:  60%|██████    | 38/63 [00:03<00:01, 12.90it/s, loss=0.5271, acc=67.07%, img/s=413.3, eta=0.0m]
[36m(ClientAppActor pid=9750)[0m 
Epoch 1/1:  60%|██████    | 38/63 [00:03<00:01, 12.90it/s, loss=0.6473, acc=66.95%, img/s=411.9, eta=0.0m]
Epoch 1/1:  63%|██████▎   | 40/63 [00:03<00:01, 12.67it/s, loss=0.6473, acc=66.95%, img/s=411.9, eta=0.0m]
[36m(ClientAppActor pid=9750)[0m 
Epoch 1/1:  63%|██████▎   | 40/63 [00:03<00:01, 12.67it/s, loss=0.6546, acc=66.84%, img/s=411.9, eta=0.0m]
[36m(ClientAppActor pid=9750)[0m 
Epoch 1/1:  63%|██████▎   | 40/63 [00:03<00:01, 12.67it/s, loss=0.6756, acc=66.74%, img/s=411.8, eta=0.0m]
Epoch 1/1:  67%|██████▋   | 42/63 [00:03<00:01, 12.72it/s, loss=0.6756, acc=66.74%, img/s=411.8, eta=0.0m]
Epoch 1/1:  67%|██████▋   | 42/63 [00:03<00:01, 12.72it/s, loss=0.5852, acc=66.79%, img/s=412.1, eta=0.0m]
[36m(ClientAppActor pid=9750)[0m 
Epoch 1/1:  67%|██████▋   | 42/63 [00:03<00:01, 12.72it/s, loss=0.4677, acc=67.05%, img/s=412.1, eta=0.0m]
Epoch 1/1:  70%|██████▉   | 44/63 [00:03<00:01, 12.81it/s, loss=0.4677, acc=67.05%, img/s=412.1, eta=0.0m]
[36m(ClientAppActor pid=9750)[0m 
Epoch 1/1:  70%|██████▉   | 44/63 [00:03<00:01, 12.81it/s, loss=0.6055, acc=67.08%, img/s=411.6, eta=0.0m]
[36m(ClientAppActor pid=9750)[0m 
Epoch 1/1:  70%|██████▉   | 44/63 [00:03<00:01, 12.81it/s, loss=0.6028, acc=67.12%, img/s=410.7, eta=0.0m]
Epoch 1/1:  73%|███████▎  | 46/63 [00:03<00:01, 12.54it/s, loss=0.6028, acc=67.12%, img/s=410.7, eta=0.0m]
[36m(ClientAppActor pid=9750)[0m 
Epoch 1/1:  73%|███████▎  | 46/63 [00:03<00:01, 12.54it/s, loss=0.5399, acc=67.29%, img/s=410.1, eta=0.0m]
Epoch 1/1:  73%|███████▎  | 46/63 [00:03<00:01, 12.54it/s, loss=0.7344, acc=66.99%, img/s=409.7, eta=0.0m]
Epoch 1/1:  76%|███████▌  | 48/63 [00:03<00:01, 12.42it/s, loss=0.7344, acc=66.99%, img/s=409.7, eta=0.0m]
[36m(ClientAppActor pid=9750)[0m 
Epoch 1/1:  76%|███████▌  | 48/63 [00:03<00:01, 12.42it/s, loss=0.4926, acc=67.28%, img/s=409.7, eta=0.0m]
[36m(ClientAppActor pid=9750)[0m 
Epoch 1/1:  76%|███████▌  | 48/63 [00:03<00:01, 12.42it/s, loss=0.6005, acc=67.19%, img/s=409.6, eta=0.0m]
Epoch 1/1:  79%|███████▉  | 50/63 [00:03<00:01, 12.51it/s, loss=0.6005, acc=67.19%, img/s=409.6, eta=0.0m]
[36m(ClientAppActor pid=9750)[0m 
Epoch 1/1:  79%|███████▉  | 50/63 [00:03<00:01, 12.51it/s, loss=0.7448, acc=67.10%, img/s=409.7, eta=0.0m]
[36m(ClientAppActor pid=9750)[0m 
Epoch 1/1:  79%|███████▉  | 50/63 [00:04<00:01, 12.51it/s, loss=0.5654, acc=67.31%, img/s=409.8, eta=0.0m]
Epoch 1/1:  83%|████████▎ | 52/63 [00:04<00:00, 12.63it/s, loss=0.5654, acc=67.31%, img/s=409.8, eta=0.0m]
Epoch 1/1:  83%|████████▎ | 52/63 [00:04<00:00, 12.63it/s, loss=0.6151, acc=67.28%, img/s=409.8, eta=0.0m]
[36m(ClientAppActor pid=9750)[0m 
Epoch 1/1:  83%|████████▎ | 52/63 [00:04<00:00, 12.63it/s, loss=0.7206, acc=67.25%, img/s=409.8, eta=0.0m]
Epoch 1/1:  86%|████████▌ | 54/63 [00:04<00:00, 12.69it/s, loss=0.7206, acc=67.25%, img/s=409.8, eta=0.0m]
[36m(ClientAppActor pid=9750)[0m 
Epoch 1/1:  86%|████████▌ | 54/63 [00:04<00:00, 12.69it/s, loss=0.5885, acc=67.39%, img/s=409.7, eta=0.0m]
[36m(ClientAppActor pid=9750)[0m 
Epoch 1/1:  86%|████████▌ | 54/63 [00:04<00:00, 12.69it/s, loss=0.5787, acc=67.41%, img/s=409.4, eta=0.0m]
Epoch 1/1:  89%|████████▉ | 56/63 [00:04<00:00, 12.62it/s, loss=0.5787, acc=67.41%, img/s=409.4, eta=0.0m]
Epoch 1/1:  89%|████████▉ | 56/63 [00:04<00:00, 12.62it/s, loss=0.6504, acc=67.43%, img/s=409.1, eta=0.0m]
[36m(ClientAppActor pid=9750)[0m 
Epoch 1/1:  89%|████████▉ | 56/63 [00:04<00:00, 12.62it/s, loss=0.6423, acc=67.35%, img/s=408.5, eta=0.0m]
Epoch 1/1:  92%|█████████▏| 58/63 [00:04<00:00, 12.45it/s, loss=0.6423, acc=67.35%, img/s=408.5, eta=0.0m]
[36m(ClientAppActor pid=9750)[0m 
Epoch 1/1:  92%|█████████▏| 58/63 [00:04<00:00, 12.45it/s, loss=0.5956, acc=67.27%, img/s=408.1, eta=0.0m]
[36m(ClientAppActor pid=9750)[0m 
Epoch 1/1:  92%|█████████▏| 58/63 [00:04<00:00, 12.45it/s, loss=0.6268, acc=67.14%, img/s=408.1, eta=0.0m]
Epoch 1/1:  95%|█████████▌| 60/63 [00:04<00:00, 12.42it/s, loss=0.6268, acc=67.14%, img/s=408.1, eta=0.0m]
[36m(ClientAppActor pid=9750)[0m 
Epoch 1/1:  95%|█████████▌| 60/63 [00:04<00:00, 12.42it/s, loss=0.4889, acc=67.47%, img/s=408.1, eta=0.0m]
Epoch 1/1:  95%|█████████▌| 60/63 [00:04<00:00, 12.42it/s, loss=0.5285, acc=67.49%, img/s=408.2, eta=0.0m]
Epoch 1/1:  98%|█████████▊| 62/63 [00:04<00:00, 12.54it/s, loss=0.5285, acc=67.49%, img/s=408.2, eta=0.0m]
[36m(ClientAppActor pid=9750)[0m 
Epoch 1/1:  98%|█████████▊| 62/63 [00:04<00:00, 12.54it/s, loss=0.6283, acc=67.45%, img/s=205.6, eta=0.0m]
Epoch 1/1: 100%|██████████| 63/63 [00:04<00:00, 12.85it/s, loss=0.6283, acc=67.45%, img/s=205.6, eta=0.0m]
[36m(ClientAppActor pid=9750)[0m 
Epoch 1/1:   0%|          | 0/63 [00:00<?, ?it/s]
[36m(ClientAppActor pid=9750)[0m 
Epoch 1/1:   0%|          | 0/63 [00:00<?, ?it/s, loss=0.5972, acc=75.00%, img/s=395.7, eta=0.1m]
[36m(ClientAppActor pid=9750)[0m 
Epoch 1/1:   0%|          | 0/63 [00:00<?, ?it/s, loss=0.5854, acc=73.44%, img/s=403.0, eta=0.1m]
Epoch 1/1:   3%|▎         | 2/63 [00:00<00:04, 12.59it/s, loss=0.5854, acc=73.44%, img/s=403.0, eta=0.1m]
Epoch 1/1:   3%|▎         | 2/63 [00:00<00:04, 12.59it/s, loss=0.5254, acc=72.92%, img/s=408.6, eta=0.1m]
[36m(ClientAppActor pid=9750)[0m 
Epoch 1/1:   3%|▎         | 2/63 [00:00<00:04, 12.59it/s, loss=0.6726, acc=67.97%, img/s=410.8, eta=0.1m]
Epoch 1/1:   6%|▋         | 4/63 [00:00<00:04, 12.88it/s, loss=0.6726, acc=67.97%, img/s=410.8, eta=0.1m]
[36m(ClientAppActor pid=9750)[0m 
Epoch 1/1:   6%|▋         | 4/63 [00:00<00:04, 12.88it/s, loss=0.6518, acc=68.12%, img/s=409.3, eta=0.1m]
[36m(ClientAppActor pid=9750)[0m 
Epoch 1/1:   6%|▋         | 4/63 [00:00<00:04, 12.88it/s, loss=0.6480, acc=67.71%, img/s=408.6, eta=0.1m]
Epoch 1/1:  10%|▉         | 6/63 [00:00<00:04, 12.77it/s, loss=0.6480, acc=67.71%, img/s=408.6, eta=0.1m]
[36m(ClientAppActor pid=9750)[0m 
Epoch 1/1:  10%|▉         | 6/63 [00:00<00:04, 12.77it/s, loss=0.7177, acc=66.96%, img/s=410.9, eta=0.1m]
Epoch 1/1:  10%|▉         | 6/63 [00:00<00:04, 12.77it/s, loss=0.6663, acc=66.02%, img/s=412.1, eta=0.1m]
Epoch 1/1:  13%|█▎        | 8/63 [00:00<00:04, 12.94it/s, loss=0.6663, acc=66.02%, img/s=412.1, eta=0.1m]
[36m(ClientAppActor pid=9750)[0m 
Epoch 1/1:  13%|█▎        | 8/63 [00:00<00:04, 12.94it/s, loss=0.6652, acc=64.58%, img/s=412.1, eta=0.1m]
[36m(ClientAppActor pid=9750)[0m 
Epoch 1/1:  13%|█▎        | 8/63 [00:00<00:04, 12.94it/s, loss=0.5741, acc=65.62%, img/s=412.6, eta=0.1m]
Epoch 1/1:  16%|█▌        | 10/63 [00:00<00:04, 12.95it/s, loss=0.5741, acc=65.62%, img/s=412.6, eta=0.1m]
[36m(ClientAppActor pid=9750)[0m 
Epoch 1/1:  16%|█▌        | 10/63 [00:00<00:04, 12.95it/s, loss=0.6284, acc=65.91%, img/s=413.0, eta=0.1m]
Epoch 1/1:  16%|█▌        | 10/63 [00:00<00:04, 12.95it/s, loss=0.6122, acc=65.36%, img/s=413.6, eta=0.1m]
Epoch 1/1:  19%|█▉        | 12/63 [00:00<00:03, 12.99it/s, loss=0.6122, acc=65.36%, img/s=413.6, eta=0.1m]
[36m(ClientAppActor pid=9750)[0m 
Epoch 1/1:  19%|█▉        | 12/63 [00:01<00:03, 12.99it/s, loss=0.5952, acc=66.11%, img/s=413.2, eta=0.1m]
[36m(ClientAppActor pid=9750)[0m 
Epoch 1/1:  19%|█▉        | 12/63 [00:01<00:03, 12.99it/s, loss=0.5982, acc=66.29%, img/s=413.4, eta=0.1m]
Epoch 1/1:  22%|██▏       | 14/63 [00:01<00:03, 12.96it/s, loss=0.5982, acc=66.29%, img/s=413.4, eta=0.1m]
[36m(ClientAppActor pid=9750)[0m 
Epoch 1/1:  22%|██▏       | 14/63 [00:01<00:03, 12.96it/s, loss=0.6724, acc=66.25%, img/s=413.7, eta=0.1m]
Epoch 1/1:  22%|██▏       | 14/63 [00:01<00:03, 12.96it/s, loss=0.6475, acc=66.02%, img/s=413.8, eta=0.1m]
Epoch 1/1:  25%|██▌       | 16/63 [00:01<00:03, 12.97it/s, loss=0.6475, acc=66.02%, img/s=413.8, eta=0.1m]
[36m(ClientAppActor pid=9750)[0m 
Epoch 1/1:  25%|██▌       | 16/63 [00:01<00:03, 12.97it/s, loss=0.5604, acc=66.54%, img/s=412.5, eta=0.1m]
[36m(ClientAppActor pid=9750)[0m 
Epoch 1/1:  25%|██▌       | 16/63 [00:01<00:03, 12.97it/s, loss=0.7303, acc=65.62%, img/s=412.1, eta=0.1m]
Epoch 1/1:  29%|██▊       | 18/63 [00:01<00:03, 12.81it/s, loss=0.7303, acc=65.62%, img/s=412.1, eta=0.1m]
[36m(ClientAppActor pid=9750)[0m 
Epoch 1/1:  29%|██▊       | 18/63 [00:01<00:03, 12.81it/s, loss=0.7053, acc=65.30%, img/s=412.3, eta=0.1m]
Epoch 1/1:  29%|██▊       | 18/63 [00:01<00:03, 12.81it/s, loss=0.7034, acc=65.00%, img/s=412.6, eta=0.1m]
Epoch 1/1:  32%|███▏      | 20/63 [00:01<00:03, 12.89it/s, loss=0.7034, acc=65.00%, img/s=412.6, eta=0.1m]
[36m(ClientAppActor pid=9750)[0m 
Epoch 1/1:  32%|███▏      | 20/63 [00:01<00:03, 12.89it/s, loss=0.5215, acc=65.48%, img/s=412.7, eta=0.1m]
[36m(ClientAppActor pid=9750)[0m 
Epoch 1/1:  32%|███▏      | 20/63 [00:01<00:03, 12.89it/s, loss=0.6781, acc=65.06%, img/s=412.7, eta=0.1m]
Epoch 1/1:  35%|███▍      | 22/63 [00:01<00:03, 12.89it/s, loss=0.6781, acc=65.06%, img/s=412.7, eta=0.1m]
[36m(ClientAppActor pid=9750)[0m 
Epoch 1/1:  35%|███▍      | 22/63 [00:01<00:03, 12.89it/s, loss=0.7023, acc=64.40%, img/s=412.6, eta=0.1m]
[36m(ClientAppActor pid=9750)[0m 
Epoch 1/1:  35%|███▍      | 22/63 [00:01<00:03, 12.89it/s, loss=0.7329, acc=63.67%, img/s=411.9, eta=0.1m]
Epoch 1/1:  38%|███▊      | 24/63 [00:01<00:03, 12.81it/s, loss=0.7329, acc=63.67%, img/s=411.9, eta=0.1m]
Epoch 1/1:  38%|███▊      | 24/63 [00:01<00:03, 12.81it/s, loss=0.7016, acc=63.38%, img/s=411.0, eta=0.0m]
[36m(ClientAppActor pid=9750)[0m 
Epoch 1/1:  38%|███▊      | 24/63 [00:02<00:03, 12.81it/s, loss=0.5621, acc=63.70%, img/s=410.9, eta=0.0m]
Epoch 1/1:  41%|████▏     | 26/63 [00:02<00:02, 12.70it/s, loss=0.5621, acc=63.70%, img/s=410.9, eta=0.0m]
[36m(ClientAppActor pid=9750)[0m 
Epoch 1/1:  41%|████▏     | 26/63 [00:02<00:02, 12.70it/s, loss=0.6720, acc=63.19%, img/s=410.9, eta=0.0m]
[36m(ClientAppActor pid=9750)[0m 
Epoch 1/1:  41%|████▏     | 26/63 [00:02<00:02, 12.70it/s, loss=0.5803, acc=63.28%, img/s=411.0, eta=0.0m]
Epoch 1/1:  44%|████▍     | 28/63 [00:02<00:02, 12.76it/s, loss=0.5803, acc=63.28%, img/s=411.0, eta=0.0m]
Epoch 1/1:  44%|████▍     | 28/63 [00:02<00:02, 12.76it/s, loss=0.6045, acc=63.79%, img/s=411.4, eta=0.0m]
[36m(ClientAppActor pid=9750)[0m 
Epoch 1/1:  44%|████▍     | 28/63 [00:02<00:02, 12.76it/s, loss=0.5444, acc=64.06%, img/s=411.7, eta=0.0m]
Epoch 1/1:  48%|████▊     | 30/63 [00:02<00:02, 12.88it/s, loss=0.5444, acc=64.06%, img/s=411.7, eta=0.0m]
[36m(ClientAppActor pid=9750)[0m 
Epoch 1/1:  48%|████▊     | 30/63 [00:02<00:02, 12.88it/s, loss=0.5701, acc=64.52%, img/s=411.4, eta=0.0m]
[36m(ClientAppActor pid=9750)[0m 
Epoch 1/1:  48%|████▊     | 30/63 [00:02<00:02, 12.88it/s, loss=0.5665, acc=64.94%, img/s=411.6, eta=0.0m]
Epoch 1/1:  51%|█████     | 32/63 [00:02<00:02, 12.86it/s, loss=0.5665, acc=64.94%, img/s=411.6, eta=0.0m]
Epoch 1/1:  51%|█████     | 32/63 [00:02<00:02, 12.86it/s, loss=0.5907, acc=64.87%, img/s=412.0, eta=0.0m]
[36m(ClientAppActor pid=9750)[0m 
Epoch 1/1:  51%|█████     | 32/63 [00:02<00:02, 12.86it/s, loss=0.6081, acc=65.07%, img/s=412.1, eta=0.0m]
Epoch 1/1:  54%|█████▍    | 34/63 [00:02<00:02, 12.94it/s, loss=0.6081, acc=65.07%, img/s=412.1, eta=0.0m]
[36m(ClientAppActor pid=9750)[0m 
Epoch 1/1:  54%|█████▍    | 34/63 [00:02<00:02, 12.94it/s, loss=0.4944, acc=65.45%, img/s=412.1, eta=0.0m]
[36m(ClientAppActor pid=9750)[0m 
Epoch 1/1:  54%|█████▍    | 34/63 [00:02<00:02, 12.94it/s, loss=0.5199, acc=65.62%, img/s=412.2, eta=0.0m]
Epoch 1/1:  57%|█████▋    | 36/63 [00:02<00:02, 12.94it/s, loss=0.5199, acc=65.62%, img/s=412.2, eta=0.0m]
Epoch 1/1:  57%|█████▋    | 36/63 [00:02<00:02, 12.94it/s, loss=0.5744, acc=65.79%, img/s=412.3, eta=0.0m]
[36m(ClientAppActor pid=9750)[0m 
Epoch 1/1:  57%|█████▋    | 36/63 [00:02<00:02, 12.94it/s, loss=0.5919, acc=65.87%, img/s=412.2, eta=0.0m]
Epoch 1/1:  60%|██████    | 38/63 [00:02<00:01, 12.93it/s, loss=0.5919, acc=65.87%, img/s=412.2, eta=0.0m]
[36m(ClientAppActor pid=9750)[0m 
Epoch 1/1:  60%|██████    | 38/63 [00:03<00:01, 12.93it/s, loss=0.5255, acc=66.27%, img/s=412.3, eta=0.0m]
[36m(ClientAppActor pid=9750)[0m 
Epoch 1/1:  60%|██████    | 38/63 [00:03<00:01, 12.93it/s, loss=0.6839, acc=66.09%, img/s=412.1, eta=0.0m]
Epoch 1/1:  63%|██████▎   | 40/63 [00:03<00:01, 12.89it/s, loss=0.6839, acc=66.09%, img/s=412.1, eta=0.0m]
[36m(ClientAppActor pid=9750)[0m 
Epoch 1/1:  63%|██████▎   | 40/63 [00:03<00:01, 12.89it/s, loss=0.6253, acc=66.01%, img/s=412.4, eta=0.0m]
Epoch 1/1:  63%|██████▎   | 40/63 [00:03<00:01, 12.89it/s, loss=0.6285, acc=66.07%, img/s=412.4, eta=0.0m]
Epoch 1/1:  67%|██████▋   | 42/63 [00:03<00:01, 12.94it/s, loss=0.6285, acc=66.07%, img/s=412.4, eta=0.0m]
[36m(ClientAppActor pid=9750)[0m 
Epoch 1/1:  67%|██████▋   | 42/63 [00:03<00:01, 12.94it/s, loss=0.5701, acc=66.13%, img/s=411.8, eta=0.0m]
[36m(ClientAppActor pid=9750)[0m 
Epoch 1/1:  67%|██████▋   | 42/63 [00:03<00:01, 12.94it/s, loss=0.6195, acc=66.12%, img/s=411.1, eta=0.0m]
Epoch 1/1:  70%|██████▉   | 44/63 [00:03<00:01, 12.66it/s, loss=0.6195, acc=66.12%, img/s=411.1, eta=0.0m]
[36m(ClientAppActor pid=9750)[0m 
Epoch 1/1:  70%|██████▉   | 44/63 [00:03<00:01, 12.66it/s, loss=0.5241, acc=66.25%, img/s=410.4, eta=0.0m]
[36m(ClientAppActor pid=9750)[0m 
Epoch 1/1:  70%|██████▉   | 44/63 [00:03<00:01, 12.66it/s, loss=0.4047, acc=66.78%, img/s=410.3, eta=0.0m]
Epoch 1/1:  73%|███████▎  | 46/63 [00:03<00:01, 12.55it/s, loss=0.4047, acc=66.78%, img/s=410.3, eta=0.0m]
Epoch 1/1:  73%|███████▎  | 46/63 [00:03<00:01, 12.55it/s, loss=0.4775, acc=66.82%, img/s=410.4, eta=0.0m]
[36m(ClientAppActor pid=9750)[0m 
Epoch 1/1:  73%|███████▎  | 46/63 [00:03<00:01, 12.55it/s, loss=0.4893, acc=66.73%, img/s=410.3, eta=0.0m]
Epoch 1/1:  76%|███████▌  | 48/63 [00:03<00:01, 12.63it/s, loss=0.4893, acc=66.73%, img/s=410.3, eta=0.0m]
[36m(ClientAppActor pid=9750)[0m 
Epoch 1/1:  76%|███████▌  | 48/63 [00:03<00:01, 12.63it/s, loss=0.5271, acc=66.84%, img/s=410.4, eta=0.0m]
[36m(ClientAppActor pid=9750)[0m 
Epoch 1/1:  76%|███████▌  | 48/63 [00:03<00:01, 12.63it/s, loss=0.8576, acc=66.50%, img/s=410.6, eta=0.0m]
Epoch 1/1:  79%|███████▉  | 50/63 [00:03<00:01, 12.75it/s, loss=0.8576, acc=66.50%, img/s=410.6, eta=0.0m]
Epoch 1/1:  79%|███████▉  | 50/63 [00:03<00:01, 12.75it/s, loss=0.5499, acc=66.54%, img/s=410.6, eta=0.0m]
[36m(ClientAppActor pid=9750)[0m 
Epoch 1/1:  79%|███████▉  | 50/63 [00:04<00:01, 12.75it/s, loss=0.6173, acc=66.65%, img/s=410.7, eta=0.0m]
Epoch 1/1:  83%|████████▎ | 52/63 [00:04<00:00, 12.80it/s, loss=0.6173, acc=66.65%, img/s=410.7, eta=0.0m]
[36m(ClientAppActor pid=9750)[0m 
Epoch 1/1:  83%|████████▎ | 52/63 [00:04<00:00, 12.80it/s, loss=0.4267, acc=66.92%, img/s=410.7, eta=0.0m]
[36m(ClientAppActor pid=9750)[0m 
Epoch 1/1:  83%|████████▎ | 52/63 [00:04<00:00, 12.80it/s, loss=0.4415, acc=67.13%, img/s=410.9, eta=0.0m]
Epoch 1/1:  86%|████████▌ | 54/63 [00:04<00:00, 12.88it/s, loss=0.4415, acc=67.13%, img/s=410.9, eta=0.0m]
Epoch 1/1:  86%|████████▌ | 54/63 [00:04<00:00, 12.88it/s, loss=0.7335, acc=67.27%, img/s=410.9, eta=0.0m]
[36m(ClientAppActor pid=9750)[0m 
Epoch 1/1:  86%|████████▌ | 54/63 [00:04<00:00, 12.88it/s, loss=0.6451, acc=67.35%, img/s=411.1, eta=0.0m]
Epoch 1/1:  89%|████████▉ | 56/63 [00:04<00:00, 12.90it/s, loss=0.6451, acc=67.35%, img/s=411.1, eta=0.0m]
[36m(ClientAppActor pid=9750)[0m 
Epoch 1/1:  89%|████████▉ | 56/63 [00:04<00:00, 12.90it/s, loss=0.5982, acc=67.43%, img/s=410.8, eta=0.0m]
[36m(ClientAppActor pid=9750)[0m 
Epoch 1/1:  89%|████████▉ | 56/63 [00:04<00:00, 12.90it/s, loss=0.6266, acc=67.40%, img/s=409.4, eta=0.0m]
Epoch 1/1:  92%|█████████▏| 58/63 [00:04<00:00, 12.45it/s, loss=0.6266, acc=67.40%, img/s=409.4, eta=0.0m]
[36m(ClientAppActor pid=9750)[0m 
Epoch 1/1:  92%|█████████▏| 58/63 [00:04<00:00, 12.45it/s, loss=0.7297, acc=67.32%, img/s=409.0, eta=0.0m]
Epoch 1/1:  92%|█████████▏| 58/63 [00:04<00:00, 12.45it/s, loss=0.6773, acc=67.14%, img/s=409.2, eta=0.0m]
Epoch 1/1:  95%|█████████▌| 60/63 [00:04<00:00, 12.50it/s, loss=0.6773, acc=67.14%, img/s=409.2, eta=0.0m]
[36m(ClientAppActor pid=9750)[0m 
Epoch 1/1:  95%|█████████▌| 60/63 [00:04<00:00, 12.50it/s, loss=0.6352, acc=67.01%, img/s=409.4, eta=0.0m]
[36m(ClientAppActor pid=9750)[0m Accuracy: 0.6700
[36m(ClientAppActor pid=9750)[0m 
[36m(ClientAppActor pid=9750)[0m CLIENT 2 EVALUATION COMPLETE
[36m(ClientAppActor pid=9750)[0m Client 1 using cuda
[36m(ClientAppActor pid=9750)[0m {'fake': 0, 'real': 1}
[36m(ClientAppActor pid=9750)[0m [DEBUG MODE] Train=2000, Val=100, Test=100
[36m(ClientAppActor pid=9750)[0m 
[36m(ClientAppActor pid=9750)[0m Client 1 Class Distribution
[36m(ClientAppActor pid=9750)[0m Train: Counter({1: 1011, 0: 989})
[36m(ClientAppActor pid=9750)[0m Val  : Counter({0: 55, 1: 45})
[36m(ClientAppActor pid=9750)[0m Test : Counter({0: 53, 1: 47})
[36m(ClientAppActor pid=9750)[0m Client 1
[36m(ClientAppActor pid=9750)[0m Train Images: 2000
[36m(ClientAppActor pid=9750)[0m Test Images : 100
[36m(ClientAppActor pid=9750)[0m Validate Images : 100
[36m(ClientAppActor pid=9750)[0m Client 1 starting fit...
[36m(ClientAppActor pid=9750)[0m Client 1 starting training...
[36m(ClientAppActor pid=9750)[0m START classifier norm: 0.8091357350349426
[36m(ClientAppActor pid=9750)[0m 
[36m(ClientAppActor pid=9750)[0m Batch 0/63
[36m(ClientAppActor pid=9750)[0m GPU Allocated: 0.20 GB
[36m(ClientAppActor pid=9750)[0m GPU Reserved : 0.51 GB
[36m(ClientAppActor pid=9750)[0m 
[36m(ClientAppActor pid=9750)[0m ==================================================
[36m(ClientAppActor pid=9750)[0m Epoch 1 Complete
[36m(ClientAppActor pid=9750)[0m Average Loss : 0.6001
[36m(ClientAppActor pid=9750)[0m Accuracy     : 68.80%
[36m(ClientAppActor pid=9750)[0m Time         : 4.90s
[36m(ClientAppActor pid=9750)[0m Images       : 2000
[36m(ClientAppActor pid=9750)[0m Images/sec   : 407.90
[36m(ClientAppActor pid=9750)[0m GPU Allocated: 0.19 GB
[36m(ClientAppActor pid=9750)[0m GPU Reserved : 0.75 GB
[36m(ClientAppActor pid=9750)[0m ==================================================
[36m(ClientAppActor pid=9750)[0m END classifier norm: 0.8095428943634033
[36m(ClientAppActor pid=9750)[0m Client 1 finished training
[36m(ClientAppActor pid=9750)[0m Client 1 extracting parameters...
[36m(ClientAppActor pid=9750)[0m Client 1 parameter extraction complete
[36m(ClientAppActor pid=9750)[0m Client 1 returning results
[36m(ClientAppActor pid=9750)[0m Client 4 using cuda
[36m(ClientAppActor pid=9750)[0m {'fake': 0, 'real': 1}
[36m(ClientAppActor pid=9750)[0m [DEBUG MODE] Train=2000, Val=100, Test=100
[36m(ClientAppActor pid=9750)[0m 
[36m(ClientAppActor pid=9750)[0m Client 4 Class Distribution
[36m(ClientAppActor pid=9750)[0m Train: Counter({0: 1013, 1: 987})
[36m(ClientAppActor pid=9750)[0m Val  : Counter({0: 56, 1: 44})
[36m(ClientAppActor pid=9750)[0m Test : Counter({1: 53, 0: 47})
[36m(ClientAppActor pid=9750)[0m Client 4
[36m(ClientAppActor pid=9750)[0m Train Images: 2000
[36m(ClientAppActor pid=9750)[0m Test Images : 100
[36m(ClientAppActor pid=9750)[0m Validate Images : 100
[36m(ClientAppActor pid=9750)[0m Client 4 starting fit...
[36m(ClientAppActor pid=9750)[0m Client 4 starting training...
[36m(ClientAppActor pid=9750)[0m START classifier norm: 0.8091357350349426
[36m(ClientAppActor pid=9750)[0m 
[36m(ClientAppActor pid=9750)[0m Batch 0/63
[36m(ClientAppActor pid=9750)[0m GPU Allocated: 0.20 GB
[36m(ClientAppActor pid=9750)[0m GPU Reserved : 0.75 GB
[36m(ClientAppActor pid=9750)[0m 
[36m(ClientAppActor pid=9750)[0m ==================================================
[36m(ClientAppActor pid=9750)[0m Epoch 1 Complete
[36m(ClientAppActor pid=9750)[0m Average Loss : 0.6048
[36m(ClientAppActor pid=9750)[0m Accuracy     : 67.75%
[36m(ClientAppActor pid=9750)[0m Time         : 4.83s
[36m(ClientAppActor pid=9750)[0m Images       : 2000
[36m(ClientAppActor pid=9750)[0m Images/sec   : 414.02
[36m(ClientAppActor pid=9750)[0m GPU Allocated: 0.20 GB
[36m(ClientAppActor pid=9750)[0m GPU Reserved : 0.75 GB
[36m(ClientAppActor pid=9750)[0m ==================================================
[36m(ClientAppActor pid=9750)[0m END classifier norm: 0.8090148568153381
[36m(ClientAppActor pid=9750)[0m Client 4 finished training
[36m(ClientAppActor pid=9750)[0m Client 4 extracting parameters...
[36m(ClientAppActor pid=9750)[0m Client 4 parameter extraction complete
[36m(ClientAppActor pid=9750)[0m Client 4 returning results
[36m(ClientAppActor pid=9750)[0m Client 5 using cuda
[36m(ClientAppActor pid=9750)[0m {'fake': 0, 'real': 1}
[36m(ClientAppActor pid=9750)[0m [DEBUG MODE] Train=2000, Val=100, Test=100
[36m(ClientAppActor pid=9750)[0m 
[36m(ClientAppActor pid=9750)[0m Client 5 Class Distribution
[36m(ClientAppActor pid=9750)[0m Train: Counter({0: 1014, 1: 986})
[36m(ClientAppActor pid=9750)[0m Val  : Counter({0: 56, 1: 44})
[36m(ClientAppActor pid=9750)[0m Test : Counter({0: 51, 1: 49})
[36m(ClientAppActor pid=9750)[0m Client 5
[36m(ClientAppActor pid=9750)[0m Train Images: 2000
[36m(ClientAppActor pid=9750)[0m Test Images : 100
[36m(ClientAppActor pid=9750)[0m Validate Images : 100
[36m(ClientAppActor pid=9750)[0m Client 5 starting fit...
[36m(ClientAppActor pid=9750)[0m Client 5 starting training...
[36m(ClientAppActor pid=9750)[0m START classifier norm: 0.8091357350349426
[36m(ClientAppActor pid=9750)[0m 
[36m(ClientAppActor pid=9750)[0m Batch 0/63
[36m(ClientAppActor pid=9750)[0m GPU Allocated: 0.20 GB
[36m(ClientAppActor pid=9750)[0m GPU Reserved : 0.75 GB
[36m(ClientAppActor pid=9750)[0m 
[36m(ClientAppActor pid=9750)[0m ==================================================
[36m(ClientAppActor pid=9750)[0m Epoch 1 Complete
[36m(ClientAppActor pid=9750)[0m Average Loss : 0.6159
[36m(ClientAppActor pid=9750)[0m Accuracy     : 67.45%
[36m(ClientAppActor pid=9750)[0m Time         : 4.90s
[36m(ClientAppActor pid=9750)[0m Images       : 2000
[36m(ClientAppActor pid=9750)[0m Images/sec   : 407.82
[36m(ClientAppActor pid=9750)[0m GPU Allocated: 0.20 GB
[36m(ClientAppActor pid=9750)[0m GPU Reserved : 0.75 GB
[36m(ClientAppActor pid=9750)[0m ==================================================
[36m(ClientAppActor pid=9750)[0m END classifier norm: 0.8085506558418274
[36m(ClientAppActor pid=9750)[0m Client 5 finished training
[36m(ClientAppActor pid=9750)[0m Client 5 extracting parameters...
[36m(ClientAppActor pid=9750)[0m Client 5 parameter extraction complete
[36m(ClientAppActor pid=9750)[0m Client 5 returning results
[36m(ClientAppActor pid=9750)[0m Client 2 using cuda
[36m(ClientAppActor pid=9750)[0m {'fake': 0, 'real': 1}
[36m(ClientAppActor pid=9750)[0m [DEBUG MODE] Train=2000, Val=100, Test=100
[36m(ClientAppActor pid=9750)[0m 
[36m(ClientAppActor pid=9750)[0m Client 2 Class Distribution
[36m(ClientAppActor pid=9750)[0m Train: Counter({0: 1012, 1: 988})
[36m(ClientAppActor pid=9750)[0m Val  : Counter({0: 60, 1: 40})
[36m(ClientAppActor pid=9750)[0m Test : Counter({0: 51, 1: 49})
[36m(ClientAppActor pid=9750)[0m Client 2
[36m(ClientAppActor pid=9750)[0m Train Images: 2000
[36m(ClientAppActor pid=9750)[0m Test Images : 100
[36m(ClientAppActor pid=9750)[0m Validate Images : 100
[36m(ClientAppActor pid=9750)[0m Client 2 starting fit...
[36m(ClientAppActor pid=9750)[0m Client 2 starting training...
[36m(ClientAppActor pid=9750)[0m START classifier norm: 0.8091357350349426
[36m(ClientAppActor pid=9750)[0m 
[36m(ClientAppActor pid=9750)[0m Batch 0/63
[36m(ClientAppActor pid=9750)[0m GPU Allocated: 0.20 GB
[36m(ClientAppActor pid=9750)[0m GPU Reserved : 0.75 GB
[36m(ClientAppActor pid=9750)[0m 
[36m(ClientAppActor pid=9750)[0m ==================================================
[36m(ClientAppActor pid=9750)[0m Epoch 1 Complete
[36m(ClientAppActor pid=9750)[0m Average Loss : 0.6074
[36m(ClientAppActor pid=9750)[0m Accuracy     : 67.25%
[36m(ClientAppActor pid=9750)[0m Time         : 4.89s
[36m(ClientAppActor pid=9750)[0m Images       : 2000
[36m(ClientAppActor pid=9750)[0m Images/sec   : 409.07
[36m(ClientAppActor pid=9750)[0m GPU Allocated: 0.20 GB
[36m(ClientAppActor pid=9750)[0m GPU Reserved : 0.75 GB
[36m(ClientAppActor pid=9750)[0m 
Epoch 1/1:  95%|█████████▌| 60/63 [00:04<00:00, 12.50it/s, loss=0.4821, acc=67.24%, img/s=409.4, eta=0.0m]
Epoch 1/1:  98%|█████████▊| 62/63 [00:04<00:00, 12.63it/s, loss=0.4821, acc=67.24%, img/s=409.4, eta=0.0m]
Epoch 1/1:  98%|█████████▊| 62/63 [00:04<00:00, 12.63it/s, loss=0.5979, acc=67.25%, img/s=206.2, eta=0.0m]
Epoch 1/1: 100%|██████████| 63/63 [00:04<00:00, 12.89it/s, loss=0.5979, acc=67.25%, img/s=206.2, eta=0.0m]
[36m(ClientAppActor pid=9750)[0m 
Epoch 1/1:   0%|          | 0/63 [00:00<?, ?it/s]
[36m(ClientAppActor pid=9750)[0m 
Epoch 1/1:   0%|          | 0/63 [00:00<?, ?it/s, loss=0.6141, acc=65.62%, img/s=397.1, eta=0.1m]
Epoch 1/1:   0%|          | 0/63 [00:00<?, ?it/s, loss=0.5538, acc=71.88%, img/s=397.8, eta=0.1m]
Epoch 1/1:   3%|▎         | 2/63 [00:00<00:04, 12.43it/s, loss=0.5538, acc=71.88%, img/s=397.8, eta=0.1m]
[36m(ClientAppActor pid=9750)[0m 
Epoch 1/1:   3%|▎         | 2/63 [00:00<00:04, 12.43it/s, loss=0.5853, acc=70.83%, img/s=402.0, eta=0.1m]
[36m(ClientAppActor pid=9750)[0m 
Epoch 1/1:   3%|▎         | 2/63 [00:00<00:04, 12.43it/s, loss=0.4788, acc=71.88%, img/s=403.6, eta=0.1m]
Epoch 1/1:   6%|▋         | 4/63 [00:00<00:04, 12.64it/s, loss=0.4788, acc=71.88%, img/s=403.6, eta=0.1m]
[36m(ClientAppActor pid=9750)[0m 
Epoch 1/1:   6%|▋         | 4/63 [00:00<00:04, 12.64it/s, loss=0.6264, acc=70.00%, img/s=406.3, eta=0.1m]
Epoch 1/1:   6%|▋         | 4/63 [00:00<00:04, 12.64it/s, loss=0.5701, acc=69.79%, img/s=409.2, eta=0.1m]
Epoch 1/1:  10%|▉         | 6/63 [00:00<00:04, 12.87it/s, loss=0.5701, acc=69.79%, img/s=409.2, eta=0.1m]
[36m(ClientAppActor pid=9750)[0m 
Epoch 1/1:  10%|▉         | 6/63 [00:00<00:04, 12.87it/s, loss=0.7784, acc=68.30%, img/s=409.6, eta=0.1m]
[36m(ClientAppActor pid=9750)[0m 
Epoch 1/1:  10%|▉         | 6/63 [00:00<00:04, 12.87it/s, loss=0.6573, acc=66.41%, img/s=408.1, eta=0.1m]
Epoch 1/1:  13%|█▎        | 8/63 [00:00<00:04, 12.78it/s, loss=0.6573, acc=66.41%, img/s=408.1, eta=0.1m]
[36m(ClientAppActor pid=9750)[0m 
Epoch 1/1:  13%|█▎        | 8/63 [00:00<00:04, 12.78it/s, loss=0.6197, acc=65.97%, img/s=408.9, eta=0.1m]
Epoch 1/1:  13%|█▎        | 8/63 [00:00<00:04, 12.78it/s, loss=0.6080, acc=65.62%, img/s=409.8, eta=0.1m]
Epoch 1/1:  16%|█▌        | 10/63 [00:00<00:04, 12.87it/s, loss=0.6080, acc=65.62%, img/s=409.8, eta=0.1m]
[36m(ClientAppActor pid=9750)[0m 
Epoch 1/1:  16%|█▌        | 10/63 [00:00<00:04, 12.87it/s, loss=0.5965, acc=65.91%, img/s=409.6, eta=0.1m]
[36m(ClientAppActor pid=9750)[0m 
Epoch 1/1:  16%|█▌        | 10/63 [00:00<00:04, 12.87it/s, loss=0.5313, acc=66.93%, img/s=409.6, eta=0.1m]
Epoch 1/1:  19%|█▉        | 12/63 [00:00<00:03, 12.83it/s, loss=0.5313, acc=66.93%, img/s=409.6, eta=0.1m]
[36m(ClientAppActor pid=9750)[0m 
Epoch 1/1:  19%|█▉        | 12/63 [00:01<00:03, 12.83it/s, loss=0.6022, acc=67.31%, img/s=410.1, eta=0.1m]
[36m(ClientAppActor pid=9750)[0m 
Epoch 1/1:  19%|█▉        | 12/63 [00:01<00:03, 12.83it/s, loss=0.6303, acc=67.19%, img/s=410.5, eta=0.1m]
Epoch 1/1:  22%|██▏       | 14/63 [00:01<00:03, 12.89it/s, loss=0.6303, acc=67.19%, img/s=410.5, eta=0.1m]
Epoch 1/1:  22%|██▏       | 14/63 [00:01<00:03, 12.89it/s, loss=0.7576, acc=66.67%, img/s=410.8, eta=0.1m]
[36m(ClientAppActor pid=9750)[0m 
Epoch 1/1:  22%|██▏       | 14/63 [00:01<00:03, 12.89it/s, loss=0.6007, acc=66.60%, img/s=411.3, eta=0.1m]
Epoch 1/1:  25%|██▌       | 16/63 [00:01<00:03, 12.93it/s, loss=0.6007, acc=66.60%, img/s=411.3, eta=0.1m]
[36m(ClientAppActor pid=9750)[0m 
Epoch 1/1:  25%|██▌       | 16/63 [00:01<00:03, 12.93it/s, loss=0.5791, acc=66.54%, img/s=411.5, eta=0.1m]
[36m(ClientAppActor pid=9750)[0m 
Epoch 1/1:  25%|██▌       | 16/63 [00:01<00:03, 12.93it/s, loss=0.7113, acc=66.15%, img/s=411.9, eta=0.1m]
Epoch 1/1:  29%|██▊       | 18/63 [00:01<00:03, 12.96it/s, loss=0.7113, acc=66.15%, img/s=411.9, eta=0.1m]
Epoch 1/1:  29%|██▊       | 18/63 [00:01<00:03, 12.96it/s, loss=0.5039, acc=66.94%, img/s=411.8, eta=0.1m]
[36m(ClientAppActor pid=9750)[0m 
Epoch 1/1:  29%|██▊       | 18/63 [00:01<00:03, 12.96it/s, loss=0.5476, acc=67.19%, img/s=412.1, eta=0.1m]
Epoch 1/1:  32%|███▏      | 20/63 [00:01<00:03, 12.95it/s, loss=0.5476, acc=67.19%, img/s=412.1, eta=0.1m]
[36m(ClientAppActor pid=9750)[0m 
Epoch 1/1:  32%|███▏      | 20/63 [00:01<00:03, 12.95it/s, loss=0.6463, acc=67.26%, img/s=411.7, eta=0.1m]
[36m(ClientAppActor pid=9750)[0m 
Epoch 1/1:  32%|███▏      | 20/63 [00:01<00:03, 12.95it/s, loss=0.6095, acc=67.61%, img/s=411.9, eta=0.1m]
Epoch 1/1:  35%|███▍      | 22/63 [00:01<00:03, 12.91it/s, loss=0.6095, acc=67.61%, img/s=411.9, eta=0.1m]
Epoch 1/1:  35%|███▍      | 22/63 [00:01<00:03, 12.91it/s, loss=0.7286, acc=66.85%, img/s=412.3, eta=0.1m]
[36m(ClientAppActor pid=9750)[0m 
Epoch 1/1:  35%|███▍      | 22/63 [00:01<00:03, 12.91it/s, loss=0.5989, acc=67.19%, img/s=412.2, eta=0.1m]
Epoch 1/1:  38%|███▊      | 24/63 [00:01<00:03, 12.94it/s, loss=0.5989, acc=67.19%, img/s=412.2, eta=0.1m]
[36m(ClientAppActor pid=9750)[0m 
Epoch 1/1:  38%|███▊      | 24/63 [00:01<00:03, 12.94it/s, loss=0.6637, acc=67.12%, img/s=411.8, eta=0.0m]
[36m(ClientAppActor pid=9750)[0m 
Epoch 1/1:  38%|███▊      | 24/63 [00:02<00:03, 12.94it/s, loss=0.6590, acc=67.07%, img/s=412.0, eta=0.0m]
Epoch 1/1:  41%|████▏     | 26/63 [00:02<00:02, 12.88it/s, loss=0.6590, acc=67.07%, img/s=412.0, eta=0.0m]
Epoch 1/1:  41%|████▏     | 26/63 [00:02<00:02, 12.88it/s, loss=0.5512, acc=67.25%, img/s=411.9, eta=0.0m]
[36m(ClientAppActor pid=9750)[0m 
Epoch 1/1:  41%|████▏     | 26/63 [00:02<00:02, 12.88it/s, loss=0.7176, acc=67.41%, img/s=411.9, eta=0.0m]
Epoch 1/1:  44%|████▍     | 28/63 [00:02<00:02, 12.88it/s, loss=0.7176, acc=67.41%, img/s=411.9, eta=0.0m]
[36m(ClientAppActor pid=9750)[0m 
Epoch 1/1:  44%|████▍     | 28/63 [00:02<00:02, 12.88it/s, loss=0.6551, acc=67.13%, img/s=411.7, eta=0.0m]
[36m(ClientAppActor pid=9750)[0m 
Epoch 1/1:  44%|████▍     | 28/63 [00:02<00:02, 12.88it/s, loss=0.6223, acc=66.98%, img/s=411.8, eta=0.0m]
Epoch 1/1:  48%|████▊     | 30/63 [00:02<00:02, 12.86it/s, loss=0.6223, acc=66.98%, img/s=411.8, eta=0.0m]
Epoch 1/1:  48%|████▊     | 30/63 [00:02<00:02, 12.86it/s, loss=0.6123, acc=67.04%, img/s=412.1, eta=0.0m]
[36m(ClientAppActor pid=9750)[0m 
Epoch 1/1:  48%|████▊     | 30/63 [00:02<00:02, 12.86it/s, loss=0.6550, acc=67.09%, img/s=412.0, eta=0.0m]
Epoch 1/1:  51%|█████     | 32/63 [00:02<00:02, 12.89it/s, loss=0.6550, acc=67.09%, img/s=412.0, eta=0.0m]
[36m(ClientAppActor pid=9750)[0m 
Epoch 1/1:  51%|█████     | 32/63 [00:02<00:02, 12.89it/s, loss=0.6573, acc=66.57%, img/s=412.1, eta=0.0m]
[36m(ClientAppActor pid=9750)[0m 
Epoch 1/1:  51%|█████     | 32/63 [00:02<00:02, 12.89it/s, loss=0.5302, acc=66.91%, img/s=411.9, eta=0.0m]
Epoch 1/1:  54%|█████▍    | 34/63 [00:02<00:02, 12.87it/s, loss=0.5302, acc=66.91%, img/s=411.9, eta=0.0m]
[36m(ClientAppActor pid=9750)[0m 
Epoch 1/1:  54%|█████▍    | 34/63 [00:02<00:02, 12.87it/s, loss=0.5782, acc=67.23%, img/s=412.0, eta=0.0m]
Epoch 1/1:  54%|█████▍    | 34/63 [00:02<00:02, 12.87it/s, loss=0.6704, acc=67.10%, img/s=412.0, eta=0.0m]
Epoch 1/1:  57%|█████▋    | 36/63 [00:02<00:02, 12.88it/s, loss=0.6704, acc=67.10%, img/s=412.0, eta=0.0m]
[36m(ClientAppActor pid=9750)[0m 
Epoch 1/1:  57%|█████▋    | 36/63 [00:02<00:02, 12.88it/s, loss=0.5568, acc=67.23%, img/s=411.6, eta=0.0m]
[36m(ClientAppActor pid=9750)[0m 
Epoch 1/1:  57%|█████▋    | 36/63 [00:02<00:02, 12.88it/s, loss=0.6025, acc=67.19%, img/s=411.7, eta=0.0m]
Epoch 1/1:  60%|██████    | 38/63 [00:02<00:01, 12.84it/s, loss=0.6025, acc=67.19%, img/s=411.7, eta=0.0m]
[36m(ClientAppActor pid=9750)[0m 
Epoch 1/1:  60%|██████    | 38/63 [00:03<00:01, 12.84it/s, loss=0.5869, acc=67.23%, img/s=411.8, eta=0.0m]
Epoch 1/1:  60%|██████    | 38/63 [00:03<00:01, 12.84it/s, loss=0.5584, acc=67.34%, img/s=411.9, eta=0.0m]
Epoch 1/1:  63%|██████▎   | 40/63 [00:03<00:01, 12.88it/s, loss=0.5584, acc=67.34%, img/s=411.9, eta=0.0m]
[36m(ClientAppActor pid=9750)[0m 
Epoch 1/1:  63%|██████▎   | 40/63 [00:03<00:01, 12.88it/s, loss=0.6283, acc=67.15%, img/s=412.0, eta=0.0m]
[36m(ClientAppActor pid=9750)[0m 
Epoch 1/1:  63%|██████▎   | 40/63 [00:03<00:01, 12.88it/s, loss=0.5988, acc=67.11%, img/s=412.0, eta=0.0m]
Epoch 1/1:  67%|██████▋   | 42/63 [00:03<00:01, 12.88it/s, loss=0.5988, acc=67.11%, img/s=412.0, eta=0.0m]
[36m(ClientAppActor pid=9750)[0m 
Epoch 1/1:  67%|██████▋   | 42/63 [00:03<00:01, 12.88it/s, loss=0.4627, acc=67.44%, img/s=412.0, eta=0.0m]
Epoch 1/1:  67%|██████▋   | 42/63 [00:03<00:01, 12.88it/s, loss=0.4221, acc=67.54%, img/s=412.3, eta=0.0m]
Epoch 1/1:  70%|██████▉   | 44/63 [00:03<00:01, 12.95it/s, loss=0.4221, acc=67.54%, img/s=412.3, eta=0.0m]
[36m(ClientAppActor pid=9750)[0m 
Epoch 1/1:  70%|██████▉   | 44/63 [00:03<00:01, 12.95it/s, loss=0.6376, acc=67.50%, img/s=412.1, eta=0.0m]
[36m(ClientAppActor pid=9750)[0m 
Epoch 1/1:  70%|██████▉   | 44/63 [00:03<00:01, 12.95it/s, loss=0.6534, acc=67.39%, img/s=412.2, eta=0.0m]
Epoch 1/1:  73%|███████▎  | 46/63 [00:03<00:01, 12.90it/s, loss=0.6534, acc=67.39%, img/s=412.2, eta=0.0m]
[36m(ClientAppActor pid=9750)[0m 
Epoch 1/1:  73%|███████▎  | 46/63 [00:03<00:01, 12.90it/s, loss=0.5916, acc=67.35%, img/s=412.0, eta=0.0m]
[36m(ClientAppActor pid=9750)[0m 
Epoch 1/1:  73%|███████▎  | 46/63 [00:03<00:01, 12.90it/s, loss=0.5512, acc=67.51%, img/s=412.1, eta=0.0m]
Epoch 1/1:  76%|███████▌  | 48/63 [00:03<00:01, 12.89it/s, loss=0.5512, acc=67.51%, img/s=412.1, eta=0.0m]
[36m(ClientAppActor pid=9750)[0m 
Epoch 1/1:  76%|███████▌  | 48/63 [00:03<00:01, 12.89it/s, loss=0.5569, acc=67.60%, img/s=412.1, eta=0.0m]
[36m(ClientAppActor pid=9750)[0m 
Epoch 1/1:  76%|███████▌  | 48/63 [00:03<00:01, 12.89it/s, loss=0.5472, acc=67.62%, img/s=411.9, eta=0.0m]
Epoch 1/1:  79%|███████▉  | 50/63 [00:03<00:01, 12.83it/s, loss=0.5472, acc=67.62%, img/s=411.9, eta=0.0m]
[36m(ClientAppActor pid=9750)[0m 
Epoch 1/1:  79%|███████▉  | 50/63 [00:03<00:01, 12.83it/s, loss=0.6940, acc=67.59%, img/s=411.8, eta=0.0m]
[36m(ClientAppActor pid=9750)[0m 
Epoch 1/1:  79%|███████▉  | 50/63 [00:04<00:01, 12.83it/s, loss=0.5676, acc=67.79%, img/s=411.8, eta=0.0m]
Epoch 1/1:  83%|████████▎ | 52/63 [00:04<00:00, 12.81it/s, loss=0.5676, acc=67.79%, img/s=411.8, eta=0.0m]
Epoch 1/1:  83%|████████▎ | 52/63 [00:04<00:00, 12.81it/s, loss=0.5740, acc=67.92%, img/s=411.7, eta=0.0m]
[36m(ClientAppActor pid=9750)[0m 
Epoch 1/1:  83%|████████▎ | 52/63 [00:04<00:00, 12.81it/s, loss=0.6569, acc=67.71%, img/s=411.8, eta=0.0m]
Epoch 1/1:  86%|████████▌ | 54/63 [00:04<00:00, 12.84it/s, loss=0.6569, acc=67.71%, img/s=411.8, eta=0.0m]
[36m(ClientAppActor pid=9750)[0m 
Epoch 1/1:  86%|████████▌ | 54/63 [00:04<00:00, 12.84it/s, loss=0.6122, acc=67.67%, img/s=411.8, eta=0.0m]
[36m(ClientAppActor pid=9750)[0m 
Epoch 1/1:  86%|████████▌ | 54/63 [00:04<00:00, 12.84it/s, loss=0.6274, acc=67.63%, img/s=412.0, eta=0.0m]
Epoch 1/1:  89%|████████▉ | 56/63 [00:04<00:00, 12.90it/s, loss=0.6274, acc=67.63%, img/s=412.0, eta=0.0m]
Epoch 1/1:  89%|████████▉ | 56/63 [00:04<00:00, 12.90it/s, loss=0.4218, acc=67.82%, img/s=412.1, eta=0.0m]
[36m(ClientAppActor pid=9750)[0m 
Epoch 1/1:  89%|████████▉ | 56/63 [00:04<00:00, 12.90it/s, loss=0.5631, acc=67.78%, img/s=412.1, eta=0.0m]
Epoch 1/1:  92%|█████████▏| 58/63 [00:04<00:00, 12.93it/s, loss=0.5631, acc=67.78%, img/s=412.1, eta=0.0m]
[36m(ClientAppActor pid=9750)[0m 
Epoch 1/1:  92%|█████████▏| 58/63 [00:04<00:00, 12.93it/s, loss=0.7519, acc=67.58%, img/s=412.0, eta=0.0m]
[36m(ClientAppActor pid=9750)[0m 
Epoch 1/1:  92%|█████████▏| 58/63 [00:04<00:00, 12.93it/s, loss=0.6138, acc=67.50%, img/s=412.1, eta=0.0m]
Epoch 1/1:  95%|█████████▌| 60/63 [00:04<00:00, 12.90it/s, loss=0.6138, acc=67.50%, img/s=412.1, eta=0.0m]
Epoch 1/1:  95%|█████████▌| 60/63 [00:04<00:00, 12.90it/s, loss=0.4659, acc=67.67%, img/s=412.2, eta=0.0m]
[36m(ClientAppActor pid=9750)[0m 
Epoch 1/1:  95%|█████████▌| 60/63 [00:04<00:00, 12.90it/s, loss=0.5421, acc=67.74%, img/s=412.3, eta=0.0m]
Epoch 1/1:  98%|█████████▊| 62/63 [00:04<00:00, 12.97it/s, loss=0.5421, acc=67.74%, img/s=412.3, eta=0.0m]
[36m(ClientAppActor pid=9750)[0m 
Epoch 1/1:  98%|█████████▊| 62/63 [00:04<00:00, 12.97it/s, loss=0.5482, acc=67.80%, img/s=207.7, eta=0.0m]
Epoch 1/1: 100%|██████████| 63/63 [00:04<00:00, 12.98it/s, loss=0.5482, acc=67.80%, img/s=207.7, eta=0.0m]
[92mINFO [0m:      aggregate_fit: received 5 results and 0 failures
[92mINFO [0m:      configure_evaluate: strategy sampled 5 clients (out of 5)
[36m(ClientAppActor pid=9750)[0m 
Testing:   0%|          | 0/4 [00:00<?, ?it/s]
[36m(ClientAppActor pid=9750)[0m 
Testing:  50%|█████     | 2/4 [00:00<00:00, 17.11it/s]
Testing: 100%|██████████| 4/4 [00:00<00:00, 21.76it/s]
[36m(ClientAppActor pid=9750)[0m 
Testing:   0%|          | 0/4 [00:00<?, ?it/s]
[36m(ClientAppActor pid=9750)[0m 
Testing:  50%|█████     | 2/4 [00:00<00:00, 16.69it/s]
[36m(ClientAppActor pid=9750)[0m 
Testing: 100%|██████████| 4/4 [00:00<00:00, 21.42it/s]
[36m(ClientAppActor pid=9750)[0m 
Testing:   0%|          | 0/4 [00:00<?, ?it/s]
[36m(ClientAppActor pid=9750)[0m 
Testing:  50%|█████     | 2/4 [00:00<00:00, 17.00it/s]
[36m(ClientAppActor pid=9750)[0m 
Testing: 100%|██████████| 4/4 [00:00<00:00, 21.53it/s]
[36m(ClientAppActor pid=9750)[0m 
Testing:   0%|          | 0/4 [00:00<?, ?it/s]
[36m(ClientAppActor pid=9750)[0m 
Testing:  50%|█████     | 2/4 [00:00<00:00, 16.40it/s]
[36m(ClientAppActor pid=9750)[0m 
Testing: 100%|██████████| 4/4 [00:00<00:00, 20.99it/s]
[36m(ClientAppActor pid=9750)[0m 
Testing:   0%|          | 0/4 [00:00<?, ?it/s]
[36m(ClientAppActor pid=9750)[0m 
Testing:  50%|█████     | 2/4 [00:00<00:00, 16.79it/s]
[36m(ClientAppActor pid=9750)[0m 
Testing: 100%|██████████| 4/4 [00:00<00:00, 21.16it/s]
[92mINFO [0m:      aggregate_evaluate: received 5 results and 0 failures
[92mINFO [0m:      
[92mINFO [0m:      [ROUND 3]
[92mINFO [0m:      configure_fit: strategy sampled 5 clients (out of 5)
[36m(ClientAppActor pid=9750)[0m ==================================================
[36m(ClientAppActor pid=9750)[0m END classifier norm: 0.8099218606948853
[36m(ClientAppActor pid=9750)[0m Client 2 finished training
[36m(ClientAppActor pid=9750)[0m Client 2 extracting parameters...
[36m(ClientAppActor pid=9750)[0m Client 2 parameter extraction complete
[36m(ClientAppActor pid=9750)[0m Client 2 returning results
[36m(ClientAppActor pid=9750)[0m Client 3 using cuda
[36m(ClientAppActor pid=9750)[0m {'fake': 0, 'real': 1}
[36m(ClientAppActor pid=9750)[0m [DEBUG MODE] Train=2000, Val=100, Test=100
[36m(ClientAppActor pid=9750)[0m 
[36m(ClientAppActor pid=9750)[0m Client 3 Class Distribution
[36m(ClientAppActor pid=9750)[0m Train: Counter({1: 1024, 0: 976})
[36m(ClientAppActor pid=9750)[0m Val  : Counter({1: 54, 0: 46})
[36m(ClientAppActor pid=9750)[0m Test : Counter({1: 50, 0: 50})
[36m(ClientAppActor pid=9750)[0m Client 3
[36m(ClientAppActor pid=9750)[0m Train Images: 2000
[36m(ClientAppActor pid=9750)[0m Test Images : 100
[36m(ClientAppActor pid=9750)[0m Validate Images : 100
[36m(ClientAppActor pid=9750)[0m Client 3 starting fit...
[36m(ClientAppActor pid=9750)[0m Client 3 starting training...
[36m(ClientAppActor pid=9750)[0m START classifier norm: 0.8091357350349426
[36m(ClientAppActor pid=9750)[0m 
[36m(ClientAppActor pid=9750)[0m Batch 0/63
[36m(ClientAppActor pid=9750)[0m GPU Allocated: 0.20 GB
[36m(ClientAppActor pid=9750)[0m GPU Reserved : 0.75 GB
[36m(ClientAppActor pid=9750)[0m 
[36m(ClientAppActor pid=9750)[0m ==================================================
[36m(ClientAppActor pid=9750)[0m Epoch 1 Complete
[36m(ClientAppActor pid=9750)[0m Average Loss : 0.6016
[36m(ClientAppActor pid=9750)[0m Accuracy     : 67.80%
[36m(ClientAppActor pid=9750)[0m Time         : 4.85s
[36m(ClientAppActor pid=9750)[0m Images       : 2000
[36m(ClientAppActor pid=9750)[0m Images/sec   : 411.96
[36m(ClientAppActor pid=9750)[0m GPU Allocated: 0.20 GB
[36m(ClientAppActor pid=9750)[0m GPU Reserved : 0.75 GB
[36m(ClientAppActor pid=9750)[0m ==================================================
[36m(ClientAppActor pid=9750)[0m END classifier norm: 0.8092581629753113
[36m(ClientAppActor pid=9750)[0m Client 3 finished training
[36m(ClientAppActor pid=9750)[0m Client 3 extracting parameters...
[36m(ClientAppActor pid=9750)[0m Client 3 parameter extraction complete
[36m(ClientAppActor pid=9750)[0m Client 3 returning results

Round 2: results=5, failures=0
Saved: saved_models/global_model_round_2.pth
Round 2: model saved successfully
[36m(ClientAppActor pid=9750)[0m Client 2 using cuda
[36m(ClientAppActor pid=9750)[0m {'fake': 0, 'real': 1}
[36m(ClientAppActor pid=9750)[0m [DEBUG MODE] Train=2000, Val=100, Test=100
[36m(ClientAppActor pid=9750)[0m 
[36m(ClientAppActor pid=9750)[0m Client 2 Class Distribution
[36m(ClientAppActor pid=9750)[0m Train: Counter({0: 1012, 1: 988})
[36m(ClientAppActor pid=9750)[0m Val  : Counter({0: 60, 1: 40})
[36m(ClientAppActor pid=9750)[0m Test : Counter({0: 51, 1: 49})
[36m(ClientAppActor pid=9750)[0m Client 2
[36m(ClientAppActor pid=9750)[0m Train Images: 2000
[36m(ClientAppActor pid=9750)[0m Test Images : 100
[36m(ClientAppActor pid=9750)[0m Validate Images : 100
[36m(ClientAppActor pid=9750)[0m 
[36m(ClientAppActor pid=9750)[0m CLIENT 2 STARTING EVALUATION
[36m(ClientAppActor pid=9750)[0m Accuracy: 0.6700
[36m(ClientAppActor pid=9750)[0m 
[36m(ClientAppActor pid=9750)[0m CLIENT 2 EVALUATION COMPLETE
[36m(ClientAppActor pid=9750)[0m Client 4 using cuda
[36m(ClientAppActor pid=9750)[0m {'fake': 0, 'real': 1}
[36m(ClientAppActor pid=9750)[0m [DEBUG MODE] Train=2000, Val=100, Test=100
[36m(ClientAppActor pid=9750)[0m 
[36m(ClientAppActor pid=9750)[0m Client 4 Class Distribution
[36m(ClientAppActor pid=9750)[0m Train: Counter({0: 1013, 1: 987})
[36m(ClientAppActor pid=9750)[0m Val  : Counter({0: 56, 1: 44})
[36m(ClientAppActor pid=9750)[0m Test : Counter({1: 53, 0: 47})
[36m(ClientAppActor pid=9750)[0m Client 4
[36m(ClientAppActor pid=9750)[0m Train Images: 2000
[36m(ClientAppActor pid=9750)[0m Test Images : 100
[36m(ClientAppActor pid=9750)[0m Validate Images : 100
[36m(ClientAppActor pid=9750)[0m 
[36m(ClientAppActor pid=9750)[0m CLIENT 4 STARTING EVALUATION
[36m(ClientAppActor pid=9750)[0m Accuracy: 0.7100
[36m(ClientAppActor pid=9750)[0m 
[36m(ClientAppActor pid=9750)[0m CLIENT 4 EVALUATION COMPLETE
[36m(ClientAppActor pid=9750)[0m Client 1 using cuda
[36m(ClientAppActor pid=9750)[0m {'fake': 0, 'real': 1}
[36m(ClientAppActor pid=9750)[0m [DEBUG MODE] Train=2000, Val=100, Test=100
[36m(ClientAppActor pid=9750)[0m 
[36m(ClientAppActor pid=9750)[0m Client 1 Class Distribution
[36m(ClientAppActor pid=9750)[0m Train: Counter({1: 1011, 0: 989})
[36m(ClientAppActor pid=9750)[0m Val  : Counter({0: 55, 1: 45})
[36m(ClientAppActor pid=9750)[0m Test : Counter({0: 53, 1: 47})
[36m(ClientAppActor pid=9750)[0m Client 1
[36m(ClientAppActor pid=9750)[0m Train Images: 2000
[36m(ClientAppActor pid=9750)[0m Test Images : 100
[36m(ClientAppActor pid=9750)[0m Validate Images : 100
[36m(ClientAppActor pid=9750)[0m 
[36m(ClientAppActor pid=9750)[0m CLIENT 1 STARTING EVALUATION
[36m(ClientAppActor pid=9750)[0m Accuracy: 0.7400
[36m(ClientAppActor pid=9750)[0m 
[36m(ClientAppActor pid=9750)[0m CLIENT 1 EVALUATION COMPLETE
[36m(ClientAppActor pid=9750)[0m Client 5 using cuda
[36m(ClientAppActor pid=9750)[0m {'fake': 0, 'real': 1}
[36m(ClientAppActor pid=9750)[0m [DEBUG MODE] Train=2000, Val=100, Test=100
[36m(ClientAppActor pid=9750)[0m 
[36m(ClientAppActor pid=9750)[0m Client 5 Class Distribution
[36m(ClientAppActor pid=9750)[0m Train: Counter({0: 1014, 1: 986})
[36m(ClientAppActor pid=9750)[0m Val  : Counter({0: 56, 1: 44})
[36m(ClientAppActor pid=9750)[0m Test : Counter({0: 51, 1: 49})
[36m(ClientAppActor pid=9750)[0m Client 5
[36m(ClientAppActor pid=9750)[0m Train Images: 2000
[36m(ClientAppActor pid=9750)[0m Test Images : 100
[36m(ClientAppActor pid=9750)[0m Validate Images : 100
[36m(ClientAppActor pid=9750)[0m 
[36m(ClientAppActor pid=9750)[0m CLIENT 5 STARTING EVALUATION
[36m(ClientAppActor pid=9750)[0m Accuracy: 0.6400
[36m(ClientAppActor pid=9750)[0m 
[36m(ClientAppActor pid=9750)[0m CLIENT 5 EVALUATION COMPLETE
[36m(ClientAppActor pid=9750)[0m Client 3 using cuda
[36m(ClientAppActor pid=9750)[0m {'fake': 0, 'real': 1}
[36m(ClientAppActor pid=9750)[0m [DEBUG MODE] Train=2000, Val=100, Test=100
[36m(ClientAppActor pid=9750)[0m 
[36m(ClientAppActor pid=9750)[0m Client 3 Class Distribution
[36m(ClientAppActor pid=9750)[0m Train: Counter({1: 1024, 0: 976})
[36m(ClientAppActor pid=9750)[0m Val  : Counter({1: 54, 0: 46})
[36m(ClientAppActor pid=9750)[0m Test : Counter({1: 50, 0: 50})
[36m(ClientAppActor pid=9750)[0m Client 3
[36m(ClientAppActor pid=9750)[0m Train Images: 2000
[36m(ClientAppActor pid=9750)[0m Test Images : 100
[36m(ClientAppActor pid=9750)[0m Validate Images : 100
[36m(ClientAppActor pid=9750)[0m 
[36m(ClientAppActor pid=9750)[0m CLIENT 3 STARTING EVALUATION
[36m(ClientAppActor pid=9750)[0m Accuracy: 0.6300
[36m(ClientAppActor pid=9750)[0m 
[36m(ClientAppActor pid=9750)[0m CLIENT 3 EVALUATION COMPLETE
[36m(ClientAppActor pid=9750)[0m Client 4 using cuda
[36m(ClientAppActor pid=9750)[0m {'fake': 0, 'real': 1}
[36m(ClientAppActor pid=9750)[0m [DEBUG MODE] Train=2000, Val=100, Test=100
[36m(ClientAppActor pid=9750)[0m 
[36m(ClientAppActor pid=9750)[0m Client 4 Class Distribution
[36m(ClientAppActor pid=9750)[0m Train: Counter({0: 1013, 1: 987})
[36m(ClientAppActor pid=9750)[0m Val  : Counter({0: 56, 1: 44})
[36m(ClientAppActor pid=9750)[0m Test : Counter({1: 53, 0: 47})
[36m(ClientAppActor pid=9750)[0m Client 4
[36m(ClientAppActor pid=9750)[0m Train Images: 2000
[36m(ClientAppActor pid=9750)[0m Test Images : 100
[36m(ClientAppActor pid=9750)[0m Validate Images : 100
[36m(ClientAppActor pid=9750)[0m Client 4 starting fit...
[36m(ClientAppActor pid=9750)[0m 
Epoch 1/1:   0%|          | 0/63 [00:00<?, ?it/s]
[36m(ClientAppActor pid=9750)[0m 
Epoch 1/1:   0%|          | 0/63 [00:00<?, ?it/s, loss=0.5297, acc=68.75%, img/s=375.1, eta=0.1m]
Epoch 1/1:   0%|          | 0/63 [00:00<?, ?it/s, loss=0.4979, acc=71.88%, img/s=382.5, eta=0.1m]
Epoch 1/1:   3%|▎         | 2/63 [00:00<00:05, 11.95it/s, loss=0.4979, acc=71.88%, img/s=382.5, eta=0.1m]
[36m(ClientAppActor pid=9750)[0m 
Epoch 1/1:   3%|▎         | 2/63 [00:00<00:05, 11.95it/s, loss=0.5524, acc=68.75%, img/s=391.5, eta=0.1m]
[36m(ClientAppActor pid=9750)[0m 
Epoch 1/1:   3%|▎         | 2/63 [00:00<00:05, 11.95it/s, loss=0.4653, acc=73.44%, img/s=392.5, eta=0.1m]
Epoch 1/1:   6%|▋         | 4/63 [00:00<00:04, 12.32it/s, loss=0.4653, acc=73.44%, img/s=392.5, eta=0.1m]
[36m(ClientAppActor pid=9750)[0m 
Epoch 1/1:   6%|▋         | 4/63 [00:00<00:04, 12.32it/s, loss=0.4308, acc=75.62%, img/s=396.9, eta=0.1m]
Epoch 1/1:   6%|▋         | 4/63 [00:00<00:04, 12.32it/s, loss=0.6773, acc=73.44%, img/s=398.6, eta=0.1m]
Epoch 1/1:  10%|▉         | 6/63 [00:00<00:04, 12.56it/s, loss=0.6773, acc=73.44%, img/s=398.6, eta=0.1m]
[36m(ClientAppActor pid=9750)[0m 
Epoch 1/1:  10%|▉         | 6/63 [00:00<00:04, 12.56it/s, loss=0.4880, acc=73.66%, img/s=400.3, eta=0.1m]
[36m(ClientAppActor pid=9750)[0m 
Epoch 1/1:  10%|▉         | 6/63 [00:00<00:04, 12.56it/s, loss=0.5913, acc=72.27%, img/s=401.6, eta=0.1m]
Epoch 1/1:  13%|█▎        | 8/63 [00:00<00:04, 12.67it/s, loss=0.5913, acc=72.27%, img/s=401.6, eta=0.1m]
[36m(ClientAppActor pid=9750)[0m 
Epoch 1/1:  13%|█▎        | 8/63 [00:00<00:04, 12.67it/s, loss=0.4609, acc=72.57%, img/s=402.8, eta=0.1m]
[36m(ClientAppActor pid=9750)[0m 
Epoch 1/1:  13%|█▎        | 8/63 [00:00<00:04, 12.67it/s, loss=0.6515, acc=71.25%, img/s=405.7, eta=0.1m]
Epoch 1/1:  16%|█▌        | 10/63 [00:00<00:04, 12.86it/s, loss=0.6515, acc=71.25%, img/s=405.7, eta=0.1m]
Epoch 1/1:  16%|█▌        | 10/63 [00:00<00:04, 12.86it/s, loss=0.3708, acc=71.88%, img/s=405.2, eta=0.1m]
[36m(ClientAppActor pid=9750)[0m 
Epoch 1/1:  16%|█▌        | 10/63 [00:00<00:04, 12.86it/s, loss=0.5292, acc=72.66%, img/s=406.1, eta=0.1m]
Epoch 1/1:  19%|█▉        | 12/63 [00:00<00:03, 12.83it/s, loss=0.5292, acc=72.66%, img/s=406.1, eta=0.1m]
[36m(ClientAppActor pid=9750)[0m 
Epoch 1/1:  19%|█▉        | 12/63 [00:01<00:03, 12.83it/s, loss=0.4433, acc=72.84%, img/s=402.8, eta=0.1m]
[36m(ClientAppActor pid=9750)[0m 
Epoch 1/1:  19%|█▉        | 12/63 [00:01<00:03, 12.83it/s, loss=0.5516, acc=72.77%, img/s=401.9, eta=0.1m]
Epoch 1/1:  22%|██▏       | 14/63 [00:01<00:03, 12.48it/s, loss=0.5516, acc=72.77%, img/s=401.9, eta=0.1m]
Epoch 1/1:  22%|██▏       | 14/63 [00:01<00:03, 12.48it/s, loss=0.6198, acc=72.29%, img/s=402.5, eta=0.1m]
[36m(ClientAppActor pid=9750)[0m 
Epoch 1/1:  22%|██▏       | 14/63 [00:01<00:03, 12.48it/s, loss=0.5487, acc=72.66%, img/s=403.3, eta=0.1m]
Epoch 1/1:  25%|██▌       | 16/63 [00:01<00:03, 12.61it/s, loss=0.5487, acc=72.66%, img/s=403.3, eta=0.1m]
[36m(ClientAppActor pid=9750)[0m 
Epoch 1/1:  25%|██▌       | 16/63 [00:01<00:03, 12.61it/s, loss=0.7505, acc=71.69%, img/s=402.7, eta=0.1m]
[36m(ClientAppActor pid=9750)[0m 
Epoch 1/1:  25%|██▌       | 16/63 [00:01<00:03, 12.61it/s, loss=0.6598, acc=71.53%, img/s=401.6, eta=0.1m]
Epoch 1/1:  29%|██▊       | 18/63 [00:01<00:03, 12.46it/s, loss=0.6598, acc=71.53%, img/s=401.6, eta=0.1m]
[36m(ClientAppActor pid=9750)[0m 
Epoch 1/1:  29%|██▊       | 18/63 [00:01<00:03, 12.46it/s, loss=0.6303, acc=70.89%, img/s=400.9, eta=0.1m]
Epoch 1/1:  29%|██▊       | 18/63 [00:01<00:03, 12.46it/s, loss=0.5513, acc=70.78%, img/s=401.8, eta=0.1m]
Epoch 1/1:  32%|███▏      | 20/63 [00:01<00:03, 12.51it/s, loss=0.5513, acc=70.78%, img/s=401.8, eta=0.1m]
[36m(ClientAppActor pid=9750)[0m 
Epoch 1/1:  32%|███▏      | 20/63 [00:01<00:03, 12.51it/s, loss=0.4693, acc=71.28%, img/s=402.3, eta=0.1m]
[36m(ClientAppActor pid=9750)[0m 
Epoch 1/1:  32%|███▏      | 20/63 [00:01<00:03, 12.51it/s, loss=0.4202, acc=71.45%, img/s=402.3, eta=0.1m]
Epoch 1/1:  35%|███▍      | 22/63 [00:01<00:03, 12.58it/s, loss=0.4202, acc=71.45%, img/s=402.3, eta=0.1m]
[36m(ClientAppActor pid=9750)[0m 
Epoch 1/1:  35%|███▍      | 22/63 [00:01<00:03, 12.58it/s, loss=0.7635, acc=71.20%, img/s=402.8, eta=0.1m]
Epoch 1/1:  35%|███▍      | 22/63 [00:01<00:03, 12.58it/s, loss=0.4798, acc=71.61%, img/s=403.7, eta=0.1m]
Epoch 1/1:  38%|███▊      | 24/63 [00:01<00:03, 12.73it/s, loss=0.4798, acc=71.61%, img/s=403.7, eta=0.1m]
[36m(ClientAppActor pid=9750)[0m 
Epoch 1/1:  38%|███▊      | 24/63 [00:01<00:03, 12.73it/s, loss=0.5794, acc=71.75%, img/s=403.9, eta=0.1m]
[36m(ClientAppActor pid=9750)[0m 
Epoch 1/1:  38%|███▊      | 24/63 [00:02<00:03, 12.73it/s, loss=0.4934, acc=71.88%, img/s=404.2, eta=0.0m]
Epoch 1/1:  41%|████▏     | 26/63 [00:02<00:02, 12.76it/s, loss=0.4934, acc=71.88%, img/s=404.2, eta=0.0m]
[36m(ClientAppActor pid=9750)[0m 
Epoch 1/1:  41%|████▏     | 26/63 [00:02<00:02, 12.76it/s, loss=0.5360, acc=72.22%, img/s=403.6, eta=0.0m]
[36m(ClientAppActor pid=9750)[0m 
Epoch 1/1:  41%|████▏     | 26/63 [00:02<00:02, 12.76it/s, loss=0.4873, acc=72.32%, img/s=404.3, eta=0.0m]
Epoch 1/1:  44%|████▍     | 28/63 [00:02<00:02, 12.74it/s, loss=0.4873, acc=72.32%, img/s=404.3, eta=0.0m]
Epoch 1/1:  44%|████▍     | 28/63 [00:02<00:02, 12.74it/s, loss=0.4328, acc=72.74%, img/s=404.0, eta=0.0m]
[36m(ClientAppActor pid=9750)[0m 
Epoch 1/1:  44%|████▍     | 28/63 [00:02<00:02, 12.74it/s, loss=0.6222, acc=72.60%, img/s=404.2, eta=0.0m]
Epoch 1/1:  48%|████▊     | 30/63 [00:02<00:02, 12.70it/s, loss=0.6222, acc=72.60%, img/s=404.2, eta=0.0m]
[36m(ClientAppActor pid=9750)[0m 
Epoch 1/1:  48%|████▊     | 30/63 [00:02<00:02, 12.70it/s, loss=0.6109, acc=72.08%, img/s=404.6, eta=0.0m]
[36m(ClientAppActor pid=9750)[0m 
Epoch 1/1:  48%|████▊     | 30/63 [00:02<00:02, 12.70it/s, loss=0.5195, acc=71.97%, img/s=404.5, eta=0.0m]
Epoch 1/1:  51%|█████     | 32/63 [00:02<00:02, 12.72it/s, loss=0.5195, acc=71.97%, img/s=404.5, eta=0.0m]
Epoch 1/1:  51%|█████     | 32/63 [00:02<00:02, 12.72it/s, loss=0.5583, acc=72.06%, img/s=405.0, eta=0.0m]
[36m(ClientAppActor pid=9750)[0m 
Epoch 1/1:  51%|█████     | 32/63 [00:02<00:02, 12.72it/s, loss=0.5202, acc=72.15%, img/s=405.0, eta=0.0m]
Epoch 1/1:  54%|█████▍    | 34/63 [00:02<00:02, 12.77it/s, loss=0.5202, acc=72.15%, img/s=405.0, eta=0.0m]
[36m(ClientAppActor pid=9750)[0m 
Epoch 1/1:  54%|█████▍    | 34/63 [00:02<00:02, 12.77it/s, loss=0.5877, acc=71.88%, img/s=405.2, eta=0.0m]
[36m(ClientAppActor pid=9750)[0m 
Epoch 1/1:  54%|█████▍    | 34/63 [00:02<00:02, 12.77it/s, loss=0.6275, acc=71.70%, img/s=405.4, eta=0.0m]
Epoch 1/1:  57%|█████▋    | 36/63 [00:02<00:02, 12.80it/s, loss=0.6275, acc=71.70%, img/s=405.4, eta=0.0m]
Epoch 1/1:  57%|█████▋    | 36/63 [00:02<00:02, 12.80it/s, loss=0.4550, acc=71.88%, img/s=405.7, eta=0.0m]
[36m(ClientAppActor pid=9750)[0m 
Epoch 1/1:  57%|█████▋    | 36/63 [00:02<00:02, 12.80it/s, loss=0.5671, acc=71.96%, img/s=406.0, eta=0.0m]
Epoch 1/1:  60%|██████    | 38/63 [00:02<00:01, 12.87it/s, loss=0.5671, acc=71.96%, img/s=406.0, eta=0.0m]
[36m(ClientAppActor pid=9750)[0m 
Epoch 1/1:  60%|██████    | 38/63 [00:03<00:01, 12.87it/s, loss=0.4875, acc=72.12%, img/s=406.1, eta=0.0m]
[36m(ClientAppActor pid=9750)[0m 
Epoch 1/1:  60%|██████    | 38/63 [00:03<00:01, 12.87it/s, loss=0.6744, acc=71.95%, img/s=406.0, eta=0.0m]
Epoch 1/1:  63%|██████▎   | 40/63 [00:03<00:01, 12.82it/s, loss=0.6744, acc=71.95%, img/s=406.0, eta=0.0m]
[36m(ClientAppActor pid=9750)[0m 
Epoch 1/1:  63%|██████▎   | 40/63 [00:03<00:01, 12.82it/s, loss=0.4434, acc=72.10%, img/s=406.4, eta=0.0m]
Epoch 1/1:  63%|██████▎   | 40/63 [00:03<00:01, 12.82it/s, loss=0.5231, acc=72.10%, img/s=406.4, eta=0.0m]
Epoch 1/1:  67%|██████▋   | 42/63 [00:03<00:01, 12.87it/s, loss=0.5231, acc=72.10%, img/s=406.4, eta=0.0m]
[36m(ClientAppActor pid=9750)[0m 
Epoch 1/1:  67%|██████▋   | 42/63 [00:03<00:01, 12.87it/s, loss=0.6744, acc=71.73%, img/s=406.4, eta=0.0m]
[36m(ClientAppActor pid=9750)[0m 
Epoch 1/1:  67%|██████▋   | 42/63 [00:03<00:01, 12.87it/s, loss=0.6431, acc=71.52%, img/s=406.6, eta=0.0m]
Epoch 1/1:  70%|██████▉   | 44/63 [00:03<00:01, 12.86it/s, loss=0.6431, acc=71.52%, img/s=406.6, eta=0.0m]
[36m(ClientAppActor pid=9750)[0m 
Epoch 1/1:  70%|██████▉   | 44/63 [00:03<00:01, 12.86it/s, loss=0.5382, acc=71.53%, img/s=406.1, eta=0.0m]
Epoch 1/1:  70%|██████▉   | 44/63 [00:03<00:01, 12.86it/s, loss=0.5015, acc=71.60%, img/s=405.8, eta=0.0m]
Epoch 1/1:  73%|███████▎  | 46/63 [00:03<00:01, 12.64it/s, loss=0.5015, acc=71.60%, img/s=405.8, eta=0.0m]
[36m(ClientAppActor pid=9750)[0m 
Epoch 1/1:  73%|███████▎  | 46/63 [00:03<00:01, 12.64it/s, loss=0.5462, acc=71.48%, img/s=405.7, eta=0.0m]
[36m(ClientAppActor pid=9750)[0m 
Epoch 1/1:  73%|███████▎  | 46/63 [00:03<00:01, 12.64it/s, loss=0.6013, acc=71.29%, img/s=405.8, eta=0.0m]
Epoch 1/1:  76%|███████▌  | 48/63 [00:03<00:01, 12.65it/s, loss=0.6013, acc=71.29%, img/s=405.8, eta=0.0m]
[36m(ClientAppActor pid=9750)[0m 
Epoch 1/1:  76%|███████▌  | 48/63 [00:03<00:01, 12.65it/s, loss=0.4225, acc=71.36%, img/s=405.4, eta=0.0m]
[36m(ClientAppActor pid=9750)[0m 
Epoch 1/1:  76%|███████▌  | 48/63 [00:03<00:01, 12.65it/s, loss=0.6098, acc=71.25%, img/s=405.2, eta=0.0m]
Epoch 1/1:  79%|███████▉  | 50/63 [00:03<00:01, 12.51it/s, loss=0.6098, acc=71.25%, img/s=405.2, eta=0.0m]
Epoch 1/1:  79%|███████▉  | 50/63 [00:04<00:01, 12.51it/s, loss=0.4758, acc=71.45%, img/s=404.9, eta=0.0m]
[36m(ClientAppActor pid=9750)[0m 
Epoch 1/1:  79%|███████▉  | 50/63 [00:04<00:01, 12.51it/s, loss=0.4466, acc=71.63%, img/s=405.1, eta=0.0m]
Epoch 1/1:  83%|████████▎ | 52/63 [00:04<00:00, 12.53it/s, loss=0.4466, acc=71.63%, img/s=405.1, eta=0.0m]
[36m(ClientAppActor pid=9750)[0m 
Epoch 1/1:  83%|████████▎ | 52/63 [00:04<00:00, 12.53it/s, loss=0.6989, acc=71.40%, img/s=405.2, eta=0.0m]
[36m(ClientAppActor pid=9750)[0m 
Epoch 1/1:  83%|████████▎ | 52/63 [00:04<00:00, 12.53it/s, loss=0.5829, acc=71.18%, img/s=405.2, eta=0.0m]
Epoch 1/1:  86%|████████▌ | 54/63 [00:04<00:00, 12.60it/s, loss=0.5829, acc=71.18%, img/s=405.2, eta=0.0m]
[36m(ClientAppActor pid=9750)[0m 
Epoch 1/1:  86%|████████▌ | 54/63 [00:04<00:00, 12.60it/s, loss=0.4938, acc=71.36%, img/s=405.3, eta=0.0m]
Epoch 1/1:  86%|████████▌ | 54/63 [00:04<00:00, 12.60it/s, loss=0.5227, acc=71.43%, img/s=405.6, eta=0.0m]
Epoch 1/1:  89%|████████▉ | 56/63 [00:04<00:00, 12.71it/s, loss=0.5227, acc=71.43%, img/s=405.6, eta=0.0m]
[36m(ClientAppActor pid=9750)[0m 
Epoch 1/1:  89%|████████▉ | 56/63 [00:04<00:00, 12.71it/s, loss=0.6153, acc=71.33%, img/s=405.8, eta=0.0m]
[36m(ClientAppActor pid=9750)[0m 
Epoch 1/1:  89%|████████▉ | 56/63 [00:04<00:00, 12.71it/s, loss=0.3819, acc=71.71%, img/s=406.0, eta=0.0m]
Epoch 1/1:  92%|█████████▏| 58/63 [00:04<00:00, 12.84it/s, loss=0.3819, acc=71.71%, img/s=406.0, eta=0.0m]
[36m(ClientAppActor pid=9750)[0m 
Epoch 1/1:  92%|█████████▏| 58/63 [00:04<00:00, 12.84it/s, loss=0.4689, acc=71.88%, img/s=406.2, eta=0.0m]
Epoch 1/1:  92%|█████████▏| 58/63 [00:04<00:00, 12.84it/s, loss=0.6021, acc=71.72%, img/s=406.0, eta=0.0m]
Epoch 1/1:  95%|█████████▌| 60/63 [00:04<00:00, 12.79it/s, loss=0.6021, acc=71.72%, img/s=406.0, eta=0.0m]
[36m(ClientAppActor pid=9750)[0m 
Epoch 1/1:  95%|█████████▌| 60/63 [00:04<00:00, 12.79it/s, loss=0.6096, acc=71.52%, img/s=405.6, eta=0.0m]
[36m(ClientAppActor pid=9750)[0m 
Epoch 1/1:  95%|█████████▌| 60/63 [00:04<00:00, 12.79it/s, loss=0.6175, acc=71.37%, img/s=405.5, eta=0.0m]
Epoch 1/1:  98%|█████████▊| 62/63 [00:04<00:00, 12.59it/s, loss=0.6175, acc=71.37%, img/s=405.5, eta=0.0m]
Epoch 1/1:  98%|█████████▊| 62/63 [00:04<00:00, 12.59it/s, loss=0.4299, acc=71.45%, img/s=204.3, eta=0.0m]
Epoch 1/1: 100%|██████████| 63/63 [00:04<00:00, 12.77it/s, loss=0.4299, acc=71.45%, img/s=204.3, eta=0.0m]
[36m(ClientAppActor pid=9750)[0m 
Epoch 1/1:   0%|          | 0/63 [00:00<?, ?it/s]
Epoch 1/1:   0%|          | 0/63 [00:00<?, ?it/s, loss=0.4954, acc=81.25%, img/s=419.8, eta=0.1m]
[36m(ClientAppActor pid=9750)[0m 
Epoch 1/1:   0%|          | 0/63 [00:00<?, ?it/s, loss=0.5553, acc=75.00%, img/s=415.5, eta=0.1m]
Epoch 1/1:   3%|▎         | 2/63 [00:00<00:04, 12.99it/s, loss=0.5553, acc=75.00%, img/s=415.5, eta=0.1m]
[36m(ClientAppActor pid=9750)[0m 
Epoch 1/1:   3%|▎         | 2/63 [00:00<00:04, 12.99it/s, loss=0.4977, acc=76.04%, img/s=413.0, eta=0.1m]
[36m(ClientAppActor pid=9750)[0m 
Epoch 1/1:   3%|▎         | 2/63 [00:00<00:04, 12.99it/s, loss=0.5214, acc=75.78%, img/s=400.2, eta=0.1m]
Epoch 1/1:   6%|▋         | 4/63 [00:00<00:04, 12.42it/s, loss=0.5214, acc=75.78%, img/s=400.2, eta=0.1m]
[36m(ClientAppActor pid=9750)[0m 
Epoch 1/1:   6%|▋         | 4/63 [00:00<00:04, 12.42it/s, loss=0.5926, acc=73.75%, img/s=398.1, eta=0.1m]
Epoch 1/1:   6%|▋         | 4/63 [00:00<00:04, 12.42it/s, loss=0.5762, acc=72.92%, img/s=394.0, eta=0.1m]
Epoch 1/1:  10%|▉         | 6/63 [00:00<00:04, 12.20it/s, loss=0.5762, acc=72.92%, img/s=394.0, eta=0.1m]
[36m(ClientAppActor pid=9750)[0m 
Epoch 1/1:  10%|▉         | 6/63 [00:00<00:04, 12.20it/s, loss=0.3962, acc=75.00%, img/s=396.9, eta=0.1m]
[36m(ClientAppActor pid=9750)[0m 
Epoch 1/1:  10%|▉         | 6/63 [00:00<00:04, 12.20it/s, loss=0.5358, acc=73.83%, img/s=396.0, eta=0.1m]
Epoch 1/1:  13%|█▎        | 8/63 [00:00<00:04, 12.34it/s, loss=0.5358, acc=73.83%, img/s=396.0, eta=0.1m]
[36m(ClientAppActor pid=9750)[0m 
Epoch 1/1:  13%|█▎        | 8/63 [00:00<00:04, 12.34it/s, loss=0.4400, acc=75.00%, img/s=398.2, eta=0.1m]
[36m(ClientAppActor pid=9750)[0m 
Epoch 1/1:  13%|█▎        | 8/63 [00:00<00:04, 12.34it/s, loss=0.6070, acc=74.06%, img/s=397.4, eta=0.1m]
Epoch 1/1:  16%|█▌        | 10/63 [00:00<00:04, 12.43it/s, loss=0.6070, acc=74.06%, img/s=397.4, eta=0.1m]
Epoch 1/1:  16%|█▌        | 10/63 [00:00<00:04, 12.43it/s, loss=0.5038, acc=73.86%, img/s=398.2, eta=0.1m]
[36m(ClientAppActor pid=9750)[0m 
Epoch 1/1:  16%|█▌        | 10/63 [00:00<00:04, 12.43it/s, loss=0.5187, acc=73.96%, img/s=397.6, eta=0.1m]
Epoch 1/1:  19%|█▉        | 12/63 [00:00<00:04, 12.44it/s, loss=0.5187, acc=73.96%, img/s=397.6, eta=0.1m]
[36m(ClientAppActor pid=9750)[0m 
Epoch 1/1:  19%|█▉        | 12/63 [00:01<00:04, 12.44it/s, loss=0.4681, acc=74.76%, img/s=398.4, eta=0.1m]
[36m(ClientAppActor pid=9750)[0m 
Epoch 1/1:  19%|█▉        | 12/63 [00:01<00:04, 12.44it/s, loss=0.6001, acc=74.11%, img/s=397.5, eta=0.1m]
Epoch 1/1:  22%|██▏       | 14/63 [00:01<00:03, 12.43it/s, loss=0.6001, acc=74.11%, img/s=397.5, eta=0.1m]
Epoch 1/1:  22%|██▏       | 14/63 [00:01<00:03, 12.43it/s, loss=0.5147, acc=73.96%, img/s=398.6, eta=0.1m]
[36m(ClientAppActor pid=9750)[0m 
Epoch 1/1:  22%|██▏       | 14/63 [00:01<00:03, 12.43it/s, loss=0.5428, acc=74.02%, img/s=397.9, eta=0.1m]
Epoch 1/1:  25%|██▌       | 16/63 [00:01<00:03, 12.46it/s, loss=0.5428, acc=74.02%, img/s=397.9, eta=0.1m]
[36m(ClientAppActor pid=9750)[0m 
Epoch 1/1:  25%|██▌       | 16/63 [00:01<00:03, 12.46it/s, loss=0.5431, acc=74.08%, img/s=398.6, eta=0.1m]
[36m(ClientAppActor pid=9750)[0m 
Epoch 1/1:  25%|██▌       | 16/63 [00:01<00:03, 12.46it/s, loss=0.5400, acc=73.96%, img/s=397.6, eta=0.1m]
Epoch 1/1:  29%|██▊       | 18/63 [00:01<00:03, 12.43it/s, loss=0.5400, acc=73.96%, img/s=397.6, eta=0.1m]
[36m(ClientAppActor pid=9750)[0m 
Epoch 1/1:  29%|██▊       | 18/63 [00:01<00:03, 12.43it/s, loss=0.4368, acc=74.51%, img/s=398.4, eta=0.1m]
Epoch 1/1:  29%|██▊       | 18/63 [00:01<00:03, 12.43it/s, loss=0.7776, acc=73.91%, img/s=397.4, eta=0.1m]
Epoch 1/1:  32%|███▏      | 20/63 [00:01<00:03, 12.41it/s, loss=0.7776, acc=73.91%, img/s=397.4, eta=0.1m]
[36m(ClientAppActor pid=9750)[0m 
Epoch 1/1:  32%|███▏      | 20/63 [00:01<00:03, 12.41it/s, loss=0.4732, acc=74.40%, img/s=398.1, eta=0.1m]
[36m(ClientAppActor pid=9750)[0m 
Epoch 1/1:  32%|███▏      | 20/63 [00:01<00:03, 12.41it/s, loss=0.5391, acc=74.15%, img/s=397.3, eta=0.1m]
Epoch 1/1:  35%|███▍      | 22/63 [00:01<00:03, 12.40it/s, loss=0.5391, acc=74.15%, img/s=397.3, eta=0.1m]
[36m(ClientAppActor pid=9750)[0m 
Epoch 1/1:  35%|███▍      | 22/63 [00:01<00:03, 12.40it/s, loss=0.3887, acc=74.59%, img/s=398.1, eta=0.1m]
[36m(ClientAppActor pid=9750)[0m 
Epoch 1/1:  35%|███▍      | 22/63 [00:01<00:03, 12.40it/s, loss=0.4875, acc=74.87%, img/s=397.7, eta=0.1m]
Epoch 1/1:  38%|███▊      | 24/63 [00:01<00:03, 12.45it/s, loss=0.4875, acc=74.87%, img/s=397.7, eta=0.1m]
Epoch 1/1:  38%|███▊      | 24/63 [00:02<00:03, 12.45it/s, loss=0.5365, acc=75.00%, img/s=398.5, eta=0.1m]
[36m(ClientAppActor pid=9750)[0m 
Epoch 1/1:  38%|███▊      | 24/63 [00:02<00:03, 12.45it/s, loss=0.6107, acc=74.88%, img/s=398.4, eta=0.0m]
Epoch 1/1:  41%|████▏     | 26/63 [00:02<00:02, 12.54it/s, loss=0.6107, acc=74.88%, img/s=398.4, eta=0.0m]
[36m(ClientAppActor pid=9750)[0m 
Epoch 1/1:  41%|████▏     | 26/63 [00:02<00:02, 12.54it/s, loss=0.5649, acc=74.77%, img/s=398.8, eta=0.0m]
[36m(ClientAppActor pid=9750)[0m 
Epoch 1/1:  41%|████▏     | 26/63 [00:02<00:02, 12.54it/s, loss=0.6143, acc=74.44%, img/s=398.5, eta=0.0m]
Epoch 1/1:  44%|████▍     | 28/63 [00:02<00:02, 12.52it/s, loss=0.6143, acc=74.44%, img/s=398.5, eta=0.0m]
[36m(ClientAppActor pid=9750)[0m 
Epoch 1/1:  44%|████▍     | 28/63 [00:02<00:02, 12.52it/s, loss=0.5495, acc=74.25%, img/s=398.4, eta=0.0m]
Epoch 1/1:  44%|████▍     | 28/63 [00:02<00:02, 12.52it/s, loss=0.6792, acc=73.85%, img/s=398.2, eta=0.0m]
Epoch 1/1:  48%|████▊     | 30/63 [00:02<00:02, 12.46it/s, loss=0.6792, acc=73.85%, img/s=398.2, eta=0.0m]
[36m(ClientAppActor pid=9750)[0m 
Epoch 1/1:  48%|████▊     | 30/63 [00:02<00:02, 12.46it/s, loss=0.4548, acc=74.19%, img/s=398.6, eta=0.0m]
[36m(ClientAppActor pid=9750)[0m 
Epoch 1/1:  48%|████▊     | 30/63 [00:02<00:02, 12.46it/s, loss=0.4970, acc=74.41%, img/s=398.1, eta=0.0m]
Epoch 1/1:  51%|█████     | 32/63 [00:02<00:02, 12.44it/s, loss=0.4970, acc=74.41%, img/s=398.1, eta=0.0m]
[36m(ClientAppActor pid=9750)[0m 
Epoch 1/1:  51%|█████     | 32/63 [00:02<00:02, 12.44it/s, loss=0.3279, acc=75.19%, img/s=398.7, eta=0.0m]
[36m(ClientAppActor pid=9750)[0m 
Epoch 1/1:  51%|█████     | 32/63 [00:02<00:02, 12.44it/s, loss=0.5396, acc=75.18%, img/s=398.4, eta=0.0m]
Epoch 1/1:  54%|█████▍    | 34/63 [00:02<00:02, 12.49it/s, loss=0.5396, acc=75.18%, img/s=398.4, eta=0.0m]
Epoch 1/1:  54%|█████▍    | 34/63 [00:02<00:02, 12.49it/s, loss=0.4708, acc=75.18%, img/s=398.9, eta=0.0m]
[36m(ClientAppActor pid=9750)[0m 
Epoch 1/1:  54%|█████▍    | 34/63 [00:02<00:02, 12.49it/s, loss=0.5147, acc=75.26%, img/s=398.7, eta=0.0m]
Epoch 1/1:  57%|█████▋    | 36/63 [00:02<00:02, 12.52it/s, loss=0.5147, acc=75.26%, img/s=398.7, eta=0.0m]
[36m(ClientAppActor pid=9750)[0m 
Epoch 1/1:  57%|█████▋    | 36/63 [00:02<00:02, 12.52it/s, loss=0.5818, acc=75.00%, img/s=399.0, eta=0.0m]
[36m(ClientAppActor pid=9750)[0m 
Epoch 1/1:  57%|█████▋    | 36/63 [00:03<00:02, 12.52it/s, loss=0.4100, acc=74.92%, img/s=398.7, eta=0.0m]
Epoch 1/1:  60%|██████    | 38/63 [00:03<00:01, 12.50it/s, loss=0.4100, acc=74.92%, img/s=398.7, eta=0.0m]
Epoch 1/1:  60%|██████    | 38/63 [00:03<00:01, 12.50it/s, loss=0.5976, acc=74.76%, img/s=399.1, eta=0.0m]
[36m(ClientAppActor pid=9750)[0m 
Epoch 1/1:  60%|██████    | 38/63 [00:03<00:01, 12.50it/s, loss=0.6231, acc=74.45%, img/s=398.7, eta=0.0m]
Epoch 1/1:  63%|██████▎   | 40/63 [00:03<00:01, 12.49it/s, loss=0.6231, acc=74.45%, img/s=398.7, eta=0.0m]
[36m(ClientAppActor pid=9750)[0m 
Epoch 1/1:  63%|██████▎   | 40/63 [00:03<00:01, 12.49it/s, loss=0.5282, acc=74.31%, img/s=399.0, eta=0.0m]
[36m(ClientAppActor pid=9750)[0m 
Epoch 1/1:  63%|██████▎   | 40/63 [00:03<00:01, 12.49it/s, loss=0.6187, acc=74.26%, img/s=398.7, eta=0.0m]
Epoch 1/1:  67%|██████▋   | 42/63 [00:03<00:01, 12.49it/s, loss=0.6187, acc=74.26%, img/s=398.7, eta=0.0m]
[36m(ClientAppActor pid=9750)[0m 
Epoch 1/1:  67%|██████▋   | 42/63 [00:03<00:01, 12.49it/s, loss=0.4625, acc=74.35%, img/s=399.2, eta=0.0m]
Epoch 1/1:  67%|██████▋   | 42/63 [00:03<00:01, 12.49it/s, loss=0.4752, acc=74.50%, img/s=398.9, eta=0.0m]
Epoch 1/1:  70%|██████▉   | 44/63 [00:03<00:01, 12.52it/s, loss=0.4752, acc=74.50%, img/s=398.9, eta=0.0m]
[36m(ClientAppActor pid=9750)[0m 
Epoch 1/1:  70%|██████▉   | 44/63 [00:03<00:01, 12.52it/s, loss=0.6969, acc=74.17%, img/s=399.1, eta=0.0m]
[36m(ClientAppActor pid=9750)[0m 
Epoch 1/1:  70%|██████▉   | 44/63 [00:03<00:01, 12.52it/s, loss=0.5899, acc=73.98%, img/s=398.8, eta=0.0m]
Epoch 1/1:  73%|███████▎  | 46/63 [00:03<00:01, 12.47it/s, loss=0.5899, acc=73.98%, img/s=398.8, eta=0.0m]
[36m(ClientAppActor pid=9750)[0m 
Epoch 1/1:  73%|███████▎  | 46/63 [00:03<00:01, 12.47it/s, loss=0.4400, acc=74.27%, img/s=399.0, eta=0.0m]
[36m(ClientAppActor pid=9750)[0m 
Epoch 1/1:  73%|███████▎  | 46/63 [00:03<00:01, 12.47it/s, loss=0.5506, acc=74.22%, img/s=398.9, eta=0.0m]
Epoch 1/1:  76%|███████▌  | 48/63 [00:03<00:01, 12.51it/s, loss=0.5506, acc=74.22%, img/s=398.9, eta=0.0m]
Epoch 1/1:  76%|███████▌  | 48/63 [00:03<00:01, 12.51it/s, loss=0.6800, acc=74.04%, img/s=399.4, eta=0.0m]
[36m(ClientAppActor pid=9750)[0m 
Epoch 1/1:  76%|███████▌  | 48/63 [00:04<00:01, 12.51it/s, loss=0.7169, acc=73.88%, img/s=399.0, eta=0.0m]
Epoch 1/1:  79%|███████▉  | 50/63 [00:04<00:01, 12.51it/s, loss=0.7169, acc=73.88%, img/s=399.0, eta=0.0m]
[36m(ClientAppActor pid=9750)[0m 
Epoch 1/1:  79%|███████▉  | 50/63 [00:04<00:01, 12.51it/s, loss=0.3320, acc=74.02%, img/s=399.3, eta=0.0m]
[36m(ClientAppActor pid=9750)[0m 
Epoch 1/1:  79%|███████▉  | 50/63 [00:04<00:01, 12.51it/s, loss=0.6670, acc=73.74%, img/s=399.1, eta=0.0m]
Epoch 1/1:  83%|████████▎ | 52/63 [00:04<00:00, 12.51it/s, loss=0.6670, acc=73.74%, img/s=399.1, eta=0.0m]
Epoch 1/1:  83%|████████▎ | 52/63 [00:04<00:00, 12.51it/s, loss=0.6688, acc=73.53%, img/s=399.4, eta=0.0m]
[36m(ClientAppActor pid=9750)[0m 
Epoch 1/1:  83%|████████▎ | 52/63 [00:04<00:00, 12.51it/s, loss=0.5354, acc=73.50%, img/s=399.0, eta=0.0m]
Epoch 1/1:  86%|████████▌ | 54/63 [00:04<00:00, 12.49it/s, loss=0.5354, acc=73.50%, img/s=399.0, eta=0.0m]
[36m(ClientAppActor pid=9750)[0m 
Epoch 1/1:  86%|████████▌ | 54/63 [00:04<00:00, 12.49it/s, loss=0.5258, acc=73.47%, img/s=399.3, eta=0.0m]
[36m(ClientAppActor pid=9750)[0m 
Epoch 1/1:  86%|████████▌ | 54/63 [00:04<00:00, 12.49it/s, loss=0.4808, acc=73.49%, img/s=399.0, eta=0.0m]
Epoch 1/1:  89%|████████▉ | 56/63 [00:04<00:00, 12.48it/s, loss=0.4808, acc=73.49%, img/s=399.0, eta=0.0m]
[36m(ClientAppActor pid=9750)[0m 
Epoch 1/1:  89%|████████▉ | 56/63 [00:04<00:00, 12.48it/s, loss=0.5299, acc=73.57%, img/s=399.4, eta=0.0m]
Epoch 1/1:  89%|████████▉ | 56/63 [00:04<00:00, 12.48it/s, loss=0.4959, acc=73.65%, img/s=399.1, eta=0.0m]
Epoch 1/1:  92%|█████████▏| 58/63 [00:04<00:00, 12.51it/s, loss=0.4959, acc=73.65%, img/s=399.1, eta=0.0m]
[36m(ClientAppActor pid=9750)[0m 
Epoch 1/1:  92%|█████████▏| 58/63 [00:04<00:00, 12.51it/s, loss=0.4731, acc=73.78%, img/s=399.4, eta=0.0m]
[36m(ClientAppActor pid=9750)[0m 
Epoch 1/1:  92%|█████████▏| 58/63 [00:04<00:00, 12.51it/s, loss=0.5949, acc=73.75%, img/s=399.1, eta=0.0m]
Epoch 1/1:  95%|█████████▌| 60/63 [00:04<00:00, 12.50it/s, loss=0.5949, acc=73.75%, img/s=399.1, eta=0.0m]
[36m(ClientAppActor pid=9750)[0m 
Epoch 1/1:  95%|█████████▌| 60/63 [00:04<00:00, 12.50it/s, loss=0.4888, acc=73.77%, img/s=399.4, eta=0.0m]
[36m(ClientAppActor pid=9750)[0m 
Epoch 1/1:  95%|█████████▌| 60/63 [00:04<00:00, 12.50it/s, loss=0.4712, acc=73.99%, img/s=399.3, eta=0.0m]
Epoch 1/1:  98%|█████████▊| 62/63 [00:04<00:00, 12.55it/s, loss=0.4712, acc=73.99%, img/s=399.3, eta=0.0m]
Epoch 1/1:  98%|█████████▊| 62/63 [00:05<00:00, 12.55it/s, loss=0.3612, acc=74.10%, img/s=201.2, eta=0.0m]
Epoch 1/1: 100%|██████████| 63/63 [00:05<00:00, 12.57it/s, loss=0.3612, acc=74.10%, img/s=201.2, eta=0.0m]
[36m(ClientAppActor pid=9750)[0m 
Epoch 1/1:   0%|          | 0/63 [00:00<?, ?it/s]
[36m(ClientAppActor pid=9750)[0m 
Epoch 1/1:   0%|          | 0/63 [00:00<?, ?it/s, loss=0.4776, acc=78.12%, img/s=401.0, eta=0.1m]
[36m(ClientAppActor pid=9750)[0m 
Epoch 1/1:   0%|          | 0/63 [00:00<?, ?it/s, loss=0.5037, acc=81.25%, img/s=402.7, eta=0.1m]
Epoch 1/1:   3%|▎         | 2/63 [00:00<00:04, 12.58it/s, loss=0.5037, acc=81.25%, img/s=402.7, eta=0.1m]
[36m(ClientAppActor pid=9750)[0m 
Epoch 1/1:   3%|▎         | 2/63 [00:00<00:04, 12.58it/s, loss=0.6128, acc=77.08%, img/s=408.4, eta=0.1m]
Epoch 1/1:   3%|▎         | 2/63 [00:00<00:04, 12.58it/s, loss=0.5354, acc=78.12%, img/s=411.5, eta=0.1m]
Epoch 1/1:   6%|▋         | 4/63 [00:00<00:04, 12.91it/s, loss=0.5354, acc=78.12%, img/s=411.5, eta=0.1m]
[36m(ClientAppActor pid=9750)[0m 
Epoch 1/1:   6%|▋         | 4/63 [00:00<00:04, 12.91it/s, loss=0.5431, acc=78.12%, img/s=411.0, eta=0.1m]
[36m(ClientAppActor pid=9750)[0m 
Epoch 1/1:   6%|▋         | 4/63 [00:00<00:04, 12.91it/s, loss=0.4836, acc=78.12%, img/s=411.1, eta=0.1m]
Epoch 1/1:  10%|▉         | 6/63 [00:00<00:04, 12.87it/s, loss=0.4836, acc=78.12%, img/s=411.1, eta=0.1m]
[36m(ClientAppActor pid=9750)[0m 
Epoch 1/1:  10%|▉         | 6/63 [00:00<00:04, 12.87it/s, loss=0.5167, acc=77.68%, img/s=410.7, eta=0.1m]
Epoch 1/1:  10%|▉         | 6/63 [00:00<00:04, 12.87it/s, loss=0.4361, acc=78.91%, img/s=412.5, eta=0.1m]
Epoch 1/1:  13%|█▎        | 8/63 [00:00<00:04, 12.93it/s, loss=0.4361, acc=78.91%, img/s=412.5, eta=0.1m]
[36m(ClientAppActor pid=9750)[0m 
Epoch 1/1:  13%|█▎        | 8/63 [00:00<00:04, 12.93it/s, loss=0.5700, acc=77.78%, img/s=412.0, eta=0.1m]
[36m(ClientAppActor pid=9750)[0m 
Epoch 1/1:  13%|█▎        | 8/63 [00:00<00:04, 12.93it/s, loss=0.4813, acc=77.19%, img/s=411.7, eta=0.1m]
Epoch 1/1:  16%|█▌        | 10/63 [00:00<00:04, 12.87it/s, loss=0.4813, acc=77.19%, img/s=411.7, eta=0.1m]
[36m(ClientAppActor pid=9750)[0m 
Epoch 1/1:  16%|█▌        | 10/63 [00:00<00:04, 12.87it/s, loss=0.7274, acc=75.85%, img/s=411.5, eta=0.1m]
Epoch 1/1:  16%|█▌        | 10/63 [00:00<00:04, 12.87it/s, loss=0.7562, acc=73.96%, img/s=412.0, eta=0.1m]
Epoch 1/1:  19%|█▉        | 12/63 [00:00<00:03, 12.89it/s, loss=0.7562, acc=73.96%, img/s=412.0, eta=0.1m]
[36m(ClientAppActor pid=9750)[0m 
Epoch 1/1:  19%|█▉        | 12/63 [00:01<00:03, 12.89it/s, loss=0.4666, acc=74.28%, img/s=413.7, eta=0.1m]
[36m(ClientAppActor pid=9750)[0m 
Epoch 1/1:  19%|█▉        | 12/63 [00:01<00:03, 12.89it/s, loss=0.5880, acc=74.33%, img/s=413.6, eta=0.1m]
Epoch 1/1:  22%|██▏       | 14/63 [00:01<00:03, 13.00it/s, loss=0.5880, acc=74.33%, img/s=413.6, eta=0.1m]
[36m(ClientAppActor pid=9750)[0m 
Epoch 1/1:  22%|██▏       | 14/63 [00:01<00:03, 13.00it/s, loss=0.5258, acc=74.17%, img/s=414.0, eta=0.1m]
Epoch 1/1:  22%|██▏       | 14/63 [00:01<00:03, 13.00it/s, loss=0.5672, acc=74.02%, img/s=414.6, eta=0.1m]
Epoch 1/1:  25%|██▌       | 16/63 [00:01<00:03, 13.06it/s, loss=0.5672, acc=74.02%, img/s=414.6, eta=0.1m]
[36m(ClientAppActor pid=9750)[0m 
Epoch 1/1:  25%|██▌       | 16/63 [00:01<00:03, 13.06it/s, loss=0.3824, acc=74.45%, img/s=414.8, eta=0.1m]
[36m(ClientAppActor pid=9750)[0m 
Epoch 1/1:  25%|██▌       | 16/63 [00:01<00:03, 13.06it/s, loss=0.5193, acc=74.48%, img/s=414.2, eta=0.1m]
Epoch 1/1:  29%|██▊       | 18/63 [00:01<00:03, 12.99it/s, loss=0.5193, acc=74.48%, img/s=414.2, eta=0.1m]
[36m(ClientAppActor pid=9750)[0m 
Epoch 1/1:  29%|██▊       | 18/63 [00:01<00:03, 12.99it/s, loss=0.7219, acc=74.01%, img/s=414.0, eta=0.1m]
[36m(ClientAppActor pid=9750)[0m 
Epoch 1/1:  29%|██▊       | 18/63 [00:01<00:03, 12.99it/s, loss=0.6571, acc=73.59%, img/s=413.5, eta=0.1m]
Epoch 1/1:  32%|███▏      | 20/63 [00:01<00:03, 12.91it/s, loss=0.6571, acc=73.59%, img/s=413.5, eta=0.1m]
Epoch 1/1:  32%|███▏      | 20/63 [00:01<00:03, 12.91it/s, loss=0.6656, acc=73.21%, img/s=413.9, eta=0.1m]
[36m(ClientAppActor pid=9750)[0m 
Epoch 1/1:  32%|███▏      | 20/63 [00:01<00:03, 12.91it/s, loss=0.4620, acc=73.15%, img/s=414.0, eta=0.1m]
Epoch 1/1:  35%|███▍      | 22/63 [00:01<00:03, 12.96it/s, loss=0.4620, acc=73.15%, img/s=414.0, eta=0.1m]
[36m(ClientAppActor pid=9750)[0m 
Epoch 1/1:  35%|███▍      | 22/63 [00:01<00:03, 12.96it/s, loss=0.4873, acc=73.23%, img/s=413.9, eta=0.1m]
[36m(ClientAppActor pid=9750)[0m 
Epoch 1/1:  35%|███▍      | 22/63 [00:01<00:03, 12.96it/s, loss=0.4958, acc=73.31%, img/s=414.4, eta=0.1m]
Epoch 1/1:  38%|███▊      | 24/63 [00:01<00:02, 13.01it/s, loss=0.4958, acc=73.31%, img/s=414.4, eta=0.1m]
Epoch 1/1:  38%|███▊      | 24/63 [00:01<00:02, 13.01it/s, loss=0.5103, acc=73.38%, img/s=414.6, eta=0.0m]
[36m(ClientAppActor pid=9750)[0m 
Epoch 1/1:  38%|███▊      | 24/63 [00:02<00:02, 13.01it/s, loss=0.5610, acc=73.32%, img/s=414.8, eta=0.0m]
Epoch 1/1:  41%|████▏     | 26/63 [00:02<00:02, 13.04it/s, loss=0.5610, acc=73.32%, img/s=414.8, eta=0.0m]
[36m(ClientAppActor pid=9750)[0m 
Epoch 1/1:  41%|████▏     | 26/63 [00:02<00:02, 13.04it/s, loss=0.4978, acc=73.38%, img/s=414.8, eta=0.0m]
[36m(ClientAppActor pid=9750)[0m 
Epoch 1/1:  41%|████▏     | 26/63 [00:02<00:02, 13.04it/s, loss=0.5711, acc=73.21%, img/s=414.8, eta=0.0m]
Epoch 1/1:  44%|████▍     | 28/63 [00:02<00:02, 13.01it/s, loss=0.5711, acc=73.21%, img/s=414.8, eta=0.0m]
Epoch 1/1:  44%|████▍     | 28/63 [00:02<00:02, 13.01it/s, loss=0.5256, acc=73.17%, img/s=414.8, eta=0.0m]
[36m(ClientAppActor pid=9750)[0m 
Epoch 1/1:  44%|████▍     | 28/63 [00:02<00:02, 13.01it/s, loss=0.5721, acc=72.92%, img/s=414.7, eta=0.0m]
Epoch 1/1:  48%|████▊     | 30/63 [00:02<00:02, 12.98it/s, loss=0.5721, acc=72.92%, img/s=414.7, eta=0.0m]
[36m(ClientAppActor pid=9750)[0m 
Epoch 1/1:  48%|████▊     | 30/63 [00:02<00:02, 12.98it/s, loss=0.6531, acc=72.68%, img/s=414.5, eta=0.0m]
[36m(ClientAppActor pid=9750)[0m 
Epoch 1/1:  48%|████▊     | 30/63 [00:02<00:02, 12.98it/s, loss=0.4828, acc=72.85%, img/s=414.5, eta=0.0m]
Epoch 1/1:  51%|█████     | 32/63 [00:02<00:02, 12.95it/s, loss=0.4828, acc=72.85%, img/s=414.5, eta=0.0m]
Epoch 1/1:  51%|█████     | 32/63 [00:02<00:02, 12.95it/s, loss=0.4920, acc=73.01%, img/s=414.7, eta=0.0m]
[36m(ClientAppActor pid=9750)[0m 
Epoch 1/1:  51%|█████     | 32/63 [00:02<00:02, 12.95it/s, loss=0.6538, acc=72.70%, img/s=414.6, eta=0.0m]
Epoch 1/1:  54%|█████▍    | 34/63 [00:02<00:02, 12.97it/s, loss=0.6538, acc=72.70%, img/s=414.6, eta=0.0m]
[36m(ClientAppActor pid=9750)[0m 
Epoch 1/1:  54%|█████▍    | 34/63 [00:02<00:02, 12.97it/s, loss=0.4621, acc=72.95%, img/s=414.7, eta=0.0m]
[36m(ClientAppActor pid=9750)[0m 
Epoch 1/1:  54%|█████▍    | 34/63 [00:02<00:02, 12.97it/s, loss=0.3263, acc=73.52%, img/s=414.6, eta=0.0m]
Epoch 1/1:  57%|█████▋    | 36/63 [00:02<00:02, 12.97it/s, loss=0.3263, acc=73.52%, img/s=414.6, eta=0.0m]
Epoch 1/1:  57%|█████▋    | 36/63 [00:02<00:02, 12.97it/s, loss=0.7688, acc=72.89%, img/s=414.9, eta=0.0m]
[36m(ClientAppActor pid=9750)[0m 
Epoch 1/1:  57%|█████▋    | 36/63 [00:02<00:02, 12.97it/s, loss=0.5112, acc=73.03%, img/s=414.7, eta=0.0m]
Epoch 1/1:  60%|██████    | 38/63 [00:02<00:01, 12.97it/s, loss=0.5112, acc=73.03%, img/s=414.7, eta=0.0m]
[36m(ClientAppActor pid=9750)[0m 
Epoch 1/1:  60%|██████    | 38/63 [00:03<00:01, 12.97it/s, loss=0.4911, acc=73.32%, img/s=414.3, eta=0.0m]
[36m(ClientAppActor pid=9750)[0m 
Epoch 1/1:  60%|██████    | 38/63 [00:03<00:01, 12.97it/s, loss=0.5224, acc=73.44%, img/s=414.1, eta=0.0m]
Epoch 1/1:  63%|██████▎   | 40/63 [00:03<00:01, 12.86it/s, loss=0.5224, acc=73.44%, img/s=414.1, eta=0.0m]
Epoch 1/1:  63%|██████▎   | 40/63 [00:03<00:01, 12.86it/s, loss=0.5723, acc=73.32%, img/s=414.2, eta=0.0m]
[36m(ClientAppActor pid=9750)[0m 
Epoch 1/1:  63%|██████▎   | 40/63 [00:03<00:01, 12.86it/s, loss=0.5324, acc=73.21%, img/s=413.7, eta=0.0m]
Epoch 1/1:  67%|██████▋   | 42/63 [00:03<00:01, 12.81it/s, loss=0.5324, acc=73.21%, img/s=413.7, eta=0.0m]
[36m(ClientAppActor pid=9750)[0m 
Epoch 1/1:  67%|██████▋   | 42/63 [00:03<00:01, 12.81it/s, loss=0.5197, acc=73.33%, img/s=413.6, eta=0.0m]
[36m(ClientAppActor pid=9750)[0m 
Epoch 1/1:  67%|██████▋   | 42/63 [00:03<00:01, 12.81it/s, loss=0.3609, acc=73.65%, img/s=413.5, eta=0.0m]
Epoch 1/1:  70%|██████▉   | 44/63 [00:03<00:01, 12.80it/s, loss=0.3609, acc=73.65%, img/s=413.5, eta=0.0m]
[36m(ClientAppActor pid=9750)[0m 
Epoch 1/1:  70%|██████▉   | 44/63 [00:03<00:01, 12.80it/s, loss=0.5958, acc=73.54%, img/s=413.6, eta=0.0m]
Epoch 1/1:  70%|██████▉   | 44/63 [00:03<00:01, 12.80it/s, loss=0.5740, acc=73.57%, img/s=413.6, eta=0.0m]
Epoch 1/1:  73%|███████▎  | 46/63 [00:03<00:01, 12.86it/s, loss=0.5740, acc=73.57%, img/s=413.6, eta=0.0m]
[36m(ClientAppActor pid=9750)[0m 
Epoch 1/1:  73%|███████▎  | 46/63 [00:03<00:01, 12.86it/s, loss=0.7875, acc=73.27%, img/s=413.6, eta=0.0m]
[36m(ClientAppActor pid=9750)[0m 
Epoch 1/1:  73%|███████▎  | 46/63 [00:03<00:01, 12.86it/s, loss=0.4659, acc=73.31%, img/s=413.6, eta=0.0m]
Epoch 1/1:  76%|███████▌  | 48/63 [00:03<00:01, 12.88it/s, loss=0.4659, acc=73.31%, img/s=413.6, eta=0.0m]
[36m(ClientAppActor pid=9750)[0m 
Epoch 1/1:  76%|███████▌  | 48/63 [00:03<00:01, 12.88it/s, loss=0.4345, acc=73.47%, img/s=413.7, eta=0.0m]
Epoch 1/1:  76%|███████▌  | 48/63 [00:03<00:01, 12.88it/s, loss=0.4859, acc=73.56%, img/s=414.0, eta=0.0m]
Epoch 1/1:  79%|███████▉  | 50/63 [00:03<00:01, 12.98it/s, loss=0.4859, acc=73.56%, img/s=414.0, eta=0.0m]
[36m(ClientAppActor pid=9750)[0m 
Epoch 1/1:  79%|███████▉  | 50/63 [00:03<00:01, 12.98it/s, loss=0.6799, acc=73.35%, img/s=414.0, eta=0.0m]
[36m(ClientAppActor pid=9750)[0m 
Epoch 1/1:  79%|███████▉  | 50/63 [00:04<00:01, 12.98it/s, loss=0.5623, acc=73.44%, img/s=414.0, eta=0.0m]
Epoch 1/1:  83%|████████▎ | 52/63 [00:04<00:00, 12.97it/s, loss=0.5623, acc=73.44%, img/s=414.0, eta=0.0m]
[36m(ClientAppActor pid=9750)[0m 
Epoch 1/1:  83%|████████▎ | 52/63 [00:04<00:00, 12.97it/s, loss=0.4219, acc=73.64%, img/s=413.9, eta=0.0m]
Epoch 1/1:  83%|████████▎ | 52/63 [00:04<00:00, 12.97it/s, loss=0.6071, acc=73.55%, img/s=413.8, eta=0.0m]
Epoch 1/1:  86%|████████▌ | 54/63 [00:04<00:00, 12.90it/s, loss=0.6071, acc=73.55%, img/s=413.8, eta=0.0m]
[36m(ClientAppActor pid=9750)[0m 
Epoch 1/1:  86%|████████▌ | 54/63 [00:04<00:00, 12.90it/s, loss=0.6667, acc=73.35%, img/s=413.8, eta=0.0m]
[36m(ClientAppActor pid=9750)[0m 
Epoch 1/1:  86%|████████▌ | 54/63 [00:04<00:00, 12.90it/s, loss=0.5875, acc=73.27%, img/s=413.8, eta=0.0m]
Epoch 1/1:  89%|████████▉ | 56/63 [00:04<00:00, 12.92it/s, loss=0.5875, acc=73.27%, img/s=413.8, eta=0.0m]
[36m(ClientAppActor pid=9750)[0m 
Epoch 1/1:  89%|████████▉ | 56/63 [00:04<00:00, 12.92it/s, loss=0.4496, acc=73.46%, img/s=413.7, eta=0.0m]
Epoch 1/1:  89%|████████▉ | 56/63 [00:04<00:00, 12.92it/s, loss=0.4823, acc=73.55%, img/s=413.9, eta=0.0m]
Epoch 1/1:  92%|█████████▏| 58/63 [00:04<00:00, 12.95it/s, loss=0.4823, acc=73.55%, img/s=413.9, eta=0.0m]
[36m(ClientAppActor pid=9750)[0m 
Epoch 1/1:  92%|█████████▏| 58/63 [00:04<00:00, 12.95it/s, loss=0.6674, acc=73.20%, img/s=413.8, eta=0.0m]
[36m(ClientAppActor pid=9750)[0m 
Epoch 1/1:  92%|█████████▏| 58/63 [00:04<00:00, 12.95it/s, loss=0.6236, acc=73.12%, img/s=413.7, eta=0.0m]
Epoch 1/1:  95%|█████████▌| 60/63 [00:04<00:00, 12.90it/s, loss=0.6236, acc=73.12%, img/s=413.7, eta=0.0m]
[36m(ClientAppActor pid=9750)[0m 
Epoch 1/1:  95%|█████████▌| 60/63 [00:04<00:00, 12.90it/s, loss=0.5823, acc=73.10%, img/s=413.9, eta=0.0m]
[36m(ClientAppActor pid=9750)[0m 
Epoch 1/1:  95%|█████████▌| 60/63 [00:04<00:00, 12.90it/s, loss=0.5132, acc=73.14%, img/s=414.0, eta=0.0m]
Epoch 1/1:  98%|█████████▊| 62/63 [00:04<00:00, 12.98it/s, loss=0.5132, acc=73.14%, img/s=414.0, eta=0.0m]
Epoch 1/1:  98%|█████████▊| 62/63 [00:04<00:00, 12.98it/s, loss=0.4221, acc=73.30%, img/s=208.4, eta=0.0m]
Epoch 1/1: 100%|██████████| 63/63 [00:04<00:00, 13.02it/s, loss=0.4221, acc=73.30%, img/s=208.4, eta=0.0m]
[36m(ClientAppActor pid=9750)[0m 
Epoch 1/1:   0%|          | 0/63 [00:00<?, ?it/s]
[36m(ClientAppActor pid=9750)[0m 
Epoch 1/1:   0%|          | 0/63 [00:00<?, ?it/s, loss=0.5280, acc=78.12%, img/s=408.5, eta=0.1m]
[36m(ClientAppActor pid=9750)[0m 
Epoch 1/1:   0%|          | 0/63 [00:00<?, ?it/s, loss=0.4776, acc=81.25%, img/s=410.6, eta=0.1m]
Epoch 1/1:   3%|▎         | 2/63 [00:00<00:04, 12.83it/s, loss=0.4776, acc=81.25%, img/s=410.6, eta=0.1m]
Epoch 1/1:   3%|▎         | 2/63 [00:00<00:04, 12.83it/s, loss=0.4846, acc=82.29%, img/s=410.4, eta=0.1m]
[36m(ClientAppActor pid=9750)[0m 
Epoch 1/1:   3%|▎         | 2/63 [00:00<00:04, 12.83it/s, loss=0.5805, acc=77.34%, img/s=404.3, eta=0.1m]
Epoch 1/1:   6%|▋         | 4/63 [00:00<00:04, 12.60it/s, loss=0.5805, acc=77.34%, img/s=404.3, eta=0.1m]
[36m(ClientAppActor pid=9750)[0m 
Epoch 1/1:   6%|▋         | 4/63 [00:00<00:04, 12.60it/s, loss=0.3746, acc=80.00%, img/s=405.5, eta=0.1m]
[36m(ClientAppActor pid=9750)[0m 
Epoch 1/1:   6%|▋         | 4/63 [00:00<00:04, 12.60it/s, loss=0.5407, acc=77.60%, img/s=405.8, eta=0.1m]
Epoch 1/1:  10%|▉         | 6/63 [00:00<00:04, 12.68it/s, loss=0.5407, acc=77.60%, img/s=405.8, eta=0.1m]
[36m(ClientAppActor pid=9750)[0m 
Epoch 1/1:  10%|▉         | 6/63 [00:00<00:04, 12.68it/s, loss=0.5528, acc=76.79%, img/s=408.0, eta=0.1m]
Epoch 1/1:  10%|▉         | 6/63 [00:00<00:04, 12.68it/s, loss=0.6573, acc=76.17%, img/s=406.0, eta=0.1m]
Epoch 1/1:  13%|█▎        | 8/63 [00:00<00:04, 12.69it/s, loss=0.6573, acc=76.17%, img/s=406.0, eta=0.1m]
[36m(ClientAppActor pid=9750)[0m 
Epoch 1/1:  13%|█▎        | 8/63 [00:00<00:04, 12.69it/s, loss=0.8133, acc=74.31%, img/s=406.9, eta=0.1m]
[36m(ClientAppActor pid=9750)[0m 
Epoch 1/1:  13%|█▎        | 8/63 [00:00<00:04, 12.69it/s, loss=0.4552, acc=75.62%, img/s=406.6, eta=0.1m]
Epoch 1/1:  16%|█▌        | 10/63 [00:00<00:04, 12.72it/s, loss=0.4552, acc=75.62%, img/s=406.6, eta=0.1m]
[36m(ClientAppActor pid=9750)[0m 
Epoch 1/1:  16%|█▌        | 10/63 [00:00<00:04, 12.72it/s, loss=0.5347, acc=75.57%, img/s=407.5, eta=0.1m]
Epoch 1/1:  16%|█▌        | 10/63 [00:00<00:04, 12.72it/s, loss=0.4317, acc=76.30%, img/s=406.0, eta=0.1m]
Epoch 1/1:  19%|█▉        | 12/63 [00:00<00:04, 12.67it/s, loss=0.4317, acc=76.30%, img/s=406.0, eta=0.1m]
[36m(ClientAppActor pid=9750)[0m 
Epoch 1/1:  19%|█▉        | 12/63 [00:01<00:04, 12.67it/s, loss=0.4420, acc=76.20%, img/s=406.9, eta=0.1m]
[36m(ClientAppActor pid=9750)[0m 
Epoch 1/1:  19%|█▉        | 12/63 [00:01<00:04, 12.67it/s, loss=0.5194, acc=76.56%, img/s=407.3, eta=0.1m]
Epoch 1/1:  22%|██▏       | 14/63 [00:01<00:03, 12.77it/s, loss=0.5194, acc=76.56%, img/s=407.3, eta=0.1m]
[36m(ClientAppActor pid=9750)[0m 
Epoch 1/1:  22%|██▏       | 14/63 [00:01<00:03, 12.77it/s, loss=0.5034, acc=76.25%, img/s=407.1, eta=0.1m]
[36m(ClientAppActor pid=9750)[0m 
Epoch 1/1:  22%|██▏       | 14/63 [00:01<00:03, 12.77it/s, loss=0.4332, acc=76.76%, img/s=406.2, eta=0.1m]
Epoch 1/1:  25%|██▌       | 16/63 [00:01<00:03, 12.67it/s, loss=0.4332, acc=76.76%, img/s=406.2, eta=0.1m]
Epoch 1/1:  25%|██▌       | 16/63 [00:01<00:03, 12.67it/s, loss=0.5074, acc=76.47%, img/s=407.0, eta=0.1m]
[36m(ClientAppActor pid=9750)[0m 
Epoch 1/1:  25%|██▌       | 16/63 [00:01<00:03, 12.67it/s, loss=0.5251, acc=76.39%, img/s=406.9, eta=0.1m]
Epoch 1/1:  29%|██▊       | 18/63 [00:01<00:03, 12.74it/s, loss=0.5251, acc=76.39%, img/s=406.9, eta=0.1m]
[36m(ClientAppActor pid=9750)[0m 
Epoch 1/1:  29%|██▊       | 18/63 [00:01<00:03, 12.74it/s, loss=0.5113, acc=76.48%, img/s=406.9, eta=0.1m]
[36m(ClientAppActor pid=9750)[0m 
Epoch 1/1:  29%|██▊       | 18/63 [00:01<00:03, 12.74it/s, loss=0.5710, acc=75.78%, img/s=406.7, eta=0.1m]
Epoch 1/1:  32%|███▏      | 20/63 [00:01<00:03, 12.71it/s, loss=0.5710, acc=75.78%, img/s=406.7, eta=0.1m]
Epoch 1/1:  32%|███▏      | 20/63 [00:01<00:03, 12.71it/s, loss=0.4781, acc=75.89%, img/s=407.4, eta=0.1m]
[36m(ClientAppActor pid=9750)[0m 
Epoch 1/1:  32%|███▏      | 20/63 [00:01<00:03, 12.71it/s, loss=0.5452, acc=75.71%, img/s=407.7, eta=0.1m]
Epoch 1/1:  35%|███▍      | 22/63 [00:01<00:03, 12.82it/s, loss=0.5452, acc=75.71%, img/s=407.7, eta=0.1m]
[36m(ClientAppActor pid=9750)[0m 
Epoch 1/1:  35%|███▍      | 22/63 [00:01<00:03, 12.82it/s, loss=0.6320, acc=75.14%, img/s=407.4, eta=0.1m]
[36m(ClientAppActor pid=9750)[0m 
Epoch 1/1:  35%|███▍      | 22/63 [00:01<00:03, 12.82it/s, loss=0.5290, acc=74.87%, img/s=406.8, eta=0.1m]
Epoch 1/1:  38%|███▊      | 24/63 [00:01<00:03, 12.69it/s, loss=0.5290, acc=74.87%, img/s=406.8, eta=0.1m]
Epoch 1/1:  38%|███▊      | 24/63 [00:01<00:03, 12.69it/s, loss=0.4751, acc=74.88%, img/s=407.2, eta=0.0m]
[36m(ClientAppActor pid=9750)[0m 
Epoch 1/1:  38%|███▊      | 24/63 [00:02<00:03, 12.69it/s, loss=0.5683, acc=75.00%, img/s=407.3, eta=0.0m]
Epoch 1/1:  41%|████▏     | 26/63 [00:02<00:02, 12.77it/s, loss=0.5683, acc=75.00%, img/s=407.3, eta=0.0m]
[36m(ClientAppActor pid=9750)[0m 
Epoch 1/1:  41%|████▏     | 26/63 [00:02<00:02, 12.77it/s, loss=0.4579, acc=75.12%, img/s=407.8, eta=0.0m]
[36m(ClientAppActor pid=9750)[0m 
Epoch 1/1:  41%|████▏     | 26/63 [00:02<00:02, 12.77it/s, loss=0.5660, acc=74.89%, img/s=407.0, eta=0.0m]
Epoch 1/1:  44%|████▍     | 28/63 [00:02<00:02, 12.70it/s, loss=0.5660, acc=74.89%, img/s=407.0, eta=0.0m]
[36m(ClientAppActor pid=9750)[0m 
Epoch 1/1:  44%|████▍     | 28/63 [00:02<00:02, 12.70it/s, loss=0.6665, acc=74.57%, img/s=407.1, eta=0.0m]
Epoch 1/1:  44%|████▍     | 28/63 [00:02<00:02, 12.70it/s, loss=0.4247, acc=74.69%, img/s=407.6, eta=0.0m]
Epoch 1/1:  48%|████▊     | 30/63 [00:02<00:02, 12.80it/s, loss=0.4247, acc=74.69%, img/s=407.6, eta=0.0m]
[36m(ClientAppActor pid=9750)[0m 
Epoch 1/1:  48%|████▊     | 30/63 [00:02<00:02, 12.80it/s, loss=0.7324, acc=74.40%, img/s=407.7, eta=0.0m]
[36m(ClientAppActor pid=9750)[0m 
Epoch 1/1:  48%|████▊     | 30/63 [00:02<00:02, 12.80it/s, loss=0.4120, acc=74.61%, img/s=406.9, eta=0.0m]
Epoch 1/1:  51%|█████     | 32/63 [00:02<00:02, 12.67it/s, loss=0.4120, acc=74.61%, img/s=406.9, eta=0.0m]
[36m(ClientAppActor pid=9750)[0m 
Epoch 1/1:  51%|█████     | 32/63 [00:02<00:02, 12.67it/s, loss=0.6399, acc=74.53%, img/s=407.1, eta=0.0m]
Epoch 1/1:  51%|█████     | 32/63 [00:02<00:02, 12.67it/s, loss=0.6500, acc=74.17%, img/s=407.5, eta=0.0m]
Epoch 1/1:  54%|█████▍    | 34/63 [00:02<00:02, 12.78it/s, loss=0.6500, acc=74.17%, img/s=407.5, eta=0.0m]
[36m(ClientAppActor pid=9750)[0m 
Epoch 1/1:  54%|█████▍    | 34/63 [00:02<00:02, 12.78it/s, loss=0.4590, acc=74.29%, img/s=407.7, eta=0.0m]
[36m(ClientAppActor pid=9750)[0m 
Epoch 1/1:  54%|█████▍    | 34/63 [00:02<00:02, 12.78it/s, loss=0.4268, acc=74.57%, img/s=407.2, eta=0.0m]
Epoch 1/1:  57%|█████▋    | 36/63 [00:02<00:02, 12.71it/s, loss=0.4268, acc=74.57%, img/s=407.2, eta=0.0m]
[36m(ClientAppActor pid=9750)[0m 
Epoch 1/1:  57%|█████▋    | 36/63 [00:02<00:02, 12.71it/s, loss=0.6592, acc=74.07%, img/s=407.2, eta=0.0m]
[36m(ClientAppActor pid=9750)[0m 
Epoch 1/1:  57%|█████▋    | 36/63 [00:02<00:02, 12.71it/s, loss=0.5222, acc=74.10%, img/s=407.4, eta=0.0m]
Epoch 1/1:  60%|██████    | 38/63 [00:02<00:01, 12.76it/s, loss=0.5222, acc=74.10%, img/s=407.4, eta=0.0m]
Epoch 1/1:  60%|██████    | 38/63 [00:03<00:01, 12.76it/s, loss=0.6812, acc=73.72%, img/s=407.6, eta=0.0m]
[36m(ClientAppActor pid=9750)[0m 
Epoch 1/1:  60%|██████    | 38/63 [00:03<00:01, 12.76it/s, loss=0.5536, acc=73.75%, img/s=407.1, eta=0.0m]
Epoch 1/1:  63%|██████▎   | 40/63 [00:03<00:01, 12.70it/s, loss=0.5536, acc=73.75%, img/s=407.1, eta=0.0m]
[36m(ClientAppActor pid=9750)[0m 
Epoch 1/1:  63%|██████▎   | 40/63 [00:03<00:01, 12.70it/s, loss=0.5789, acc=73.70%, img/s=407.2, eta=0.0m]
[36m(ClientAppActor pid=9750)[0m 
Epoch 1/1:  63%|██████▎   | 40/63 [00:03<00:01, 12.70it/s, loss=0.6956, acc=73.74%, img/s=407.3, eta=0.0m]
Epoch 1/1:  67%|██████▋   | 42/63 [00:03<00:01, 12.73it/s, loss=0.6956, acc=73.74%, img/s=407.3, eta=0.0m]
Epoch 1/1:  67%|██████▋   | 42/63 [00:03<00:01, 12.73it/s, loss=0.5337, acc=73.69%, img/s=407.5, eta=0.0m]
[36m(ClientAppActor pid=9750)[0m 
Epoch 1/1:  67%|██████▋   | 42/63 [00:03<00:01, 12.73it/s, loss=0.6389, acc=73.30%, img/s=407.0, eta=0.0m]
Epoch 1/1:  70%|██████▉   | 44/63 [00:03<00:01, 12.67it/s, loss=0.6389, acc=73.30%, img/s=407.0, eta=0.0m]
[36m(ClientAppActor pid=9750)[0m 
Epoch 1/1:  70%|██████▉   | 44/63 [00:03<00:01, 12.67it/s, loss=0.4803, acc=73.40%, img/s=407.1, eta=0.0m]
[36m(ClientAppActor pid=9750)[0m 
Epoch 1/1:  70%|██████▉   | 44/63 [00:03<00:01, 12.67it/s, loss=0.5669, acc=73.30%, img/s=407.3, eta=0.0m]
Epoch 1/1:  73%|███████▎  | 46/63 [00:03<00:01, 12.75it/s, loss=0.5669, acc=73.30%, img/s=407.3, eta=0.0m]
Epoch 1/1:  73%|███████▎  | 46/63 [00:03<00:01, 12.75it/s, loss=0.6124, acc=73.14%, img/s=407.7, eta=0.0m]
[36m(ClientAppActor pid=9750)[0m 
Epoch 1/1:  73%|███████▎  | 46/63 [00:03<00:01, 12.75it/s, loss=0.4214, acc=73.24%, img/s=407.4, eta=0.0m]
Epoch 1/1:  76%|███████▌  | 48/63 [00:03<00:01, 12.77it/s, loss=0.4214, acc=73.24%, img/s=407.4, eta=0.0m]
[36m(ClientAppActor pid=9750)[0m 
Epoch 1/1:  76%|███████▌  | 48/63 [00:03<00:01, 12.77it/s, loss=0.4484, acc=73.47%, img/s=407.6, eta=0.0m]
[36m(ClientAppActor pid=9750)[0m 
Epoch 1/1:  76%|███████▌  | 48/63 [00:03<00:01, 12.77it/s, loss=0.4564, acc=73.56%, img/s=407.7, eta=0.0m]
Epoch 1/1:  79%|███████▉  | 50/63 [00:03<00:01, 12.82it/s, loss=0.4564, acc=73.56%, img/s=407.7, eta=0.0m]
[36m(ClientAppActor pid=9750)[0m 
Epoch 1/1:  79%|███████▉  | 50/63 [00:04<00:01, 12.82it/s, loss=0.5035, acc=73.53%, img/s=407.9, eta=0.0m]
Epoch 1/1:  79%|███████▉  | 50/63 [00:04<00:01, 12.82it/s, loss=0.4300, acc=73.68%, img/s=407.7, eta=0.0m]
Epoch 1/1:  83%|████████▎ | 52/63 [00:04<00:00, 12.80it/s, loss=0.4300, acc=73.68%, img/s=407.7, eta=0.0m]
[36m(ClientAppActor pid=9750)[0m 
Epoch 1/1:  83%|████████▎ | 52/63 [00:04<00:00, 12.80it/s, loss=0.5001, acc=73.70%, img/s=407.8, eta=0.0m]
[36m(ClientAppActor pid=9750)[0m 
Epoch 1/1:  83%|████████▎ | 52/63 [00:04<00:00, 12.80it/s, loss=0.4754, acc=73.84%, img/s=407.8, eta=0.0m]
Epoch 1/1:  86%|████████▌ | 54/63 [00:04<00:00, 12.82it/s, loss=0.4754, acc=73.84%, img/s=407.8, eta=0.0m]
[36m(ClientAppActor pid=9750)[0m 
Epoch 1/1:  86%|████████▌ | 54/63 [00:04<00:00, 12.82it/s, loss=0.5028, acc=73.86%, img/s=407.9, eta=0.0m]
Epoch 1/1:  86%|████████▌ | 54/63 [00:04<00:00, 12.82it/s, loss=0.4057, acc=73.94%, img/s=407.7, eta=0.0m]
Epoch 1/1:  89%|████████▉ | 56/63 [00:04<00:00, 12.75it/s, loss=0.4057, acc=73.94%, img/s=407.7, eta=0.0m]
[36m(ClientAppActor pid=9750)[0m 
Epoch 1/1:  89%|████████▉ | 56/63 [00:04<00:00, 12.75it/s, loss=0.4921, acc=74.01%, img/s=407.8, eta=0.0m]
[36m(ClientAppActor pid=9750)[0m 
Epoch 1/1:  89%|████████▉ | 56/63 [00:04<00:00, 12.75it/s, loss=0.5244, acc=73.98%, img/s=407.7, eta=0.0m]
Epoch 1/1:  92%|█████████▏| 58/63 [00:04<00:00, 12.77it/s, loss=0.5244, acc=73.98%, img/s=407.7, eta=0.0m]
[36m(ClientAppActor pid=9750)[0m 
Epoch 1/1:  92%|█████████▏| 58/63 [00:04<00:00, 12.77it/s, loss=0.5044, acc=73.99%, img/s=407.8, eta=0.0m]
[36m(ClientAppActor pid=9750)[0m 
Epoch 1/1:  92%|█████████▏| 58/63 [00:04<00:00, 12.77it/s, loss=0.5236, acc=74.06%, img/s=407.5, eta=0.0m]
Epoch 1/1:  95%|█████████▌| 60/63 [00:04<00:00, 12.71it/s, loss=0.5236, acc=74.06%, img/s=407.5, eta=0.0m]
Epoch 1/1:  95%|█████████▌| 60/63 [00:04<00:00, 12.71it/s, loss=0.7547, acc=73.82%, img/s=407.6, eta=0.0m]
[36m(ClientAppActor pid=9750)[0m 
Epoch 1/1:  95%|█████████▌| 60/63 [00:04<00:00, 12.71it/s, loss=0.5090, acc=73.94%, img/s=407.7, eta=0.0m]
Epoch 1/1:  98%|█████████▊| 62/63 [00:04<00:00, 12.76it/s, loss=0.5090, acc=73.94%, img/s=407.7, eta=0.0m]
Epoch 1/1:  98%|█████████▊| 62/63 [00:04<00:00, 12.76it/s, loss=0.5553, acc=73.90%, img/s=205.4, eta=0.0m]
Epoch 1/1: 100%|██████████| 63/63 [00:04<00:00, 12.84it/s, loss=0.5553, acc=73.90%, img/s=205.4, eta=0.0m]
[36m(ClientAppActor pid=9750)[0m Client 4 starting training...
[36m(ClientAppActor pid=9750)[0m START classifier norm: 0.8092459440231323
[36m(ClientAppActor pid=9750)[0m 
[36m(ClientAppActor pid=9750)[0m Batch 0/63
[36m(ClientAppActor pid=9750)[0m GPU Allocated: 0.20 GB
[36m(ClientAppActor pid=9750)[0m GPU Reserved : 0.75 GB
[36m(ClientAppActor pid=9750)[0m 
[36m(ClientAppActor pid=9750)[0m ==================================================
[36m(ClientAppActor pid=9750)[0m Epoch 1 Complete
[36m(ClientAppActor pid=9750)[0m Average Loss : 0.5451
[36m(ClientAppActor pid=9750)[0m Accuracy     : 71.45%
[36m(ClientAppActor pid=9750)[0m Time         : 4.94s
[36m(ClientAppActor pid=9750)[0m Images       : 2000
[36m(ClientAppActor pid=9750)[0m Images/sec   : 405.19
[36m(ClientAppActor pid=9750)[0m GPU Allocated: 0.20 GB
[36m(ClientAppActor pid=9750)[0m GPU Reserved : 0.75 GB
[36m(ClientAppActor pid=9750)[0m ==================================================
[36m(ClientAppActor pid=9750)[0m END classifier norm: 0.8088013529777527
[36m(ClientAppActor pid=9750)[0m Client 4 finished training
[36m(ClientAppActor pid=9750)[0m Client 4 extracting parameters...
[36m(ClientAppActor pid=9750)[0m Client 4 parameter extraction complete
[36m(ClientAppActor pid=9750)[0m Client 4 returning results
[36m(ClientAppActor pid=9750)[0m Client 1 using cuda
[36m(ClientAppActor pid=9750)[0m {'fake': 0, 'real': 1}
[36m(ClientAppActor pid=9750)[0m [DEBUG MODE] Train=2000, Val=100, Test=100
[36m(ClientAppActor pid=9750)[0m 
[36m(ClientAppActor pid=9750)[0m Client 1 Class Distribution
[36m(ClientAppActor pid=9750)[0m Train: Counter({1: 1011, 0: 989})
[36m(ClientAppActor pid=9750)[0m Val  : Counter({0: 55, 1: 45})
[36m(ClientAppActor pid=9750)[0m Test : Counter({0: 53, 1: 47})
[36m(ClientAppActor pid=9750)[0m Client 1
[36m(ClientAppActor pid=9750)[0m Train Images: 2000
[36m(ClientAppActor pid=9750)[0m Test Images : 100
[36m(ClientAppActor pid=9750)[0m Validate Images : 100
[36m(ClientAppActor pid=9750)[0m Client 1 starting fit...
[36m(ClientAppActor pid=9750)[0m Client 1 starting training...
[36m(ClientAppActor pid=9750)[0m START classifier norm: 0.8092459440231323
[36m(ClientAppActor pid=9750)[0m 
[36m(ClientAppActor pid=9750)[0m Batch 0/63
[36m(ClientAppActor pid=9750)[0m GPU Allocated: 0.20 GB
[36m(ClientAppActor pid=9750)[0m GPU Reserved : 0.75 GB
[36m(ClientAppActor pid=9750)[0m 
[36m(ClientAppActor pid=9750)[0m ==================================================
[36m(ClientAppActor pid=9750)[0m Epoch 1 Complete
[36m(ClientAppActor pid=9750)[0m Average Loss : 0.5319
[36m(ClientAppActor pid=9750)[0m Accuracy     : 74.10%
[36m(ClientAppActor pid=9750)[0m Time         : 5.01s
[36m(ClientAppActor pid=9750)[0m Images       : 2000
[36m(ClientAppActor pid=9750)[0m Images/sec   : 399.05
[36m(ClientAppActor pid=9750)[0m GPU Allocated: 0.20 GB
[36m(ClientAppActor pid=9750)[0m GPU Reserved : 0.75 GB
[36m(ClientAppActor pid=9750)[0m ==================================================
[36m(ClientAppActor pid=9750)[0m END classifier norm: 0.8092381358146667
[36m(ClientAppActor pid=9750)[0m Client 1 finished training
[36m(ClientAppActor pid=9750)[0m Client 1 extracting parameters...
[36m(ClientAppActor pid=9750)[0m Client 1 parameter extraction complete
[36m(ClientAppActor pid=9750)[0m Client 1 returning results
[36m(ClientAppActor pid=9750)[0m Client 5 using cuda
[36m(ClientAppActor pid=9750)[0m {'fake': 0, 'real': 1}
[36m(ClientAppActor pid=9750)[0m [DEBUG MODE] Train=2000, Val=100, Test=100
[36m(ClientAppActor pid=9750)[0m 
[36m(ClientAppActor pid=9750)[0m Client 5 Class Distribution
[36m(ClientAppActor pid=9750)[0m Train: Counter({0: 1014, 1: 986})
[36m(ClientAppActor pid=9750)[0m Val  : Counter({0: 56, 1: 44})
[36m(ClientAppActor pid=9750)[0m Test : Counter({0: 51, 1: 49})
[36m(ClientAppActor pid=9750)[0m Client 5
[36m(ClientAppActor pid=9750)[0m Train Images: 2000
[36m(ClientAppActor pid=9750)[0m Test Images : 100
[36m(ClientAppActor pid=9750)[0m Validate Images : 100
[36m(ClientAppActor pid=9750)[0m Client 5 starting fit...
[36m(ClientAppActor pid=9750)[0m Client 5 starting training...
[36m(ClientAppActor pid=9750)[0m START classifier norm: 0.8092459440231323
[36m(ClientAppActor pid=9750)[0m 
[36m(ClientAppActor pid=9750)[0m Batch 0/63
[36m(ClientAppActor pid=9750)[0m GPU Allocated: 0.20 GB
[36m(ClientAppActor pid=9750)[0m GPU Reserved : 0.75 GB
[36m(ClientAppActor pid=9750)[0m 
[36m(ClientAppActor pid=9750)[0m ==================================================
[36m(ClientAppActor pid=9750)[0m Epoch 1 Complete
[36m(ClientAppActor pid=9750)[0m Average Loss : 0.5457
[36m(ClientAppActor pid=9750)[0m Accuracy     : 73.30%
[36m(ClientAppActor pid=9750)[0m Time         : 4.84s
[36m(ClientAppActor pid=9750)[0m Images       : 2000
[36m(ClientAppActor pid=9750)[0m Images/sec   : 413.41
[36m(ClientAppActor pid=9750)[0m GPU Allocated: 0.20 GB
[36m(ClientAppActor pid=9750)[0m GPU Reserved : 0.75 GB
[36m(ClientAppActor pid=9750)[0m ==================================================
[36m(ClientAppActor pid=9750)[0m END classifier norm: 0.8083301782608032
[36m(ClientAppActor pid=9750)[0m Client 5 finished training
[36m(ClientAppActor pid=9750)[0m Client 5 extracting parameters...
[36m(ClientAppActor pid=9750)[0m Client 5 parameter extraction complete
[36m(ClientAppActor pid=9750)[0m Client 5 returning results
[36m(ClientAppActor pid=9750)[0m Client 2 using cuda
[36m(ClientAppActor pid=9750)[0m {'fake': 0, 'real': 1}
[36m(ClientAppActor pid=9750)[0m [DEBUG MODE] Train=2000, Val=100, Test=100
[36m(ClientAppActor pid=9750)[0m 
[36m(ClientAppActor pid=9750)[0m Client 2 Class Distribution
[36m(ClientAppActor pid=9750)[0m Train: Counter({0: 1012, 1: 988})
[36m(ClientAppActor pid=9750)[0m Val  : Counter({0: 60, 1: 40})
[36m(ClientAppActor pid=9750)[0m Test : Counter({0: 51, 1: 49})
[36m(ClientAppActor pid=9750)[0m Client 2
[36m(ClientAppActor pid=9750)[0m Train Images: 2000
[36m(ClientAppActor pid=9750)[0m Test Images : 100
[36m(ClientAppActor pid=9750)[0m Validate Images : 100
[36m(ClientAppActor pid=9750)[0m Client 2 starting fit...
[36m(ClientAppActor pid=9750)[0m Client 2 starting training...
[36m(ClientAppActor pid=9750)[0m START classifier norm: 0.8092459440231323
[36m(ClientAppActor pid=9750)[0m 
[36m(ClientAppActor pid=9750)[0m Batch 0/63
[36m(ClientAppActor pid=9750)[0m GPU Allocated: 0.20 GB
[36m(ClientAppActor pid=9750)[0m GPU Reserved : 0.75 GB
[36m(ClientAppActor pid=9750)[0m 
[36m(ClientAppActor pid=9750)[0m ==================================================
[36m(ClientAppActor pid=9750)[0m Epoch 1 Complete
[36m(ClientAppActor pid=9750)[0m Average Loss : 0.5339
[36m(ClientAppActor pid=9750)[0m Accuracy     : 73.90%
[36m(ClientAppActor pid=9750)[0m Time         : 4.91s
[36m(ClientAppActor pid=9750)[0m Images       : 2000
[36m(ClientAppActor pid=9750)[0m Images/sec   : 407.46
[36m(ClientAppActor pid=9750)[0m GPU Allocated: 0.20 GB
[36m(ClientAppActor pid=9750)[0m GPU Reserved : 0.75 GB
[36m(ClientAppActor pid=9750)[0m ==================================================
[36m(ClientAppActor pid=9750)[0m END classifier norm: 0.8105761408805847
[36m(ClientAppActor pid=9750)[0m Client 2 finished training
[36m(ClientAppActor pid=9750)[0m Client 2 extracting parameters...
[36m(ClientAppActor pid=9750)[0m Client 2 parameter extraction complete
[36m(ClientAppActor pid=9750)[0m Client 2 returning results
[36m(ClientAppActor pid=9750)[0m Client 3 using cuda
[36m(ClientAppActor pid=9750)[0m {'fake': 0, 'real': 1}
[36m(ClientAppActor pid=9750)[0m [DEBUG MODE] Train=2000, Val=100, Test=100
[36m(ClientAppActor pid=9750)[0m 
[36m(ClientAppActor pid=9750)[0m Client 3 Class Distribution
[36m(ClientAppActor pid=9750)[0m Train: Counter({1: 1024, 0: 976})
[36m(ClientAppActor pid=9750)[0m Val  : Counter({1: 54, 0: 46})
[36m(ClientAppActor pid=9750)[0m Test : Counter({1: 50, 0: 50})
[36m(ClientAppActor pid=9750)[0m Client 3
[36m(ClientAppActor pid=9750)[0m 
Epoch 1/1:   0%|          | 0/63 [00:00<?, ?it/s]
Epoch 1/1:   0%|          | 0/63 [00:00<?, ?it/s, loss=0.4291, acc=90.62%, img/s=404.9, eta=0.1m]
[36m(ClientAppActor pid=9750)[0m 
Epoch 1/1:   0%|          | 0/63 [00:00<?, ?it/s, loss=0.5426, acc=82.81%, img/s=401.6, eta=0.1m]
Epoch 1/1:   3%|▎         | 2/63 [00:00<00:04, 12.55it/s, loss=0.5426, acc=82.81%, img/s=401.6, eta=0.1m]
[36m(ClientAppActor pid=9750)[0m 
Epoch 1/1:   3%|▎         | 2/63 [00:00<00:04, 12.55it/s, loss=0.6090, acc=77.08%, img/s=404.1, eta=0.1m]
[36m(ClientAppActor pid=9750)[0m 
Epoch 1/1:   3%|▎         | 2/63 [00:00<00:04, 12.55it/s, loss=0.4716, acc=77.34%, img/s=406.3, eta=0.1m]
Epoch 1/1:   6%|▋         | 4/63 [00:00<00:04, 12.72it/s, loss=0.4716, acc=77.34%, img/s=406.3, eta=0.1m]
[36m(ClientAppActor pid=9750)[0m 
Epoch 1/1:   6%|▋         | 4/63 [00:00<00:04, 12.72it/s, loss=0.4720, acc=78.12%, img/s=408.7, eta=0.1m]
Epoch 1/1:   6%|▋         | 4/63 [00:00<00:04, 12.72it/s, loss=0.4435, acc=78.12%, img/s=410.0, eta=0.1m]
Epoch 1/1:  10%|▉         | 6/63 [00:00<00:04, 12.87it/s, loss=0.4435, acc=78.12%, img/s=410.0, eta=0.1m]
[36m(ClientAppActor pid=9750)[0m 
Epoch 1/1:  10%|▉         | 6/63 [00:00<00:04, 12.87it/s, loss=0.5008, acc=77.23%, img/s=409.2, eta=0.1m]
[36m(ClientAppActor pid=9750)[0m 
Epoch 1/1:  10%|▉         | 6/63 [00:00<00:04, 12.87it/s, loss=0.3881, acc=76.56%, img/s=409.2, eta=0.1m]
Epoch 1/1:  13%|█▎        | 8/63 [00:00<00:04, 12.81it/s, loss=0.3881, acc=76.56%, img/s=409.2, eta=0.1m]
[36m(ClientAppActor pid=9750)[0m 
Epoch 1/1:  13%|█▎        | 8/63 [00:00<00:04, 12.81it/s, loss=0.4965, acc=76.74%, img/s=408.6, eta=0.1m]
Epoch 1/1:  13%|█▎        | 8/63 [00:00<00:04, 12.81it/s, loss=0.5466, acc=76.88%, img/s=408.1, eta=0.1m]
Epoch 1/1:  16%|█▌        | 10/63 [00:00<00:04, 12.74it/s, loss=0.5466, acc=76.88%, img/s=408.1, eta=0.1m]
[36m(ClientAppActor pid=9750)[0m 
Epoch 1/1:  16%|█▌        | 10/63 [00:00<00:04, 12.74it/s, loss=0.5031, acc=76.70%, img/s=408.8, eta=0.1m]
[36m(ClientAppActor pid=9750)[0m 
Epoch 1/1:  16%|█▌        | 10/63 [00:00<00:04, 12.74it/s, loss=0.8296, acc=76.04%, img/s=409.0, eta=0.1m]
Epoch 1/1:  19%|█▉        | 12/63 [00:00<00:03, 12.80it/s, loss=0.8296, acc=76.04%, img/s=409.0, eta=0.1m]
[36m(ClientAppActor pid=9750)[0m 
Epoch 1/1:  19%|█▉        | 12/63 [00:01<00:03, 12.80it/s, loss=0.4547, acc=76.44%, img/s=408.6, eta=0.1m]
Epoch 1/1:  19%|█▉        | 12/63 [00:01<00:03, 12.80it/s, loss=0.4804, acc=76.34%, img/s=409.3, eta=0.1m]
Epoch 1/1:  22%|██▏       | 14/63 [00:01<00:03, 12.82it/s, loss=0.4804, acc=76.34%, img/s=409.3, eta=0.1m]
[36m(ClientAppActor pid=9750)[0m 
Epoch 1/1:  22%|██▏       | 14/63 [00:01<00:03, 12.82it/s, loss=0.4531, acc=76.46%, img/s=409.6, eta=0.1m]
[36m(ClientAppActor pid=9750)[0m 
Epoch 1/1:  22%|██▏       | 14/63 [00:01<00:03, 12.82it/s, loss=0.5477, acc=75.78%, img/s=409.0, eta=0.1m]
Epoch 1/1:  25%|██▌       | 16/63 [00:01<00:03, 12.78it/s, loss=0.5477, acc=75.78%, img/s=409.0, eta=0.1m]
[36m(ClientAppActor pid=9750)[0m 
Epoch 1/1:  25%|██▌       | 16/63 [00:01<00:03, 12.78it/s, loss=0.5334, acc=75.74%, img/s=409.6, eta=0.1m]
[36m(ClientAppActor pid=9750)[0m 
Epoch 1/1:  25%|██▌       | 16/63 [00:01<00:03, 12.78it/s, loss=0.4811, acc=75.69%, img/s=410.0, eta=0.1m]
Epoch 1/1:  29%|██▊       | 18/63 [00:01<00:03, 12.88it/s, loss=0.4811, acc=75.69%, img/s=410.0, eta=0.1m]
[36m(ClientAppActor pid=9750)[0m 
Epoch 1/1:  29%|██▊       | 18/63 [00:01<00:03, 12.88it/s, loss=0.4441, acc=76.32%, img/s=410.3, eta=0.1m]
[36m(ClientAppActor pid=9750)[0m 
Epoch 1/1:  29%|██▊       | 18/63 [00:01<00:03, 12.88it/s, loss=0.3611, acc=76.56%, img/s=410.6, eta=0.1m]
Epoch 1/1:  32%|███▏      | 20/63 [00:01<00:03, 12.91it/s, loss=0.3611, acc=76.56%, img/s=410.6, eta=0.1m]
[36m(ClientAppActor pid=9750)[0m 
Epoch 1/1:  32%|███▏      | 20/63 [00:01<00:03, 12.91it/s, loss=0.6085, acc=76.19%, img/s=410.6, eta=0.1m]
[36m(ClientAppActor pid=9750)[0m 
Epoch 1/1:  32%|███▏      | 20/63 [00:01<00:03, 12.91it/s, loss=0.6236, acc=75.71%, img/s=411.2, eta=0.1m]
Epoch 1/1:  35%|███▍      | 22/63 [00:01<00:03, 12.95it/s, loss=0.6236, acc=75.71%, img/s=411.2, eta=0.1m]
Epoch 1/1:  35%|███▍      | 22/63 [00:01<00:03, 12.95it/s, loss=0.6646, acc=75.41%, img/s=411.1, eta=0.1m]
[36m(ClientAppActor pid=9750)[0m 
Epoch 1/1:  35%|███▍      | 22/63 [00:01<00:03, 12.95it/s, loss=0.4873, acc=75.52%, img/s=411.1, eta=0.1m]
Epoch 1/1:  38%|███▊      | 24/63 [00:01<00:03, 12.91it/s, loss=0.4873, acc=75.52%, img/s=411.1, eta=0.1m]
[36m(ClientAppActor pid=9750)[0m 
Epoch 1/1:  38%|███▊      | 24/63 [00:01<00:03, 12.91it/s, loss=0.7585, acc=74.62%, img/s=411.3, eta=0.0m]
[36m(ClientAppActor pid=9750)[0m 
Epoch 1/1:  38%|███▊      | 24/63 [00:02<00:03, 12.91it/s, loss=0.5922, acc=74.40%, img/s=411.6, eta=0.0m]
Epoch 1/1:  41%|████▏     | 26/63 [00:02<00:02, 12.95it/s, loss=0.5922, acc=74.40%, img/s=411.6, eta=0.0m]
Epoch 1/1:  41%|████▏     | 26/63 [00:02<00:02, 12.95it/s, loss=0.5958, acc=74.31%, img/s=411.1, eta=0.0m]
[36m(ClientAppActor pid=9750)[0m 
Epoch 1/1:  41%|████▏     | 26/63 [00:02<00:02, 12.95it/s, loss=0.6610, acc=73.88%, img/s=411.3, eta=0.0m]
Epoch 1/1:  44%|████▍     | 28/63 [00:02<00:02, 12.89it/s, loss=0.6610, acc=73.88%, img/s=411.3, eta=0.0m]
[36m(ClientAppActor pid=9750)[0m 
Epoch 1/1:  44%|████▍     | 28/63 [00:02<00:02, 12.89it/s, loss=0.5599, acc=73.92%, img/s=411.3, eta=0.0m]
[36m(ClientAppActor pid=9750)[0m 
Epoch 1/1:  44%|████▍     | 28/63 [00:02<00:02, 12.89it/s, loss=0.5969, acc=73.75%, img/s=411.3, eta=0.0m]
Epoch 1/1:  48%|████▊     | 30/63 [00:02<00:02, 12.87it/s, loss=0.5969, acc=73.75%, img/s=411.3, eta=0.0m]
Epoch 1/1:  48%|████▊     | 30/63 [00:02<00:02, 12.87it/s, loss=0.3769, acc=74.09%, img/s=411.6, eta=0.0m]
[36m(ClientAppActor pid=9750)[0m 
Epoch 1/1:  48%|████▊     | 30/63 [00:02<00:02, 12.87it/s, loss=0.5237, acc=73.93%, img/s=411.8, eta=0.0m]
Epoch 1/1:  51%|█████     | 32/63 [00:02<00:02, 12.95it/s, loss=0.5237, acc=73.93%, img/s=411.8, eta=0.0m]
[36m(ClientAppActor pid=9750)[0m 
Epoch 1/1:  51%|█████     | 32/63 [00:02<00:02, 12.95it/s, loss=0.6167, acc=73.77%, img/s=411.7, eta=0.0m]
[36m(ClientAppActor pid=9750)[0m 
Epoch 1/1:  51%|█████     | 32/63 [00:02<00:02, 12.95it/s, loss=0.6437, acc=73.25%, img/s=411.7, eta=0.0m]
Epoch 1/1:  54%|█████▍    | 34/63 [00:02<00:02, 12.91it/s, loss=0.6437, acc=73.25%, img/s=411.7, eta=0.0m]
Epoch 1/1:  54%|█████▍    | 34/63 [00:02<00:02, 12.91it/s, loss=0.6970, acc=73.04%, img/s=412.0, eta=0.0m]
[36m(ClientAppActor pid=9750)[0m 
Epoch 1/1:  54%|█████▍    | 34/63 [00:02<00:02, 12.91it/s, loss=0.6937, acc=72.74%, img/s=412.3, eta=0.0m]
Epoch 1/1:  57%|█████▋    | 36/63 [00:02<00:02, 12.99it/s, loss=0.6937, acc=72.74%, img/s=412.3, eta=0.0m]
[36m(ClientAppActor pid=9750)[0m 
Epoch 1/1:  57%|█████▋    | 36/63 [00:02<00:02, 12.99it/s, loss=0.4574, acc=73.14%, img/s=412.2, eta=0.0m]
[36m(ClientAppActor pid=9750)[0m 
Epoch 1/1:  57%|█████▋    | 36/63 [00:02<00:02, 12.99it/s, loss=0.5587, acc=73.11%, img/s=412.1, eta=0.0m]
Epoch 1/1:  60%|██████    | 38/63 [00:02<00:01, 12.93it/s, loss=0.5587, acc=73.11%, img/s=412.1, eta=0.0m]
[36m(ClientAppActor pid=9750)[0m 
Epoch 1/1:  60%|██████    | 38/63 [00:03<00:01, 12.93it/s, loss=0.4864, acc=73.16%, img/s=412.1, eta=0.0m]
[36m(ClientAppActor pid=9750)[0m 
Epoch 1/1:  60%|██████    | 38/63 [00:03<00:01, 12.93it/s, loss=0.5012, acc=73.20%, img/s=411.8, eta=0.0m]
Epoch 1/1:  63%|██████▎   | 40/63 [00:03<00:01, 12.85it/s, loss=0.5012, acc=73.20%, img/s=411.8, eta=0.0m]
[36m(ClientAppActor pid=9750)[0m 
Epoch 1/1:  63%|██████▎   | 40/63 [00:03<00:01, 12.85it/s, loss=0.5179, acc=73.25%, img/s=411.8, eta=0.0m]
[36m(ClientAppActor pid=9750)[0m 
Epoch 1/1:  63%|██████▎   | 40/63 [00:03<00:01, 12.85it/s, loss=0.4481, acc=73.44%, img/s=411.8, eta=0.0m]
Epoch 1/1:  67%|██████▋   | 42/63 [00:03<00:01, 12.86it/s, loss=0.4481, acc=73.44%, img/s=411.8, eta=0.0m]
[36m(ClientAppActor pid=9750)[0m 
Epoch 1/1:  67%|██████▋   | 42/63 [00:03<00:01, 12.86it/s, loss=0.5505, acc=73.62%, img/s=412.1, eta=0.0m]
Epoch 1/1:  67%|██████▋   | 42/63 [00:03<00:01, 12.86it/s, loss=0.4532, acc=73.79%, img/s=412.1, eta=0.0m]
Epoch 1/1:  70%|██████▉   | 44/63 [00:03<00:01, 12.93it/s, loss=0.4532, acc=73.79%, img/s=412.1, eta=0.0m]
[36m(ClientAppActor pid=9750)[0m 
Epoch 1/1:  70%|██████▉   | 44/63 [00:03<00:01, 12.93it/s, loss=0.4148, acc=73.96%, img/s=412.2, eta=0.0m]
[36m(ClientAppActor pid=9750)[0m 
Epoch 1/1:  70%|██████▉   | 44/63 [00:03<00:01, 12.93it/s, loss=0.4792, acc=73.91%, img/s=412.1, eta=0.0m]
Epoch 1/1:  73%|███████▎  | 46/63 [00:03<00:01, 12.91it/s, loss=0.4792, acc=73.91%, img/s=412.1, eta=0.0m]
[36m(ClientAppActor pid=9750)[0m 
Epoch 1/1:  73%|███████▎  | 46/63 [00:03<00:01, 12.91it/s, loss=0.4492, acc=74.00%, img/s=412.2, eta=0.0m]
Epoch 1/1:  73%|███████▎  | 46/63 [00:03<00:01, 12.91it/s, loss=0.5949, acc=73.70%, img/s=412.4, eta=0.0m]
Epoch 1/1:  76%|███████▌  | 48/63 [00:03<00:01, 12.97it/s, loss=0.5949, acc=73.70%, img/s=412.4, eta=0.0m]
[36m(ClientAppActor pid=9750)[0m 
Epoch 1/1:  76%|███████▌  | 48/63 [00:03<00:01, 12.97it/s, loss=0.4020, acc=74.04%, img/s=412.4, eta=0.0m]
[36m(ClientAppActor pid=9750)[0m 
Epoch 1/1:  76%|███████▌  | 48/63 [00:03<00:01, 12.97it/s, loss=0.5821, acc=74.06%, img/s=412.3, eta=0.0m]
Epoch 1/1:  79%|███████▉  | 50/63 [00:03<00:01, 12.92it/s, loss=0.5821, acc=74.06%, img/s=412.3, eta=0.0m]
[36m(ClientAppActor pid=9750)[0m 
Epoch 1/1:  79%|███████▉  | 50/63 [00:03<00:01, 12.92it/s, loss=0.6461, acc=73.77%, img/s=412.3, eta=0.0m]
Epoch 1/1:  79%|███████▉  | 50/63 [00:04<00:01, 12.92it/s, loss=0.6159, acc=73.86%, img/s=412.2, eta=0.0m]
Epoch 1/1:  83%|████████▎ | 52/63 [00:04<00:00, 12.87it/s, loss=0.6159, acc=73.86%, img/s=412.2, eta=0.0m]
[36m(ClientAppActor pid=9750)[0m 
Epoch 1/1:  83%|████████▎ | 52/63 [00:04<00:00, 12.87it/s, loss=0.6125, acc=73.76%, img/s=412.0, eta=0.0m]
[36m(ClientAppActor pid=9750)[0m 
Epoch 1/1:  83%|████████▎ | 52/63 [00:04<00:00, 12.87it/s, loss=0.5406, acc=73.73%, img/s=411.9, eta=0.0m]
Epoch 1/1:  86%|████████▌ | 54/63 [00:04<00:00, 12.81it/s, loss=0.5406, acc=73.73%, img/s=411.9, eta=0.0m]
[36m(ClientAppActor pid=9750)[0m 
Epoch 1/1:  86%|████████▌ | 54/63 [00:04<00:00, 12.81it/s, loss=0.5041, acc=73.75%, img/s=411.9, eta=0.0m]
[36m(ClientAppActor pid=9750)[0m 
Epoch 1/1:  86%|████████▌ | 54/63 [00:04<00:00, 12.81it/s, loss=0.5836, acc=73.66%, img/s=411.9, eta=0.0m]
Epoch 1/1:  89%|████████▉ | 56/63 [00:04<00:00, 12.82it/s, loss=0.5836, acc=73.66%, img/s=411.9, eta=0.0m]
Epoch 1/1:  89%|████████▉ | 56/63 [00:04<00:00, 12.82it/s, loss=0.4439, acc=73.79%, img/s=411.9, eta=0.0m]
[36m(ClientAppActor pid=9750)[0m 
Epoch 1/1:  89%|████████▉ | 56/63 [00:04<00:00, 12.82it/s, loss=0.3203, acc=74.14%, img/s=411.9, eta=0.0m]
Epoch 1/1:  92%|█████████▏| 58/63 [00:04<00:00, 12.85it/s, loss=0.3203, acc=74.14%, img/s=411.9, eta=0.0m]
[36m(ClientAppActor pid=9750)[0m 
Epoch 1/1:  92%|█████████▏| 58/63 [00:04<00:00, 12.85it/s, loss=0.7010, acc=73.94%, img/s=411.9, eta=0.0m]
[36m(ClientAppActor pid=9750)[0m 
Epoch 1/1:  92%|█████████▏| 58/63 [00:04<00:00, 12.85it/s, loss=0.5536, acc=74.01%, img/s=412.0, eta=0.0m]
Epoch 1/1:  95%|█████████▌| 60/63 [00:04<00:00, 12.89it/s, loss=0.5536, acc=74.01%, img/s=412.0, eta=0.0m]
Epoch 1/1:  95%|█████████▌| 60/63 [00:04<00:00, 12.89it/s, loss=0.5126, acc=74.08%, img/s=411.9, eta=0.0m]
[36m(ClientAppActor pid=9750)[0m 
Epoch 1/1:  95%|█████████▌| 60/63 [00:04<00:00, 12.89it/s, loss=0.5503, acc=74.04%, img/s=411.9, eta=0.0m]
Epoch 1/1:  98%|█████████▊| 62/63 [00:04<00:00, 12.83it/s, loss=0.5503, acc=74.04%, img/s=411.9, eta=0.0m]
[36m(ClientAppActor pid=9750)[0m 
Epoch 1/1:  98%|█████████▊| 62/63 [00:04<00:00, 12.83it/s, loss=0.5646, acc=73.85%, img/s=207.5, eta=0.0m]
Epoch 1/1: 100%|██████████| 63/63 [00:04<00:00, 12.97it/s, loss=0.5646, acc=73.85%, img/s=207.5, eta=0.0m]
[92mINFO [0m:      aggregate_fit: received 5 results and 0 failures
[92mINFO [0m:      configure_evaluate: strategy sampled 5 clients (out of 5)
[36m(ClientAppActor pid=9750)[0m 
Testing:   0%|          | 0/4 [00:00<?, ?it/s]
[36m(ClientAppActor pid=9750)[0m 
Testing:  50%|█████     | 2/4 [00:00<00:00, 17.37it/s]
[36m(ClientAppActor pid=9750)[0m 
Testing: 100%|██████████| 4/4 [00:00<00:00, 22.07it/s]
[36m(ClientAppActor pid=9750)[0m 
Testing:   0%|          | 0/4 [00:00<?, ?it/s]
[36m(ClientAppActor pid=9750)[0m 
Testing:  50%|█████     | 2/4 [00:00<00:00, 15.62it/s]
[36m(ClientAppActor pid=9750)[0m 
Testing: 100%|██████████| 4/4 [00:00<00:00, 20.34it/s]
[36m(ClientAppActor pid=9750)[0m 
Testing:   0%|          | 0/4 [00:00<?, ?it/s]
[36m(ClientAppActor pid=9750)[0m 
Testing:  50%|█████     | 2/4 [00:00<00:00, 16.49it/s]
[36m(ClientAppActor pid=9750)[0m 
Testing: 100%|██████████| 4/4 [00:00<00:00, 21.17it/s]
[36m(ClientAppActor pid=9750)[0m 
Testing:   0%|          | 0/4 [00:00<?, ?it/s]
[36m(ClientAppActor pid=9750)[0m 
Testing:  50%|█████     | 2/4 [00:00<00:00, 15.34it/s]
[36m(ClientAppActor pid=9750)[0m 
Testing: 100%|██████████| 4/4 [00:00<00:00, 20.04it/s]
[36m(ClientAppActor pid=9750)[0m 
Testing:   0%|          | 0/4 [00:00<?, ?it/s]
[36m(ClientAppActor pid=9750)[0m 
Testing:  50%|█████     | 2/4 [00:00<00:00, 16.73it/s]
Testing: 100%|██████████| 4/4 [00:00<00:00, 21.46it/s]
[92mINFO [0m:      aggregate_evaluate: received 5 results and 0 failures
[92mINFO [0m:      
[92mINFO [0m:      [ROUND 4]
[92mINFO [0m:      configure_fit: strategy sampled 5 clients (out of 5)
[36m(ClientAppActor pid=9750)[0m 
Epoch 1/1:   0%|          | 0/63 [00:00<?, ?it/s]
Epoch 1/1:   0%|          | 0/63 [00:00<?, ?it/s, loss=0.5269, acc=78.12%, img/s=372.9, eta=0.1m]
[36m(ClientAppActor pid=9750)[0m 
Epoch 1/1:   0%|          | 0/63 [00:00<?, ?it/s, loss=0.6332, acc=73.44%, img/s=385.5, eta=0.1m]
Epoch 1/1:   3%|▎         | 2/63 [00:00<00:05, 12.05it/s, loss=0.6332, acc=73.44%, img/s=385.5, eta=0.1m]
[36m(ClientAppActor pid=9750)[0m 
Epoch 1/1:   3%|▎         | 2/63 [00:00<00:05, 12.05it/s, loss=0.4699, acc=73.96%, img/s=388.6, eta=0.1m]
[36m(ClientAppActor pid=9750)[0m 
Epoch 1/1:   3%|▎         | 2/63 [00:00<00:05, 12.05it/s, loss=0.5607, acc=73.44%, img/s=392.3, eta=0.1m]
Epoch 1/1:   6%|▋         | 4/63 [00:00<00:04, 12.30it/s, loss=0.5607, acc=73.44%, img/s=392.3, eta=0.1m]
[36m(ClientAppActor pid=9750)[0m 
Epoch 1/1:   6%|▋         | 4/63 [00:00<00:04, 12.30it/s, loss=0.4058, acc=75.62%, img/s=396.7, eta=0.1m]
Epoch 1/1:   6%|▋         | 4/63 [00:00<00:04, 12.30it/s, loss=0.4661, acc=76.04%, img/s=397.9, eta=0.1m]
Epoch 1/1:  10%|▉         | 6/63 [00:00<00:04, 12.52it/s, loss=0.4661, acc=76.04%, img/s=397.9, eta=0.1m]
[36m(ClientAppActor pid=9750)[0m 
Epoch 1/1:  10%|▉         | 6/63 [00:00<00:04, 12.52it/s, loss=0.5049, acc=75.45%, img/s=398.1, eta=0.1m]
[36m(ClientAppActor pid=9750)[0m 
Epoch 1/1:  10%|▉         | 6/63 [00:00<00:04, 12.52it/s, loss=0.5333, acc=75.00%, img/s=398.0, eta=0.1m]
Epoch 1/1:  13%|█▎        | 8/63 [00:00<00:04, 12.49it/s, loss=0.5333, acc=75.00%, img/s=398.0, eta=0.1m]
[36m(ClientAppActor pid=9750)[0m 
Epoch 1/1:  13%|█▎        | 8/63 [00:00<00:04, 12.49it/s, loss=0.4789, acc=75.35%, img/s=399.6, eta=0.1m]
Epoch 1/1:  13%|█▎        | 8/63 [00:00<00:04, 12.49it/s, loss=0.4512, acc=75.62%, img/s=400.9, eta=0.1m]
Epoch 1/1:  16%|█▌        | 10/63 [00:00<00:04, 12.64it/s, loss=0.4512, acc=75.62%, img/s=400.9, eta=0.1m]
[36m(ClientAppActor pid=9750)[0m 
Epoch 1/1:  16%|█▌        | 10/63 [00:00<00:04, 12.64it/s, loss=0.3186, acc=76.42%, img/s=401.4, eta=0.1m]
[36m(ClientAppActor pid=9750)[0m 
Epoch 1/1:  16%|█▌        | 10/63 [00:00<00:04, 12.64it/s, loss=0.4197, acc=76.56%, img/s=402.3, eta=0.1m]
Epoch 1/1:  19%|█▉        | 12/63 [00:00<00:04, 12.69it/s, loss=0.4197, acc=76.56%, img/s=402.3, eta=0.1m]
[36m(ClientAppActor pid=9750)[0m 
Epoch 1/1:  19%|█▉        | 12/63 [00:01<00:04, 12.69it/s, loss=0.6400, acc=75.24%, img/s=402.5, eta=0.1m]
[36m(ClientAppActor pid=9750)[0m 
Epoch 1/1:  19%|█▉        | 12/63 [00:01<00:04, 12.69it/s, loss=0.3591, acc=75.89%, img/s=403.8, eta=0.1m]
Epoch 1/1:  22%|██▏       | 14/63 [00:01<00:03, 12.76it/s, loss=0.3591, acc=75.89%, img/s=403.8, eta=0.1m]
[36m(ClientAppActor pid=9750)[0m 
Epoch 1/1:  22%|██▏       | 14/63 [00:01<00:03, 12.76it/s, loss=0.5599, acc=75.62%, img/s=404.0, eta=0.1m]
[36m(ClientAppActor pid=9750)[0m 
Epoch 1/1:  22%|██▏       | 14/63 [00:01<00:03, 12.76it/s, loss=0.4080, acc=75.59%, img/s=404.0, eta=0.1m]
Epoch 1/1:  25%|██▌       | 16/63 [00:01<00:03, 12.73it/s, loss=0.4080, acc=75.59%, img/s=404.0, eta=0.1m]
[36m(ClientAppActor pid=9750)[0m 
Epoch 1/1:  25%|██▌       | 16/63 [00:01<00:03, 12.73it/s, loss=0.3250, acc=76.47%, img/s=403.9, eta=0.1m]
[36m(ClientAppActor pid=9750)[0m 
Epoch 1/1:  25%|██▌       | 16/63 [00:01<00:03, 12.73it/s, loss=0.5434, acc=76.39%, img/s=405.0, eta=0.1m]
Epoch 1/1:  29%|██▊       | 18/63 [00:01<00:03, 12.79it/s, loss=0.5434, acc=76.39%, img/s=405.0, eta=0.1m]
Epoch 1/1:  29%|██▊       | 18/63 [00:01<00:03, 12.79it/s, loss=0.3413, acc=76.97%, img/s=404.9, eta=0.1m]
[36m(ClientAppActor pid=9750)[0m 
Epoch 1/1:  29%|██▊       | 18/63 [00:01<00:03, 12.79it/s, loss=0.6963, acc=76.56%, img/s=404.9, eta=0.1m]
Epoch 1/1:  32%|███▏      | 20/63 [00:01<00:03, 12.73it/s, loss=0.6963, acc=76.56%, img/s=404.9, eta=0.1m]
[36m(ClientAppActor pid=9750)[0m 
Epoch 1/1:  32%|███▏      | 20/63 [00:01<00:03, 12.73it/s, loss=0.5269, acc=76.34%, img/s=405.6, eta=0.1m]
[36m(ClientAppActor pid=9750)[0m 
Epoch 1/1:  32%|███▏      | 20/63 [00:01<00:03, 12.73it/s, loss=0.7686, acc=75.85%, img/s=406.4, eta=0.1m]
Epoch 1/1:  35%|███▍      | 22/63 [00:01<00:03, 12.87it/s, loss=0.7686, acc=75.85%, img/s=406.4, eta=0.1m]
Epoch 1/1:  35%|███▍      | 22/63 [00:01<00:03, 12.87it/s, loss=0.4276, acc=75.82%, img/s=406.8, eta=0.1m]
[36m(ClientAppActor pid=9750)[0m 
Epoch 1/1:  35%|███▍      | 22/63 [00:01<00:03, 12.87it/s, loss=0.4634, acc=75.91%, img/s=407.0, eta=0.1m]
Epoch 1/1:  38%|███▊      | 24/63 [00:01<00:03, 12.89it/s, loss=0.4634, acc=75.91%, img/s=407.0, eta=0.1m]
[36m(ClientAppActor pid=9750)[0m 
Epoch 1/1:  38%|███▊      | 24/63 [00:01<00:03, 12.89it/s, loss=0.6521, acc=75.25%, img/s=406.8, eta=0.0m]
[36m(ClientAppActor pid=9750)[0m 
Epoch 1/1:  38%|███▊      | 24/63 [00:02<00:03, 12.89it/s, loss=0.5613, acc=75.36%, img/s=406.3, eta=0.0m]
Epoch 1/1:  41%|████▏     | 26/63 [00:02<00:02, 12.75it/s, loss=0.5613, acc=75.36%, img/s=406.3, eta=0.0m]
[36m(ClientAppActor pid=9750)[0m 
Epoch 1/1:  41%|████▏     | 26/63 [00:02<00:02, 12.75it/s, loss=0.5270, acc=75.58%, img/s=406.6, eta=0.0m]
[36m(ClientAppActor pid=9750)[0m 
Epoch 1/1:  41%|████▏     | 26/63 [00:02<00:02, 12.75it/s, loss=0.3727, acc=76.00%, img/s=406.8, eta=0.0m]
Epoch 1/1:  44%|████▍     | 28/63 [00:02<00:02, 12.80it/s, loss=0.3727, acc=76.00%, img/s=406.8, eta=0.0m]
[36m(ClientAppActor pid=9750)[0m 
Epoch 1/1:  44%|████▍     | 28/63 [00:02<00:02, 12.80it/s, loss=0.4351, acc=76.08%, img/s=407.0, eta=0.0m]
[36m(ClientAppActor pid=9750)[0m 
Epoch 1/1:  44%|████▍     | 28/63 [00:02<00:02, 12.80it/s, loss=0.4487, acc=76.25%, img/s=407.5, eta=0.0m]
Epoch 1/1:  48%|████▊     | 30/63 [00:02<00:02, 12.87it/s, loss=0.4487, acc=76.25%, img/s=407.5, eta=0.0m]
[36m(ClientAppActor pid=9750)[0m 
Epoch 1/1:  48%|████▊     | 30/63 [00:02<00:02, 12.87it/s, loss=0.3172, acc=76.81%, img/s=408.0, eta=0.0m]
Epoch 1/1:  48%|████▊     | 30/63 [00:02<00:02, 12.87it/s, loss=0.4662, acc=76.95%, img/s=408.1, eta=0.0m]
Epoch 1/1:  51%|█████     | 32/63 [00:02<00:02, 12.92it/s, loss=0.4662, acc=76.95%, img/s=408.1, eta=0.0m]
[36m(ClientAppActor pid=9750)[0m 
Epoch 1/1:  51%|█████     | 32/63 [00:02<00:02, 12.92it/s, loss=0.3984, acc=77.18%, img/s=408.1, eta=0.0m]
[36m(ClientAppActor pid=9750)[0m 
Epoch 1/1:  51%|█████     | 32/63 [00:02<00:02, 12.92it/s, loss=0.5466, acc=77.21%, img/s=408.1, eta=0.0m]
Epoch 1/1:  54%|█████▍    | 34/63 [00:02<00:02, 12.87it/s, loss=0.5466, acc=77.21%, img/s=408.1, eta=0.0m]
[36m(ClientAppActor pid=9750)[0m 
Epoch 1/1:  54%|█████▍    | 34/63 [00:02<00:02, 12.87it/s, loss=0.4686, acc=77.14%, img/s=408.2, eta=0.0m]
Epoch 1/1:  54%|█████▍    | 34/63 [00:02<00:02, 12.87it/s, loss=0.4728, acc=77.17%, img/s=408.6, eta=0.0m]
Epoch 1/1:  57%|█████▋    | 36/63 [00:02<00:02, 12.92it/s, loss=0.4728, acc=77.17%, img/s=408.6, eta=0.0m]
[36m(ClientAppActor pid=9750)[0m 
Epoch 1/1:  57%|█████▋    | 36/63 [00:02<00:02, 12.92it/s, loss=0.3248, acc=77.36%, img/s=408.3, eta=0.0m]
[36m(ClientAppActor pid=9750)[0m 
Epoch 1/1:  57%|█████▋    | 36/63 [00:02<00:02, 12.92it/s, loss=0.4581, acc=77.14%, img/s=408.2, eta=0.0m]
Epoch 1/1:  60%|██████    | 38/63 [00:02<00:01, 12.81it/s, loss=0.4581, acc=77.14%, img/s=408.2, eta=0.0m]
[36m(ClientAppActor pid=9750)[0m 
Epoch 1/1:  60%|██████    | 38/63 [00:03<00:01, 12.81it/s, loss=0.4499, acc=77.16%, img/s=408.4, eta=0.0m]
Epoch 1/1:  60%|██████    | 38/63 [00:03<00:01, 12.81it/s, loss=0.4394, acc=77.19%, img/s=408.5, eta=0.0m]
Epoch 1/1:  63%|██████▎   | 40/63 [00:03<00:01, 12.84it/s, loss=0.4394, acc=77.19%, img/s=408.5, eta=0.0m]
[36m(ClientAppActor pid=9750)[0m 
Epoch 1/1:  63%|██████▎   | 40/63 [00:03<00:01, 12.84it/s, loss=0.3211, acc=77.44%, img/s=408.4, eta=0.0m]
[36m(ClientAppActor pid=9750)[0m 
Epoch 1/1:  63%|██████▎   | 40/63 [00:03<00:01, 12.84it/s, loss=0.5668, acc=77.31%, img/s=408.4, eta=0.0m]
Epoch 1/1:  67%|██████▋   | 42/63 [00:03<00:01, 12.80it/s, loss=0.5668, acc=77.31%, img/s=408.4, eta=0.0m]
[36m(ClientAppActor pid=9750)[0m 
Epoch 1/1:  67%|██████▋   | 42/63 [00:03<00:01, 12.80it/s, loss=0.5184, acc=77.47%, img/s=408.5, eta=0.0m]
Epoch 1/1:  67%|██████▋   | 42/63 [00:03<00:01, 12.80it/s, loss=0.5239, acc=77.34%, img/s=408.8, eta=0.0m]
Epoch 1/1:  70%|██████▉   | 44/63 [00:03<00:01, 12.88it/s, loss=0.5239, acc=77.34%, img/s=408.8, eta=0.0m]
[36m(ClientAppActor pid=9750)[0m 
Epoch 1/1:  70%|██████▉   | 44/63 [00:03<00:01, 12.88it/s, loss=0.4351, acc=77.43%, img/s=408.8, eta=0.0m]
[36m(ClientAppActor pid=9750)[0m 
Epoch 1/1:  70%|██████▉   | 44/63 [00:03<00:01, 12.88it/s, loss=0.4339, acc=77.51%, img/s=408.9, eta=0.0m]
Epoch 1/1:  73%|███████▎  | 46/63 [00:03<00:01, 12.86it/s, loss=0.4339, acc=77.51%, img/s=408.9, eta=0.0m]
[36m(ClientAppActor pid=9750)[0m 
Epoch 1/1:  73%|███████▎  | 46/63 [00:03<00:01, 12.86it/s, loss=0.6633, acc=77.33%, img/s=408.9, eta=0.0m]
[36m(ClientAppActor pid=9750)[0m 
Epoch 1/1:  73%|███████▎  | 46/63 [00:03<00:01, 12.86it/s, loss=0.5294, acc=77.28%, img/s=409.1, eta=0.0m]
Epoch 1/1:  76%|███████▌  | 48/63 [00:03<00:01, 12.90it/s, loss=0.5294, acc=77.28%, img/s=409.1, eta=0.0m]
Epoch 1/1:  76%|███████▌  | 48/63 [00:03<00:01, 12.90it/s, loss=0.5900, acc=77.17%, img/s=409.2, eta=0.0m]
[36m(ClientAppActor pid=9750)[0m 
Epoch 1/1:  76%|███████▌  | 48/63 [00:03<00:01, 12.90it/s, loss=0.4520, acc=77.31%, img/s=409.1, eta=0.0m]
Epoch 1/1:  79%|███████▉  | 50/63 [00:03<00:01, 12.86it/s, loss=0.4520, acc=77.31%, img/s=409.1, eta=0.0m]
[36m(ClientAppActor pid=9750)[0m 
Epoch 1/1:  79%|███████▉  | 50/63 [00:03<00:01, 12.86it/s, loss=0.4672, acc=77.39%, img/s=409.2, eta=0.0m]
[36m(ClientAppActor pid=9750)[0m 
Epoch 1/1:  79%|███████▉  | 50/63 [00:04<00:01, 12.86it/s, loss=0.4578, acc=77.34%, img/s=409.4, eta=0.0m]
Epoch 1/1:  83%|████████▎ | 52/63 [00:04<00:00, 12.91it/s, loss=0.4578, acc=77.34%, img/s=409.4, eta=0.0m]
Epoch 1/1:  83%|████████▎ | 52/63 [00:04<00:00, 12.91it/s, loss=0.4265, acc=77.42%, img/s=409.4, eta=0.0m]
[36m(ClientAppActor pid=9750)[0m 
Epoch 1/1:  83%|████████▎ | 52/63 [00:04<00:00, 12.91it/s, loss=0.5735, acc=77.20%, img/s=409.5, eta=0.0m]
Epoch 1/1:  86%|████████▌ | 54/63 [00:04<00:00, 12.89it/s, loss=0.5735, acc=77.20%, img/s=409.5, eta=0.0m]
[36m(ClientAppActor pid=9750)[0m 
Epoch 1/1:  86%|████████▌ | 54/63 [00:04<00:00, 12.89it/s, loss=0.5170, acc=77.10%, img/s=409.3, eta=0.0m]
[36m(ClientAppActor pid=9750)[0m 
Epoch 1/1:  86%|████████▌ | 54/63 [00:04<00:00, 12.89it/s, loss=0.5992, acc=76.95%, img/s=409.4, eta=0.0m]
Epoch 1/1:  89%|████████▉ | 56/63 [00:04<00:00, 12.85it/s, loss=0.5992, acc=76.95%, img/s=409.4, eta=0.0m]
Epoch 1/1:  89%|████████▉ | 56/63 [00:04<00:00, 12.85it/s, loss=0.4695, acc=77.03%, img/s=409.5, eta=0.0m]
[36m(ClientAppActor pid=9750)[0m 
Epoch 1/1:  89%|████████▉ | 56/63 [00:04<00:00, 12.85it/s, loss=0.4904, acc=76.99%, img/s=409.6, eta=0.0m]
Epoch 1/1:  92%|█████████▏| 58/63 [00:04<00:00, 12.87it/s, loss=0.4904, acc=76.99%, img/s=409.6, eta=0.0m]
[36m(ClientAppActor pid=9750)[0m 
Epoch 1/1:  92%|█████████▏| 58/63 [00:04<00:00, 12.87it/s, loss=0.5153, acc=76.96%, img/s=409.4, eta=0.0m]
[36m(ClientAppActor pid=9750)[0m 
Epoch 1/1:  92%|█████████▏| 58/63 [00:04<00:00, 12.87it/s, loss=0.4490, acc=77.03%, img/s=409.3, eta=0.0m]
Epoch 1/1:  95%|█████████▌| 60/63 [00:04<00:00, 12.77it/s, loss=0.4490, acc=77.03%, img/s=409.3, eta=0.0m]
[36m(ClientAppActor pid=9750)[0m 
Epoch 1/1:  95%|█████████▌| 60/63 [00:04<00:00, 12.77it/s, loss=0.4351, acc=77.05%, img/s=409.3, eta=0.0m]
Epoch 1/1:  95%|█████████▌| 60/63 [00:04<00:00, 12.77it/s, loss=0.4444, acc=77.12%, img/s=409.5, eta=0.0m]
Epoch 1/1:  98%|█████████▊| 62/63 [00:04<00:00, 12.83it/s, loss=0.4444, acc=77.12%, img/s=409.5, eta=0.0m]
[36m(ClientAppActor pid=9750)[0m Train Images: 2000
[36m(ClientAppActor pid=9750)[0m Test Images : 100
[36m(ClientAppActor pid=9750)[0m Validate Images : 100
[36m(ClientAppActor pid=9750)[0m Client 3 starting fit...
[36m(ClientAppActor pid=9750)[0m Client 3 starting training...
[36m(ClientAppActor pid=9750)[0m START classifier norm: 0.8092459440231323
[36m(ClientAppActor pid=9750)[0m 
[36m(ClientAppActor pid=9750)[0m Batch 0/63
[36m(ClientAppActor pid=9750)[0m GPU Allocated: 0.20 GB
[36m(ClientAppActor pid=9750)[0m GPU Reserved : 0.75 GB
[36m(ClientAppActor pid=9750)[0m 
[36m(ClientAppActor pid=9750)[0m ==================================================
[36m(ClientAppActor pid=9750)[0m Epoch 1 Complete
[36m(ClientAppActor pid=9750)[0m Average Loss : 0.5354
[36m(ClientAppActor pid=9750)[0m Accuracy     : 73.85%
[36m(ClientAppActor pid=9750)[0m Time         : 4.86s
[36m(ClientAppActor pid=9750)[0m Images       : 2000
[36m(ClientAppActor pid=9750)[0m Images/sec   : 411.61
[36m(ClientAppActor pid=9750)[0m GPU Allocated: 0.20 GB
[36m(ClientAppActor pid=9750)[0m GPU Reserved : 0.75 GB
[36m(ClientAppActor pid=9750)[0m ==================================================
[36m(ClientAppActor pid=9750)[0m END classifier norm: 0.8095261454582214
[36m(ClientAppActor pid=9750)[0m Client 3 finished training
[36m(ClientAppActor pid=9750)[0m Client 3 extracting parameters...
[36m(ClientAppActor pid=9750)[0m Client 3 parameter extraction complete
[36m(ClientAppActor pid=9750)[0m Client 3 returning results

Round 3: results=5, failures=0
Saved: saved_models/global_model_round_3.pth
Round 3: model saved successfully
[36m(ClientAppActor pid=9750)[0m Client 3 using cuda
[36m(ClientAppActor pid=9750)[0m {'fake': 0, 'real': 1}
[36m(ClientAppActor pid=9750)[0m [DEBUG MODE] Train=2000, Val=100, Test=100
[36m(ClientAppActor pid=9750)[0m 
[36m(ClientAppActor pid=9750)[0m Client 3 Class Distribution
[36m(ClientAppActor pid=9750)[0m Train: Counter({1: 1024, 0: 976})
[36m(ClientAppActor pid=9750)[0m Val  : Counter({1: 54, 0: 46})
[36m(ClientAppActor pid=9750)[0m Test : Counter({1: 50, 0: 50})
[36m(ClientAppActor pid=9750)[0m Client 3
[36m(ClientAppActor pid=9750)[0m Train Images: 2000
[36m(ClientAppActor pid=9750)[0m Test Images : 100
[36m(ClientAppActor pid=9750)[0m Validate Images : 100
[36m(ClientAppActor pid=9750)[0m 
[36m(ClientAppActor pid=9750)[0m CLIENT 3 STARTING EVALUATION
[36m(ClientAppActor pid=9750)[0m Accuracy: 0.6300
[36m(ClientAppActor pid=9750)[0m 
[36m(ClientAppActor pid=9750)[0m CLIENT 3 EVALUATION COMPLETE
[36m(ClientAppActor pid=9750)[0m Client 5 using cuda
[36m(ClientAppActor pid=9750)[0m {'fake': 0, 'real': 1}
[36m(ClientAppActor pid=9750)[0m [DEBUG MODE] Train=2000, Val=100, Test=100
[36m(ClientAppActor pid=9750)[0m 
[36m(ClientAppActor pid=9750)[0m Client 5 Class Distribution
[36m(ClientAppActor pid=9750)[0m Train: Counter({0: 1014, 1: 986})
[36m(ClientAppActor pid=9750)[0m Val  : Counter({0: 56, 1: 44})
[36m(ClientAppActor pid=9750)[0m Test : Counter({0: 51, 1: 49})
[36m(ClientAppActor pid=9750)[0m Client 5
[36m(ClientAppActor pid=9750)[0m Train Images: 2000
[36m(ClientAppActor pid=9750)[0m Test Images : 100
[36m(ClientAppActor pid=9750)[0m Validate Images : 100
[36m(ClientAppActor pid=9750)[0m 
[36m(ClientAppActor pid=9750)[0m CLIENT 5 STARTING EVALUATION
[36m(ClientAppActor pid=9750)[0m Accuracy: 0.6000
[36m(ClientAppActor pid=9750)[0m 
[36m(ClientAppActor pid=9750)[0m CLIENT 5 EVALUATION COMPLETE
[36m(ClientAppActor pid=9750)[0m Client 2 using cuda
[36m(ClientAppActor pid=9750)[0m {'fake': 0, 'real': 1}
[36m(ClientAppActor pid=9750)[0m [DEBUG MODE] Train=2000, Val=100, Test=100
[36m(ClientAppActor pid=9750)[0m 
[36m(ClientAppActor pid=9750)[0m Client 2 Class Distribution
[36m(ClientAppActor pid=9750)[0m Train: Counter({0: 1012, 1: 988})
[36m(ClientAppActor pid=9750)[0m Val  : Counter({0: 60, 1: 40})
[36m(ClientAppActor pid=9750)[0m Test : Counter({0: 51, 1: 49})
[36m(ClientAppActor pid=9750)[0m Client 2
[36m(ClientAppActor pid=9750)[0m Train Images: 2000
[36m(ClientAppActor pid=9750)[0m Test Images : 100
[36m(ClientAppActor pid=9750)[0m Validate Images : 100
[36m(ClientAppActor pid=9750)[0m 
[36m(ClientAppActor pid=9750)[0m CLIENT 2 STARTING EVALUATION
[36m(ClientAppActor pid=9750)[0m Accuracy: 0.6700
[36m(ClientAppActor pid=9750)[0m 
[36m(ClientAppActor pid=9750)[0m CLIENT 2 EVALUATION COMPLETE
[36m(ClientAppActor pid=9750)[0m Client 4 using cuda
[36m(ClientAppActor pid=9750)[0m {'fake': 0, 'real': 1}
[36m(ClientAppActor pid=9750)[0m [DEBUG MODE] Train=2000, Val=100, Test=100
[36m(ClientAppActor pid=9750)[0m 
[36m(ClientAppActor pid=9750)[0m Client 4 Class Distribution
[36m(ClientAppActor pid=9750)[0m Train: Counter({0: 1013, 1: 987})
[36m(ClientAppActor pid=9750)[0m Val  : Counter({0: 56, 1: 44})
[36m(ClientAppActor pid=9750)[0m Test : Counter({1: 53, 0: 47})
[36m(ClientAppActor pid=9750)[0m Client 4
[36m(ClientAppActor pid=9750)[0m Train Images: 2000
[36m(ClientAppActor pid=9750)[0m Test Images : 100
[36m(ClientAppActor pid=9750)[0m Validate Images : 100
[36m(ClientAppActor pid=9750)[0m 
[36m(ClientAppActor pid=9750)[0m CLIENT 4 STARTING EVALUATION
[36m(ClientAppActor pid=9750)[0m Accuracy: 0.6500
[36m(ClientAppActor pid=9750)[0m 
[36m(ClientAppActor pid=9750)[0m CLIENT 4 EVALUATION COMPLETE
[36m(ClientAppActor pid=9750)[0m Client 1 using cuda
[36m(ClientAppActor pid=9750)[0m {'fake': 0, 'real': 1}
[36m(ClientAppActor pid=9750)[0m [DEBUG MODE] Train=2000, Val=100, Test=100
[36m(ClientAppActor pid=9750)[0m 
[36m(ClientAppActor pid=9750)[0m Client 1 Class Distribution
[36m(ClientAppActor pid=9750)[0m Train: Counter({1: 1011, 0: 989})
[36m(ClientAppActor pid=9750)[0m Val  : Counter({0: 55, 1: 45})
[36m(ClientAppActor pid=9750)[0m Test : Counter({0: 53, 1: 47})
[36m(ClientAppActor pid=9750)[0m Client 1
[36m(ClientAppActor pid=9750)[0m Train Images: 2000
[36m(ClientAppActor pid=9750)[0m Test Images : 100
[36m(ClientAppActor pid=9750)[0m Validate Images : 100
[36m(ClientAppActor pid=9750)[0m 
[36m(ClientAppActor pid=9750)[0m CLIENT 1 STARTING EVALUATION
[36m(ClientAppActor pid=9750)[0m Accuracy: 0.6900
[36m(ClientAppActor pid=9750)[0m 
[36m(ClientAppActor pid=9750)[0m CLIENT 1 EVALUATION COMPLETE
[36m(ClientAppActor pid=9750)[0m Client 4 using cuda
[36m(ClientAppActor pid=9750)[0m {'fake': 0, 'real': 1}
[36m(ClientAppActor pid=9750)[0m [DEBUG MODE] Train=2000, Val=100, Test=100
[36m(ClientAppActor pid=9750)[0m 
[36m(ClientAppActor pid=9750)[0m Client 4 Class Distribution
[36m(ClientAppActor pid=9750)[0m Train: Counter({0: 1013, 1: 987})
[36m(ClientAppActor pid=9750)[0m Val  : Counter({0: 56, 1: 44})
[36m(ClientAppActor pid=9750)[0m Test : Counter({1: 53, 0: 47})
[36m(ClientAppActor pid=9750)[0m Client 4
[36m(ClientAppActor pid=9750)[0m Train Images: 2000
[36m(ClientAppActor pid=9750)[0m Test Images : 100
[36m(ClientAppActor pid=9750)[0m Validate Images : 100
[36m(ClientAppActor pid=9750)[0m Client 4 starting fit...
[36m(ClientAppActor pid=9750)[0m Client 4 starting training...
[36m(ClientAppActor pid=9750)[0m START classifier norm: 0.8092856407165527
[36m(ClientAppActor pid=9750)[0m 
[36m(ClientAppActor pid=9750)[0m Batch 0/63
[36m(ClientAppActor pid=9750)[0m GPU Allocated: 0.20 GB
[36m(ClientAppActor pid=9750)[0m GPU Reserved : 0.75 GB
[36m(ClientAppActor pid=9750)[0m 
[36m(ClientAppActor pid=9750)[0m ==================================================
[36m(ClientAppActor pid=9750)[0m Epoch 1 Complete
[36m(ClientAppActor pid=9750)[0m Average Loss : 0.4842
[36m(ClientAppActor pid=9750)[0m Accuracy     : 77.15%
[36m(ClientAppActor pid=9750)[0m Time         : 4.89s
[36m(ClientAppActor pid=9750)[0m Images       : 2000
[36m(ClientAppActor pid=9750)[0m Images/sec   : 409.06
[36m(ClientAppActor pid=9750)[0m GPU Allocated: 0.20 GB
[36m(ClientAppActor pid=9750)[0m GPU Reserved : 0.75 GB
[36m(ClientAppActor pid=9750)[0m ==================================================
[36m(ClientAppActor pid=9750)[0m 
Epoch 1/1:  98%|█████████▊| 62/63 [00:04<00:00, 12.83it/s, loss=0.4555, acc=77.15%, img/s=206.2, eta=0.0m]
Epoch 1/1: 100%|██████████| 63/63 [00:04<00:00, 12.89it/s, loss=0.4555, acc=77.15%, img/s=206.2, eta=0.0m]
[36m(ClientAppActor pid=9750)[0m 
Epoch 1/1:   0%|          | 0/63 [00:00<?, ?it/s]
[36m(ClientAppActor pid=9750)[0m 
Epoch 1/1:   0%|          | 0/63 [00:00<?, ?it/s, loss=0.4912, acc=78.12%, img/s=399.1, eta=0.1m]
Epoch 1/1:   0%|          | 0/63 [00:00<?, ?it/s, loss=0.4956, acc=76.56%, img/s=408.2, eta=0.1m]
Epoch 1/1:   3%|▎         | 2/63 [00:00<00:04, 12.75it/s, loss=0.4956, acc=76.56%, img/s=408.2, eta=0.1m]
[36m(ClientAppActor pid=9750)[0m 
Epoch 1/1:   3%|▎         | 2/63 [00:00<00:04, 12.75it/s, loss=0.3658, acc=79.17%, img/s=406.9, eta=0.1m]
[36m(ClientAppActor pid=9750)[0m 
Epoch 1/1:   3%|▎         | 2/63 [00:00<00:04, 12.75it/s, loss=0.4314, acc=78.12%, img/s=406.3, eta=0.1m]
Epoch 1/1:   6%|▋         | 4/63 [00:00<00:04, 12.69it/s, loss=0.4314, acc=78.12%, img/s=406.3, eta=0.1m]
[36m(ClientAppActor pid=9750)[0m 
Epoch 1/1:   6%|▋         | 4/63 [00:00<00:04, 12.69it/s, loss=0.4396, acc=78.12%, img/s=407.0, eta=0.1m]
[36m(ClientAppActor pid=9750)[0m 
Epoch 1/1:   6%|▋         | 4/63 [00:00<00:04, 12.69it/s, loss=0.4146, acc=79.17%, img/s=403.4, eta=0.1m]
Epoch 1/1:  10%|▉         | 6/63 [00:00<00:04, 12.56it/s, loss=0.4146, acc=79.17%, img/s=403.4, eta=0.1m]
Epoch 1/1:  10%|▉         | 6/63 [00:00<00:04, 12.56it/s, loss=0.5240, acc=77.23%, img/s=404.6, eta=0.1m]
[36m(ClientAppActor pid=9750)[0m 
Epoch 1/1:  10%|▉         | 6/63 [00:00<00:04, 12.56it/s, loss=0.5228, acc=76.17%, img/s=404.8, eta=0.1m]
Epoch 1/1:  13%|█▎        | 8/63 [00:00<00:04, 12.65it/s, loss=0.5228, acc=76.17%, img/s=404.8, eta=0.1m]
[36m(ClientAppActor pid=9750)[0m 
Epoch 1/1:  13%|█▎        | 8/63 [00:00<00:04, 12.65it/s, loss=0.4356, acc=77.08%, img/s=405.3, eta=0.1m]
[36m(ClientAppActor pid=9750)[0m 
Epoch 1/1:  13%|█▎        | 8/63 [00:00<00:04, 12.65it/s, loss=0.3696, acc=77.81%, img/s=405.8, eta=0.1m]
Epoch 1/1:  16%|█▌        | 10/63 [00:00<00:04, 12.71it/s, loss=0.3696, acc=77.81%, img/s=405.8, eta=0.1m]
Epoch 1/1:  16%|█▌        | 10/63 [00:00<00:04, 12.71it/s, loss=0.6921, acc=76.99%, img/s=407.9, eta=0.1m]
[36m(ClientAppActor pid=9750)[0m 
Epoch 1/1:  16%|█▌        | 10/63 [00:00<00:04, 12.71it/s, loss=0.6507, acc=76.56%, img/s=408.0, eta=0.1m]
Epoch 1/1:  19%|█▉        | 12/63 [00:00<00:03, 12.84it/s, loss=0.6507, acc=76.56%, img/s=408.0, eta=0.1m]
[36m(ClientAppActor pid=9750)[0m 
Epoch 1/1:  19%|█▉        | 12/63 [00:01<00:03, 12.84it/s, loss=0.3480, acc=77.16%, img/s=407.6, eta=0.1m]
[36m(ClientAppActor pid=9750)[0m 
Epoch 1/1:  19%|█▉        | 12/63 [00:01<00:03, 12.84it/s, loss=0.4916, acc=76.79%, img/s=407.6, eta=0.1m]
Epoch 1/1:  22%|██▏       | 14/63 [00:01<00:03, 12.78it/s, loss=0.4916, acc=76.79%, img/s=407.6, eta=0.1m]
Epoch 1/1:  22%|██▏       | 14/63 [00:01<00:03, 12.78it/s, loss=0.3592, acc=77.50%, img/s=407.7, eta=0.1m]
[36m(ClientAppActor pid=9750)[0m 
Epoch 1/1:  22%|██▏       | 14/63 [00:01<00:03, 12.78it/s, loss=0.4585, acc=77.73%, img/s=408.2, eta=0.1m]
Epoch 1/1:  25%|██▌       | 16/63 [00:01<00:03, 12.82it/s, loss=0.4585, acc=77.73%, img/s=408.2, eta=0.1m]
[36m(ClientAppActor pid=9750)[0m 
Epoch 1/1:  25%|██▌       | 16/63 [00:01<00:03, 12.82it/s, loss=0.6499, acc=76.65%, img/s=408.0, eta=0.1m]
[36m(ClientAppActor pid=9750)[0m 
Epoch 1/1:  25%|██▌       | 16/63 [00:01<00:03, 12.82it/s, loss=0.5866, acc=76.39%, img/s=408.5, eta=0.1m]
Epoch 1/1:  29%|██▊       | 18/63 [00:01<00:03, 12.82it/s, loss=0.5866, acc=76.39%, img/s=408.5, eta=0.1m]
[36m(ClientAppActor pid=9750)[0m 
Epoch 1/1:  29%|██▊       | 18/63 [00:01<00:03, 12.82it/s, loss=0.3925, acc=76.97%, img/s=408.9, eta=0.1m]
Epoch 1/1:  29%|██▊       | 18/63 [00:01<00:03, 12.82it/s, loss=0.3926, acc=77.34%, img/s=409.1, eta=0.1m]
Epoch 1/1:  32%|███▏      | 20/63 [00:01<00:03, 12.86it/s, loss=0.3926, acc=77.34%, img/s=409.1, eta=0.1m]
[36m(ClientAppActor pid=9750)[0m 
Epoch 1/1:  32%|███▏      | 20/63 [00:01<00:03, 12.86it/s, loss=0.5051, acc=77.38%, img/s=409.4, eta=0.1m]
[36m(ClientAppActor pid=9750)[0m 
Epoch 1/1:  32%|███▏      | 20/63 [00:01<00:03, 12.86it/s, loss=0.3337, acc=77.98%, img/s=409.1, eta=0.1m]
Epoch 1/1:  35%|███▍      | 22/63 [00:01<00:03, 12.84it/s, loss=0.3337, acc=77.98%, img/s=409.1, eta=0.1m]
[36m(ClientAppActor pid=9750)[0m 
Epoch 1/1:  35%|███▍      | 22/63 [00:01<00:03, 12.84it/s, loss=0.3562, acc=78.40%, img/s=408.8, eta=0.1m]
Epoch 1/1:  35%|███▍      | 22/63 [00:01<00:03, 12.84it/s, loss=0.3170, acc=78.91%, img/s=409.0, eta=0.1m]
Epoch 1/1:  38%|███▊      | 24/63 [00:01<00:03, 12.81it/s, loss=0.3170, acc=78.91%, img/s=409.0, eta=0.1m]
[36m(ClientAppActor pid=9750)[0m 
Epoch 1/1:  38%|███▊      | 24/63 [00:01<00:03, 12.81it/s, loss=0.5018, acc=78.62%, img/s=408.4, eta=0.0m]
[36m(ClientAppActor pid=9750)[0m 
Epoch 1/1:  38%|███▊      | 24/63 [00:02<00:03, 12.81it/s, loss=0.5878, acc=78.25%, img/s=408.5, eta=0.0m]
Epoch 1/1:  41%|████▏     | 26/63 [00:02<00:02, 12.74it/s, loss=0.5878, acc=78.25%, img/s=408.5, eta=0.0m]
[36m(ClientAppActor pid=9750)[0m 
Epoch 1/1:  41%|████▏     | 26/63 [00:02<00:02, 12.74it/s, loss=0.3911, acc=78.47%, img/s=408.6, eta=0.0m]
Epoch 1/1:  41%|████▏     | 26/63 [00:02<00:02, 12.74it/s, loss=0.4090, acc=78.57%, img/s=408.8, eta=0.0m]
Epoch 1/1:  44%|████▍     | 28/63 [00:02<00:02, 12.79it/s, loss=0.4090, acc=78.57%, img/s=408.8, eta=0.0m]
[36m(ClientAppActor pid=9750)[0m 
Epoch 1/1:  44%|████▍     | 28/63 [00:02<00:02, 12.79it/s, loss=0.3146, acc=79.09%, img/s=408.7, eta=0.0m]
[36m(ClientAppActor pid=9750)[0m 
Epoch 1/1:  44%|████▍     | 28/63 [00:02<00:02, 12.79it/s, loss=0.4515, acc=79.06%, img/s=408.5, eta=0.0m]
Epoch 1/1:  48%|████▊     | 30/63 [00:02<00:02, 12.74it/s, loss=0.4515, acc=79.06%, img/s=408.5, eta=0.0m]
[36m(ClientAppActor pid=9750)[0m 
Epoch 1/1:  48%|████▊     | 30/63 [00:02<00:02, 12.74it/s, loss=0.4973, acc=79.33%, img/s=408.5, eta=0.0m]
[36m(ClientAppActor pid=9750)[0m 
Epoch 1/1:  48%|████▊     | 30/63 [00:02<00:02, 12.74it/s, loss=0.6780, acc=78.71%, img/s=408.9, eta=0.0m]
Epoch 1/1:  51%|█████     | 32/63 [00:02<00:02, 12.81it/s, loss=0.6780, acc=78.71%, img/s=408.9, eta=0.0m]
Epoch 1/1:  51%|█████     | 32/63 [00:02<00:02, 12.81it/s, loss=0.4068, acc=78.60%, img/s=409.0, eta=0.0m]
[36m(ClientAppActor pid=9750)[0m 
Epoch 1/1:  51%|█████     | 32/63 [00:02<00:02, 12.81it/s, loss=0.3498, acc=78.95%, img/s=409.2, eta=0.0m]
Epoch 1/1:  54%|█████▍    | 34/63 [00:02<00:02, 12.84it/s, loss=0.3498, acc=78.95%, img/s=409.2, eta=0.0m]
[36m(ClientAppActor pid=9750)[0m 
Epoch 1/1:  54%|█████▍    | 34/63 [00:02<00:02, 12.84it/s, loss=0.5777, acc=78.75%, img/s=409.2, eta=0.0m]
[36m(ClientAppActor pid=9750)[0m 
Epoch 1/1:  54%|█████▍    | 34/63 [00:02<00:02, 12.84it/s, loss=0.5525, acc=78.56%, img/s=409.2, eta=0.0m]
Epoch 1/1:  57%|█████▋    | 36/63 [00:02<00:02, 12.84it/s, loss=0.5525, acc=78.56%, img/s=409.2, eta=0.0m]
Epoch 1/1:  57%|█████▋    | 36/63 [00:02<00:02, 12.84it/s, loss=0.6345, acc=78.21%, img/s=409.4, eta=0.0m]
[36m(ClientAppActor pid=9750)[0m 
Epoch 1/1:  57%|█████▋    | 36/63 [00:02<00:02, 12.84it/s, loss=0.6964, acc=77.80%, img/s=409.5, eta=0.0m]
Epoch 1/1:  60%|██████    | 38/63 [00:02<00:01, 12.86it/s, loss=0.6964, acc=77.80%, img/s=409.5, eta=0.0m]
[36m(ClientAppActor pid=9750)[0m 
Epoch 1/1:  60%|██████    | 38/63 [00:03<00:01, 12.86it/s, loss=0.4499, acc=77.80%, img/s=408.9, eta=0.0m]
[36m(ClientAppActor pid=9750)[0m 
Epoch 1/1:  60%|██████    | 38/63 [00:03<00:01, 12.86it/s, loss=0.5294, acc=77.81%, img/s=409.2, eta=0.0m]
Epoch 1/1:  63%|██████▎   | 40/63 [00:03<00:01, 12.80it/s, loss=0.5294, acc=77.81%, img/s=409.2, eta=0.0m]
Epoch 1/1:  63%|██████▎   | 40/63 [00:03<00:01, 12.80it/s, loss=0.4013, acc=77.97%, img/s=409.4, eta=0.0m]
[36m(ClientAppActor pid=9750)[0m 
Epoch 1/1:  63%|██████▎   | 40/63 [00:03<00:01, 12.80it/s, loss=0.5796, acc=77.90%, img/s=409.3, eta=0.0m]
Epoch 1/1:  67%|██████▋   | 42/63 [00:03<00:01, 12.80it/s, loss=0.5796, acc=77.90%, img/s=409.3, eta=0.0m]
[36m(ClientAppActor pid=9750)[0m 
Epoch 1/1:  67%|██████▋   | 42/63 [00:03<00:01, 12.80it/s, loss=0.4338, acc=78.12%, img/s=409.3, eta=0.0m]
[36m(ClientAppActor pid=9750)[0m 
Epoch 1/1:  67%|██████▋   | 42/63 [00:03<00:01, 12.80it/s, loss=0.4411, acc=78.27%, img/s=409.3, eta=0.0m]
Epoch 1/1:  70%|██████▉   | 44/63 [00:03<00:01, 12.81it/s, loss=0.4411, acc=78.27%, img/s=409.3, eta=0.0m]
[36m(ClientAppActor pid=9750)[0m 
Epoch 1/1:  70%|██████▉   | 44/63 [00:03<00:01, 12.81it/s, loss=0.7119, acc=77.99%, img/s=409.4, eta=0.0m]
Epoch 1/1:  70%|██████▉   | 44/63 [00:03<00:01, 12.81it/s, loss=0.3746, acc=78.12%, img/s=409.6, eta=0.0m]
Epoch 1/1:  73%|███████▎  | 46/63 [00:03<00:01, 12.86it/s, loss=0.3746, acc=78.12%, img/s=409.6, eta=0.0m]
[36m(ClientAppActor pid=9750)[0m 
Epoch 1/1:  73%|███████▎  | 46/63 [00:03<00:01, 12.86it/s, loss=0.5136, acc=77.99%, img/s=409.8, eta=0.0m]
[36m(ClientAppActor pid=9750)[0m 
Epoch 1/1:  73%|███████▎  | 46/63 [00:03<00:01, 12.86it/s, loss=0.4251, acc=78.19%, img/s=409.3, eta=0.0m]
Epoch 1/1:  76%|███████▌  | 48/63 [00:03<00:01, 12.77it/s, loss=0.4251, acc=78.19%, img/s=409.3, eta=0.0m]
[36m(ClientAppActor pid=9750)[0m 
Epoch 1/1:  76%|███████▌  | 48/63 [00:03<00:01, 12.77it/s, loss=0.3620, acc=78.38%, img/s=409.4, eta=0.0m]
Epoch 1/1:  76%|███████▌  | 48/63 [00:03<00:01, 12.77it/s, loss=0.4988, acc=78.31%, img/s=409.5, eta=0.0m]
Epoch 1/1:  79%|███████▉  | 50/63 [00:03<00:01, 12.83it/s, loss=0.4988, acc=78.31%, img/s=409.5, eta=0.0m]
[36m(ClientAppActor pid=9750)[0m 
Epoch 1/1:  79%|███████▉  | 50/63 [00:03<00:01, 12.83it/s, loss=0.5447, acc=78.19%, img/s=409.5, eta=0.0m]
[36m(ClientAppActor pid=9750)[0m 
Epoch 1/1:  79%|███████▉  | 50/63 [00:04<00:01, 12.83it/s, loss=0.4419, acc=78.31%, img/s=409.3, eta=0.0m]
Epoch 1/1:  83%|████████▎ | 52/63 [00:04<00:00, 12.76it/s, loss=0.4419, acc=78.31%, img/s=409.3, eta=0.0m]
[36m(ClientAppActor pid=9750)[0m 
Epoch 1/1:  83%|████████▎ | 52/63 [00:04<00:00, 12.76it/s, loss=0.5260, acc=78.12%, img/s=409.5, eta=0.0m]
Epoch 1/1:  83%|████████▎ | 52/63 [00:04<00:00, 12.76it/s, loss=0.4539, acc=78.18%, img/s=409.5, eta=0.0m]
Epoch 1/1:  86%|████████▌ | 54/63 [00:04<00:00, 12.84it/s, loss=0.4539, acc=78.18%, img/s=409.5, eta=0.0m]
[36m(ClientAppActor pid=9750)[0m 
Epoch 1/1:  86%|████████▌ | 54/63 [00:04<00:00, 12.84it/s, loss=0.3536, acc=78.24%, img/s=409.5, eta=0.0m]
[36m(ClientAppActor pid=9750)[0m 
Epoch 1/1:  86%|████████▌ | 54/63 [00:04<00:00, 12.84it/s, loss=0.2873, acc=78.52%, img/s=409.6, eta=0.0m]
Epoch 1/1:  89%|████████▉ | 56/63 [00:04<00:00, 12.86it/s, loss=0.2873, acc=78.52%, img/s=409.6, eta=0.0m]
[36m(ClientAppActor pid=9750)[0m 
Epoch 1/1:  89%|████████▉ | 56/63 [00:04<00:00, 12.86it/s, loss=0.4117, acc=78.56%, img/s=409.7, eta=0.0m]
[36m(ClientAppActor pid=9750)[0m 
Epoch 1/1:  89%|████████▉ | 56/63 [00:04<00:00, 12.86it/s, loss=0.7058, acc=78.29%, img/s=409.8, eta=0.0m]
Epoch 1/1:  92%|█████████▏| 58/63 [00:04<00:00, 12.89it/s, loss=0.7058, acc=78.29%, img/s=409.8, eta=0.0m]
Epoch 1/1:  92%|█████████▏| 58/63 [00:04<00:00, 12.89it/s, loss=0.4900, acc=78.28%, img/s=410.0, eta=0.0m]
[36m(ClientAppActor pid=9750)[0m 
Epoch 1/1:  92%|█████████▏| 58/63 [00:04<00:00, 12.89it/s, loss=0.2913, acc=78.54%, img/s=409.9, eta=0.0m]
Epoch 1/1:  95%|█████████▌| 60/63 [00:04<00:00, 12.89it/s, loss=0.2913, acc=78.54%, img/s=409.9, eta=0.0m]
[36m(ClientAppActor pid=9750)[0m 
Epoch 1/1:  95%|█████████▌| 60/63 [00:04<00:00, 12.89it/s, loss=0.5616, acc=78.48%, img/s=410.0, eta=0.0m]
[36m(ClientAppActor pid=9750)[0m 
Epoch 1/1:  95%|█████████▌| 60/63 [00:04<00:00, 12.89it/s, loss=0.5187, acc=78.43%, img/s=410.0, eta=0.0m]
Epoch 1/1:  98%|█████████▊| 62/63 [00:04<00:00, 12.89it/s, loss=0.5187, acc=78.43%, img/s=410.0, eta=0.0m]
Epoch 1/1:  98%|█████████▊| 62/63 [00:04<00:00, 12.89it/s, loss=0.6509, acc=78.35%, img/s=206.4, eta=0.0m]
Epoch 1/1: 100%|██████████| 63/63 [00:04<00:00, 12.90it/s, loss=0.6509, acc=78.35%, img/s=206.4, eta=0.0m]
[36m(ClientAppActor pid=9750)[0m 
Epoch 1/1:   0%|          | 0/63 [00:00<?, ?it/s]
Epoch 1/1:   0%|          | 0/63 [00:00<?, ?it/s, loss=0.3502, acc=90.62%, img/s=408.8, eta=0.1m]
[36m(ClientAppActor pid=9750)[0m 
Epoch 1/1:   0%|          | 0/63 [00:00<?, ?it/s, loss=0.4488, acc=89.06%, img/s=405.4, eta=0.1m]
Epoch 1/1:   3%|▎         | 2/63 [00:00<00:04, 12.67it/s, loss=0.4488, acc=89.06%, img/s=405.4, eta=0.1m]
[36m(ClientAppActor pid=9750)[0m 
Epoch 1/1:   3%|▎         | 2/63 [00:00<00:04, 12.67it/s, loss=0.4795, acc=85.42%, img/s=403.9, eta=0.1m]
[36m(ClientAppActor pid=9750)[0m 
Epoch 1/1:   3%|▎         | 2/63 [00:00<00:04, 12.67it/s, loss=0.4473, acc=85.94%, img/s=406.4, eta=0.1m]
Epoch 1/1:   6%|▋         | 4/63 [00:00<00:04, 12.70it/s, loss=0.4473, acc=85.94%, img/s=406.4, eta=0.1m]
[36m(ClientAppActor pid=9750)[0m 
Epoch 1/1:   6%|▋         | 4/63 [00:00<00:04, 12.70it/s, loss=0.7787, acc=83.12%, img/s=405.3, eta=0.1m]
Epoch 1/1:   6%|▋         | 4/63 [00:00<00:04, 12.70it/s, loss=0.4776, acc=81.77%, img/s=406.9, eta=0.1m]
Epoch 1/1:  10%|▉         | 6/63 [00:00<00:04, 12.73it/s, loss=0.4776, acc=81.77%, img/s=406.9, eta=0.1m]
[36m(ClientAppActor pid=9750)[0m 
Epoch 1/1:  10%|▉         | 6/63 [00:00<00:04, 12.73it/s, loss=0.3824, acc=81.70%, img/s=407.3, eta=0.1m]
[36m(ClientAppActor pid=9750)[0m 
Epoch 1/1:  10%|▉         | 6/63 [00:00<00:04, 12.73it/s, loss=0.4848, acc=80.86%, img/s=407.5, eta=0.1m]
Epoch 1/1:  13%|█▎        | 8/63 [00:00<00:04, 12.75it/s, loss=0.4848, acc=80.86%, img/s=407.5, eta=0.1m]
[36m(ClientAppActor pid=9750)[0m 
Epoch 1/1:  13%|█▎        | 8/63 [00:00<00:04, 12.75it/s, loss=0.3636, acc=81.94%, img/s=409.1, eta=0.1m]
Epoch 1/1:  13%|█▎        | 8/63 [00:00<00:04, 12.75it/s, loss=0.5497, acc=80.94%, img/s=409.7, eta=0.1m]
Epoch 1/1:  16%|█▌        | 10/63 [00:00<00:04, 12.87it/s, loss=0.5497, acc=80.94%, img/s=409.7, eta=0.1m]
[36m(ClientAppActor pid=9750)[0m 
Epoch 1/1:  16%|█▌        | 10/63 [00:00<00:04, 12.87it/s, loss=0.4682, acc=80.11%, img/s=409.7, eta=0.1m]
[36m(ClientAppActor pid=9750)[0m 
Epoch 1/1:  16%|█▌        | 10/63 [00:00<00:04, 12.87it/s, loss=0.6880, acc=78.12%, img/s=410.4, eta=0.1m]
Epoch 1/1:  19%|█▉        | 12/63 [00:00<00:03, 12.89it/s, loss=0.6880, acc=78.12%, img/s=410.4, eta=0.1m]
[36m(ClientAppActor pid=9750)[0m 
Epoch 1/1:  19%|█▉        | 12/63 [00:01<00:03, 12.89it/s, loss=0.4809, acc=78.37%, img/s=410.8, eta=0.1m]
Epoch 1/1:  19%|█▉        | 12/63 [00:01<00:03, 12.89it/s, loss=0.3592, acc=78.57%, img/s=410.6, eta=0.1m]
Epoch 1/1:  22%|██▏       | 14/63 [00:01<00:03, 12.88it/s, loss=0.3592, acc=78.57%, img/s=410.6, eta=0.1m]
[36m(ClientAppActor pid=9750)[0m 
Epoch 1/1:  22%|██▏       | 14/63 [00:01<00:03, 12.88it/s, loss=0.3549, acc=78.96%, img/s=410.5, eta=0.1m]
[36m(ClientAppActor pid=9750)[0m 
Epoch 1/1:  22%|██▏       | 14/63 [00:01<00:03, 12.88it/s, loss=0.5587, acc=78.32%, img/s=409.2, eta=0.1m]
Epoch 1/1:  25%|██▌       | 16/63 [00:01<00:03, 12.75it/s, loss=0.5587, acc=78.32%, img/s=409.2, eta=0.1m]
[36m(ClientAppActor pid=9750)[0m 
Epoch 1/1:  25%|██▌       | 16/63 [00:01<00:03, 12.75it/s, loss=0.4723, acc=77.76%, img/s=409.3, eta=0.1m]
Epoch 1/1:  25%|██▌       | 16/63 [00:01<00:03, 12.75it/s, loss=0.6595, acc=77.08%, img/s=410.3, eta=0.1m]
Epoch 1/1:  29%|██▊       | 18/63 [00:01<00:03, 12.86it/s, loss=0.6595, acc=77.08%, img/s=410.3, eta=0.1m]
[36m(ClientAppActor pid=9750)[0m 
Epoch 1/1:  29%|██▊       | 18/63 [00:01<00:03, 12.86it/s, loss=0.5756, acc=76.97%, img/s=410.5, eta=0.1m]
[36m(ClientAppActor pid=9750)[0m 
Epoch 1/1:  29%|██▊       | 18/63 [00:01<00:03, 12.86it/s, loss=0.4155, acc=77.03%, img/s=410.2, eta=0.1m]
Epoch 1/1:  32%|███▏      | 20/63 [00:01<00:03, 12.84it/s, loss=0.4155, acc=77.03%, img/s=410.2, eta=0.1m]
[36m(ClientAppActor pid=9750)[0m 
Epoch 1/1:  32%|███▏      | 20/63 [00:01<00:03, 12.84it/s, loss=0.2526, acc=77.83%, img/s=410.2, eta=0.1m]
[36m(ClientAppActor pid=9750)[0m 
Epoch 1/1:  32%|███▏      | 20/63 [00:01<00:03, 12.84it/s, loss=0.3741, acc=77.98%, img/s=410.4, eta=0.1m]
Epoch 1/1:  35%|███▍      | 22/63 [00:01<00:03, 12.86it/s, loss=0.3741, acc=77.98%, img/s=410.4, eta=0.1m]
Epoch 1/1:  35%|███▍      | 22/63 [00:01<00:03, 12.86it/s, loss=0.5276, acc=77.85%, img/s=410.0, eta=0.1m]
[36m(ClientAppActor pid=9750)[0m 
Epoch 1/1:  35%|███▍      | 22/63 [00:01<00:03, 12.86it/s, loss=0.4010, acc=77.99%, img/s=410.0, eta=0.1m]
Epoch 1/1:  38%|███▊      | 24/63 [00:01<00:03, 12.80it/s, loss=0.4010, acc=77.99%, img/s=410.0, eta=0.1m]
[36m(ClientAppActor pid=9750)[0m 
Epoch 1/1:  38%|███▊      | 24/63 [00:01<00:03, 12.80it/s, loss=0.5442, acc=77.75%, img/s=410.1, eta=0.0m]
[36m(ClientAppActor pid=9750)[0m 
Epoch 1/1:  38%|███▊      | 24/63 [00:02<00:03, 12.80it/s, loss=0.2955, acc=78.25%, img/s=410.5, eta=0.0m]
Epoch 1/1:  41%|████▏     | 26/63 [00:02<00:02, 12.86it/s, loss=0.2955, acc=78.25%, img/s=410.5, eta=0.0m]
Epoch 1/1:  41%|████▏     | 26/63 [00:02<00:02, 12.86it/s, loss=0.7042, acc=78.01%, img/s=410.6, eta=0.0m]
[36m(ClientAppActor pid=9750)[0m 
Epoch 1/1:  41%|████▏     | 26/63 [00:02<00:02, 12.86it/s, loss=0.3499, acc=78.24%, img/s=410.7, eta=0.0m]
Epoch 1/1:  44%|████▍     | 28/63 [00:02<00:02, 12.89it/s, loss=0.3499, acc=78.24%, img/s=410.7, eta=0.0m]
[36m(ClientAppActor pid=9750)[0m 
Epoch 1/1:  44%|████▍     | 28/63 [00:02<00:02, 12.89it/s, loss=0.4216, acc=78.45%, img/s=410.7, eta=0.0m]
[36m(ClientAppActor pid=9750)[0m 
Epoch 1/1:  44%|████▍     | 28/63 [00:02<00:02, 12.89it/s, loss=0.4258, acc=78.65%, img/s=408.9, eta=0.0m]
Epoch 1/1:  48%|████▊     | 30/63 [00:02<00:02, 12.61it/s, loss=0.4258, acc=78.65%, img/s=408.9, eta=0.0m]
[36m(ClientAppActor pid=9750)[0m 
Epoch 1/1:  48%|████▊     | 30/63 [00:02<00:02, 12.61it/s, loss=0.3936, acc=78.83%, img/s=409.0, eta=0.0m]
Epoch 1/1:  48%|████▊     | 30/63 [00:02<00:02, 12.61it/s, loss=0.4368, acc=78.71%, img/s=409.2, eta=0.0m]
Epoch 1/1:  51%|█████     | 32/63 [00:02<00:02, 12.71it/s, loss=0.4368, acc=78.71%, img/s=409.2, eta=0.0m]
[36m(ClientAppActor pid=9750)[0m 
Epoch 1/1:  51%|█████     | 32/63 [00:02<00:02, 12.71it/s, loss=0.5718, acc=78.31%, img/s=409.2, eta=0.0m]
[36m(ClientAppActor pid=9750)[0m 
Epoch 1/1:  51%|█████     | 32/63 [00:02<00:02, 12.71it/s, loss=0.4668, acc=78.22%, img/s=409.2, eta=0.0m]
Epoch 1/1:  54%|█████▍    | 34/63 [00:02<00:02, 12.73it/s, loss=0.4668, acc=78.22%, img/s=409.2, eta=0.0m]
[36m(ClientAppActor pid=9750)[0m 
Epoch 1/1:  54%|█████▍    | 34/63 [00:02<00:02, 12.73it/s, loss=0.4544, acc=78.12%, img/s=409.3, eta=0.0m]
Epoch 1/1:  54%|█████▍    | 34/63 [00:02<00:02, 12.73it/s, loss=0.5347, acc=78.04%, img/s=409.4, eta=0.0m]
Epoch 1/1:  57%|█████▋    | 36/63 [00:02<00:02, 12.78it/s, loss=0.5347, acc=78.04%, img/s=409.4, eta=0.0m]
[36m(ClientAppActor pid=9750)[0m 
Epoch 1/1:  57%|█████▋    | 36/63 [00:02<00:02, 12.78it/s, loss=0.5296, acc=78.04%, img/s=409.4, eta=0.0m]
[36m(ClientAppActor pid=9750)[0m 
Epoch 1/1:  57%|█████▋    | 36/63 [00:02<00:02, 12.78it/s, loss=0.4400, acc=78.04%, img/s=409.4, eta=0.0m]
Epoch 1/1:  60%|██████    | 38/63 [00:02<00:01, 12.79it/s, loss=0.4400, acc=78.04%, img/s=409.4, eta=0.0m]
[36m(ClientAppActor pid=9750)[0m 
Epoch 1/1:  60%|██████    | 38/63 [00:03<00:01, 12.79it/s, loss=0.3940, acc=78.04%, img/s=409.4, eta=0.0m]
Epoch 1/1:  60%|██████    | 38/63 [00:03<00:01, 12.79it/s, loss=0.4869, acc=78.05%, img/s=409.6, eta=0.0m]
Epoch 1/1:  63%|██████▎   | 40/63 [00:03<00:01, 12.82it/s, loss=0.4869, acc=78.05%, img/s=409.6, eta=0.0m]
[36m(ClientAppActor pid=9750)[0m 
Epoch 1/1:  63%|██████▎   | 40/63 [00:03<00:01, 12.82it/s, loss=0.4437, acc=78.12%, img/s=409.5, eta=0.0m]
[36m(ClientAppActor pid=9750)[0m 
Epoch 1/1:  63%|██████▎   | 40/63 [00:03<00:01, 12.82it/s, loss=0.5471, acc=78.12%, img/s=409.6, eta=0.0m]
Epoch 1/1:  67%|██████▋   | 42/63 [00:03<00:01, 12.82it/s, loss=0.5471, acc=78.12%, img/s=409.6, eta=0.0m]
[36m(ClientAppActor pid=9750)[0m 
Epoch 1/1:  67%|██████▋   | 42/63 [00:03<00:01, 12.82it/s, loss=0.4028, acc=78.34%, img/s=409.7, eta=0.0m]
[36m(ClientAppActor pid=9750)[0m 
Epoch 1/1:  67%|██████▋   | 42/63 [00:03<00:01, 12.82it/s, loss=0.4041, acc=78.34%, img/s=409.7, eta=0.0m]
Epoch 1/1:  70%|██████▉   | 44/63 [00:03<00:01, 12.83it/s, loss=0.4041, acc=78.34%, img/s=409.7, eta=0.0m]
[36m(ClientAppActor pid=9750)[0m 
Epoch 1/1:  70%|██████▉   | 44/63 [00:03<00:01, 12.83it/s, loss=0.6298, acc=77.99%, img/s=409.8, eta=0.0m]
[36m(ClientAppActor pid=9750)[0m 
Epoch 1/1:  70%|██████▉   | 44/63 [00:03<00:01, 12.83it/s, loss=0.4567, acc=77.92%, img/s=409.4, eta=0.0m]
Epoch 1/1:  73%|███████▎  | 46/63 [00:03<00:01, 12.77it/s, loss=0.4567, acc=77.92%, img/s=409.4, eta=0.0m]
[36m(ClientAppActor pid=9750)[0m 
Epoch 1/1:  73%|███████▎  | 46/63 [00:03<00:01, 12.77it/s, loss=0.2513, acc=78.19%, img/s=409.4, eta=0.0m]
[36m(ClientAppActor pid=9750)[0m 
Epoch 1/1:  73%|███████▎  | 46/63 [00:03<00:01, 12.77it/s, loss=0.4751, acc=78.06%, img/s=409.6, eta=0.0m]
Epoch 1/1:  76%|███████▌  | 48/63 [00:03<00:01, 12.81it/s, loss=0.4751, acc=78.06%, img/s=409.6, eta=0.0m]
Epoch 1/1:  76%|███████▌  | 48/63 [00:03<00:01, 12.81it/s, loss=0.5197, acc=77.93%, img/s=409.5, eta=0.0m]
[36m(ClientAppActor pid=9750)[0m 
Epoch 1/1:  76%|███████▌  | 48/63 [00:03<00:01, 12.81it/s, loss=0.5334, acc=78.06%, img/s=409.5, eta=0.0m]
Epoch 1/1:  79%|███████▉  | 50/63 [00:03<00:01, 12.78it/s, loss=0.5334, acc=78.06%, img/s=409.5, eta=0.0m]
[36m(ClientAppActor pid=9750)[0m 
Epoch 1/1:  79%|███████▉  | 50/63 [00:03<00:01, 12.78it/s, loss=0.5739, acc=77.88%, img/s=409.5, eta=0.0m]
[36m(ClientAppActor pid=9750)[0m 
Epoch 1/1:  79%|███████▉  | 50/63 [00:04<00:01, 12.78it/s, loss=0.5022, acc=77.76%, img/s=409.6, eta=0.0m]
Epoch 1/1:  83%|████████▎ | 52/63 [00:04<00:00, 12.82it/s, loss=0.5022, acc=77.76%, img/s=409.6, eta=0.0m]
Epoch 1/1:  83%|████████▎ | 52/63 [00:04<00:00, 12.82it/s, loss=0.3720, acc=77.77%, img/s=409.7, eta=0.0m]
[36m(ClientAppActor pid=9750)[0m 
Epoch 1/1:  83%|████████▎ | 52/63 [00:04<00:00, 12.82it/s, loss=0.3941, acc=77.89%, img/s=409.6, eta=0.0m]
Epoch 1/1:  86%|████████▌ | 54/63 [00:04<00:00, 12.81it/s, loss=0.3941, acc=77.89%, img/s=409.6, eta=0.0m]
[36m(ClientAppActor pid=9750)[0m 
Epoch 1/1:  86%|████████▌ | 54/63 [00:04<00:00, 12.81it/s, loss=0.4307, acc=77.90%, img/s=409.5, eta=0.0m]
[36m(ClientAppActor pid=9750)[0m 
Epoch 1/1:  86%|████████▌ | 54/63 [00:04<00:00, 12.81it/s, loss=0.4282, acc=78.01%, img/s=409.5, eta=0.0m]
Epoch 1/1:  89%|████████▉ | 56/63 [00:04<00:00, 12.78it/s, loss=0.4282, acc=78.01%, img/s=409.5, eta=0.0m]
[36m(ClientAppActor pid=9750)[0m 
Epoch 1/1:  89%|████████▉ | 56/63 [00:04<00:00, 12.78it/s, loss=0.4781, acc=78.12%, img/s=409.5, eta=0.0m]
Epoch 1/1:  89%|████████▉ | 56/63 [00:04<00:00, 12.78it/s, loss=0.7106, acc=77.86%, img/s=409.6, eta=0.0m]
Epoch 1/1:  92%|█████████▏| 58/63 [00:04<00:00, 12.81it/s, loss=0.7106, acc=77.86%, img/s=409.6, eta=0.0m]
[36m(ClientAppActor pid=9750)[0m 
Epoch 1/1:  92%|█████████▏| 58/63 [00:04<00:00, 12.81it/s, loss=0.4328, acc=77.97%, img/s=409.6, eta=0.0m]
[36m(ClientAppActor pid=9750)[0m 
Epoch 1/1:  92%|█████████▏| 58/63 [00:04<00:00, 12.81it/s, loss=0.6550, acc=77.81%, img/s=409.4, eta=0.0m]
Epoch 1/1:  95%|█████████▌| 60/63 [00:04<00:00, 12.77it/s, loss=0.6550, acc=77.81%, img/s=409.4, eta=0.0m]
[36m(ClientAppActor pid=9750)[0m 
Epoch 1/1:  95%|█████████▌| 60/63 [00:04<00:00, 12.77it/s, loss=0.4461, acc=77.87%, img/s=409.6, eta=0.0m]
Epoch 1/1:  95%|█████████▌| 60/63 [00:04<00:00, 12.77it/s, loss=0.5470, acc=77.82%, img/s=409.7, eta=0.0m]
Epoch 1/1:  98%|█████████▊| 62/63 [00:04<00:00, 12.84it/s, loss=0.5470, acc=77.82%, img/s=409.7, eta=0.0m]
[36m(ClientAppActor pid=9750)[0m 
Epoch 1/1:  98%|█████████▊| 62/63 [00:04<00:00, 12.84it/s, loss=0.4997, acc=77.80%, img/s=206.3, eta=0.0m]
Epoch 1/1: 100%|██████████| 63/63 [00:04<00:00, 12.89it/s, loss=0.4997, acc=77.80%, img/s=206.3, eta=0.0m]
[36m(ClientAppActor pid=9750)[0m 
Epoch 1/1:   0%|          | 0/63 [00:00<?, ?it/s]
[36m(ClientAppActor pid=9750)[0m 
Epoch 1/1:   0%|          | 0/63 [00:00<?, ?it/s, loss=0.3364, acc=90.62%, img/s=403.2, eta=0.1m]
[36m(ClientAppActor pid=9750)[0m 
Epoch 1/1:   0%|          | 0/63 [00:00<?, ?it/s, loss=0.4704, acc=82.81%, img/s=401.4, eta=0.1m]
Epoch 1/1:   3%|▎         | 2/63 [00:00<00:04, 12.54it/s, loss=0.4704, acc=82.81%, img/s=401.4, eta=0.1m]
[36m(ClientAppActor pid=9750)[0m 
Epoch 1/1:   3%|▎         | 2/63 [00:00<00:04, 12.54it/s, loss=0.4882, acc=79.17%, img/s=404.3, eta=0.1m]
[36m(ClientAppActor pid=9750)[0m 
Epoch 1/1:   3%|▎         | 2/63 [00:00<00:04, 12.54it/s, loss=0.4831, acc=80.47%, img/s=406.6, eta=0.1m]
Epoch 1/1:   6%|▋         | 4/63 [00:00<00:04, 12.74it/s, loss=0.4831, acc=80.47%, img/s=406.6, eta=0.1m]
Epoch 1/1:   6%|▋         | 4/63 [00:00<00:04, 12.74it/s, loss=0.4517, acc=79.38%, img/s=407.5, eta=0.1m]
[36m(ClientAppActor pid=9750)[0m 
Epoch 1/1:   6%|▋         | 4/63 [00:00<00:04, 12.74it/s, loss=0.5669, acc=79.17%, img/s=408.4, eta=0.1m]
Epoch 1/1:  10%|▉         | 6/63 [00:00<00:04, 12.80it/s, loss=0.5669, acc=79.17%, img/s=408.4, eta=0.1m]
[36m(ClientAppActor pid=9750)[0m 
Epoch 1/1:  10%|▉         | 6/63 [00:00<00:04, 12.80it/s, loss=0.5328, acc=79.46%, img/s=408.5, eta=0.1m]
[36m(ClientAppActor pid=9750)[0m 
Epoch 1/1:  10%|▉         | 6/63 [00:00<00:04, 12.80it/s, loss=0.5196, acc=78.52%, img/s=410.4, eta=0.1m]
Epoch 1/1:  13%|█▎        | 8/63 [00:00<00:04, 12.88it/s, loss=0.5196, acc=78.52%, img/s=410.4, eta=0.1m]
Epoch 1/1:  13%|█▎        | 8/63 [00:00<00:04, 12.88it/s, loss=0.4153, acc=78.12%, img/s=411.4, eta=0.1m]
[36m(ClientAppActor pid=9750)[0m 
Epoch 1/1:  13%|█▎        | 8/63 [00:00<00:04, 12.88it/s, loss=0.4313, acc=78.44%, img/s=410.5, eta=0.1m]
Epoch 1/1:  16%|█▌        | 10/63 [00:00<00:04, 12.87it/s, loss=0.4313, acc=78.44%, img/s=410.5, eta=0.1m]
[36m(ClientAppActor pid=9750)[0m 
Epoch 1/1:  16%|█▌        | 10/63 [00:00<00:04, 12.87it/s, loss=0.3630, acc=78.98%, img/s=410.1, eta=0.1m]
[36m(ClientAppActor pid=9750)[0m 
Epoch 1/1:  16%|█▌        | 10/63 [00:00<00:04, 12.87it/s, loss=0.5709, acc=78.12%, img/s=411.5, eta=0.1m]
Epoch 1/1:  19%|█▉        | 12/63 [00:00<00:03, 12.92it/s, loss=0.5709, acc=78.12%, img/s=411.5, eta=0.1m]
Epoch 1/1:  19%|█▉        | 12/63 [00:01<00:03, 12.92it/s, loss=0.4413, acc=78.12%, img/s=412.1, eta=0.1m]
[36m(ClientAppActor pid=9750)[0m 
Epoch 1/1:  19%|█▉        | 12/63 [00:01<00:03, 12.92it/s, loss=0.4871, acc=78.35%, img/s=411.6, eta=0.1m]
Epoch 1/1:  22%|██▏       | 14/63 [00:01<00:03, 12.91it/s, loss=0.4871, acc=78.35%, img/s=411.6, eta=0.1m]
[36m(ClientAppActor pid=9750)[0m 
Epoch 1/1:  22%|██▏       | 14/63 [00:01<00:03, 12.91it/s, loss=0.4183, acc=78.96%, img/s=411.2, eta=0.1m]
[36m(ClientAppActor pid=9750)[0m 
Epoch 1/1:  22%|██▏       | 14/63 [00:01<00:03, 12.91it/s, loss=0.5640, acc=79.10%, img/s=411.6, eta=0.1m]
Epoch 1/1:  25%|██▌       | 16/63 [00:01<00:03, 12.90it/s, loss=0.5640, acc=79.10%, img/s=411.6, eta=0.1m]
Epoch 1/1:  25%|██▌       | 16/63 [00:01<00:03, 12.90it/s, loss=0.3897, acc=79.04%, img/s=411.8, eta=0.1m]
[36m(ClientAppActor pid=9750)[0m 
Epoch 1/1:  25%|██▌       | 16/63 [00:01<00:03, 12.90it/s, loss=0.4649, acc=78.99%, img/s=411.1, eta=0.1m]
Epoch 1/1:  29%|██▊       | 18/63 [00:01<00:03, 12.84it/s, loss=0.4649, acc=78.99%, img/s=411.1, eta=0.1m]
[36m(ClientAppActor pid=9750)[0m 
Epoch 1/1:  29%|██▊       | 18/63 [00:01<00:03, 12.84it/s, loss=0.5727, acc=78.62%, img/s=410.8, eta=0.1m]
[36m(ClientAppActor pid=9750)[0m 
Epoch 1/1:  29%|██▊       | 18/63 [00:01<00:03, 12.84it/s, loss=0.4810, acc=78.59%, img/s=410.7, eta=0.1m]
Epoch 1/1:  32%|███▏      | 20/63 [00:01<00:03, 12.80it/s, loss=0.4810, acc=78.59%, img/s=410.7, eta=0.1m]
[36m(ClientAppActor pid=9750)[0m 
Epoch 1/1:  32%|███▏      | 20/63 [00:01<00:03, 12.80it/s, loss=0.4914, acc=78.57%, img/s=411.3, eta=0.1m]
Epoch 1/1:  32%|███▏      | 20/63 [00:01<00:03, 12.80it/s, loss=0.4147, acc=78.41%, img/s=411.5, eta=0.1m]
Epoch 1/1:  35%|███▍      | 22/63 [00:01<00:03, 12.89it/s, loss=0.4147, acc=78.41%, img/s=411.5, eta=0.1m]
[36m(ClientAppActor pid=9750)[0m 
Epoch 1/1:  35%|███▍      | 22/63 [00:01<00:03, 12.89it/s, loss=0.4822, acc=78.26%, img/s=411.5, eta=0.1m]
[36m(ClientAppActor pid=9750)[0m 
Epoch 1/1:  35%|███▍      | 22/63 [00:01<00:03, 12.89it/s, loss=0.5089, acc=77.99%, img/s=411.7, eta=0.1m]
Epoch 1/1:  38%|███▊      | 24/63 [00:01<00:03, 12.91it/s, loss=0.5089, acc=77.99%, img/s=411.7, eta=0.1m]
[36m(ClientAppActor pid=9750)[0m 
Epoch 1/1:  38%|███▊      | 24/63 [00:01<00:03, 12.91it/s, loss=0.3685, acc=78.12%, img/s=411.9, eta=0.0m]
Epoch 1/1:  38%|███▊      | 24/63 [00:02<00:03, 12.91it/s, loss=0.5036, acc=78.12%, img/s=412.1, eta=0.0m]
Epoch 1/1:  41%|████▏     | 26/63 [00:02<00:02, 12.95it/s, loss=0.5036, acc=78.12%, img/s=412.1, eta=0.0m]
[36m(ClientAppActor pid=9750)[0m 
Epoch 1/1:  41%|████▏     | 26/63 [00:02<00:02, 12.95it/s, loss=0.5148, acc=78.24%, img/s=412.2, eta=0.0m]
[36m(ClientAppActor pid=9750)[0m 
Epoch 1/1:  41%|████▏     | 26/63 [00:02<00:02, 12.95it/s, loss=0.5693, acc=78.35%, img/s=412.1, eta=0.0m]
Epoch 1/1:  44%|████▍     | 28/63 [00:02<00:02, 12.92it/s, loss=0.5693, acc=78.35%, img/s=412.1, eta=0.0m]
[36m(ClientAppActor pid=9750)[0m 
Epoch 1/1:  44%|████▍     | 28/63 [00:02<00:02, 12.92it/s, loss=0.3614, acc=78.88%, img/s=412.2, eta=0.0m]
Epoch 1/1:  44%|████▍     | 28/63 [00:02<00:02, 12.92it/s, loss=0.6784, acc=78.44%, img/s=412.4, eta=0.0m]
Epoch 1/1:  48%|████▊     | 30/63 [00:02<00:02, 12.96it/s, loss=0.6784, acc=78.44%, img/s=412.4, eta=0.0m]
[36m(ClientAppActor pid=9750)[0m 
Epoch 1/1:  48%|████▊     | 30/63 [00:02<00:02, 12.96it/s, loss=0.5076, acc=78.23%, img/s=412.3, eta=0.0m]
[36m(ClientAppActor pid=9750)[0m 
Epoch 1/1:  48%|████▊     | 30/63 [00:02<00:02, 12.96it/s, loss=0.4439, acc=78.03%, img/s=412.2, eta=0.0m]
Epoch 1/1:  51%|█████     | 32/63 [00:02<00:02, 12.90it/s, loss=0.4439, acc=78.03%, img/s=412.2, eta=0.0m]
[36m(ClientAppActor pid=9750)[0m 
Epoch 1/1:  51%|█████     | 32/63 [00:02<00:02, 12.90it/s, loss=0.4793, acc=78.12%, img/s=412.5, eta=0.0m]
Epoch 1/1:  51%|█████     | 32/63 [00:02<00:02, 12.90it/s, loss=0.3545, acc=78.40%, img/s=412.6, eta=0.0m]
Epoch 1/1:  54%|█████▍    | 34/63 [00:02<00:02, 12.97it/s, loss=0.3545, acc=78.40%, img/s=412.6, eta=0.0m]
[36m(ClientAppActor pid=9750)[0m 
Epoch 1/1:  54%|█████▍    | 34/63 [00:02<00:02, 12.97it/s, loss=0.4423, acc=78.39%, img/s=412.4, eta=0.0m]
[36m(ClientAppActor pid=9750)[0m 
Epoch 1/1:  54%|█████▍    | 34/63 [00:02<00:02, 12.97it/s, loss=0.5070, acc=78.56%, img/s=412.2, eta=0.0m]
Epoch 1/1:  57%|█████▋    | 36/63 [00:02<00:02, 12.87it/s, loss=0.5070, acc=78.56%, img/s=412.2, eta=0.0m]
[36m(ClientAppActor pid=9750)[0m 
Epoch 1/1:  57%|█████▋    | 36/63 [00:02<00:02, 12.87it/s, loss=0.4761, acc=78.38%, img/s=412.2, eta=0.0m]
Epoch 1/1:  57%|█████▋    | 36/63 [00:02<00:02, 12.87it/s, loss=0.4960, acc=78.12%, img/s=412.3, eta=0.0m]
[36m(ClientAppActor pid=9750)[0m 
Epoch 1/1:  60%|██████    | 38/63 [00:02<00:01, 12.90it/s, loss=0.4960, acc=78.12%, img/s=412.3, eta=0.0m]
[36m(ClientAppActor pid=9750)[0m 
Epoch 1/1:  60%|██████    | 38/63 [00:03<00:01, 12.90it/s, loss=0.3792, acc=78.29%, img/s=412.5, eta=0.0m]
[36m(ClientAppActor pid=9750)[0m 
Epoch 1/1:  60%|██████    | 38/63 [00:03<00:01, 12.90it/s, loss=0.5951, acc=78.12%, img/s=412.6, eta=0.0m]
Epoch 1/1:  63%|██████▎   | 40/63 [00:03<00:01, 12.94it/s, loss=0.5951, acc=78.12%, img/s=412.6, eta=0.0m]
[36m(ClientAppActor pid=9750)[0m 
Epoch 1/1:  63%|██████▎   | 40/63 [00:03<00:01, 12.94it/s, loss=0.5126, acc=77.90%, img/s=412.8, eta=0.0m]
[36m(ClientAppActor pid=9750)[0m 
Epoch 1/1:  63%|██████▎   | 40/63 [00:03<00:01, 12.94it/s, loss=0.5847, acc=77.98%, img/s=413.0, eta=0.0m]
Epoch 1/1:  67%|██████▋   | 42/63 [00:03<00:01, 13.00it/s, loss=0.5847, acc=77.98%, img/s=413.0, eta=0.0m]
[36m(ClientAppActor pid=9750)[0m 
Epoch 1/1:  67%|██████▋   | 42/63 [00:03<00:01, 13.00it/s, loss=0.4257, acc=77.98%, img/s=412.8, eta=0.0m]
[36m(ClientAppActor pid=9750)[0m 
Epoch 1/1:  67%|██████▋   | 42/63 [00:03<00:01, 13.00it/s, loss=0.4762, acc=77.98%, img/s=412.5, eta=0.0m]
Epoch 1/1:  70%|██████▉   | 44/63 [00:03<00:01, 12.88it/s, loss=0.4762, acc=77.98%, img/s=412.5, eta=0.0m]
[36m(ClientAppActor pid=9750)[0m 
Epoch 1/1:  70%|██████▉   | 44/63 [00:03<00:01, 12.88it/s, loss=0.4905, acc=77.92%, img/s=412.4, eta=0.0m]
[36m(ClientAppActor pid=9750)[0m 
Epoch 1/1:  70%|██████▉   | 44/63 [00:03<00:01, 12.88it/s, loss=0.4096, acc=78.06%, img/s=412.6, eta=0.0m]
Epoch 1/1:  73%|███████▎  | 46/63 [00:03<00:01, 12.91it/s, loss=0.4096, acc=78.06%, img/s=412.6, eta=0.0m]
Epoch 1/1:  73%|███████▎  | 46/63 [00:03<00:01, 12.91it/s, loss=0.4733, acc=78.32%, img/s=412.7, eta=0.0m]
[36m(ClientAppActor pid=9750)[0m 
Epoch 1/1:  73%|███████▎  | 46/63 [00:03<00:01, 12.91it/s, loss=0.4173, acc=78.32%, img/s=412.5, eta=0.0m]
Epoch 1/1:  76%|███████▌  | 48/63 [00:03<00:01, 12.88it/s, loss=0.4173, acc=78.32%, img/s=412.5, eta=0.0m]
[36m(ClientAppActor pid=9750)[0m 
Epoch 1/1:  76%|███████▌  | 48/63 [00:03<00:01, 12.88it/s, loss=0.5382, acc=78.19%, img/s=412.3, eta=0.0m]
[36m(ClientAppActor pid=9750)[0m 
Epoch 1/1:  76%|███████▌  | 48/63 [00:03<00:01, 12.88it/s, loss=0.4438, acc=78.19%, img/s=412.2, eta=0.0m]
Epoch 1/1:  79%|███████▉  | 50/63 [00:03<00:01, 12.81it/s, loss=0.4438, acc=78.19%, img/s=412.2, eta=0.0m]
Epoch 1/1:  79%|███████▉  | 50/63 [00:03<00:01, 12.81it/s, loss=0.4041, acc=78.25%, img/s=412.4, eta=0.0m]
[36m(ClientAppActor pid=9750)[0m 
Epoch 1/1:  79%|███████▉  | 50/63 [00:04<00:01, 12.81it/s, loss=0.3683, acc=78.31%, img/s=412.5, eta=0.0m]
Epoch 1/1:  83%|████████▎ | 52/63 [00:04<00:00, 12.90it/s, loss=0.3683, acc=78.31%, img/s=412.5, eta=0.0m]
[36m(ClientAppActor pid=9750)[0m 
Epoch 1/1:  83%|████████▎ | 52/63 [00:04<00:00, 12.90it/s, loss=0.5744, acc=78.18%, img/s=412.5, eta=0.0m]
[36m(ClientAppActor pid=9750)[0m 
Epoch 1/1:  83%|████████▎ | 52/63 [00:04<00:00, 12.90it/s, loss=0.3934, acc=78.18%, img/s=412.5, eta=0.0m]
Epoch 1/1:  86%|████████▌ | 54/63 [00:04<00:00, 12.89it/s, loss=0.3934, acc=78.18%, img/s=412.5, eta=0.0m]
Epoch 1/1:  86%|████████▌ | 54/63 [00:04<00:00, 12.89it/s, loss=0.4268, acc=78.12%, img/s=412.6, eta=0.0m]
[36m(ClientAppActor pid=9750)[0m 
Epoch 1/1:  86%|████████▌ | 54/63 [00:04<00:00, 12.89it/s, loss=0.4417, acc=78.18%, img/s=412.6, eta=0.0m]
Epoch 1/1:  89%|████████▉ | 56/63 [00:04<00:00, 12.93it/s, loss=0.4417, acc=78.18%, img/s=412.6, eta=0.0m]
[36m(ClientAppActor pid=9750)[0m 
Epoch 1/1:  89%|████████▉ | 56/63 [00:04<00:00, 12.93it/s, loss=0.5417, acc=78.29%, img/s=411.2, eta=0.0m]
[36m(ClientAppActor pid=9750)[0m 
Epoch 1/1:  89%|████████▉ | 56/63 [00:04<00:00, 12.93it/s, loss=0.6435, acc=78.12%, img/s=411.1, eta=0.0m]
Epoch 1/1:  92%|█████████▏| 58/63 [00:04<00:00, 12.52it/s, loss=0.6435, acc=78.12%, img/s=411.1, eta=0.0m]
[36m(ClientAppActor pid=9750)[0m 
Epoch 1/1:  92%|█████████▏| 58/63 [00:04<00:00, 12.52it/s, loss=0.6101, acc=77.81%, img/s=411.3, eta=0.0m]
Epoch 1/1:  92%|█████████▏| 58/63 [00:04<00:00, 12.52it/s, loss=0.4287, acc=77.86%, img/s=411.5, eta=0.0m]
Epoch 1/1:  95%|█████████▌| 60/63 [00:04<00:00, 12.71it/s, loss=0.4287, acc=77.86%, img/s=411.5, eta=0.0m]
[36m(ClientAppActor pid=9750)[0m 
Epoch 1/1:  95%|█████████▌| 60/63 [00:04<00:00, 12.71it/s, loss=0.3750, acc=77.97%, img/s=410.7, eta=0.0m]
[36m(ClientAppActor pid=9750)[0m 
Epoch 1/1:  95%|█████████▌| 60/63 [00:04<00:00, 12.71it/s, loss=0.4358, acc=77.97%, img/s=410.5, eta=0.0m]
Epoch 1/1:  98%|█████████▊| 62/63 [00:04<00:00, 12.50it/s, loss=0.4358, acc=77.97%, img/s=410.5, eta=0.0m]
Epoch 1/1:  98%|█████████▊| 62/63 [00:04<00:00, 12.50it/s, loss=0.2787, acc=78.00%, img/s=206.8, eta=0.0m]
Epoch 1/1: 100%|██████████| 63/63 [00:04<00:00, 12.92it/s, loss=0.2787, acc=78.00%, img/s=206.8, eta=0.0m]
[36m(ClientAppActor pid=9750)[0m 
Epoch 1/1:   0%|          | 0/63 [00:00<?, ?it/s]
[36m(ClientAppActor pid=9750)[0m 
Epoch 1/1:   0%|          | 0/63 [00:00<?, ?it/s, loss=0.4983, acc=71.88%, img/s=404.2, eta=0.1m]
[36m(ClientAppActor pid=9750)[0m 
Epoch 1/1:   0%|          | 0/63 [00:00<?, ?it/s, loss=0.4182, acc=78.12%, img/s=404.2, eta=0.1m]
Epoch 1/1:   3%|▎         | 2/63 [00:00<00:04, 12.63it/s, loss=0.4182, acc=78.12%, img/s=404.2, eta=0.1m]
Epoch 1/1:   3%|▎         | 2/63 [00:00<00:04, 12.63it/s, loss=0.2807, acc=82.29%, img/s=404.7, eta=0.1m]
[36m(ClientAppActor pid=9750)[0m 
Epoch 1/1:   3%|▎         | 2/63 [00:00<00:04, 12.63it/s, loss=0.5237, acc=75.78%, img/s=404.8, eta=0.1m]
Epoch 1/1:   6%|▋         | 4/63 [00:00<00:04, 12.65it/s, loss=0.5237, acc=75.78%, img/s=404.8, eta=0.1m]
[36m(ClientAppActor pid=9750)[0m 
Epoch 1/1:   6%|▋         | 4/63 [00:00<00:04, 12.65it/s, loss=0.3683, acc=77.50%, img/s=405.2, eta=0.1m]
[36m(ClientAppActor pid=9750)[0m 
Epoch 1/1:   6%|▋         | 4/63 [00:00<00:04, 12.65it/s, loss=0.4665, acc=78.12%, img/s=405.5, eta=0.1m]
Epoch 1/1:  10%|▉         | 6/63 [00:00<00:04, 12.68it/s, loss=0.4665, acc=78.12%, img/s=405.5, eta=0.1m]
Epoch 1/1:  10%|▉         | 6/63 [00:00<00:04, 12.68it/s, loss=0.5041, acc=78.12%, img/s=406.9, eta=0.1m]
[36m(ClientAppActor pid=9750)[0m 
Epoch 1/1:  10%|▉         | 6/63 [00:00<00:04, 12.68it/s, loss=0.4351, acc=78.52%, img/s=407.2, eta=0.1m]
Epoch 1/1:  13%|█▎        | 8/63 [00:00<00:04, 12.76it/s, loss=0.4351, acc=78.52%, img/s=407.2, eta=0.1m]
[36m(ClientAppActor pid=9750)[0m 
Epoch 1/1:  13%|█▎        | 8/63 [00:00<00:04, 12.76it/s, loss=0.4251, acc=78.47%, img/s=406.6, eta=0.1m]
[36m(ClientAppActor pid=9750)[0m 
Epoch 1/1:  13%|█▎        | 8/63 [00:00<00:04, 12.76it/s, loss=0.5031, acc=78.12%, img/s=406.9, eta=0.1m]
Epoch 1/1:  16%|█▌        | 10/63 [00:00<00:04, 12.73it/s, loss=0.5031, acc=78.12%, img/s=406.9, eta=0.1m]
[36m(ClientAppActor pid=9750)[0m 
Epoch 1/1:  16%|█▌        | 10/63 [00:00<00:04, 12.73it/s, loss=0.5064, acc=78.12%, img/s=407.0, eta=0.1m]
[36m(ClientAppActor pid=9750)[0m 
Epoch 1/1:  16%|█▌        | 10/63 [00:00<00:04, 12.73it/s, loss=0.4559, acc=77.86%, img/s=407.0, eta=0.1m]
Epoch 1/1:  19%|█▉        | 12/63 [00:00<00:04, 12.73it/s, loss=0.4559, acc=77.86%, img/s=407.0, eta=0.1m]
[36m(ClientAppActor pid=9750)[0m 
Epoch 1/1:  19%|█▉        | 12/63 [00:01<00:04, 12.73it/s, loss=0.3865, acc=78.12%, img/s=407.2, eta=0.1m]
[36m(ClientAppActor pid=9750)[0m 
Epoch 1/1:  19%|█▉        | 12/63 [00:01<00:04, 12.73it/s, loss=0.4055, acc=78.35%, img/s=406.5, eta=0.1m]
Epoch 1/1:  22%|██▏       | 14/63 [00:01<00:03, 12.69it/s, loss=0.4055, acc=78.35%, img/s=406.5, eta=0.1m]
[36m(ClientAppActor pid=9750)[0m 
Epoch 1/1:  22%|██▏       | 14/63 [00:01<00:03, 12.69it/s, loss=0.5222, acc=77.50%, img/s=406.5, eta=0.1m]
Epoch 1/1:  22%|██▏       | 14/63 [00:01<00:03, 12.69it/s, loss=0.4447, acc=77.15%, img/s=407.2, eta=0.1m]
Epoch 1/1:  25%|██▌       | 16/63 [00:01<00:03, 12.75it/s, loss=0.4447, acc=77.15%, img/s=407.2, eta=0.1m]
[36m(ClientAppActor pid=9750)[0m 
Epoch 1/1:  25%|██▌       | 16/63 [00:01<00:03, 12.75it/s, loss=0.4926, acc=77.02%, img/s=407.0, eta=0.1m]
[36m(ClientAppActor pid=9750)[0m 
Epoch 1/1:  25%|██▌       | 16/63 [00:01<00:03, 12.75it/s, loss=0.3289, acc=77.43%, img/s=407.0, eta=0.1m]
Epoch 1/1:  29%|██▊       | 18/63 [00:01<00:03, 12.72it/s, loss=0.3289, acc=77.43%, img/s=407.0, eta=0.1m]
[36m(ClientAppActor pid=9750)[0m 
Epoch 1/1:  29%|██▊       | 18/63 [00:01<00:03, 12.72it/s, loss=0.5771, acc=76.97%, img/s=407.4, eta=0.1m]
Epoch 1/1:  29%|██▊       | 18/63 [00:01<00:03, 12.72it/s, loss=0.4753, acc=77.19%, img/s=407.3, eta=0.1m]
Epoch 1/1:  32%|███▏      | 20/63 [00:01<00:03, 12.75it/s, loss=0.4753, acc=77.19%, img/s=407.3, eta=0.1m]
[36m(ClientAppActor pid=9750)[0m 
Epoch 1/1:  32%|███▏      | 20/63 [00:01<00:03, 12.75it/s, loss=0.6211, acc=76.93%, img/s=407.3, eta=0.1m]
[36m(ClientAppActor pid=9750)[0m 
Epoch 1/1:  32%|███▏      | 20/63 [00:01<00:03, 12.75it/s, loss=0.5341, acc=76.99%, img/s=407.3, eta=0.1m]
Epoch 1/1:  35%|███▍      | 22/63 [00:01<00:03, 12.74it/s, loss=0.5341, acc=76.99%, img/s=407.3, eta=0.1m]
[36m(ClientAppActor pid=9750)[0m 
Epoch 1/1:  35%|███▍      | 22/63 [00:01<00:03, 12.74it/s, loss=0.4675, acc=77.04%, img/s=406.8, eta=0.1m]
[36m(ClientAppActor pid=9750)[0m 
Epoch 1/1:  35%|███▍      | 22/63 [00:01<00:03, 12.74it/s, loss=0.3756, acc=77.08%, img/s=406.7, eta=0.1m]
Epoch 1/1:  38%|███▊      | 24/63 [00:01<00:03, 12.68it/s, loss=0.3756, acc=77.08%, img/s=406.7, eta=0.1m]
Epoch 1/1:  38%|███▊      | 24/63 [00:01<00:03, 12.68it/s, loss=0.3826, acc=77.25%, img/s=407.1, eta=0.0m]
[36m(ClientAppActor pid=9750)[0m 
Epoch 1/1:  38%|███▊      | 24/63 [00:02<00:03, 12.68it/s, loss=0.4433, acc=77.76%, img/s=406.9, eta=0.0m]
Epoch 1/1:  41%|████▏     | 26/63 [00:02<00:02, 12.71it/s, loss=0.4433, acc=77.76%, img/s=406.9, eta=0.0m]
[36m(ClientAppActor pid=9750)[0m 
Epoch 1/1:  41%|████▏     | 26/63 [00:02<00:02, 12.71it/s, loss=0.4258, acc=77.78%, img/s=406.6, eta=0.0m]
[36m(ClientAppActor pid=9750)[0m 
Epoch 1/1:  41%|████▏     | 26/63 [00:02<00:02, 12.71it/s, loss=0.4241, acc=78.01%, img/s=406.7, eta=0.0m]
Epoch 1/1:  44%|████▍     | 28/63 [00:02<00:02, 12.68it/s, loss=0.4241, acc=78.01%, img/s=406.7, eta=0.0m]
Epoch 1/1:  44%|████▍     | 28/63 [00:02<00:02, 12.68it/s, loss=0.4830, acc=77.80%, img/s=406.6, eta=0.0m]
[36m(ClientAppActor pid=9750)[0m 
Epoch 1/1:  44%|████▍     | 28/63 [00:02<00:02, 12.68it/s, loss=0.4172, acc=77.92%, img/s=406.5, eta=0.0m]
Epoch 1/1:  48%|████▊     | 30/63 [00:02<00:02, 12.67it/s, loss=0.4172, acc=77.92%, img/s=406.5, eta=0.0m]
[36m(ClientAppActor pid=9750)[0m 
Epoch 1/1:  48%|████▊     | 30/63 [00:02<00:02, 12.67it/s, loss=0.2840, acc=78.43%, img/s=406.7, eta=0.0m]
[36m(ClientAppActor pid=9750)[0m 
Epoch 1/1:  48%|████▊     | 30/63 [00:02<00:02, 12.67it/s, loss=0.5447, acc=78.03%, img/s=406.7, eta=0.0m]
Epoch 1/1:  51%|█████     | 32/63 [00:02<00:02, 12.70it/s, loss=0.5447, acc=78.03%, img/s=406.7, eta=0.0m]
[36m(ClientAppActor pid=9750)[0m 
Epoch 1/1:  51%|█████     | 32/63 [00:02<00:02, 12.70it/s, loss=0.5699, acc=78.12%, img/s=406.7, eta=0.0m]
Epoch 1/1:  51%|█████     | 32/63 [00:02<00:02, 12.70it/s, loss=0.4349, acc=78.22%, img/s=406.9, eta=0.0m]
Epoch 1/1:  54%|█████▍    | 34/63 [00:02<00:02, 12.74it/s, loss=0.4349, acc=78.22%, img/s=406.9, eta=0.0m]
[36m(ClientAppActor pid=9750)[0m 
Epoch 1/1:  54%|█████▍    | 34/63 [00:02<00:02, 12.74it/s, loss=0.4887, acc=78.12%, img/s=406.5, eta=0.0m]
[36m(ClientAppActor pid=9750)[0m 
Epoch 1/1:  54%|█████▍    | 34/63 [00:02<00:02, 12.74it/s, loss=0.3893, acc=78.39%, img/s=406.4, eta=0.0m]
Epoch 1/1:  57%|█████▋    | 36/63 [00:02<00:02, 12.65it/s, loss=0.3893, acc=78.39%, img/s=406.4, eta=0.0m]
[36m(ClientAppActor pid=9750)[0m 
Epoch 1/1:  57%|█████▋    | 36/63 [00:02<00:02, 12.65it/s, loss=0.4891, acc=78.46%, img/s=406.6, eta=0.0m]
Epoch 1/1:  57%|█████▋    | 36/63 [00:02<00:02, 12.65it/s, loss=0.4089, acc=78.37%, img/s=406.7, eta=0.0m]
Epoch 1/1:  60%|██████    | 38/63 [00:02<00:01, 12.72it/s, loss=0.4089, acc=78.37%, img/s=406.7, eta=0.0m]
[36m(ClientAppActor pid=9750)[0m 
Epoch 1/1:  60%|██████    | 38/63 [00:03<00:01, 12.72it/s, loss=0.4790, acc=78.37%, img/s=406.7, eta=0.0m]
[36m(ClientAppActor pid=9750)[0m 
Epoch 1/1:  60%|██████    | 38/63 [00:03<00:01, 12.72it/s, loss=0.3040, acc=78.67%, img/s=406.6, eta=0.0m]
Epoch 1/1:  63%|██████▎   | 40/63 [00:03<00:01, 12.69it/s, loss=0.3040, acc=78.67%, img/s=406.6, eta=0.0m]
[36m(ClientAppActor pid=9750)[0m 
Epoch 1/1:  63%|██████▎   | 40/63 [00:03<00:01, 12.69it/s, loss=0.3082, acc=79.12%, img/s=406.5, eta=0.0m]
[36m(ClientAppActor pid=9750)[0m 
Epoch 1/1:  63%|██████▎   | 40/63 [00:03<00:01, 12.69it/s, loss=0.5960, acc=79.09%, img/s=406.6, eta=0.0m]
Epoch 1/1:  67%|██████▋   | 42/63 [00:03<00:01, 12.69it/s, loss=0.5960, acc=79.09%, img/s=406.6, eta=0.0m]
Epoch 1/1:  67%|██████▋   | 42/63 [00:03<00:01, 12.69it/s, loss=0.6776, acc=78.71%, img/s=406.7, eta=0.0m]
[36m(ClientAppActor pid=9750)[0m 
Epoch 1/1:  67%|██████▋   | 42/63 [00:03<00:01, 12.69it/s, loss=0.3740, acc=78.84%, img/s=406.5, eta=0.0m]
Epoch 1/1:  70%|██████▉   | 44/63 [00:03<00:01, 12.68it/s, loss=0.3740, acc=78.84%, img/s=406.5, eta=0.0m]
[36m(ClientAppActor pid=9750)[0m 
Epoch 1/1:  70%|██████▉   | 44/63 [00:03<00:01, 12.68it/s, loss=0.4162, acc=78.96%, img/s=406.5, eta=0.0m]
[36m(ClientAppActor pid=9750)[0m 
Epoch 1/1:  70%|██████▉   | 44/63 [00:03<00:01, 12.68it/s, loss=0.4396, acc=79.01%, img/s=406.5, eta=0.0m]
Epoch 1/1:  73%|███████▎  | 46/63 [00:03<00:01, 12.70it/s, loss=0.4396, acc=79.01%, img/s=406.5, eta=0.0m]
Epoch 1/1:  73%|███████▎  | 46/63 [00:03<00:01, 12.70it/s, loss=0.4108, acc=78.92%, img/s=406.6, eta=0.0m]
[36m(ClientAppActor pid=9750)[0m 
Epoch 1/1:  73%|███████▎  | 46/63 [00:03<00:01, 12.70it/s, loss=0.4652, acc=78.71%, img/s=406.7, eta=0.0m]
Epoch 1/1:  76%|███████▌  | 48/63 [00:03<00:01, 12.73it/s, loss=0.4652, acc=78.71%, img/s=406.7, eta=0.0m]
[36m(ClientAppActor pid=9750)[0m 
Epoch 1/1:  76%|███████▌  | 48/63 [00:03<00:01, 12.73it/s, loss=0.4535, acc=78.70%, img/s=406.8, eta=0.0m]
[36m(ClientAppActor pid=9750)[0m 
Epoch 1/1:  76%|███████▌  | 48/63 [00:03<00:01, 12.73it/s, loss=0.3539, acc=78.81%, img/s=406.8, eta=0.0m]
Epoch 1/1:  79%|███████▉  | 50/63 [00:03<00:01, 12.76it/s, loss=0.3539, acc=78.81%, img/s=406.8, eta=0.0m]
[36m(ClientAppActor pid=9750)[0m 
Epoch 1/1:  79%|███████▉  | 50/63 [00:04<00:01, 12.76it/s, loss=0.4227, acc=78.80%, img/s=406.9, eta=0.0m]
Epoch 1/1:  79%|███████▉  | 50/63 [00:04<00:01, 12.76it/s, loss=0.5774, acc=78.55%, img/s=407.0, eta=0.0m]
Epoch 1/1:  83%|████████▎ | 52/63 [00:04<00:00, 12.78it/s, loss=0.5774, acc=78.55%, img/s=407.0, eta=0.0m]
[36m(ClientAppActor pid=9750)[0m 
Epoch 1/1:  83%|████████▎ | 52/63 [00:04<00:00, 12.78it/s, loss=0.3719, acc=78.66%, img/s=406.8, eta=0.0m]
[36m(ClientAppActor pid=9750)[0m 
Epoch 1/1:  83%|████████▎ | 52/63 [00:04<00:00, 12.78it/s, loss=0.3236, acc=78.70%, img/s=406.8, eta=0.0m]
Epoch 1/1:  86%|████████▌ | 54/63 [00:04<00:00, 12.71it/s, loss=0.3236, acc=78.70%, img/s=406.8, eta=0.0m]
[36m(ClientAppActor pid=9750)[0m 
Epoch 1/1:  86%|████████▌ | 54/63 [00:04<00:00, 12.71it/s, loss=0.7546, acc=78.47%, img/s=407.0, eta=0.0m]
Epoch 1/1:  86%|████████▌ | 54/63 [00:04<00:00, 12.71it/s, loss=0.6162, acc=78.29%, img/s=407.0, eta=0.0m]
Epoch 1/1:  89%|████████▉ | 56/63 [00:04<00:00, 12.78it/s, loss=0.6162, acc=78.29%, img/s=407.0, eta=0.0m]
[36m(ClientAppActor pid=9750)[0m 
Epoch 1/1:  89%|████████▉ | 56/63 [00:04<00:00, 12.78it/s, loss=0.5946, acc=78.18%, img/s=407.0, eta=0.0m]
[36m(ClientAppActor pid=9750)[0m 
Epoch 1/1:  89%|████████▉ | 56/63 [00:04<00:00, 12.78it/s, loss=0.4880, acc=78.18%, img/s=406.9, eta=0.0m]
Epoch 1/1:  92%|█████████▏| 58/63 [00:04<00:00, 12.72it/s, loss=0.4880, acc=78.18%, img/s=406.9, eta=0.0m]
[36m(ClientAppActor pid=9750)[0m 
Epoch 1/1:  92%|█████████▏| 58/63 [00:04<00:00, 12.72it/s, loss=0.3743, acc=78.28%, img/s=406.9, eta=0.0m]
Epoch 1/1:  92%|█████████▏| 58/63 [00:04<00:00, 12.72it/s, loss=0.3149, acc=78.49%, img/s=407.0, eta=0.0m]
Epoch 1/1:  95%|█████████▌| 60/63 [00:04<00:00, 12.74it/s, loss=0.3149, acc=78.49%, img/s=407.0, eta=0.0m]
[36m(ClientAppActor pid=9750)[0m 
Epoch 1/1:  95%|█████████▌| 60/63 [00:04<00:00, 12.74it/s, loss=0.4439, acc=78.53%, img/s=407.1, eta=0.0m]
[36m(ClientAppActor pid=9750)[0m END classifier norm: 0.8088499903678894
[36m(ClientAppActor pid=9750)[0m Client 4 finished training
[36m(ClientAppActor pid=9750)[0m Client 4 extracting parameters...
[36m(ClientAppActor pid=9750)[0m Client 4 parameter extraction complete
[36m(ClientAppActor pid=9750)[0m Client 4 returning results
[36m(ClientAppActor pid=9750)[0m Client 2 using cuda
[36m(ClientAppActor pid=9750)[0m {'fake': 0, 'real': 1}
[36m(ClientAppActor pid=9750)[0m [DEBUG MODE] Train=2000, Val=100, Test=100
[36m(ClientAppActor pid=9750)[0m 
[36m(ClientAppActor pid=9750)[0m Client 2 Class Distribution
[36m(ClientAppActor pid=9750)[0m Train: Counter({0: 1012, 1: 988})
[36m(ClientAppActor pid=9750)[0m Val  : Counter({0: 60, 1: 40})
[36m(ClientAppActor pid=9750)[0m Test : Counter({0: 51, 1: 49})
[36m(ClientAppActor pid=9750)[0m Client 2
[36m(ClientAppActor pid=9750)[0m Train Images: 2000
[36m(ClientAppActor pid=9750)[0m Test Images : 100
[36m(ClientAppActor pid=9750)[0m Validate Images : 100
[36m(ClientAppActor pid=9750)[0m Client 2 starting fit...
[36m(ClientAppActor pid=9750)[0m Client 2 starting training...
[36m(ClientAppActor pid=9750)[0m START classifier norm: 0.8092856407165527
[36m(ClientAppActor pid=9750)[0m 
[36m(ClientAppActor pid=9750)[0m Batch 0/63
[36m(ClientAppActor pid=9750)[0m GPU Allocated: 0.20 GB
[36m(ClientAppActor pid=9750)[0m GPU Reserved : 0.75 GB
[36m(ClientAppActor pid=9750)[0m 
[36m(ClientAppActor pid=9750)[0m ==================================================
[36m(ClientAppActor pid=9750)[0m Epoch 1 Complete
[36m(ClientAppActor pid=9750)[0m Average Loss : 0.4767
[36m(ClientAppActor pid=9750)[0m Accuracy     : 78.35%
[36m(ClientAppActor pid=9750)[0m Time         : 4.88s
[36m(ClientAppActor pid=9750)[0m Images       : 2000
[36m(ClientAppActor pid=9750)[0m Images/sec   : 409.51
[36m(ClientAppActor pid=9750)[0m GPU Allocated: 0.20 GB
[36m(ClientAppActor pid=9750)[0m GPU Reserved : 0.75 GB
[36m(ClientAppActor pid=9750)[0m ==================================================
[36m(ClientAppActor pid=9750)[0m END classifier norm: 0.8103860020637512
[36m(ClientAppActor pid=9750)[0m Client 2 finished training
[36m(ClientAppActor pid=9750)[0m Client 2 extracting parameters...
[36m(ClientAppActor pid=9750)[0m Client 2 parameter extraction complete
[36m(ClientAppActor pid=9750)[0m Client 2 returning results
[36m(ClientAppActor pid=9750)[0m Client 3 using cuda
[36m(ClientAppActor pid=9750)[0m {'fake': 0, 'real': 1}
[36m(ClientAppActor pid=9750)[0m [DEBUG MODE] Train=2000, Val=100, Test=100
[36m(ClientAppActor pid=9750)[0m 
[36m(ClientAppActor pid=9750)[0m Client 3 Class Distribution
[36m(ClientAppActor pid=9750)[0m Train: Counter({1: 1024, 0: 976})
[36m(ClientAppActor pid=9750)[0m Val  : Counter({1: 54, 0: 46})
[36m(ClientAppActor pid=9750)[0m Test : Counter({1: 50, 0: 50})
[36m(ClientAppActor pid=9750)[0m Client 3
[36m(ClientAppActor pid=9750)[0m Train Images: 2000
[36m(ClientAppActor pid=9750)[0m Test Images : 100
[36m(ClientAppActor pid=9750)[0m Validate Images : 100
[36m(ClientAppActor pid=9750)[0m Client 3 starting fit...
[36m(ClientAppActor pid=9750)[0m Client 3 starting training...
[36m(ClientAppActor pid=9750)[0m START classifier norm: 0.8092856407165527
[36m(ClientAppActor pid=9750)[0m 
[36m(ClientAppActor pid=9750)[0m Batch 0/63
[36m(ClientAppActor pid=9750)[0m GPU Allocated: 0.20 GB
[36m(ClientAppActor pid=9750)[0m GPU Reserved : 0.75 GB
[36m(ClientAppActor pid=9750)[0m 
[36m(ClientAppActor pid=9750)[0m ==================================================
[36m(ClientAppActor pid=9750)[0m Epoch 1 Complete
[36m(ClientAppActor pid=9750)[0m Average Loss : 0.4752
[36m(ClientAppActor pid=9750)[0m Accuracy     : 77.80%
[36m(ClientAppActor pid=9750)[0m Time         : 4.89s
[36m(ClientAppActor pid=9750)[0m Images       : 2000
[36m(ClientAppActor pid=9750)[0m Images/sec   : 409.20
[36m(ClientAppActor pid=9750)[0m GPU Allocated: 0.20 GB
[36m(ClientAppActor pid=9750)[0m GPU Reserved : 0.75 GB
[36m(ClientAppActor pid=9750)[0m ==================================================
[36m(ClientAppActor pid=9750)[0m END classifier norm: 0.809326171875
[36m(ClientAppActor pid=9750)[0m Client 3 finished training
[36m(ClientAppActor pid=9750)[0m Client 3 extracting parameters...
[36m(ClientAppActor pid=9750)[0m Client 3 parameter extraction complete
[36m(ClientAppActor pid=9750)[0m Client 3 returning results
[36m(ClientAppActor pid=9750)[0m Client 5 using cuda
[36m(ClientAppActor pid=9750)[0m {'fake': 0, 'real': 1}
[36m(ClientAppActor pid=9750)[0m [DEBUG MODE] Train=2000, Val=100, Test=100
[36m(ClientAppActor pid=9750)[0m 
[36m(ClientAppActor pid=9750)[0m Client 5 Class Distribution
[36m(ClientAppActor pid=9750)[0m Train: Counter({0: 1014, 1: 986})
[36m(ClientAppActor pid=9750)[0m Val  : Counter({0: 56, 1: 44})
[36m(ClientAppActor pid=9750)[0m Test : Counter({0: 51, 1: 49})
[36m(ClientAppActor pid=9750)[0m Client 5
[36m(ClientAppActor pid=9750)[0m Train Images: 2000
[36m(ClientAppActor pid=9750)[0m Test Images : 100
[36m(ClientAppActor pid=9750)[0m Validate Images : 100
[36m(ClientAppActor pid=9750)[0m Client 5 starting fit...
[36m(ClientAppActor pid=9750)[0m Client 5 starting training...
[36m(ClientAppActor pid=9750)[0m START classifier norm: 0.8092856407165527
[36m(ClientAppActor pid=9750)[0m 
[36m(ClientAppActor pid=9750)[0m Batch 0/63
[36m(ClientAppActor pid=9750)[0m GPU Allocated: 0.20 GB
[36m(ClientAppActor pid=9750)[0m GPU Reserved : 0.75 GB
[36m(ClientAppActor pid=9750)[0m 
[36m(ClientAppActor pid=9750)[0m ==================================================
[36m(ClientAppActor pid=9750)[0m Epoch 1 Complete
[36m(ClientAppActor pid=9750)[0m Average Loss : 0.4717
[36m(ClientAppActor pid=9750)[0m Accuracy     : 78.00%
[36m(ClientAppActor pid=9750)[0m Time         : 4.88s
[36m(ClientAppActor pid=9750)[0m Images       : 2000
[36m(ClientAppActor pid=9750)[0m Images/sec   : 410.22
[36m(ClientAppActor pid=9750)[0m GPU Allocated: 0.20 GB
[36m(ClientAppActor pid=9750)[0m GPU Reserved : 0.75 GB
[36m(ClientAppActor pid=9750)[0m ==================================================
[36m(ClientAppActor pid=9750)[0m END classifier norm: 0.8099364638328552
[36m(ClientAppActor pid=9750)[0m Client 5 finished training
[36m(ClientAppActor pid=9750)[0m Client 5 extracting parameters...
[36m(ClientAppActor pid=9750)[0m Client 5 parameter extraction complete
[36m(ClientAppActor pid=9750)[0m Client 5 returning results
[36m(ClientAppActor pid=9750)[0m Client 1 using cuda
[36m(ClientAppActor pid=9750)[0m {'fake': 0, 'real': 1}
[36m(ClientAppActor pid=9750)[0m [DEBUG MODE] Train=2000, Val=100, Test=100
[36m(ClientAppActor pid=9750)[0m 
[36m(ClientAppActor pid=9750)[0m Client 1 Class Distribution
[36m(ClientAppActor pid=9750)[0m Train: Counter({1: 1011, 0: 989})
[36m(ClientAppActor pid=9750)[0m Val  : Counter({0: 55, 1: 45})
[36m(ClientAppActor pid=9750)[0m Test : Counter({0: 53, 1: 47})
[36m(ClientAppActor pid=9750)[0m Client 1
[36m(ClientAppActor pid=9750)[0m Train Images: 2000
[36m(ClientAppActor pid=9750)[0m Test Images : 100
[36m(ClientAppActor pid=9750)[0m Validate Images : 100
[36m(ClientAppActor pid=9750)[0m Client 1 starting fit...
[36m(ClientAppActor pid=9750)[0m Client 1 starting training...
[36m(ClientAppActor pid=9750)[0m START classifier norm: 0.8092856407165527
[36m(ClientAppActor pid=9750)[0m 
[36m(ClientAppActor pid=9750)[0m Batch 0/63
[36m(ClientAppActor pid=9750)[0m GPU Allocated: 0.20 GB
[36m(ClientAppActor pid=9750)[0m GPU Reserved : 0.75 GB
[36m(ClientAppActor pid=9750)[0m 
[36m(ClientAppActor pid=9750)[0m ==================================================
[36m(ClientAppActor pid=9750)[0m Epoch 1 Complete
[36m(ClientAppActor pid=9750)[0m Average Loss : 0.4600
[36m(ClientAppActor pid=9750)[0m Accuracy     : 78.20%
[36m(ClientAppActor pid=9750)[0m Time         : 4.92s
[36m(ClientAppActor pid=9750)[0m Images       : 2000
[36m(ClientAppActor pid=9750)[0m Images/sec   : 406.68
[36m(ClientAppActor pid=9750)[0m 
Epoch 1/1:  95%|█████████▌| 60/63 [00:04<00:00, 12.74it/s, loss=0.4683, acc=78.38%, img/s=407.0, eta=0.0m]
Epoch 1/1:  98%|█████████▊| 62/63 [00:04<00:00, 12.73it/s, loss=0.4683, acc=78.38%, img/s=407.0, eta=0.0m]
Epoch 1/1:  98%|█████████▊| 62/63 [00:04<00:00, 12.73it/s, loss=0.7501, acc=78.20%, img/s=205.0, eta=0.0m]
Epoch 1/1: 100%|██████████| 63/63 [00:04<00:00, 12.81it/s, loss=0.7501, acc=78.20%, img/s=205.0, eta=0.0m]
[92mINFO [0m:      aggregate_fit: received 5 results and 0 failures
[92mINFO [0m:      configure_evaluate: strategy sampled 5 clients (out of 5)
[36m(ClientAppActor pid=9750)[0m 
Testing:   0%|          | 0/4 [00:00<?, ?it/s]
[36m(ClientAppActor pid=9750)[0m 
Testing:  50%|█████     | 2/4 [00:00<00:00, 16.80it/s]
Testing: 100%|██████████| 4/4 [00:00<00:00, 21.45it/s]
[36m(ClientAppActor pid=9750)[0m 
Testing:   0%|          | 0/4 [00:00<?, ?it/s]
[36m(ClientAppActor pid=9750)[0m 
Testing:  50%|█████     | 2/4 [00:00<00:00, 16.95it/s]
[36m(ClientAppActor pid=9750)[0m 
Testing: 100%|██████████| 4/4 [00:00<00:00, 21.59it/s]
[36m(ClientAppActor pid=9750)[0m 
Testing:   0%|          | 0/4 [00:00<?, ?it/s]
[36m(ClientAppActor pid=9750)[0m 
Testing:  50%|█████     | 2/4 [00:00<00:00, 16.76it/s]
[36m(ClientAppActor pid=9750)[0m 
Testing: 100%|██████████| 4/4 [00:00<00:00, 21.44it/s]
[36m(ClientAppActor pid=9750)[0m 
Testing:   0%|          | 0/4 [00:00<?, ?it/s]
[36m(ClientAppActor pid=9750)[0m 
Testing:  50%|█████     | 2/4 [00:00<00:00, 16.81it/s]
[36m(ClientAppActor pid=9750)[0m 
Testing: 100%|██████████| 4/4 [00:00<00:00, 21.61it/s]
[36m(ClientAppActor pid=9750)[0m 
Testing:   0%|          | 0/4 [00:00<?, ?it/s]
[36m(ClientAppActor pid=9750)[0m 
Testing:  50%|█████     | 2/4 [00:00<00:00, 16.71it/s]
[36m(ClientAppActor pid=9750)[0m 
Testing: 100%|██████████| 4/4 [00:00<00:00, 21.23it/s]
[92mINFO [0m:      aggregate_evaluate: received 5 results and 0 failures
[92mINFO [0m:      
[92mINFO [0m:      [ROUND 5]
[92mINFO [0m:      configure_fit: strategy sampled 5 clients (out of 5)
[36m(ClientAppActor pid=9750)[0m 
Epoch 1/1:   0%|          | 0/63 [00:00<?, ?it/s]
Epoch 1/1:   0%|          | 0/63 [00:00<?, ?it/s, loss=0.2973, acc=96.88%, img/s=397.4, eta=0.1m]
[36m(ClientAppActor pid=9750)[0m 
Epoch 1/1:   0%|          | 0/63 [00:00<?, ?it/s, loss=0.3414, acc=90.62%, img/s=390.5, eta=0.1m]
Epoch 1/1:   3%|▎         | 2/63 [00:00<00:04, 12.20it/s, loss=0.3414, acc=90.62%, img/s=390.5, eta=0.1m]
[36m(ClientAppActor pid=9750)[0m 
Epoch 1/1:   3%|▎         | 2/63 [00:00<00:04, 12.20it/s, loss=0.4165, acc=85.42%, img/s=393.2, eta=0.1m]
[36m(ClientAppActor pid=9750)[0m 
Epoch 1/1:   3%|▎         | 2/63 [00:00<00:04, 12.20it/s, loss=0.3561, acc=83.59%, img/s=392.8, eta=0.1m]
Epoch 1/1:   6%|▋         | 4/63 [00:00<00:04, 12.29it/s, loss=0.3561, acc=83.59%, img/s=392.8, eta=0.1m]
[36m(ClientAppActor pid=9750)[0m 
Epoch 1/1:   6%|▋         | 4/63 [00:00<00:04, 12.29it/s, loss=0.3098, acc=85.00%, img/s=397.5, eta=0.1m]
Epoch 1/1:   6%|▋         | 4/63 [00:00<00:04, 12.29it/s, loss=0.3750, acc=84.90%, img/s=398.1, eta=0.1m]
Epoch 1/1:  10%|▉         | 6/63 [00:00<00:04, 12.51it/s, loss=0.3750, acc=84.90%, img/s=398.1, eta=0.1m]
[36m(ClientAppActor pid=9750)[0m 
Epoch 1/1:  10%|▉         | 6/63 [00:00<00:04, 12.51it/s, loss=0.3498, acc=84.38%, img/s=397.2, eta=0.1m]
[36m(ClientAppActor pid=9750)[0m 
Epoch 1/1:  10%|▉         | 6/63 [00:00<00:04, 12.51it/s, loss=0.3915, acc=84.38%, img/s=398.7, eta=0.1m]
Epoch 1/1:  13%|█▎        | 8/63 [00:00<00:04, 12.51it/s, loss=0.3915, acc=84.38%, img/s=398.7, eta=0.1m]
[36m(ClientAppActor pid=9750)[0m 
Epoch 1/1:  13%|█▎        | 8/63 [00:00<00:04, 12.51it/s, loss=0.4240, acc=84.03%, img/s=401.5, eta=0.1m]
Epoch 1/1:  13%|█▎        | 8/63 [00:00<00:04, 12.51it/s, loss=0.4818, acc=83.75%, img/s=402.7, eta=0.1m]
Epoch 1/1:  16%|█▌        | 10/63 [00:00<00:04, 12.72it/s, loss=0.4818, acc=83.75%, img/s=402.7, eta=0.1m]
[36m(ClientAppActor pid=9750)[0m 
Epoch 1/1:  16%|█▌        | 10/63 [00:00<00:04, 12.72it/s, loss=0.3148, acc=84.09%, img/s=403.7, eta=0.1m]
[36m(ClientAppActor pid=9750)[0m 
Epoch 1/1:  16%|█▌        | 10/63 [00:00<00:04, 12.72it/s, loss=0.2622, acc=84.64%, img/s=404.0, eta=0.1m]
Epoch 1/1:  19%|█▉        | 12/63 [00:00<00:03, 12.76it/s, loss=0.2622, acc=84.64%, img/s=404.0, eta=0.1m]
[36m(ClientAppActor pid=9750)[0m 
Epoch 1/1:  19%|█▉        | 12/63 [00:01<00:03, 12.76it/s, loss=0.3659, acc=84.38%, img/s=405.0, eta=0.1m]
[36m(ClientAppActor pid=9750)[0m 
Epoch 1/1:  19%|█▉        | 12/63 [00:01<00:03, 12.76it/s, loss=0.4516, acc=83.71%, img/s=405.8, eta=0.1m]
Epoch 1/1:  22%|██▏       | 14/63 [00:01<00:03, 12.85it/s, loss=0.4516, acc=83.71%, img/s=405.8, eta=0.1m]
[36m(ClientAppActor pid=9750)[0m 
Epoch 1/1:  22%|██▏       | 14/63 [00:01<00:03, 12.85it/s, loss=0.5762, acc=82.92%, img/s=406.3, eta=0.1m]
[36m(ClientAppActor pid=9750)[0m 
Epoch 1/1:  22%|██▏       | 14/63 [00:01<00:03, 12.85it/s, loss=0.4122, acc=83.01%, img/s=406.3, eta=0.1m]
Epoch 1/1:  25%|██▌       | 16/63 [00:01<00:03, 12.84it/s, loss=0.4122, acc=83.01%, img/s=406.3, eta=0.1m]
[36m(ClientAppActor pid=9750)[0m 
Epoch 1/1:  25%|██▌       | 16/63 [00:01<00:03, 12.84it/s, loss=0.6717, acc=82.17%, img/s=406.2, eta=0.1m]
[36m(ClientAppActor pid=9750)[0m 
Epoch 1/1:  25%|██▌       | 16/63 [00:01<00:03, 12.84it/s, loss=0.4059, acc=81.94%, img/s=406.8, eta=0.1m]
Epoch 1/1:  29%|██▊       | 18/63 [00:01<00:03, 12.83it/s, loss=0.4059, acc=81.94%, img/s=406.8, eta=0.1m]
Epoch 1/1:  29%|██▊       | 18/63 [00:01<00:03, 12.83it/s, loss=0.3819, acc=81.41%, img/s=407.3, eta=0.1m]
[36m(ClientAppActor pid=9750)[0m 
Epoch 1/1:  29%|██▊       | 18/63 [00:01<00:03, 12.83it/s, loss=0.4967, acc=80.94%, img/s=407.2, eta=0.1m]
Epoch 1/1:  32%|███▏      | 20/63 [00:01<00:03, 12.84it/s, loss=0.4967, acc=80.94%, img/s=407.2, eta=0.1m]
[36m(ClientAppActor pid=9750)[0m 
Epoch 1/1:  32%|███▏      | 20/63 [00:01<00:03, 12.84it/s, loss=0.3084, acc=81.25%, img/s=407.0, eta=0.1m]
[36m(ClientAppActor pid=9750)[0m 
Epoch 1/1:  32%|███▏      | 20/63 [00:01<00:03, 12.84it/s, loss=0.2256, acc=81.53%, img/s=407.6, eta=0.1m]
Epoch 1/1:  35%|███▍      | 22/63 [00:01<00:03, 12.84it/s, loss=0.2256, acc=81.53%, img/s=407.6, eta=0.1m]
Epoch 1/1:  35%|███▍      | 22/63 [00:01<00:03, 12.84it/s, loss=0.6089, acc=81.52%, img/s=407.9, eta=0.1m]
[36m(ClientAppActor pid=9750)[0m 
Epoch 1/1:  35%|███▍      | 22/63 [00:01<00:03, 12.84it/s, loss=0.4366, acc=81.51%, img/s=408.0, eta=0.1m]
Epoch 1/1:  38%|███▊      | 24/63 [00:01<00:03, 12.86it/s, loss=0.4366, acc=81.51%, img/s=408.0, eta=0.1m]
[36m(ClientAppActor pid=9750)[0m 
Epoch 1/1:  38%|███▊      | 24/63 [00:01<00:03, 12.86it/s, loss=0.4136, acc=81.50%, img/s=407.8, eta=0.0m]
[36m(ClientAppActor pid=9750)[0m 
Epoch 1/1:  38%|███▊      | 24/63 [00:02<00:03, 12.86it/s, loss=0.4738, acc=81.61%, img/s=407.8, eta=0.0m]
Epoch 1/1:  41%|████▏     | 26/63 [00:02<00:02, 12.81it/s, loss=0.4738, acc=81.61%, img/s=407.8, eta=0.0m]
Epoch 1/1:  41%|████▏     | 26/63 [00:02<00:02, 12.81it/s, loss=0.3997, acc=81.25%, img/s=408.2, eta=0.0m]
[36m(ClientAppActor pid=9750)[0m 
Epoch 1/1:  41%|████▏     | 26/63 [00:02<00:02, 12.81it/s, loss=0.4338, acc=81.03%, img/s=408.3, eta=0.0m]
Epoch 1/1:  44%|████▍     | 28/63 [00:02<00:02, 12.85it/s, loss=0.4338, acc=81.03%, img/s=408.3, eta=0.0m]
[36m(ClientAppActor pid=9750)[0m 
Epoch 1/1:  44%|████▍     | 28/63 [00:02<00:02, 12.85it/s, loss=0.4300, acc=80.93%, img/s=408.3, eta=0.0m]
[36m(ClientAppActor pid=9750)[0m 
Epoch 1/1:  44%|████▍     | 28/63 [00:02<00:02, 12.85it/s, loss=0.3852, acc=80.83%, img/s=408.4, eta=0.0m]
Epoch 1/1:  48%|████▊     | 30/63 [00:02<00:02, 12.83it/s, loss=0.3852, acc=80.83%, img/s=408.4, eta=0.0m]
[36m(ClientAppActor pid=9750)[0m 
Epoch 1/1:  48%|████▊     | 30/63 [00:02<00:02, 12.83it/s, loss=0.5176, acc=80.54%, img/s=408.7, eta=0.0m]
Epoch 1/1:  48%|████▊     | 30/63 [00:02<00:02, 12.83it/s, loss=0.3935, acc=80.66%, img/s=408.8, eta=0.0m]
Epoch 1/1:  51%|█████     | 32/63 [00:02<00:02, 12.87it/s, loss=0.3935, acc=80.66%, img/s=408.8, eta=0.0m]
[36m(ClientAppActor pid=9750)[0m 
Epoch 1/1:  51%|█████     | 32/63 [00:02<00:02, 12.87it/s, loss=0.2753, acc=80.87%, img/s=408.7, eta=0.0m]
[36m(ClientAppActor pid=9750)[0m 
Epoch 1/1:  51%|█████     | 32/63 [00:02<00:02, 12.87it/s, loss=0.4718, acc=80.70%, img/s=408.8, eta=0.0m]
Epoch 1/1:  54%|█████▍    | 34/63 [00:02<00:02, 12.85it/s, loss=0.4718, acc=80.70%, img/s=408.8, eta=0.0m]
[36m(ClientAppActor pid=9750)[0m 
Epoch 1/1:  54%|█████▍    | 34/63 [00:02<00:02, 12.85it/s, loss=0.4973, acc=80.54%, img/s=409.2, eta=0.0m]
Epoch 1/1:  54%|█████▍    | 34/63 [00:02<00:02, 12.85it/s, loss=0.4751, acc=80.47%, img/s=409.3, eta=0.0m]
Epoch 1/1:  57%|█████▋    | 36/63 [00:02<00:02, 12.92it/s, loss=0.4751, acc=80.47%, img/s=409.3, eta=0.0m]
[36m(ClientAppActor pid=9750)[0m 
Epoch 1/1:  57%|█████▋    | 36/63 [00:02<00:02, 12.92it/s, loss=0.3206, acc=80.57%, img/s=409.3, eta=0.0m]
[36m(ClientAppActor pid=9750)[0m 
Epoch 1/1:  57%|█████▋    | 36/63 [00:02<00:02, 12.92it/s, loss=0.4029, acc=80.67%, img/s=409.1, eta=0.0m]
Epoch 1/1:  60%|██████    | 38/63 [00:02<00:01, 12.83it/s, loss=0.4029, acc=80.67%, img/s=409.1, eta=0.0m]
[36m(ClientAppActor pid=9750)[0m 
Epoch 1/1:  60%|██████    | 38/63 [00:03<00:01, 12.83it/s, loss=0.4767, acc=80.69%, img/s=409.1, eta=0.0m]
Epoch 1/1:  60%|██████    | 38/63 [00:03<00:01, 12.83it/s, loss=0.2396, acc=80.94%, img/s=409.3, eta=0.0m]
Epoch 1/1:  63%|██████▎   | 40/63 [00:03<00:01, 12.87it/s, loss=0.2396, acc=80.94%, img/s=409.3, eta=0.0m]
[36m(ClientAppActor pid=9750)[0m 
Epoch 1/1:  63%|██████▎   | 40/63 [00:03<00:01, 12.87it/s, loss=0.4404, acc=80.79%, img/s=409.2, eta=0.0m]
[36m(ClientAppActor pid=9750)[0m 
Epoch 1/1:  63%|██████▎   | 40/63 [00:03<00:01, 12.87it/s, loss=0.2641, acc=81.03%, img/s=409.1, eta=0.0m]
Epoch 1/1:  67%|██████▋   | 42/63 [00:03<00:01, 12.79it/s, loss=0.2641, acc=81.03%, img/s=409.1, eta=0.0m]
[36m(ClientAppActor pid=9750)[0m 
Epoch 1/1:  67%|██████▋   | 42/63 [00:03<00:01, 12.79it/s, loss=0.2930, acc=81.18%, img/s=409.2, eta=0.0m]
[36m(ClientAppActor pid=9750)[0m 
Epoch 1/1:  67%|██████▋   | 42/63 [00:03<00:01, 12.79it/s, loss=0.5105, acc=81.18%, img/s=409.5, eta=0.0m]
Epoch 1/1:  70%|██████▉   | 44/63 [00:03<00:01, 12.88it/s, loss=0.5105, acc=81.18%, img/s=409.5, eta=0.0m]
Epoch 1/1:  70%|██████▉   | 44/63 [00:03<00:01, 12.88it/s, loss=0.4335, acc=81.04%, img/s=409.5, eta=0.0m]
[36m(ClientAppActor pid=9750)[0m 
Epoch 1/1:  70%|██████▉   | 44/63 [00:03<00:01, 12.88it/s, loss=0.2640, acc=81.18%, img/s=409.5, eta=0.0m]
Epoch 1/1:  73%|███████▎  | 46/63 [00:03<00:01, 12.86it/s, loss=0.2640, acc=81.18%, img/s=409.5, eta=0.0m]
[36m(ClientAppActor pid=9750)[0m 
Epoch 1/1:  73%|███████▎  | 46/63 [00:03<00:01, 12.86it/s, loss=0.4605, acc=81.18%, img/s=409.5, eta=0.0m]
[36m(ClientAppActor pid=9750)[0m 
Epoch 1/1:  73%|███████▎  | 46/63 [00:03<00:01, 12.86it/s, loss=0.6349, acc=80.99%, img/s=409.5, eta=0.0m]
Epoch 1/1:  76%|███████▌  | 48/63 [00:03<00:01, 12.83it/s, loss=0.6349, acc=80.99%, img/s=409.5, eta=0.0m]
Epoch 1/1:  76%|███████▌  | 48/63 [00:03<00:01, 12.83it/s, loss=0.3037, acc=81.19%, img/s=409.6, eta=0.0m]
[36m(ClientAppActor pid=9750)[0m 
Epoch 1/1:  76%|███████▌  | 48/63 [00:03<00:01, 12.83it/s, loss=0.3621, acc=81.25%, img/s=409.5, eta=0.0m]
Epoch 1/1:  79%|███████▉  | 50/63 [00:03<00:01, 12.82it/s, loss=0.3621, acc=81.25%, img/s=409.5, eta=0.0m]
[36m(ClientAppActor pid=9750)[0m 
Epoch 1/1:  79%|███████▉  | 50/63 [00:03<00:01, 12.82it/s, loss=0.3679, acc=81.19%, img/s=409.4, eta=0.0m]
[36m(ClientAppActor pid=9750)[0m 
Epoch 1/1:  79%|███████▉  | 50/63 [00:04<00:01, 12.82it/s, loss=0.3075, acc=81.31%, img/s=409.6, eta=0.0m]
Epoch 1/1:  83%|████████▎ | 52/63 [00:04<00:00, 12.83it/s, loss=0.3075, acc=81.31%, img/s=409.6, eta=0.0m]
Epoch 1/1:  83%|████████▎ | 52/63 [00:04<00:00, 12.83it/s, loss=0.4014, acc=81.31%, img/s=409.7, eta=0.0m]
[36m(ClientAppActor pid=9750)[0m 
Epoch 1/1:  83%|████████▎ | 52/63 [00:04<00:00, 12.83it/s, loss=0.4556, acc=81.02%, img/s=409.7, eta=0.0m]
Epoch 1/1:  86%|████████▌ | 54/63 [00:04<00:00, 12.87it/s, loss=0.4556, acc=81.02%, img/s=409.7, eta=0.0m]
[36m(ClientAppActor pid=9750)[0m 
Epoch 1/1:  86%|████████▌ | 54/63 [00:04<00:00, 12.87it/s, loss=0.4780, acc=80.91%, img/s=409.7, eta=0.0m]
[36m(ClientAppActor pid=9750)[0m 
Epoch 1/1:  86%|████████▌ | 54/63 [00:04<00:00, 12.87it/s, loss=0.3520, acc=80.97%, img/s=409.6, eta=0.0m]
Epoch 1/1:  89%|████████▉ | 56/63 [00:04<00:00, 12.81it/s, loss=0.3520, acc=80.97%, img/s=409.6, eta=0.0m]
[36m(ClientAppActor pid=9750)[0m 
Epoch 1/1:  89%|████████▉ | 56/63 [00:04<00:00, 12.81it/s, loss=0.4141, acc=80.92%, img/s=409.7, eta=0.0m]
Epoch 1/1:  89%|████████▉ | 56/63 [00:04<00:00, 12.81it/s, loss=0.3281, acc=80.98%, img/s=409.9, eta=0.0m]
Epoch 1/1:  92%|█████████▏| 58/63 [00:04<00:00, 12.88it/s, loss=0.3281, acc=80.98%, img/s=409.9, eta=0.0m]
[36m(ClientAppActor pid=9750)[0m 
Epoch 1/1:  92%|█████████▏| 58/63 [00:04<00:00, 12.88it/s, loss=0.3507, acc=80.93%, img/s=409.8, eta=0.0m]
[36m(ClientAppActor pid=9750)[0m 
Epoch 1/1:  92%|█████████▏| 58/63 [00:04<00:00, 12.88it/s, loss=0.3363, acc=81.09%, img/s=409.9, eta=0.0m]
Epoch 1/1:  95%|█████████▌| 60/63 [00:04<00:00, 12.88it/s, loss=0.3363, acc=81.09%, img/s=409.9, eta=0.0m]
[36m(ClientAppActor pid=9750)[0m 
Epoch 1/1:  95%|█████████▌| 60/63 [00:04<00:00, 12.88it/s, loss=0.3572, acc=81.05%, img/s=410.1, eta=0.0m]
Epoch 1/1:  95%|█████████▌| 60/63 [00:04<00:00, 12.88it/s, loss=0.4795, acc=81.05%, img/s=410.1, eta=0.0m]
Epoch 1/1:  98%|█████████▊| 62/63 [00:04<00:00, 12.90it/s, loss=0.4795, acc=81.05%, img/s=410.1, eta=0.0m]
[36m(ClientAppActor pid=9750)[0m 
Epoch 1/1:  98%|█████████▊| 62/63 [00:04<00:00, 12.90it/s, loss=0.6293, acc=81.05%, img/s=206.5, eta=0.0m]
Epoch 1/1: 100%|██████████| 63/63 [00:04<00:00, 12.91it/s, loss=0.6293, acc=81.05%, img/s=206.5, eta=0.0m]
[36m(ClientAppActor pid=9750)[0m GPU Allocated: 0.20 GB
[36m(ClientAppActor pid=9750)[0m GPU Reserved : 0.75 GB
[36m(ClientAppActor pid=9750)[0m ==================================================
[36m(ClientAppActor pid=9750)[0m END classifier norm: 0.8099034428596497
[36m(ClientAppActor pid=9750)[0m Client 1 finished training
[36m(ClientAppActor pid=9750)[0m Client 1 extracting parameters...
[36m(ClientAppActor pid=9750)[0m Client 1 parameter extraction complete
[36m(ClientAppActor pid=9750)[0m Client 1 returning results

Round 4: results=5, failures=0
Saved: saved_models/global_model_round_4.pth
Round 4: model saved successfully
[36m(ClientAppActor pid=9750)[0m Client 2 using cuda
[36m(ClientAppActor pid=9750)[0m {'fake': 0, 'real': 1}
[36m(ClientAppActor pid=9750)[0m [DEBUG MODE] Train=2000, Val=100, Test=100
[36m(ClientAppActor pid=9750)[0m 
[36m(ClientAppActor pid=9750)[0m Client 2 Class Distribution
[36m(ClientAppActor pid=9750)[0m Train: Counter({0: 1012, 1: 988})
[36m(ClientAppActor pid=9750)[0m Val  : Counter({0: 60, 1: 40})
[36m(ClientAppActor pid=9750)[0m Test : Counter({0: 51, 1: 49})
[36m(ClientAppActor pid=9750)[0m Client 2
[36m(ClientAppActor pid=9750)[0m Train Images: 2000
[36m(ClientAppActor pid=9750)[0m Test Images : 100
[36m(ClientAppActor pid=9750)[0m Validate Images : 100
[36m(ClientAppActor pid=9750)[0m 
[36m(ClientAppActor pid=9750)[0m CLIENT 2 STARTING EVALUATION
[36m(ClientAppActor pid=9750)[0m Accuracy: 0.6700
[36m(ClientAppActor pid=9750)[0m 
[36m(ClientAppActor pid=9750)[0m CLIENT 2 EVALUATION COMPLETE
[36m(ClientAppActor pid=9750)[0m Client 4 using cuda
[36m(ClientAppActor pid=9750)[0m {'fake': 0, 'real': 1}
[36m(ClientAppActor pid=9750)[0m [DEBUG MODE] Train=2000, Val=100, Test=100
[36m(ClientAppActor pid=9750)[0m 
[36m(ClientAppActor pid=9750)[0m Client 4 Class Distribution
[36m(ClientAppActor pid=9750)[0m Train: Counter({0: 1013, 1: 987})
[36m(ClientAppActor pid=9750)[0m Val  : Counter({0: 56, 1: 44})
[36m(ClientAppActor pid=9750)[0m Test : Counter({1: 53, 0: 47})
[36m(ClientAppActor pid=9750)[0m Client 4
[36m(ClientAppActor pid=9750)[0m Train Images: 2000
[36m(ClientAppActor pid=9750)[0m Test Images : 100
[36m(ClientAppActor pid=9750)[0m Validate Images : 100
[36m(ClientAppActor pid=9750)[0m 
[36m(ClientAppActor pid=9750)[0m CLIENT 4 STARTING EVALUATION
[36m(ClientAppActor pid=9750)[0m Accuracy: 0.6700
[36m(ClientAppActor pid=9750)[0m 
[36m(ClientAppActor pid=9750)[0m CLIENT 4 EVALUATION COMPLETE
[36m(ClientAppActor pid=9750)[0m Client 1 using cuda
[36m(ClientAppActor pid=9750)[0m {'fake': 0, 'real': 1}
[36m(ClientAppActor pid=9750)[0m [DEBUG MODE] Train=2000, Val=100, Test=100
[36m(ClientAppActor pid=9750)[0m 
[36m(ClientAppActor pid=9750)[0m Client 1 Class Distribution
[36m(ClientAppActor pid=9750)[0m Train: Counter({1: 1011, 0: 989})
[36m(ClientAppActor pid=9750)[0m Val  : Counter({0: 55, 1: 45})
[36m(ClientAppActor pid=9750)[0m Test : Counter({0: 53, 1: 47})
[36m(ClientAppActor pid=9750)[0m Client 1
[36m(ClientAppActor pid=9750)[0m Train Images: 2000
[36m(ClientAppActor pid=9750)[0m Test Images : 100
[36m(ClientAppActor pid=9750)[0m Validate Images : 100
[36m(ClientAppActor pid=9750)[0m 
[36m(ClientAppActor pid=9750)[0m CLIENT 1 STARTING EVALUATION
[36m(ClientAppActor pid=9750)[0m Accuracy: 0.7500
[36m(ClientAppActor pid=9750)[0m 
[36m(ClientAppActor pid=9750)[0m CLIENT 1 EVALUATION COMPLETE
[36m(ClientAppActor pid=9750)[0m Client 3 using cuda
[36m(ClientAppActor pid=9750)[0m {'fake': 0, 'real': 1}
[36m(ClientAppActor pid=9750)[0m [DEBUG MODE] Train=2000, Val=100, Test=100
[36m(ClientAppActor pid=9750)[0m 
[36m(ClientAppActor pid=9750)[0m Client 3 Class Distribution
[36m(ClientAppActor pid=9750)[0m Train: Counter({1: 1024, 0: 976})
[36m(ClientAppActor pid=9750)[0m Val  : Counter({1: 54, 0: 46})
[36m(ClientAppActor pid=9750)[0m Test : Counter({1: 50, 0: 50})
[36m(ClientAppActor pid=9750)[0m Client 3
[36m(ClientAppActor pid=9750)[0m Train Images: 2000
[36m(ClientAppActor pid=9750)[0m Test Images : 100
[36m(ClientAppActor pid=9750)[0m Validate Images : 100
[36m(ClientAppActor pid=9750)[0m 
[36m(ClientAppActor pid=9750)[0m CLIENT 3 STARTING EVALUATION
[36m(ClientAppActor pid=9750)[0m Accuracy: 0.7200
[36m(ClientAppActor pid=9750)[0m 
[36m(ClientAppActor pid=9750)[0m CLIENT 3 EVALUATION COMPLETE
[36m(ClientAppActor pid=9750)[0m Client 5 using cuda
[36m(ClientAppActor pid=9750)[0m {'fake': 0, 'real': 1}
[36m(ClientAppActor pid=9750)[0m [DEBUG MODE] Train=2000, Val=100, Test=100
[36m(ClientAppActor pid=9750)[0m 
[36m(ClientAppActor pid=9750)[0m Client 5 Class Distribution
[36m(ClientAppActor pid=9750)[0m Train: Counter({0: 1014, 1: 986})
[36m(ClientAppActor pid=9750)[0m Val  : Counter({0: 56, 1: 44})
[36m(ClientAppActor pid=9750)[0m Test : Counter({0: 51, 1: 49})
[36m(ClientAppActor pid=9750)[0m Client 5
[36m(ClientAppActor pid=9750)[0m Train Images: 2000
[36m(ClientAppActor pid=9750)[0m Test Images : 100
[36m(ClientAppActor pid=9750)[0m Validate Images : 100
[36m(ClientAppActor pid=9750)[0m 
[36m(ClientAppActor pid=9750)[0m CLIENT 5 STARTING EVALUATION
[36m(ClientAppActor pid=9750)[0m Accuracy: 0.6600
[36m(ClientAppActor pid=9750)[0m 
[36m(ClientAppActor pid=9750)[0m CLIENT 5 EVALUATION COMPLETE
[36m(ClientAppActor pid=9750)[0m Client 1 using cuda
[36m(ClientAppActor pid=9750)[0m {'fake': 0, 'real': 1}
[36m(ClientAppActor pid=9750)[0m [DEBUG MODE] Train=2000, Val=100, Test=100
[36m(ClientAppActor pid=9750)[0m 
[36m(ClientAppActor pid=9750)[0m Client 1 Class Distribution
[36m(ClientAppActor pid=9750)[0m Train: Counter({1: 1011, 0: 989})
[36m(ClientAppActor pid=9750)[0m Val  : Counter({0: 55, 1: 45})
[36m(ClientAppActor pid=9750)[0m Test : Counter({0: 53, 1: 47})
[36m(ClientAppActor pid=9750)[0m Client 1
[36m(ClientAppActor pid=9750)[0m Train Images: 2000
[36m(ClientAppActor pid=9750)[0m Test Images : 100
[36m(ClientAppActor pid=9750)[0m Validate Images : 100
[36m(ClientAppActor pid=9750)[0m Client 1 starting fit...
[36m(ClientAppActor pid=9750)[0m Client 1 starting training...
[36m(ClientAppActor pid=9750)[0m START classifier norm: 0.8096701502799988
[36m(ClientAppActor pid=9750)[0m 
[36m(ClientAppActor pid=9750)[0m Batch 0/63
[36m(ClientAppActor pid=9750)[0m GPU Allocated: 0.20 GB
[36m(ClientAppActor pid=9750)[0m GPU Reserved : 0.75 GB
[36m(ClientAppActor pid=9750)[0m 
[36m(ClientAppActor pid=9750)[0m ==================================================
[36m(ClientAppActor pid=9750)[0m Epoch 1 Complete
[36m(ClientAppActor pid=9750)[0m Average Loss : 0.4046
[36m(ClientAppActor pid=9750)[0m Accuracy     : 81.05%
[36m(ClientAppActor pid=9750)[0m Time         : 4.88s
[36m(ClientAppActor pid=9750)[0m Images       : 2000
[36m(ClientAppActor pid=9750)[0m Images/sec   : 409.57
[36m(ClientAppActor pid=9750)[0m GPU Allocated: 0.20 GB
[36m(ClientAppActor pid=9750)[0m GPU Reserved : 0.75 GB
[36m(ClientAppActor pid=9750)[0m ==================================================
[36m(ClientAppActor pid=9750)[0m END classifier norm: 0.8101158142089844
[36m(ClientAppActor pid=9750)[0m Client 1 finished training
[36m(ClientAppActor pid=9750)[0m Client 1 extracting parameters...
[36m(ClientAppActor pid=9750)[0m Client 1 parameter extraction complete
[36m(ClientAppActor pid=9750)[0m Client 1 returning results
[36m(ClientAppActor pid=9750)[0m Client 2 using cuda
[36m(ClientAppActor pid=9750)[0m {'fake': 0, 'real': 1}
[36m(ClientAppActor pid=9750)[0m [DEBUG MODE] Train=2000, Val=100, Test=100
[36m(ClientAppActor pid=9750)[0m 
[36m(ClientAppActor pid=9750)[0m Client 2 Class Distribution
[36m(ClientAppActor pid=9750)[0m Train: Counter({0: 1012, 1: 988})
[36m(ClientAppActor pid=9750)[0m Val  : Counter({0: 60, 1: 40})
[36m(ClientAppActor pid=9750)[0m Test : Counter({0: 51, 1: 49})
[36m(ClientAppActor pid=9750)[0m Client 2
[36m(ClientAppActor pid=9750)[0m Train Images: 2000
[36m(ClientAppActor pid=9750)[0m Test Images : 100
[36m(ClientAppActor pid=9750)[0m 
Epoch 1/1:   0%|          | 0/63 [00:00<?, ?it/s]
[36m(ClientAppActor pid=9750)[0m 
Epoch 1/1:   0%|          | 0/63 [00:00<?, ?it/s, loss=0.5663, acc=68.75%, img/s=400.6, eta=0.1m]
[36m(ClientAppActor pid=9750)[0m 
Epoch 1/1:   0%|          | 0/63 [00:00<?, ?it/s, loss=0.5090, acc=71.88%, img/s=401.0, eta=0.1m]
Epoch 1/1:   3%|▎         | 2/63 [00:00<00:04, 12.53it/s, loss=0.5090, acc=71.88%, img/s=401.0, eta=0.1m]
[36m(ClientAppActor pid=9750)[0m 
Epoch 1/1:   3%|▎         | 2/63 [00:00<00:04, 12.53it/s, loss=0.3258, acc=78.12%, img/s=404.8, eta=0.1m]
Epoch 1/1:   3%|▎         | 2/63 [00:00<00:04, 12.53it/s, loss=0.4298, acc=78.12%, img/s=405.8, eta=0.1m]
Epoch 1/1:   6%|▋         | 4/63 [00:00<00:04, 12.71it/s, loss=0.4298, acc=78.12%, img/s=405.8, eta=0.1m]
[36m(ClientAppActor pid=9750)[0m 
Epoch 1/1:   6%|▋         | 4/63 [00:00<00:04, 12.71it/s, loss=0.5039, acc=78.12%, img/s=407.2, eta=0.1m]
[36m(ClientAppActor pid=9750)[0m 
Epoch 1/1:   6%|▋         | 4/63 [00:00<00:04, 12.71it/s, loss=0.3622, acc=79.69%, img/s=406.9, eta=0.1m]
Epoch 1/1:  10%|▉         | 6/63 [00:00<00:04, 12.74it/s, loss=0.3622, acc=79.69%, img/s=406.9, eta=0.1m]
[36m(ClientAppActor pid=9750)[0m 
Epoch 1/1:  10%|▉         | 6/63 [00:00<00:04, 12.74it/s, loss=0.5254, acc=79.02%, img/s=406.9, eta=0.1m]
[36m(ClientAppActor pid=9750)[0m 
Epoch 1/1:  10%|▉         | 6/63 [00:00<00:04, 12.74it/s, loss=0.4936, acc=78.12%, img/s=407.8, eta=0.1m]
Epoch 1/1:  13%|█▎        | 8/63 [00:00<00:04, 12.78it/s, loss=0.4936, acc=78.12%, img/s=407.8, eta=0.1m]
Epoch 1/1:  13%|█▎        | 8/63 [00:00<00:04, 12.78it/s, loss=0.3292, acc=79.51%, img/s=408.5, eta=0.1m]
[36m(ClientAppActor pid=9750)[0m 
Epoch 1/1:  13%|█▎        | 8/63 [00:00<00:04, 12.78it/s, loss=0.3244, acc=80.00%, img/s=407.8, eta=0.1m]
Epoch 1/1:  16%|█▌        | 10/63 [00:00<00:04, 12.77it/s, loss=0.3244, acc=80.00%, img/s=407.8, eta=0.1m]
[36m(ClientAppActor pid=9750)[0m 
Epoch 1/1:  16%|█▌        | 10/63 [00:00<00:04, 12.77it/s, loss=0.2720, acc=81.25%, img/s=407.7, eta=0.1m]
[36m(ClientAppActor pid=9750)[0m 
Epoch 1/1:  16%|█▌        | 10/63 [00:00<00:04, 12.77it/s, loss=0.3200, acc=81.77%, img/s=408.3, eta=0.1m]
Epoch 1/1:  19%|█▉        | 12/63 [00:00<00:03, 12.79it/s, loss=0.3200, acc=81.77%, img/s=408.3, eta=0.1m]
Epoch 1/1:  19%|█▉        | 12/63 [00:01<00:03, 12.79it/s, loss=0.3433, acc=82.21%, img/s=408.8, eta=0.1m]
[36m(ClientAppActor pid=9750)[0m 
Epoch 1/1:  19%|█▉        | 12/63 [00:01<00:03, 12.79it/s, loss=0.5547, acc=81.03%, img/s=410.0, eta=0.1m]
Epoch 1/1:  22%|██▏       | 14/63 [00:01<00:03, 12.90it/s, loss=0.5547, acc=81.03%, img/s=410.0, eta=0.1m]
[36m(ClientAppActor pid=9750)[0m 
Epoch 1/1:  22%|██▏       | 14/63 [00:01<00:03, 12.90it/s, loss=0.3726, acc=81.25%, img/s=409.7, eta=0.1m]
[36m(ClientAppActor pid=9750)[0m 
Epoch 1/1:  22%|██▏       | 14/63 [00:01<00:03, 12.90it/s, loss=0.4969, acc=80.86%, img/s=410.0, eta=0.1m]
Epoch 1/1:  25%|██▌       | 16/63 [00:01<00:03, 12.87it/s, loss=0.4969, acc=80.86%, img/s=410.0, eta=0.1m]
Epoch 1/1:  25%|██▌       | 16/63 [00:01<00:03, 12.87it/s, loss=0.4285, acc=80.33%, img/s=410.6, eta=0.1m]
[36m(ClientAppActor pid=9750)[0m 
Epoch 1/1:  25%|██▌       | 16/63 [00:01<00:03, 12.87it/s, loss=0.4150, acc=80.56%, img/s=410.5, eta=0.1m]
Epoch 1/1:  29%|██▊       | 18/63 [00:01<00:03, 12.90it/s, loss=0.4150, acc=80.56%, img/s=410.5, eta=0.1m]
[36m(ClientAppActor pid=9750)[0m 
Epoch 1/1:  29%|██▊       | 18/63 [00:01<00:03, 12.90it/s, loss=0.5161, acc=80.10%, img/s=410.1, eta=0.1m]
[36m(ClientAppActor pid=9750)[0m 
Epoch 1/1:  29%|██▊       | 18/63 [00:01<00:03, 12.90it/s, loss=0.4590, acc=80.16%, img/s=410.0, eta=0.1m]
Epoch 1/1:  32%|███▏      | 20/63 [00:01<00:03, 12.83it/s, loss=0.4590, acc=80.16%, img/s=410.0, eta=0.1m]
[36m(ClientAppActor pid=9750)[0m 
Epoch 1/1:  32%|███▏      | 20/63 [00:01<00:03, 12.83it/s, loss=0.4212, acc=80.21%, img/s=410.3, eta=0.1m]
Epoch 1/1:  32%|███▏      | 20/63 [00:01<00:03, 12.83it/s, loss=0.5984, acc=79.69%, img/s=410.4, eta=0.1m]
Epoch 1/1:  35%|███▍      | 22/63 [00:01<00:03, 12.86it/s, loss=0.5984, acc=79.69%, img/s=410.4, eta=0.1m]
[36m(ClientAppActor pid=9750)[0m 
Epoch 1/1:  35%|███▍      | 22/63 [00:01<00:03, 12.86it/s, loss=0.3403, acc=79.89%, img/s=409.8, eta=0.1m]
[36m(ClientAppActor pid=9750)[0m 
Epoch 1/1:  35%|███▍      | 22/63 [00:01<00:03, 12.86it/s, loss=0.3073, acc=80.21%, img/s=409.5, eta=0.1m]
Epoch 1/1:  38%|███▊      | 24/63 [00:01<00:03, 12.75it/s, loss=0.3073, acc=80.21%, img/s=409.5, eta=0.1m]
[36m(ClientAppActor pid=9750)[0m 
Epoch 1/1:  38%|███▊      | 24/63 [00:01<00:03, 12.75it/s, loss=0.4259, acc=79.88%, img/s=409.9, eta=0.0m]
Epoch 1/1:  38%|███▊      | 24/63 [00:02<00:03, 12.75it/s, loss=0.1607, acc=80.53%, img/s=409.8, eta=0.0m]
Epoch 1/1:  41%|████▏     | 26/63 [00:02<00:02, 12.81it/s, loss=0.1607, acc=80.53%, img/s=409.8, eta=0.0m]
[36m(ClientAppActor pid=9750)[0m 
Epoch 1/1:  41%|████▏     | 26/63 [00:02<00:02, 12.81it/s, loss=0.3395, acc=80.79%, img/s=409.6, eta=0.0m]
[36m(ClientAppActor pid=9750)[0m 
Epoch 1/1:  41%|████▏     | 26/63 [00:02<00:02, 12.81it/s, loss=0.4787, acc=80.80%, img/s=409.5, eta=0.0m]
Epoch 1/1:  44%|████▍     | 28/63 [00:02<00:02, 12.76it/s, loss=0.4787, acc=80.80%, img/s=409.5, eta=0.0m]
[36m(ClientAppActor pid=9750)[0m 
Epoch 1/1:  44%|████▍     | 28/63 [00:02<00:02, 12.76it/s, loss=0.4282, acc=81.03%, img/s=409.3, eta=0.0m]
Epoch 1/1:  44%|████▍     | 28/63 [00:02<00:02, 12.76it/s, loss=0.2219, acc=81.35%, img/s=409.4, eta=0.0m]
Epoch 1/1:  48%|████▊     | 30/63 [00:02<00:02, 12.76it/s, loss=0.2219, acc=81.35%, img/s=409.4, eta=0.0m]
[36m(ClientAppActor pid=9750)[0m 
Epoch 1/1:  48%|████▊     | 30/63 [00:02<00:02, 12.76it/s, loss=0.4662, acc=81.35%, img/s=409.6, eta=0.0m]
[36m(ClientAppActor pid=9750)[0m 
Epoch 1/1:  48%|████▊     | 30/63 [00:02<00:02, 12.76it/s, loss=0.3439, acc=81.54%, img/s=409.6, eta=0.0m]
Epoch 1/1:  51%|█████     | 32/63 [00:02<00:02, 12.80it/s, loss=0.3439, acc=81.54%, img/s=409.6, eta=0.0m]
[36m(ClientAppActor pid=9750)[0m 
Epoch 1/1:  51%|█████     | 32/63 [00:02<00:02, 12.80it/s, loss=0.4966, acc=81.34%, img/s=409.7, eta=0.0m]
[36m(ClientAppActor pid=9750)[0m 
Epoch 1/1:  51%|█████     | 32/63 [00:02<00:02, 12.80it/s, loss=0.1906, acc=81.71%, img/s=409.8, eta=0.0m]
Epoch 1/1:  54%|█████▍    | 34/63 [00:02<00:02, 12.83it/s, loss=0.1906, acc=81.71%, img/s=409.8, eta=0.0m]
Epoch 1/1:  54%|█████▍    | 34/63 [00:02<00:02, 12.83it/s, loss=0.4137, acc=81.79%, img/s=409.9, eta=0.0m]
[36m(ClientAppActor pid=9750)[0m 
Epoch 1/1:  54%|█████▍    | 34/63 [00:02<00:02, 12.83it/s, loss=0.3868, acc=81.77%, img/s=409.9, eta=0.0m]
Epoch 1/1:  57%|█████▋    | 36/63 [00:02<00:02, 12.85it/s, loss=0.3868, acc=81.77%, img/s=409.9, eta=0.0m]
[36m(ClientAppActor pid=9750)[0m 
Epoch 1/1:  57%|█████▋    | 36/63 [00:02<00:02, 12.85it/s, loss=0.2970, acc=81.84%, img/s=410.1, eta=0.0m]
[36m(ClientAppActor pid=9750)[0m 
Epoch 1/1:  57%|█████▋    | 36/63 [00:02<00:02, 12.85it/s, loss=0.4652, acc=81.74%, img/s=410.0, eta=0.0m]
Epoch 1/1:  60%|██████    | 38/63 [00:02<00:01, 12.85it/s, loss=0.4652, acc=81.74%, img/s=410.0, eta=0.0m]
Epoch 1/1:  60%|██████    | 38/63 [00:03<00:01, 12.85it/s, loss=0.4067, acc=81.73%, img/s=410.2, eta=0.0m]
[36m(ClientAppActor pid=9750)[0m 
Epoch 1/1:  60%|██████    | 38/63 [00:03<00:01, 12.85it/s, loss=0.4253, acc=81.56%, img/s=410.0, eta=0.0m]
Epoch 1/1:  63%|██████▎   | 40/63 [00:03<00:01, 12.84it/s, loss=0.4253, acc=81.56%, img/s=410.0, eta=0.0m]
[36m(ClientAppActor pid=9750)[0m 
Epoch 1/1:  63%|██████▎   | 40/63 [00:03<00:01, 12.84it/s, loss=0.4246, acc=81.63%, img/s=409.9, eta=0.0m]
[36m(ClientAppActor pid=9750)[0m 
Epoch 1/1:  63%|██████▎   | 40/63 [00:03<00:01, 12.84it/s, loss=0.5308, acc=81.47%, img/s=410.0, eta=0.0m]
Epoch 1/1:  67%|██████▋   | 42/63 [00:03<00:01, 12.83it/s, loss=0.5308, acc=81.47%, img/s=410.0, eta=0.0m]
Epoch 1/1:  67%|██████▋   | 42/63 [00:03<00:01, 12.83it/s, loss=0.4659, acc=81.40%, img/s=410.1, eta=0.0m]
[36m(ClientAppActor pid=9750)[0m 
Epoch 1/1:  67%|██████▋   | 42/63 [00:03<00:01, 12.83it/s, loss=0.3161, acc=81.46%, img/s=410.0, eta=0.0m]
Epoch 1/1:  70%|██████▉   | 44/63 [00:03<00:01, 12.82it/s, loss=0.3161, acc=81.46%, img/s=410.0, eta=0.0m]
[36m(ClientAppActor pid=9750)[0m 
Epoch 1/1:  70%|██████▉   | 44/63 [00:03<00:01, 12.82it/s, loss=0.3867, acc=81.46%, img/s=409.9, eta=0.0m]
[36m(ClientAppActor pid=9750)[0m 
Epoch 1/1:  70%|██████▉   | 44/63 [00:03<00:01, 12.82it/s, loss=0.3718, acc=81.59%, img/s=410.0, eta=0.0m]
Epoch 1/1:  73%|███████▎  | 46/63 [00:03<00:01, 12.81it/s, loss=0.3718, acc=81.59%, img/s=410.0, eta=0.0m]
[36m(ClientAppActor pid=9750)[0m 
Epoch 1/1:  73%|███████▎  | 46/63 [00:03<00:01, 12.81it/s, loss=0.4002, acc=81.65%, img/s=410.1, eta=0.0m]
Epoch 1/1:  73%|███████▎  | 46/63 [00:03<00:01, 12.81it/s, loss=0.3050, acc=81.84%, img/s=410.2, eta=0.0m]
Epoch 1/1:  76%|███████▌  | 48/63 [00:03<00:01, 12.86it/s, loss=0.3050, acc=81.84%, img/s=410.2, eta=0.0m]
[36m(ClientAppActor pid=9750)[0m 
Epoch 1/1:  76%|███████▌  | 48/63 [00:03<00:01, 12.86it/s, loss=0.5332, acc=81.76%, img/s=410.3, eta=0.0m]
[36m(ClientAppActor pid=9750)[0m 
Epoch 1/1:  76%|███████▌  | 48/63 [00:03<00:01, 12.86it/s, loss=0.3903, acc=81.88%, img/s=410.3, eta=0.0m]
Epoch 1/1:  79%|███████▉  | 50/63 [00:03<00:01, 12.87it/s, loss=0.3903, acc=81.88%, img/s=410.3, eta=0.0m]
[36m(ClientAppActor pid=9750)[0m 
Epoch 1/1:  79%|███████▉  | 50/63 [00:03<00:01, 12.87it/s, loss=0.3447, acc=81.86%, img/s=410.3, eta=0.0m]
Epoch 1/1:  79%|███████▉  | 50/63 [00:04<00:01, 12.87it/s, loss=0.4043, acc=81.79%, img/s=410.3, eta=0.0m]
Epoch 1/1:  83%|████████▎ | 52/63 [00:04<00:00, 12.87it/s, loss=0.4043, acc=81.79%, img/s=410.3, eta=0.0m]
[36m(ClientAppActor pid=9750)[0m 
Epoch 1/1:  83%|████████▎ | 52/63 [00:04<00:00, 12.87it/s, loss=0.6423, acc=81.60%, img/s=410.2, eta=0.0m]
[36m(ClientAppActor pid=9750)[0m 
Epoch 1/1:  83%|████████▎ | 52/63 [00:04<00:00, 12.87it/s, loss=0.5096, acc=81.48%, img/s=410.1, eta=0.0m]
Epoch 1/1:  86%|████████▌ | 54/63 [00:04<00:00, 12.79it/s, loss=0.5096, acc=81.48%, img/s=410.1, eta=0.0m]
[36m(ClientAppActor pid=9750)[0m 
Epoch 1/1:  86%|████████▌ | 54/63 [00:04<00:00, 12.79it/s, loss=0.5935, acc=81.19%, img/s=410.2, eta=0.0m]
Epoch 1/1:  86%|████████▌ | 54/63 [00:04<00:00, 12.79it/s, loss=0.6996, acc=81.03%, img/s=410.3, eta=0.0m]
Epoch 1/1:  89%|████████▉ | 56/63 [00:04<00:00, 12.85it/s, loss=0.6996, acc=81.03%, img/s=410.3, eta=0.0m]
[36m(ClientAppActor pid=9750)[0m 
Epoch 1/1:  89%|████████▉ | 56/63 [00:04<00:00, 12.85it/s, loss=0.6025, acc=80.81%, img/s=410.2, eta=0.0m]
[36m(ClientAppActor pid=9750)[0m 
Epoch 1/1:  89%|████████▉ | 56/63 [00:04<00:00, 12.85it/s, loss=0.4304, acc=80.66%, img/s=410.3, eta=0.0m]
Epoch 1/1:  92%|█████████▏| 58/63 [00:04<00:00, 12.83it/s, loss=0.4304, acc=80.66%, img/s=410.3, eta=0.0m]
[36m(ClientAppActor pid=9750)[0m 
Epoch 1/1:  92%|█████████▏| 58/63 [00:04<00:00, 12.83it/s, loss=0.3989, acc=80.72%, img/s=410.2, eta=0.0m]
[36m(ClientAppActor pid=9750)[0m 
Epoch 1/1:  92%|█████████▏| 58/63 [00:04<00:00, 12.83it/s, loss=0.3226, acc=80.78%, img/s=410.1, eta=0.0m]
Epoch 1/1:  95%|█████████▌| 60/63 [00:04<00:00, 12.78it/s, loss=0.3226, acc=80.78%, img/s=410.1, eta=0.0m]
Epoch 1/1:  95%|█████████▌| 60/63 [00:04<00:00, 12.78it/s, loss=0.4563, acc=80.79%, img/s=410.1, eta=0.0m]
[36m(ClientAppActor pid=9750)[0m 
Epoch 1/1:  95%|█████████▌| 60/63 [00:04<00:00, 12.78it/s, loss=0.3547, acc=80.95%, img/s=410.0, eta=0.0m]
Epoch 1/1:  98%|█████████▊| 62/63 [00:04<00:00, 12.77it/s, loss=0.3547, acc=80.95%, img/s=410.0, eta=0.0m]
Epoch 1/1:  98%|█████████▊| 62/63 [00:04<00:00, 12.77it/s, loss=0.6301, acc=80.90%, img/s=206.5, eta=0.0m]
Epoch 1/1: 100%|██████████| 63/63 [00:04<00:00, 12.91it/s, loss=0.6301, acc=80.90%, img/s=206.5, eta=0.0m]
[36m(ClientAppActor pid=9750)[0m 
Epoch 1/1:   0%|          | 0/63 [00:00<?, ?it/s]
[36m(ClientAppActor pid=9750)[0m 
Epoch 1/1:   0%|          | 0/63 [00:00<?, ?it/s, loss=0.4061, acc=71.88%, img/s=399.5, eta=0.1m]
[36m(ClientAppActor pid=9750)[0m 
Epoch 1/1:   0%|          | 0/63 [00:00<?, ?it/s, loss=0.3637, acc=75.00%, img/s=403.2, eta=0.1m]
Epoch 1/1:   3%|▎         | 2/63 [00:00<00:04, 12.60it/s, loss=0.3637, acc=75.00%, img/s=403.2, eta=0.1m]
[36m(ClientAppActor pid=9750)[0m 
Epoch 1/1:   3%|▎         | 2/63 [00:00<00:04, 12.60it/s, loss=0.2034, acc=82.29%, img/s=405.6, eta=0.1m]
Epoch 1/1:   3%|▎         | 2/63 [00:00<00:04, 12.60it/s, loss=0.2544, acc=84.38%, img/s=407.1, eta=0.1m]
Epoch 1/1:   6%|▋         | 4/63 [00:00<00:04, 12.74it/s, loss=0.2544, acc=84.38%, img/s=407.1, eta=0.1m]
[36m(ClientAppActor pid=9750)[0m 
Epoch 1/1:   6%|▋         | 4/63 [00:00<00:04, 12.74it/s, loss=0.2794, acc=85.00%, img/s=408.0, eta=0.1m]
[36m(ClientAppActor pid=9750)[0m 
Epoch 1/1:   6%|▋         | 4/63 [00:00<00:04, 12.74it/s, loss=0.3022, acc=85.94%, img/s=407.8, eta=0.1m]
Epoch 1/1:  10%|▉         | 6/63 [00:00<00:04, 12.76it/s, loss=0.3022, acc=85.94%, img/s=407.8, eta=0.1m]
[36m(ClientAppActor pid=9750)[0m 
Epoch 1/1:  10%|▉         | 6/63 [00:00<00:04, 12.76it/s, loss=0.2904, acc=85.71%, img/s=407.6, eta=0.1m]
[36m(ClientAppActor pid=9750)[0m 
Epoch 1/1:  10%|▉         | 6/63 [00:00<00:04, 12.76it/s, loss=0.4449, acc=85.16%, img/s=408.4, eta=0.1m]
Epoch 1/1:  13%|█▎        | 8/63 [00:00<00:04, 12.78it/s, loss=0.4449, acc=85.16%, img/s=408.4, eta=0.1m]
Epoch 1/1:  13%|█▎        | 8/63 [00:00<00:04, 12.78it/s, loss=0.5253, acc=84.38%, img/s=410.4, eta=0.1m]
[36m(ClientAppActor pid=9750)[0m 
Epoch 1/1:  13%|█▎        | 8/63 [00:00<00:04, 12.78it/s, loss=0.3902, acc=84.06%, img/s=410.0, eta=0.1m]
Epoch 1/1:  16%|█▌        | 10/63 [00:00<00:04, 12.87it/s, loss=0.3902, acc=84.06%, img/s=410.0, eta=0.1m]
[36m(ClientAppActor pid=9750)[0m 
Epoch 1/1:  16%|█▌        | 10/63 [00:00<00:04, 12.87it/s, loss=0.3610, acc=83.81%, img/s=410.4, eta=0.1m]
[36m(ClientAppActor pid=9750)[0m 
Epoch 1/1:  16%|█▌        | 10/63 [00:00<00:04, 12.87it/s, loss=0.3308, acc=83.85%, img/s=410.7, eta=0.1m]
Epoch 1/1:  19%|█▉        | 12/63 [00:00<00:03, 12.90it/s, loss=0.3308, acc=83.85%, img/s=410.7, eta=0.1m]
Epoch 1/1:  19%|█▉        | 12/63 [00:01<00:03, 12.90it/s, loss=0.2882, acc=83.89%, img/s=411.1, eta=0.1m]
[36m(ClientAppActor pid=9750)[0m 
Epoch 1/1:  19%|█▉        | 12/63 [00:01<00:03, 12.90it/s, loss=0.4495, acc=83.71%, img/s=410.4, eta=0.1m]
Epoch 1/1:  22%|██▏       | 14/63 [00:01<00:03, 12.85it/s, loss=0.4495, acc=83.71%, img/s=410.4, eta=0.1m]
[36m(ClientAppActor pid=9750)[0m 
Epoch 1/1:  22%|██▏       | 14/63 [00:01<00:03, 12.85it/s, loss=0.4145, acc=83.33%, img/s=410.1, eta=0.1m]
[36m(ClientAppActor pid=9750)[0m 
Epoch 1/1:  22%|██▏       | 14/63 [00:01<00:03, 12.85it/s, loss=0.5899, acc=82.62%, img/s=410.6, eta=0.1m]
Epoch 1/1:  25%|██▌       | 16/63 [00:01<00:03, 12.86it/s, loss=0.5899, acc=82.62%, img/s=410.6, eta=0.1m]
Epoch 1/1:  25%|██▌       | 16/63 [00:01<00:03, 12.86it/s, loss=0.5665, acc=82.72%, img/s=411.0, eta=0.1m]
[36m(ClientAppActor pid=9750)[0m 
Epoch 1/1:  25%|██▌       | 16/63 [00:01<00:03, 12.86it/s, loss=0.4798, acc=82.29%, img/s=410.9, eta=0.1m]
Epoch 1/1:  29%|██▊       | 18/63 [00:01<00:03, 12.88it/s, loss=0.4798, acc=82.29%, img/s=410.9, eta=0.1m]
[36m(ClientAppActor pid=9750)[0m 
Epoch 1/1:  29%|██▊       | 18/63 [00:01<00:03, 12.88it/s, loss=0.4654, acc=82.07%, img/s=410.4, eta=0.1m]
[36m(ClientAppActor pid=9750)[0m 
Epoch 1/1:  29%|██▊       | 18/63 [00:01<00:03, 12.88it/s, loss=0.4735, acc=81.88%, img/s=410.4, eta=0.1m]
Epoch 1/1:  32%|███▏      | 20/63 [00:01<00:03, 12.82it/s, loss=0.4735, acc=81.88%, img/s=410.4, eta=0.1m]
Epoch 1/1:  32%|███▏      | 20/63 [00:01<00:03, 12.82it/s, loss=0.4599, acc=81.70%, img/s=410.8, eta=0.1m]
[36m(ClientAppActor pid=9750)[0m 
Epoch 1/1:  32%|███▏      | 20/63 [00:01<00:03, 12.82it/s, loss=0.3681, acc=81.96%, img/s=410.8, eta=0.1m]
Epoch 1/1:  35%|███▍      | 22/63 [00:01<00:03, 12.86it/s, loss=0.3681, acc=81.96%, img/s=410.8, eta=0.1m]
[36m(ClientAppActor pid=9750)[0m 
Epoch 1/1:  35%|███▍      | 22/63 [00:01<00:03, 12.86it/s, loss=0.4028, acc=81.93%, img/s=410.8, eta=0.1m]
[36m(ClientAppActor pid=9750)[0m 
Epoch 1/1:  35%|███▍      | 22/63 [00:01<00:03, 12.86it/s, loss=0.3285, acc=82.03%, img/s=410.6, eta=0.1m]
Epoch 1/1:  38%|███▊      | 24/63 [00:01<00:03, 12.83it/s, loss=0.3285, acc=82.03%, img/s=410.6, eta=0.1m]
[36m(ClientAppActor pid=9750)[0m 
Epoch 1/1:  38%|███▊      | 24/63 [00:01<00:03, 12.83it/s, loss=0.3188, acc=82.25%, img/s=411.0, eta=0.0m]
Epoch 1/1:  38%|███▊      | 24/63 [00:02<00:03, 12.83it/s, loss=0.3736, acc=82.09%, img/s=411.1, eta=0.0m]
Epoch 1/1:  41%|████▏     | 26/63 [00:02<00:02, 12.89it/s, loss=0.3736, acc=82.09%, img/s=411.1, eta=0.0m]
[36m(ClientAppActor pid=9750)[0m 
Epoch 1/1:  41%|████▏     | 26/63 [00:02<00:02, 12.89it/s, loss=0.4391, acc=81.83%, img/s=411.1, eta=0.0m]
[36m(ClientAppActor pid=9750)[0m 
Epoch 1/1:  41%|████▏     | 26/63 [00:02<00:02, 12.89it/s, loss=0.4716, acc=81.58%, img/s=410.8, eta=0.0m]
Epoch 1/1:  44%|████▍     | 28/63 [00:02<00:02, 12.84it/s, loss=0.4716, acc=81.58%, img/s=410.8, eta=0.0m]
[36m(ClientAppActor pid=9750)[0m 
Epoch 1/1:  44%|████▍     | 28/63 [00:02<00:02, 12.84it/s, loss=0.3069, acc=81.79%, img/s=411.3, eta=0.0m]
Epoch 1/1:  44%|████▍     | 28/63 [00:02<00:02, 12.84it/s, loss=0.6658, acc=81.15%, img/s=411.1, eta=0.0m]
Epoch 1/1:  48%|████▊     | 30/63 [00:02<00:02, 12.88it/s, loss=0.6658, acc=81.15%, img/s=411.1, eta=0.0m]
[36m(ClientAppActor pid=9750)[0m 
Epoch 1/1:  48%|████▊     | 30/63 [00:02<00:02, 12.88it/s, loss=0.3815, acc=81.25%, img/s=410.7, eta=0.0m]
[36m(ClientAppActor pid=9750)[0m 
Epoch 1/1:  48%|████▊     | 30/63 [00:02<00:02, 12.88it/s, loss=0.3732, acc=81.05%, img/s=410.3, eta=0.0m]
Epoch 1/1:  51%|█████     | 32/63 [00:02<00:02, 12.75it/s, loss=0.3732, acc=81.05%, img/s=410.3, eta=0.0m]
[36m(ClientAppActor pid=9750)[0m 
Epoch 1/1:  51%|█████     | 32/63 [00:02<00:02, 12.75it/s, loss=0.4887, acc=80.78%, img/s=410.3, eta=0.0m]
Epoch 1/1:  51%|█████     | 32/63 [00:02<00:02, 12.75it/s, loss=0.4249, acc=80.88%, img/s=410.4, eta=0.0m]
Epoch 1/1:  54%|█████▍    | 34/63 [00:02<00:02, 12.78it/s, loss=0.4249, acc=80.88%, img/s=410.4, eta=0.0m]
[36m(ClientAppActor pid=9750)[0m 
Epoch 1/1:  54%|█████▍    | 34/63 [00:02<00:02, 12.78it/s, loss=0.4560, acc=80.80%, img/s=410.3, eta=0.0m]
[36m(ClientAppActor pid=9750)[0m 
Epoch 1/1:  54%|█████▍    | 34/63 [00:02<00:02, 12.78it/s, loss=0.5041, acc=80.73%, img/s=409.8, eta=0.0m]
Epoch 1/1:  57%|█████▋    | 36/63 [00:02<00:02, 12.71it/s, loss=0.5041, acc=80.73%, img/s=409.8, eta=0.0m]
[36m(ClientAppActor pid=9750)[0m 
Epoch 1/1:  57%|█████▋    | 36/63 [00:02<00:02, 12.71it/s, loss=0.5574, acc=80.49%, img/s=409.9, eta=0.0m]
[36m(ClientAppActor pid=9750)[0m 
Epoch 1/1:  57%|█████▋    | 36/63 [00:02<00:02, 12.71it/s, loss=0.3535, acc=80.76%, img/s=410.1, eta=0.0m]
Epoch 1/1:  60%|██████    | 38/63 [00:02<00:01, 12.78it/s, loss=0.3535, acc=80.76%, img/s=410.1, eta=0.0m]
Epoch 1/1:  60%|██████    | 38/63 [00:03<00:01, 12.78it/s, loss=0.4722, acc=80.69%, img/s=410.0, eta=0.0m]
[36m(ClientAppActor pid=9750)[0m 
Epoch 1/1:  60%|██████    | 38/63 [00:03<00:01, 12.78it/s, loss=0.3875, acc=80.78%, img/s=410.0, eta=0.0m]
Epoch 1/1:  63%|██████▎   | 40/63 [00:03<00:01, 12.77it/s, loss=0.3875, acc=80.78%, img/s=410.0, eta=0.0m]
[36m(ClientAppActor pid=9750)[0m 
Epoch 1/1:  63%|██████▎   | 40/63 [00:03<00:01, 12.77it/s, loss=0.5383, acc=80.49%, img/s=409.7, eta=0.0m]
[36m(ClientAppActor pid=9750)[0m 
Epoch 1/1:  63%|██████▎   | 40/63 [00:03<00:01, 12.77it/s, loss=0.2620, acc=80.65%, img/s=409.7, eta=0.0m]
Epoch 1/1:  67%|██████▋   | 42/63 [00:03<00:01, 12.72it/s, loss=0.2620, acc=80.65%, img/s=409.7, eta=0.0m]
Epoch 1/1:  67%|██████▋   | 42/63 [00:03<00:01, 12.72it/s, loss=0.4118, acc=80.60%, img/s=409.9, eta=0.0m]
[36m(ClientAppActor pid=9750)[0m 
Epoch 1/1:  67%|██████▋   | 42/63 [00:03<00:01, 12.72it/s, loss=0.3925, acc=80.68%, img/s=410.0, eta=0.0m]
Epoch 1/1:  70%|██████▉   | 44/63 [00:03<00:01, 12.81it/s, loss=0.3925, acc=80.68%, img/s=410.0, eta=0.0m]
[36m(ClientAppActor pid=9750)[0m 
Epoch 1/1:  70%|██████▉   | 44/63 [00:03<00:01, 12.81it/s, loss=0.4610, acc=80.56%, img/s=409.8, eta=0.0m]
[36m(ClientAppActor pid=9750)[0m 
Epoch 1/1:  70%|██████▉   | 44/63 [00:03<00:01, 12.81it/s, loss=0.5633, acc=80.23%, img/s=409.8, eta=0.0m]
Epoch 1/1:  73%|███████▎  | 46/63 [00:03<00:01, 12.76it/s, loss=0.5633, acc=80.23%, img/s=409.8, eta=0.0m]
[36m(ClientAppActor pid=9750)[0m 
Epoch 1/1:  73%|███████▎  | 46/63 [00:03<00:01, 12.76it/s, loss=0.4121, acc=80.25%, img/s=409.8, eta=0.0m]
Epoch 1/1:  73%|███████▎  | 46/63 [00:03<00:01, 12.76it/s, loss=0.5041, acc=80.27%, img/s=410.0, eta=0.0m]
Epoch 1/1:  76%|███████▌  | 48/63 [00:03<00:01, 12.82it/s, loss=0.5041, acc=80.27%, img/s=410.0, eta=0.0m]
[36m(ClientAppActor pid=9750)[0m 
Epoch 1/1:  76%|███████▌  | 48/63 [00:03<00:01, 12.82it/s, loss=0.3073, acc=80.29%, img/s=409.9, eta=0.0m]
[36m(ClientAppActor pid=9750)[0m 
Epoch 1/1:  76%|███████▌  | 48/63 [00:03<00:01, 12.82it/s, loss=0.3519, acc=80.50%, img/s=410.0, eta=0.0m]
Epoch 1/1:  79%|███████▉  | 50/63 [00:03<00:01, 12.83it/s, loss=0.3519, acc=80.50%, img/s=410.0, eta=0.0m]
[36m(ClientAppActor pid=9750)[0m 
Epoch 1/1:  79%|███████▉  | 50/63 [00:03<00:01, 12.83it/s, loss=0.4505, acc=80.33%, img/s=410.1, eta=0.0m]
Epoch 1/1:  79%|███████▉  | 50/63 [00:04<00:01, 12.83it/s, loss=0.3826, acc=80.35%, img/s=410.2, eta=0.0m]
Epoch 1/1:  83%|████████▎ | 52/63 [00:04<00:00, 12.87it/s, loss=0.3826, acc=80.35%, img/s=410.2, eta=0.0m]
[36m(ClientAppActor pid=9750)[0m 
Epoch 1/1:  83%|████████▎ | 52/63 [00:04<00:00, 12.87it/s, loss=0.4875, acc=80.25%, img/s=410.1, eta=0.0m]
[36m(ClientAppActor pid=9750)[0m 
Epoch 1/1:  83%|████████▎ | 52/63 [00:04<00:00, 12.87it/s, loss=0.5105, acc=80.15%, img/s=410.0, eta=0.0m]
Epoch 1/1:  86%|████████▌ | 54/63 [00:04<00:00, 12.79it/s, loss=0.5105, acc=80.15%, img/s=410.0, eta=0.0m]
[36m(ClientAppActor pid=9750)[0m 
Epoch 1/1:  86%|████████▌ | 54/63 [00:04<00:00, 12.79it/s, loss=0.4688, acc=80.11%, img/s=410.0, eta=0.0m]
Epoch 1/1:  86%|████████▌ | 54/63 [00:04<00:00, 12.79it/s, loss=0.2448, acc=80.30%, img/s=410.2, eta=0.0m]
Epoch 1/1:  89%|████████▉ | 56/63 [00:04<00:00, 12.87it/s, loss=0.2448, acc=80.30%, img/s=410.2, eta=0.0m]
[36m(ClientAppActor pid=9750)[0m 
Epoch 1/1:  89%|████████▉ | 56/63 [00:04<00:00, 12.87it/s, loss=0.4462, acc=80.32%, img/s=410.2, eta=0.0m]
[36m(ClientAppActor pid=9750)[0m 
Epoch 1/1:  89%|████████▉ | 56/63 [00:04<00:00, 12.87it/s, loss=0.4128, acc=80.28%, img/s=410.0, eta=0.0m]
Epoch 1/1:  92%|█████████▏| 58/63 [00:04<00:00, 12.79it/s, loss=0.4128, acc=80.28%, img/s=410.0, eta=0.0m]
[36m(ClientAppActor pid=9750)[0m 
Epoch 1/1:  92%|█████████▏| 58/63 [00:04<00:00, 12.79it/s, loss=0.4953, acc=80.35%, img/s=410.2, eta=0.0m]
Epoch 1/1:  92%|█████████▏| 58/63 [00:04<00:00, 12.79it/s, loss=0.4216, acc=80.26%, img/s=410.3, eta=0.0m]
Epoch 1/1:  95%|█████████▌| 60/63 [00:04<00:00, 12.87it/s, loss=0.4216, acc=80.26%, img/s=410.3, eta=0.0m]
[36m(ClientAppActor pid=9750)[0m 
Epoch 1/1:  95%|█████████▌| 60/63 [00:04<00:00, 12.87it/s, loss=0.3552, acc=80.23%, img/s=410.2, eta=0.0m]
[36m(ClientAppActor pid=9750)[0m 
Epoch 1/1:  95%|█████████▌| 60/63 [00:04<00:00, 12.87it/s, loss=0.4435, acc=80.29%, img/s=410.3, eta=0.0m]
Epoch 1/1:  98%|█████████▊| 62/63 [00:04<00:00, 12.86it/s, loss=0.4435, acc=80.29%, img/s=410.3, eta=0.0m]
Epoch 1/1:  98%|█████████▊| 62/63 [00:04<00:00, 12.86it/s, loss=0.3976, acc=80.30%, img/s=206.6, eta=0.0m]
Epoch 1/1: 100%|██████████| 63/63 [00:04<00:00, 12.91it/s, loss=0.3976, acc=80.30%, img/s=206.6, eta=0.0m]
[36m(ClientAppActor pid=9750)[0m 
Epoch 1/1:   0%|          | 0/63 [00:00<?, ?it/s]
[36m(ClientAppActor pid=9750)[0m 
Epoch 1/1:   0%|          | 0/63 [00:00<?, ?it/s, loss=0.4481, acc=84.38%, img/s=400.1, eta=0.1m]
[36m(ClientAppActor pid=9750)[0m 
Epoch 1/1:   0%|          | 0/63 [00:00<?, ?it/s, loss=0.4113, acc=84.38%, img/s=405.3, eta=0.1m]
Epoch 1/1:   3%|▎         | 2/63 [00:00<00:04, 12.67it/s, loss=0.4113, acc=84.38%, img/s=405.3, eta=0.1m]
Epoch 1/1:   3%|▎         | 2/63 [00:00<00:04, 12.67it/s, loss=0.4187, acc=85.42%, img/s=407.2, eta=0.1m]
[36m(ClientAppActor pid=9750)[0m 
Epoch 1/1:   3%|▎         | 2/63 [00:00<00:04, 12.67it/s, loss=0.2807, acc=85.16%, img/s=408.0, eta=0.1m]
Epoch 1/1:   6%|▋         | 4/63 [00:00<00:04, 12.76it/s, loss=0.2807, acc=85.16%, img/s=408.0, eta=0.1m]
[36m(ClientAppActor pid=9750)[0m 
Epoch 1/1:   6%|▋         | 4/63 [00:00<00:04, 12.76it/s, loss=0.4261, acc=84.38%, img/s=407.9, eta=0.1m]
[36m(ClientAppActor pid=9750)[0m 
Epoch 1/1:   6%|▋         | 4/63 [00:00<00:04, 12.76it/s, loss=0.4097, acc=84.38%, img/s=411.9, eta=0.1m]
Epoch 1/1:  10%|▉         | 6/63 [00:00<00:04, 12.92it/s, loss=0.4097, acc=84.38%, img/s=411.9, eta=0.1m]
Epoch 1/1:  10%|▉         | 6/63 [00:00<00:04, 12.92it/s, loss=0.4375, acc=83.04%, img/s=412.6, eta=0.1m]
[36m(ClientAppActor pid=9750)[0m 
Epoch 1/1:  10%|▉         | 6/63 [00:00<00:04, 12.92it/s, loss=0.3361, acc=83.59%, img/s=412.5, eta=0.1m]
Epoch 1/1:  13%|█▎        | 8/63 [00:00<00:04, 12.94it/s, loss=0.3361, acc=83.59%, img/s=412.5, eta=0.1m]
[36m(ClientAppActor pid=9750)[0m 
Epoch 1/1:  13%|█▎        | 8/63 [00:00<00:04, 12.94it/s, loss=0.4013, acc=83.33%, img/s=412.5, eta=0.1m]
[36m(ClientAppActor pid=9750)[0m 
Epoch 1/1:  13%|█▎        | 8/63 [00:00<00:04, 12.94it/s, loss=0.4484, acc=82.81%, img/s=412.7, eta=0.1m]
Epoch 1/1:  16%|█▌        | 10/63 [00:00<00:04, 12.93it/s, loss=0.4484, acc=82.81%, img/s=412.7, eta=0.1m]
Epoch 1/1:  16%|█▌        | 10/63 [00:00<00:04, 12.93it/s, loss=0.4512, acc=82.67%, img/s=413.3, eta=0.1m]
[36m(ClientAppActor pid=9750)[0m 
Epoch 1/1:  16%|█▌        | 10/63 [00:00<00:04, 12.93it/s, loss=0.3158, acc=82.29%, img/s=413.3, eta=0.1m]
Epoch 1/1:  19%|█▉        | 12/63 [00:00<00:03, 12.96it/s, loss=0.3158, acc=82.29%, img/s=413.3, eta=0.1m]
[36m(ClientAppActor pid=9750)[0m 
Epoch 1/1:  19%|█▉        | 12/63 [00:01<00:03, 12.96it/s, loss=0.3252, acc=82.69%, img/s=412.6, eta=0.1m]
[36m(ClientAppActor pid=9750)[0m 
Epoch 1/1:  19%|█▉        | 12/63 [00:01<00:03, 12.96it/s, loss=0.3185, acc=82.81%, img/s=413.1, eta=0.1m]
Epoch 1/1:  22%|██▏       | 14/63 [00:01<00:03, 12.93it/s, loss=0.3185, acc=82.81%, img/s=413.1, eta=0.1m]
Epoch 1/1:  22%|██▏       | 14/63 [00:01<00:03, 12.93it/s, loss=0.4898, acc=82.50%, img/s=413.5, eta=0.1m]
[36m(ClientAppActor pid=9750)[0m 
Epoch 1/1:  22%|██▏       | 14/63 [00:01<00:03, 12.93it/s, loss=0.3492, acc=82.62%, img/s=413.0, eta=0.1m]
Epoch 1/1:  25%|██▌       | 16/63 [00:01<00:03, 12.92it/s, loss=0.3492, acc=82.62%, img/s=413.0, eta=0.1m]
[36m(ClientAppActor pid=9750)[0m 
Epoch 1/1:  25%|██▌       | 16/63 [00:01<00:03, 12.92it/s, loss=0.4285, acc=82.17%, img/s=412.6, eta=0.1m]
[36m(ClientAppActor pid=9750)[0m 
Epoch 1/1:  25%|██▌       | 16/63 [00:01<00:03, 12.92it/s, loss=0.3157, acc=82.64%, img/s=412.4, eta=0.1m]
Epoch 1/1:  29%|██▊       | 18/63 [00:01<00:03, 12.86it/s, loss=0.3157, acc=82.64%, img/s=412.4, eta=0.1m]
[36m(ClientAppActor pid=9750)[0m 
Epoch 1/1:  29%|██▊       | 18/63 [00:01<00:03, 12.86it/s, loss=0.4056, acc=82.40%, img/s=412.6, eta=0.1m]
Epoch 1/1:  29%|██▊       | 18/63 [00:01<00:03, 12.86it/s, loss=0.3382, acc=82.03%, img/s=412.5, eta=0.1m]
Epoch 1/1:  32%|███▏      | 20/63 [00:01<00:03, 12.88it/s, loss=0.3382, acc=82.03%, img/s=412.5, eta=0.1m]
[36m(ClientAppActor pid=9750)[0m 
Epoch 1/1:  32%|███▏      | 20/63 [00:01<00:03, 12.88it/s, loss=0.3923, acc=81.70%, img/s=412.5, eta=0.1m]
[36m(ClientAppActor pid=9750)[0m 
Epoch 1/1:  32%|███▏      | 20/63 [00:01<00:03, 12.88it/s, loss=0.3201, acc=81.96%, img/s=412.3, eta=0.1m]
Epoch 1/1:  35%|███▍      | 22/63 [00:01<00:03, 12.86it/s, loss=0.3201, acc=81.96%, img/s=412.3, eta=0.1m]
[36m(ClientAppActor pid=9750)[0m 
Epoch 1/1:  35%|███▍      | 22/63 [00:01<00:03, 12.86it/s, loss=0.4411, acc=81.79%, img/s=412.7, eta=0.1m]
Epoch 1/1:  35%|███▍      | 22/63 [00:01<00:03, 12.86it/s, loss=0.3413, acc=81.64%, img/s=413.0, eta=0.1m]
Epoch 1/1:  38%|███▊      | 24/63 [00:01<00:03, 12.95it/s, loss=0.3413, acc=81.64%, img/s=413.0, eta=0.1m]
[36m(ClientAppActor pid=9750)[0m 
Epoch 1/1:  38%|███▊      | 24/63 [00:01<00:03, 12.95it/s, loss=0.2228, acc=82.00%, img/s=413.0, eta=0.0m]
[36m(ClientAppActor pid=9750)[0m 
Epoch 1/1:  38%|███▊      | 24/63 [00:02<00:03, 12.95it/s, loss=0.4246, acc=81.85%, img/s=412.8, eta=0.0m]
Epoch 1/1:  41%|████▏     | 26/63 [00:02<00:02, 12.91it/s, loss=0.4246, acc=81.85%, img/s=412.8, eta=0.0m]
[36m(ClientAppActor pid=9750)[0m 
Epoch 1/1:  41%|████▏     | 26/63 [00:02<00:02, 12.91it/s, loss=0.3187, acc=82.06%, img/s=413.1, eta=0.0m]
Epoch 1/1:  41%|████▏     | 26/63 [00:02<00:02, 12.91it/s, loss=0.5686, acc=81.81%, img/s=413.2, eta=0.0m]
Epoch 1/1:  44%|████▍     | 28/63 [00:02<00:02, 12.95it/s, loss=0.5686, acc=81.81%, img/s=413.2, eta=0.0m]
[36m(ClientAppActor pid=9750)[0m 
Epoch 1/1:  44%|████▍     | 28/63 [00:02<00:02, 12.95it/s, loss=0.2964, acc=82.00%, img/s=412.8, eta=0.0m]
[36m(ClientAppActor pid=9750)[0m 
Epoch 1/1:  44%|████▍     | 28/63 [00:02<00:02, 12.95it/s, loss=0.3112, acc=82.19%, img/s=412.3, eta=0.0m]
Epoch 1/1:  48%|████▊     | 30/63 [00:02<00:02, 12.82it/s, loss=0.3112, acc=82.19%, img/s=412.3, eta=0.0m]
[36m(ClientAppActor pid=9750)[0m 
Epoch 1/1:  48%|████▊     | 30/63 [00:02<00:02, 12.82it/s, loss=0.4000, acc=82.06%, img/s=412.5, eta=0.0m]
Epoch 1/1:  48%|████▊     | 30/63 [00:02<00:02, 12.82it/s, loss=0.4833, acc=81.74%, img/s=412.7, eta=0.0m]
Epoch 1/1:  51%|█████     | 32/63 [00:02<00:02, 12.90it/s, loss=0.4833, acc=81.74%, img/s=412.7, eta=0.0m]
[36m(ClientAppActor pid=9750)[0m 
Epoch 1/1:  51%|█████     | 32/63 [00:02<00:02, 12.90it/s, loss=0.3670, acc=81.72%, img/s=412.7, eta=0.0m]
[36m(ClientAppActor pid=9750)[0m 
Epoch 1/1:  51%|█████     | 32/63 [00:02<00:02, 12.90it/s, loss=0.2630, acc=81.80%, img/s=412.4, eta=0.0m]
Epoch 1/1:  54%|█████▍    | 34/63 [00:02<00:02, 12.85it/s, loss=0.2630, acc=81.80%, img/s=412.4, eta=0.0m]
[36m(ClientAppActor pid=9750)[0m 
Epoch 1/1:  54%|█████▍    | 34/63 [00:02<00:02, 12.85it/s, loss=0.4505, acc=81.79%, img/s=412.3, eta=0.0m]
[36m(ClientAppActor pid=9750)[0m 
Epoch 1/1:  54%|█████▍    | 34/63 [00:02<00:02, 12.85it/s, loss=0.3785, acc=81.51%, img/s=412.4, eta=0.0m]
Epoch 1/1:  57%|█████▋    | 36/63 [00:02<00:02, 12.86it/s, loss=0.3785, acc=81.51%, img/s=412.4, eta=0.0m]
Epoch 1/1:  57%|█████▋    | 36/63 [00:02<00:02, 12.86it/s, loss=0.5128, acc=81.42%, img/s=412.1, eta=0.0m]
[36m(ClientAppActor pid=9750)[0m 
Epoch 1/1:  57%|█████▋    | 36/63 [00:02<00:02, 12.86it/s, loss=0.4878, acc=81.09%, img/s=412.1, eta=0.0m]
Epoch 1/1:  60%|██████    | 38/63 [00:02<00:01, 12.82it/s, loss=0.4878, acc=81.09%, img/s=412.1, eta=0.0m]
[36m(ClientAppActor pid=9750)[0m 
Epoch 1/1:  60%|██████    | 38/63 [00:03<00:01, 12.82it/s, loss=0.3272, acc=81.09%, img/s=412.2, eta=0.0m]
[36m(ClientAppActor pid=9750)[0m 
Epoch 1/1:  60%|██████    | 38/63 [00:03<00:01, 12.82it/s, loss=0.4856, acc=81.02%, img/s=412.3, eta=0.0m]
Epoch 1/1:  63%|██████▎   | 40/63 [00:03<00:01, 12.86it/s, loss=0.4856, acc=81.02%, img/s=412.3, eta=0.0m]
Epoch 1/1:  63%|██████▎   | 40/63 [00:03<00:01, 12.86it/s, loss=0.1787, acc=81.48%, img/s=412.3, eta=0.0m]
[36m(ClientAppActor pid=9750)[0m 
Epoch 1/1:  63%|██████▎   | 40/63 [00:03<00:01, 12.86it/s, loss=0.3821, acc=81.55%, img/s=412.1, eta=0.0m]
Epoch 1/1:  67%|██████▋   | 42/63 [00:03<00:01, 12.84it/s, loss=0.3821, acc=81.55%, img/s=412.1, eta=0.0m]
[36m(ClientAppActor pid=9750)[0m 
Epoch 1/1:  67%|██████▋   | 42/63 [00:03<00:01, 12.84it/s, loss=0.4022, acc=81.47%, img/s=412.1, eta=0.0m]
[36m(ClientAppActor pid=9750)[0m 
Epoch 1/1:  67%|██████▋   | 42/63 [00:03<00:01, 12.84it/s, loss=0.3484, acc=81.68%, img/s=412.2, eta=0.0m]
Epoch 1/1:  70%|██████▉   | 44/63 [00:03<00:01, 12.88it/s, loss=0.3484, acc=81.68%, img/s=412.2, eta=0.0m]
Epoch 1/1:  70%|██████▉   | 44/63 [00:03<00:01, 12.88it/s, loss=0.5862, acc=81.46%, img/s=412.3, eta=0.0m]
[36m(ClientAppActor pid=9750)[0m 
Epoch 1/1:  70%|██████▉   | 44/63 [00:03<00:01, 12.88it/s, loss=0.5539, acc=81.25%, img/s=412.1, eta=0.0m]
Epoch 1/1:  73%|███████▎  | 46/63 [00:03<00:01, 12.86it/s, loss=0.5539, acc=81.25%, img/s=412.1, eta=0.0m]
[36m(ClientAppActor pid=9750)[0m 
Epoch 1/1:  73%|███████▎  | 46/63 [00:03<00:01, 12.86it/s, loss=0.4283, acc=81.18%, img/s=412.1, eta=0.0m]
[36m(ClientAppActor pid=9750)[0m 
Epoch 1/1:  73%|███████▎  | 46/63 [00:03<00:01, 12.86it/s, loss=0.5224, acc=81.12%, img/s=412.0, eta=0.0m]
Epoch 1/1:  76%|███████▌  | 48/63 [00:03<00:01, 12.84it/s, loss=0.5224, acc=81.12%, img/s=412.0, eta=0.0m]
[36m(ClientAppActor pid=9750)[0m 
Epoch 1/1:  76%|███████▌  | 48/63 [00:03<00:01, 12.84it/s, loss=0.4370, acc=81.06%, img/s=412.0, eta=0.0m]
[36m(ClientAppActor pid=9750)[0m 
Epoch 1/1:  76%|███████▌  | 48/63 [00:03<00:01, 12.84it/s, loss=0.4067, acc=80.88%, img/s=412.0, eta=0.0m]
Epoch 1/1:  79%|███████▉  | 50/63 [00:03<00:01, 12.84it/s, loss=0.4067, acc=80.88%, img/s=412.0, eta=0.0m]
[36m(ClientAppActor pid=9750)[0m 
Epoch 1/1:  79%|███████▉  | 50/63 [00:03<00:01, 12.84it/s, loss=0.4801, acc=80.76%, img/s=411.9, eta=0.0m]
[36m(ClientAppActor pid=9750)[0m 
Epoch 1/1:  79%|███████▉  | 50/63 [00:04<00:01, 12.84it/s, loss=0.4376, acc=80.71%, img/s=412.0, eta=0.0m]
Epoch 1/1:  83%|████████▎ | 52/63 [00:04<00:00, 12.85it/s, loss=0.4376, acc=80.71%, img/s=412.0, eta=0.0m]
[36m(ClientAppActor pid=9750)[0m 
Epoch 1/1:  83%|████████▎ | 52/63 [00:04<00:00, 12.85it/s, loss=0.4695, acc=80.78%, img/s=412.2, eta=0.0m]
Epoch 1/1:  83%|████████▎ | 52/63 [00:04<00:00, 12.85it/s, loss=0.4607, acc=80.84%, img/s=412.1, eta=0.0m]
Epoch 1/1:  86%|████████▌ | 54/63 [00:04<00:00, 12.90it/s, loss=0.4607, acc=80.84%, img/s=412.1, eta=0.0m]
[36m(ClientAppActor pid=9750)[0m 
Epoch 1/1:  86%|████████▌ | 54/63 [00:04<00:00, 12.90it/s, loss=0.6098, acc=80.80%, img/s=412.0, eta=0.0m]
[36m(ClientAppActor pid=9750)[0m 
Epoch 1/1:  86%|████████▌ | 54/63 [00:04<00:00, 12.90it/s, loss=0.4312, acc=80.86%, img/s=412.0, eta=0.0m]
Epoch 1/1:  89%|████████▉ | 56/63 [00:04<00:00, 12.86it/s, loss=0.4312, acc=80.86%, img/s=412.0, eta=0.0m]
[36m(ClientAppActor pid=9750)[0m 
Epoch 1/1:  89%|████████▉ | 56/63 [00:04<00:00, 12.86it/s, loss=0.4176, acc=80.87%, img/s=411.9, eta=0.0m]
Epoch 1/1:  89%|████████▉ | 56/63 [00:04<00:00, 12.86it/s, loss=0.4194, acc=80.82%, img/s=412.0, eta=0.0m]
Epoch 1/1:  92%|█████████▏| 58/63 [00:04<00:00, 12.85it/s, loss=0.4194, acc=80.82%, img/s=412.0, eta=0.0m]
[36m(ClientAppActor pid=9750)[0m 
Epoch 1/1:  92%|█████████▏| 58/63 [00:04<00:00, 12.85it/s, loss=0.5386, acc=80.61%, img/s=411.9, eta=0.0m]
[36m(ClientAppActor pid=9750)[0m 
Epoch 1/1:  92%|█████████▏| 58/63 [00:04<00:00, 12.85it/s, loss=0.3943, acc=80.57%, img/s=411.7, eta=0.0m]
Epoch 1/1:  95%|█████████▌| 60/63 [00:04<00:00, 12.79it/s, loss=0.3943, acc=80.57%, img/s=411.7, eta=0.0m]
[36m(ClientAppActor pid=9750)[0m 
Epoch 1/1:  95%|█████████▌| 60/63 [00:04<00:00, 12.79it/s, loss=0.3738, acc=80.58%, img/s=411.8, eta=0.0m]
Epoch 1/1:  95%|█████████▌| 60/63 [00:04<00:00, 12.79it/s, loss=0.3780, acc=80.65%, img/s=411.9, eta=0.0m]
Epoch 1/1:  98%|█████████▊| 62/63 [00:04<00:00, 12.85it/s, loss=0.3780, acc=80.65%, img/s=411.9, eta=0.0m]
[36m(ClientAppActor pid=9750)[0m 
Epoch 1/1:  98%|█████████▊| 62/63 [00:04<00:00, 12.85it/s, loss=0.5527, acc=80.65%, img/s=207.3, eta=0.0m]
Epoch 1/1: 100%|██████████| 63/63 [00:04<00:00, 12.96it/s, loss=0.5527, acc=80.65%, img/s=207.3, eta=0.0m]
[36m(ClientAppActor pid=9750)[0m 
Epoch 1/1:   0%|          | 0/63 [00:00<?, ?it/s]
Epoch 1/1:   0%|          | 0/63 [00:00<?, ?it/s, loss=0.4648, acc=81.25%, img/s=413.4, eta=0.1m]
[36m(ClientAppActor pid=9750)[0m 
Epoch 1/1:   0%|          | 0/63 [00:00<?, ?it/s, loss=0.3323, acc=82.81%, img/s=412.8, eta=0.1m]
Epoch 1/1:   3%|▎         | 2/63 [00:00<00:04, 12.90it/s, loss=0.3323, acc=82.81%, img/s=412.8, eta=0.1m]
[36m(ClientAppActor pid=9750)[0m 
Epoch 1/1:   3%|▎         | 2/63 [00:00<00:04, 12.90it/s, loss=0.2534, acc=85.42%, img/s=408.6, eta=0.1m]
[36m(ClientAppActor pid=9750)[0m 
Epoch 1/1:   3%|▎         | 2/63 [00:00<00:04, 12.90it/s, loss=0.2666, acc=87.50%, img/s=410.5, eta=0.1m]
Epoch 1/1:   6%|▋         | 4/63 [00:00<00:04, 12.81it/s, loss=0.2666, acc=87.50%, img/s=410.5, eta=0.1m]
Epoch 1/1:   6%|▋         | 4/63 [00:00<00:04, 12.81it/s, loss=0.5661, acc=84.38%, img/s=415.0, eta=0.1m]
[36m(ClientAppActor pid=9750)[0m 
Epoch 1/1:   6%|▋         | 4/63 [00:00<00:04, 12.81it/s, loss=0.4173, acc=82.81%, img/s=414.4, eta=0.1m]
Epoch 1/1:  10%|▉         | 6/63 [00:00<00:04, 12.99it/s, loss=0.4173, acc=82.81%, img/s=414.4, eta=0.1m]
[36m(ClientAppActor pid=9750)[0m 
Epoch 1/1:  10%|▉         | 6/63 [00:00<00:04, 12.99it/s, loss=0.4341, acc=82.14%, img/s=410.2, eta=0.1m]
[36m(ClientAppActor pid=9750)[0m 
Epoch 1/1:  10%|▉         | 6/63 [00:00<00:04, 12.99it/s, loss=0.4913, acc=81.64%, img/s=410.0, eta=0.1m]
Epoch 1/1:  13%|█▎        | 8/63 [00:00<00:04, 12.75it/s, loss=0.4913, acc=81.64%, img/s=410.0, eta=0.1m]
[36m(ClientAppActor pid=9750)[0m 
Epoch 1/1:  13%|█▎        | 8/63 [00:00<00:04, 12.75it/s, loss=0.3916, acc=81.94%, img/s=411.1, eta=0.1m]
Epoch 1/1:  13%|█▎        | 8/63 [00:00<00:04, 12.75it/s, loss=0.3928, acc=81.88%, img/s=410.7, eta=0.1m]
Epoch 1/1:  16%|█▌        | 10/63 [00:00<00:04, 12.82it/s, loss=0.3928, acc=81.88%, img/s=410.7, eta=0.1m]
[36m(ClientAppActor pid=9750)[0m 
Epoch 1/1:  16%|█▌        | 10/63 [00:00<00:04, 12.82it/s, loss=0.3018, acc=82.39%, img/s=409.2, eta=0.1m]
[36m(ClientAppActor pid=9750)[0m 
Epoch 1/1:  16%|█▌        | 10/63 [00:00<00:04, 12.82it/s, loss=0.4252, acc=82.55%, img/s=405.9, eta=0.1m]
Epoch 1/1:  19%|█▉        | 12/63 [00:00<00:04, 12.52it/s, loss=0.4252, acc=82.55%, img/s=405.9, eta=0.1m]
[36m(ClientAppActor pid=9750)[0m 
Epoch 1/1:  19%|█▉        | 12/63 [00:01<00:04, 12.52it/s, loss=0.6822, acc=81.25%, img/s=405.2, eta=0.1m]
[36m(ClientAppActor pid=9750)[0m 
Epoch 1/1:  19%|█▉        | 12/63 [00:01<00:04, 12.52it/s, loss=0.2832, acc=81.92%, img/s=405.8, eta=0.1m]
Epoch 1/1:  22%|██▏       | 14/63 [00:01<00:03, 12.57it/s, loss=0.2832, acc=81.92%, img/s=405.8, eta=0.1m]
Epoch 1/1:  22%|██▏       | 14/63 [00:01<00:03, 12.57it/s, loss=0.4885, acc=81.46%, img/s=405.4, eta=0.1m]
[36m(ClientAppActor pid=9750)[0m 
Epoch 1/1:  22%|██▏       | 14/63 [00:01<00:03, 12.57it/s, loss=0.3472, acc=81.64%, img/s=405.7, eta=0.1m]
Epoch 1/1:  25%|██▌       | 16/63 [00:01<00:03, 12.59it/s, loss=0.3472, acc=81.64%, img/s=405.7, eta=0.1m]
[36m(ClientAppActor pid=9750)[0m 
Epoch 1/1:  25%|██▌       | 16/63 [00:01<00:03, 12.59it/s, loss=0.3336, acc=81.99%, img/s=405.8, eta=0.1m]
[36m(ClientAppActor pid=9750)[0m 
Epoch 1/1:  25%|██▌       | 16/63 [00:01<00:03, 12.59it/s, loss=0.5097, acc=81.77%, img/s=406.0, eta=0.1m]
Epoch 1/1:  29%|██▊       | 18/63 [00:01<00:03, 12.65it/s, loss=0.5097, acc=81.77%, img/s=406.0, eta=0.1m]
Epoch 1/1:  29%|██▊       | 18/63 [00:01<00:03, 12.65it/s, loss=0.4805, acc=81.74%, img/s=406.2, eta=0.1m]
[36m(ClientAppActor pid=9750)[0m 
Epoch 1/1:  29%|██▊       | 18/63 [00:01<00:03, 12.65it/s, loss=0.2837, acc=82.03%, img/s=406.2, eta=0.1m]
Epoch 1/1:  32%|███▏      | 20/63 [00:01<00:03, 12.67it/s, loss=0.2837, acc=82.03%, img/s=406.2, eta=0.1m]
[36m(ClientAppActor pid=9750)[0m 
Epoch 1/1:  32%|███▏      | 20/63 [00:01<00:03, 12.67it/s, loss=0.4071, acc=81.99%, img/s=406.1, eta=0.1m]
[36m(ClientAppActor pid=9750)[0m 
Epoch 1/1:  32%|███▏      | 20/63 [00:01<00:03, 12.67it/s, loss=0.4868, acc=81.82%, img/s=406.3, eta=0.1m]
Epoch 1/1:  35%|███▍      | 22/63 [00:01<00:03, 12.70it/s, loss=0.4868, acc=81.82%, img/s=406.3, eta=0.1m]
[36m(ClientAppActor pid=9750)[0m 
Epoch 1/1:  35%|███▍      | 22/63 [00:01<00:03, 12.70it/s, loss=0.5898, acc=81.39%, img/s=406.9, eta=0.1m]
[36m(ClientAppActor pid=9750)[0m 
Epoch 1/1:  35%|███▍      | 22/63 [00:01<00:03, 12.70it/s, loss=0.3493, acc=81.64%, img/s=407.1, eta=0.1m]
Epoch 1/1:  38%|███▊      | 24/63 [00:01<00:03, 12.79it/s, loss=0.3493, acc=81.64%, img/s=407.1, eta=0.1m]
[36m(ClientAppActor pid=9750)[0m 
Epoch 1/1:  38%|███▊      | 24/63 [00:01<00:03, 12.79it/s, loss=0.3462, acc=81.88%, img/s=407.3, eta=0.0m]
[36m(ClientAppActor pid=9750)[0m 
Epoch 1/1:  38%|███▊      | 24/63 [00:02<00:03, 12.79it/s, loss=0.5768, acc=81.37%, img/s=407.5, eta=0.0m]
Epoch 1/1:  41%|████▏     | 26/63 [00:02<00:02, 12.81it/s, loss=0.5768, acc=81.37%, img/s=407.5, eta=0.0m]
[36m(ClientAppActor pid=9750)[0m 
Epoch 1/1:  41%|████▏     | 26/63 [00:02<00:02, 12.81it/s, loss=0.3446, acc=81.48%, img/s=407.9, eta=0.0m]
Epoch 1/1:  41%|████▏     | 26/63 [00:02<00:02, 12.81it/s, loss=0.3752, acc=81.58%, img/s=407.8, eta=0.0m]
Epoch 1/1:  44%|████▍     | 28/63 [00:02<00:02, 12.83it/s, loss=0.3752, acc=81.58%, img/s=407.8, eta=0.0m]
[36m(ClientAppActor pid=9750)[0m 
Epoch 1/1:  44%|████▍     | 28/63 [00:02<00:02, 12.83it/s, loss=0.4718, acc=81.47%, img/s=408.1, eta=0.0m]
[36m(ClientAppActor pid=9750)[0m 
Epoch 1/1:  44%|████▍     | 28/63 [00:02<00:02, 12.83it/s, loss=0.5004, acc=80.94%, img/s=408.1, eta=0.0m]
Epoch 1/1:  48%|████▊     | 30/63 [00:02<00:02, 12.84it/s, loss=0.5004, acc=80.94%, img/s=408.1, eta=0.0m]
[36m(ClientAppActor pid=9750)[0m 
Epoch 1/1:  48%|████▊     | 30/63 [00:02<00:02, 12.84it/s, loss=0.4650, acc=80.75%, img/s=408.3, eta=0.0m]
Epoch 1/1:  48%|████▊     | 30/63 [00:02<00:02, 12.84it/s, loss=0.4548, acc=80.37%, img/s=408.5, eta=0.0m]
Epoch 1/1:  51%|█████     | 32/63 [00:02<00:02, 12.89it/s, loss=0.4548, acc=80.37%, img/s=408.5, eta=0.0m]
[36m(ClientAppActor pid=9750)[0m 
Epoch 1/1:  51%|█████     | 32/63 [00:02<00:02, 12.89it/s, loss=0.5747, acc=80.11%, img/s=407.8, eta=0.0m]
[36m(ClientAppActor pid=9750)[0m 
Epoch 1/1:  51%|█████     | 32/63 [00:02<00:02, 12.89it/s, loss=0.3509, acc=80.33%, img/s=407.2, eta=0.0m]
Epoch 1/1:  54%|█████▍    | 34/63 [00:02<00:02, 12.64it/s, loss=0.3509, acc=80.33%, img/s=407.2, eta=0.0m]
[36m(ClientAppActor pid=9750)[0m 
Epoch 1/1:  54%|█████▍    | 34/63 [00:02<00:02, 12.64it/s, loss=0.4136, acc=80.27%, img/s=406.8, eta=0.0m]
[36m(ClientAppActor pid=9750)[0m 
Epoch 1/1:  54%|█████▍    | 34/63 [00:02<00:02, 12.64it/s, loss=0.3496, acc=80.30%, img/s=406.1, eta=0.0m]
Epoch 1/1:  57%|█████▋    | 36/63 [00:02<00:02, 12.48it/s, loss=0.3496, acc=80.30%, img/s=406.1, eta=0.0m]
Epoch 1/1:  57%|█████▋    | 36/63 [00:02<00:02, 12.48it/s, loss=0.3689, acc=80.49%, img/s=405.9, eta=0.0m]
[36m(ClientAppActor pid=9750)[0m 
Epoch 1/1:  57%|█████▋    | 36/63 [00:02<00:02, 12.48it/s, loss=0.2942, acc=80.76%, img/s=406.1, eta=0.0m]
Epoch 1/1:  60%|██████    | 38/63 [00:02<00:01, 12.53it/s, loss=0.2942, acc=80.76%, img/s=406.1, eta=0.0m]
[36m(ClientAppActor pid=9750)[0m 
Epoch 1/1:  60%|██████    | 38/63 [00:03<00:01, 12.53it/s, loss=0.3953, acc=80.69%, img/s=406.1, eta=0.0m]
[36m(ClientAppActor pid=9750)[0m 
Epoch 1/1:  60%|██████    | 38/63 [00:03<00:01, 12.53it/s, loss=0.4143, acc=80.55%, img/s=406.3, eta=0.0m]
Epoch 1/1:  63%|██████▎   | 40/63 [00:03<00:01, 12.62it/s, loss=0.4143, acc=80.55%, img/s=406.3, eta=0.0m]
Epoch 1/1:  63%|██████▎   | 40/63 [00:03<00:01, 12.62it/s, loss=0.4146, acc=80.56%, img/s=406.6, eta=0.0m]
[36m(ClientAppActor pid=9750)[0m 
Epoch 1/1:  63%|██████▎   | 40/63 [00:03<00:01, 12.62it/s, loss=0.3810, acc=80.65%, img/s=406.7, eta=0.0m]
Epoch 1/1:  67%|██████▋   | 42/63 [00:03<00:01, 12.72it/s, loss=0.3810, acc=80.65%, img/s=406.7, eta=0.0m]
[36m(ClientAppActor pid=9750)[0m 
Epoch 1/1:  67%|██████▋   | 42/63 [00:03<00:01, 12.72it/s, loss=0.2663, acc=80.81%, img/s=406.4, eta=0.0m]
[36m(ClientAppActor pid=9750)[0m 
Epoch 1/1:  67%|██████▋   | 42/63 [00:03<00:01, 12.72it/s, loss=0.3141, acc=81.04%, img/s=406.6, eta=0.0m]
Epoch 1/1:  70%|██████▉   | 44/63 [00:03<00:01, 12.70it/s, loss=0.3141, acc=81.04%, img/s=406.6, eta=0.0m]
[36m(ClientAppActor pid=9750)[0m 
Epoch 1/1:  70%|██████▉   | 44/63 [00:03<00:01, 12.70it/s, loss=0.5136, acc=80.90%, img/s=406.8, eta=0.0m]
Epoch 1/1:  70%|██████▉   | 44/63 [00:03<00:01, 12.70it/s, loss=0.3397, acc=80.91%, img/s=407.0, eta=0.0m]
Epoch 1/1:  73%|███████▎  | 46/63 [00:03<00:01, 12.79it/s, loss=0.3397, acc=80.91%, img/s=407.0, eta=0.0m]
[36m(ClientAppActor pid=9750)[0m 
Epoch 1/1:  73%|███████▎  | 46/63 [00:03<00:01, 12.79it/s, loss=0.3015, acc=80.98%, img/s=407.1, eta=0.0m]
[36m(ClientAppActor pid=9750)[0m 
Epoch 1/1:  73%|███████▎  | 46/63 [00:03<00:01, 12.79it/s, loss=0.4808, acc=80.86%, img/s=407.2, eta=0.0m]
Epoch 1/1:  76%|███████▌  | 48/63 [00:03<00:01, 12.82it/s, loss=0.4808, acc=80.86%, img/s=407.2, eta=0.0m]
[36m(ClientAppActor pid=9750)[0m 
Epoch 1/1:  76%|███████▌  | 48/63 [00:03<00:01, 12.82it/s, loss=0.3156, acc=80.99%, img/s=407.4, eta=0.0m]
Epoch 1/1:  76%|███████▌  | 48/63 [00:03<00:01, 12.82it/s, loss=0.4011, acc=81.00%, img/s=407.5, eta=0.0m]
Epoch 1/1:  79%|███████▉  | 50/63 [00:03<00:01, 12.86it/s, loss=0.4011, acc=81.00%, img/s=407.5, eta=0.0m]
[36m(ClientAppActor pid=9750)[0m 
Epoch 1/1:  79%|███████▉  | 50/63 [00:04<00:01, 12.86it/s, loss=0.4129, acc=80.88%, img/s=407.4, eta=0.0m]
[36m(ClientAppActor pid=9750)[0m 
Epoch 1/1:  79%|███████▉  | 50/63 [00:04<00:01, 12.86it/s, loss=0.3306, acc=81.07%, img/s=407.5, eta=0.0m]
Epoch 1/1:  83%|████████▎ | 52/63 [00:04<00:00, 12.82it/s, loss=0.3306, acc=81.07%, img/s=407.5, eta=0.0m]
[36m(ClientAppActor pid=9750)[0m 
Epoch 1/1:  83%|████████▎ | 52/63 [00:04<00:00, 12.82it/s, loss=0.5586, acc=80.84%, img/s=407.6, eta=0.0m]
Epoch 1/1:  83%|████████▎ | 52/63 [00:04<00:00, 12.82it/s, loss=0.4025, acc=80.90%, img/s=407.7, eta=0.0m]
Epoch 1/1:  86%|████████▌ | 54/63 [00:04<00:00, 12.85it/s, loss=0.4025, acc=80.90%, img/s=407.7, eta=0.0m]
[36m(ClientAppActor pid=9750)[0m 
Epoch 1/1:  86%|████████▌ | 54/63 [00:04<00:00, 12.85it/s, loss=0.2661, acc=81.02%, img/s=407.8, eta=0.0m]
[36m(ClientAppActor pid=9750)[0m 
Epoch 1/1:  86%|████████▌ | 54/63 [00:04<00:00, 12.85it/s, loss=0.3652, acc=80.97%, img/s=407.5, eta=0.0m]
Epoch 1/1:  89%|████████▉ | 56/63 [00:04<00:00, 12.76it/s, loss=0.3652, acc=80.97%, img/s=407.5, eta=0.0m]
[36m(ClientAppActor pid=9750)[0m 
Epoch 1/1:  89%|████████▉ | 56/63 [00:04<00:00, 12.76it/s, loss=0.4346, acc=80.87%, img/s=407.2, eta=0.0m]
[36m(ClientAppActor pid=9750)[0m 
Epoch 1/1:  89%|████████▉ | 56/63 [00:04<00:00, 12.76it/s, loss=0.4569, acc=80.87%, img/s=407.1, eta=0.0m]
Epoch 1/1:  92%|█████████▏| 58/63 [00:04<00:00, 12.63it/s, loss=0.4569, acc=80.87%, img/s=407.1, eta=0.0m]
Epoch 1/1:  92%|█████████▏| 58/63 [00:04<00:00, 12.63it/s, loss=0.2891, acc=80.99%, img/s=406.9, eta=0.0m]
[36m(ClientAppActor pid=9750)[0m 
Epoch 1/1:  92%|█████████▏| 58/63 [00:04<00:00, 12.63it/s, loss=0.3836, acc=81.04%, img/s=407.3, eta=0.0m]
Epoch 1/1:  95%|█████████▌| 60/63 [00:04<00:00, 12.72it/s, loss=0.3836, acc=81.04%, img/s=407.3, eta=0.0m]
[36m(ClientAppActor pid=9750)[0m 
Epoch 1/1:  95%|█████████▌| 60/63 [00:04<00:00, 12.72it/s, loss=0.2319, acc=81.20%, img/s=407.4, eta=0.0m]
[36m(ClientAppActor pid=9750)[0m 
Epoch 1/1:  95%|█████████▌| 60/63 [00:04<00:00, 12.72it/s, loss=0.2866, acc=81.30%, img/s=407.6, eta=0.0m]
Epoch 1/1:  98%|█████████▊| 62/63 [00:04<00:00, 12.82it/s, loss=0.2866, acc=81.30%, img/s=407.6, eta=0.0m]
Epoch 1/1:  98%|█████████▊| 62/63 [00:04<00:00, 12.82it/s, loss=0.6238, acc=81.20%, img/s=205.3, eta=0.0m]
Epoch 1/1: 100%|██████████| 63/63 [00:04<00:00, 12.83it/s, loss=0.6238, acc=81.20%, img/s=205.3, eta=0.0m]
[92mINFO [0m:      aggregate_fit: received 5 results and 0 failures
[92mINFO [0m:      configure_evaluate: strategy sampled 5 clients (out of 5)
[36m(ClientAppActor pid=9750)[0m Validate Images : 100
[36m(ClientAppActor pid=9750)[0m Client 2 starting fit...
[36m(ClientAppActor pid=9750)[0m Client 2 starting training...
[36m(ClientAppActor pid=9750)[0m START classifier norm: 0.8096701502799988
[36m(ClientAppActor pid=9750)[0m 
[36m(ClientAppActor pid=9750)[0m Batch 0/63
[36m(ClientAppActor pid=9750)[0m GPU Allocated: 0.20 GB
[36m(ClientAppActor pid=9750)[0m GPU Reserved : 0.75 GB
[36m(ClientAppActor pid=9750)[0m 
[36m(ClientAppActor pid=9750)[0m ==================================================
[36m(ClientAppActor pid=9750)[0m Epoch 1 Complete
[36m(ClientAppActor pid=9750)[0m Average Loss : 0.4234
[36m(ClientAppActor pid=9750)[0m Accuracy     : 80.90%
[36m(ClientAppActor pid=9750)[0m Time         : 4.88s
[36m(ClientAppActor pid=9750)[0m Images       : 2000
[36m(ClientAppActor pid=9750)[0m Images/sec   : 409.77
[36m(ClientAppActor pid=9750)[0m GPU Allocated: 0.20 GB
[36m(ClientAppActor pid=9750)[0m GPU Reserved : 0.75 GB
[36m(ClientAppActor pid=9750)[0m ==================================================
[36m(ClientAppActor pid=9750)[0m END classifier norm: 0.8096081018447876
[36m(ClientAppActor pid=9750)[0m Client 2 finished training
[36m(ClientAppActor pid=9750)[0m Client 2 extracting parameters...
[36m(ClientAppActor pid=9750)[0m Client 2 parameter extraction complete
[36m(ClientAppActor pid=9750)[0m Client 2 returning results
[36m(ClientAppActor pid=9750)[0m Client 3 using cuda
[36m(ClientAppActor pid=9750)[0m {'fake': 0, 'real': 1}
[36m(ClientAppActor pid=9750)[0m [DEBUG MODE] Train=2000, Val=100, Test=100
[36m(ClientAppActor pid=9750)[0m 
[36m(ClientAppActor pid=9750)[0m Client 3 Class Distribution
[36m(ClientAppActor pid=9750)[0m Train: Counter({1: 1024, 0: 976})
[36m(ClientAppActor pid=9750)[0m Val  : Counter({1: 54, 0: 46})
[36m(ClientAppActor pid=9750)[0m Test : Counter({1: 50, 0: 50})
[36m(ClientAppActor pid=9750)[0m Client 3
[36m(ClientAppActor pid=9750)[0m Train Images: 2000
[36m(ClientAppActor pid=9750)[0m Test Images : 100
[36m(ClientAppActor pid=9750)[0m Validate Images : 100
[36m(ClientAppActor pid=9750)[0m Client 3 starting fit...
[36m(ClientAppActor pid=9750)[0m Client 3 starting training...
[36m(ClientAppActor pid=9750)[0m START classifier norm: 0.8096701502799988
[36m(ClientAppActor pid=9750)[0m 
[36m(ClientAppActor pid=9750)[0m Batch 0/63
[36m(ClientAppActor pid=9750)[0m GPU Allocated: 0.20 GB
[36m(ClientAppActor pid=9750)[0m GPU Reserved : 0.75 GB
[36m(ClientAppActor pid=9750)[0m 
[36m(ClientAppActor pid=9750)[0m ==================================================
[36m(ClientAppActor pid=9750)[0m Epoch 1 Complete
[36m(ClientAppActor pid=9750)[0m Average Loss : 0.4148
[36m(ClientAppActor pid=9750)[0m Accuracy     : 80.30%
[36m(ClientAppActor pid=9750)[0m Time         : 4.88s
[36m(ClientAppActor pid=9750)[0m Images       : 2000
[36m(ClientAppActor pid=9750)[0m Images/sec   : 409.95
[36m(ClientAppActor pid=9750)[0m GPU Allocated: 0.20 GB
[36m(ClientAppActor pid=9750)[0m GPU Reserved : 0.75 GB
[36m(ClientAppActor pid=9750)[0m ==================================================
[36m(ClientAppActor pid=9750)[0m END classifier norm: 0.8091692328453064
[36m(ClientAppActor pid=9750)[0m Client 3 finished training
[36m(ClientAppActor pid=9750)[0m Client 3 extracting parameters...
[36m(ClientAppActor pid=9750)[0m Client 3 parameter extraction complete
[36m(ClientAppActor pid=9750)[0m Client 3 returning results
[36m(ClientAppActor pid=9750)[0m Client 4 using cuda
[36m(ClientAppActor pid=9750)[0m {'fake': 0, 'real': 1}
[36m(ClientAppActor pid=9750)[0m [DEBUG MODE] Train=2000, Val=100, Test=100
[36m(ClientAppActor pid=9750)[0m 
[36m(ClientAppActor pid=9750)[0m Client 4 Class Distribution
[36m(ClientAppActor pid=9750)[0m Train: Counter({0: 1013, 1: 987})
[36m(ClientAppActor pid=9750)[0m Val  : Counter({0: 56, 1: 44})
[36m(ClientAppActor pid=9750)[0m Test : Counter({1: 53, 0: 47})
[36m(ClientAppActor pid=9750)[0m Client 4
[36m(ClientAppActor pid=9750)[0m Train Images: 2000
[36m(ClientAppActor pid=9750)[0m Test Images : 100
[36m(ClientAppActor pid=9750)[0m Validate Images : 100
[36m(ClientAppActor pid=9750)[0m Client 4 starting fit...
[36m(ClientAppActor pid=9750)[0m Client 4 starting training...
[36m(ClientAppActor pid=9750)[0m START classifier norm: 0.8096701502799988
[36m(ClientAppActor pid=9750)[0m 
[36m(ClientAppActor pid=9750)[0m Batch 0/63
[36m(ClientAppActor pid=9750)[0m GPU Allocated: 0.20 GB
[36m(ClientAppActor pid=9750)[0m GPU Reserved : 0.75 GB
[36m(ClientAppActor pid=9750)[0m 
[36m(ClientAppActor pid=9750)[0m ==================================================
[36m(ClientAppActor pid=9750)[0m Epoch 1 Complete
[36m(ClientAppActor pid=9750)[0m Average Loss : 0.4088
[36m(ClientAppActor pid=9750)[0m Accuracy     : 80.65%
[36m(ClientAppActor pid=9750)[0m Time         : 4.86s
[36m(ClientAppActor pid=9750)[0m Images       : 2000
[36m(ClientAppActor pid=9750)[0m Images/sec   : 411.39
[36m(ClientAppActor pid=9750)[0m GPU Allocated: 0.20 GB
[36m(ClientAppActor pid=9750)[0m GPU Reserved : 0.75 GB
[36m(ClientAppActor pid=9750)[0m ==================================================
[36m(ClientAppActor pid=9750)[0m END classifier norm: 0.8099880218505859
[36m(ClientAppActor pid=9750)[0m Client 4 finished training
[36m(ClientAppActor pid=9750)[0m Client 4 extracting parameters...
[36m(ClientAppActor pid=9750)[0m Client 4 parameter extraction complete
[36m(ClientAppActor pid=9750)[0m Client 4 returning results
[36m(ClientAppActor pid=9750)[0m Client 5 using cuda
[36m(ClientAppActor pid=9750)[0m {'fake': 0, 'real': 1}
[36m(ClientAppActor pid=9750)[0m [DEBUG MODE] Train=2000, Val=100, Test=100
[36m(ClientAppActor pid=9750)[0m 
[36m(ClientAppActor pid=9750)[0m Client 5 Class Distribution
[36m(ClientAppActor pid=9750)[0m Train: Counter({0: 1014, 1: 986})
[36m(ClientAppActor pid=9750)[0m Val  : Counter({0: 56, 1: 44})
[36m(ClientAppActor pid=9750)[0m Test : Counter({0: 51, 1: 49})
[36m(ClientAppActor pid=9750)[0m Client 5
[36m(ClientAppActor pid=9750)[0m Train Images: 2000
[36m(ClientAppActor pid=9750)[0m Test Images : 100
[36m(ClientAppActor pid=9750)[0m Validate Images : 100
[36m(ClientAppActor pid=9750)[0m Client 5 starting fit...
[36m(ClientAppActor pid=9750)[0m Client 5 starting training...
[36m(ClientAppActor pid=9750)[0m START classifier norm: 0.8096701502799988
[36m(ClientAppActor pid=9750)[0m 
[36m(ClientAppActor pid=9750)[0m Batch 0/63
[36m(ClientAppActor pid=9750)[0m GPU Allocated: 0.20 GB
[36m(ClientAppActor pid=9750)[0m GPU Reserved : 0.75 GB
[36m(ClientAppActor pid=9750)[0m 
[36m(ClientAppActor pid=9750)[0m ==================================================
[36m(ClientAppActor pid=9750)[0m Epoch 1 Complete
[36m(ClientAppActor pid=9750)[0m Average Loss : 0.4039
[36m(ClientAppActor pid=9750)[0m Accuracy     : 81.20%
[36m(ClientAppActor pid=9750)[0m Time         : 4.91s
[36m(ClientAppActor pid=9750)[0m Images       : 2000
[36m(ClientAppActor pid=9750)[0m Images/sec   : 407.24
[36m(ClientAppActor pid=9750)[0m GPU Allocated: 0.20 GB
[36m(ClientAppActor pid=9750)[0m GPU Reserved : 0.75 GB
[36m(ClientAppActor pid=9750)[0m ==================================================
[36m(ClientAppActor pid=9750)[0m END classifier norm: 0.811559796333313
[36m(ClientAppActor pid=9750)[0m Client 5 finished training
[36m(ClientAppActor pid=9750)[0m Client 5 extracting parameters...
[36m(ClientAppActor pid=9750)[0m Client 5 parameter extraction complete
[36m(ClientAppActor pid=9750)[0m Client 5 returning results

Round 5: results=5, failures=0
Saved: saved_models/global_model_round_5.pth
Round 5: model saved successfully
[36m(ClientAppActor pid=9750)[0m Client 2 using cuda
[36m(ClientAppActor pid=9750)[0m {'fake': 0, 'real': 1}
[36m(ClientAppActor pid=9750)[0m [DEBUG MODE] Train=2000, Val=100, Test=100
[36m(ClientAppActor pid=9750)[0m 
[36m(ClientAppActor pid=9750)[0m Client 2 Class Distribution
[36m(ClientAppActor pid=9750)[0m 
Testing:   0%|          | 0/4 [00:00<?, ?it/s]
[36m(ClientAppActor pid=9750)[0m 
Testing:  50%|█████     | 2/4 [00:00<00:00, 17.13it/s]
[36m(ClientAppActor pid=9750)[0m 
Testing: 100%|██████████| 4/4 [00:00<00:00, 21.71it/s]
[36m(ClientAppActor pid=9750)[0m 
Testing:   0%|          | 0/4 [00:00<?, ?it/s]
[36m(ClientAppActor pid=9750)[0m 
Testing:  50%|█████     | 2/4 [00:00<00:00, 17.29it/s]
Testing: 100%|██████████| 4/4 [00:00<00:00, 21.86it/s]
[36m(ClientAppActor pid=9750)[0m 
Testing:   0%|          | 0/4 [00:00<?, ?it/s]
[36m(ClientAppActor pid=9750)[0m 
Testing:  50%|█████     | 2/4 [00:00<00:00, 16.06it/s]
[36m(ClientAppActor pid=9750)[0m 
Testing: 100%|██████████| 4/4 [00:00<00:00, 20.81it/s]
[36m(ClientAppActor pid=9750)[0m 
Testing:   0%|          | 0/4 [00:00<?, ?it/s]
[36m(ClientAppActor pid=9750)[0m 
Testing:  50%|█████     | 2/4 [00:00<00:00, 16.98it/s]
Testing: 100%|██████████| 4/4 [00:00<00:00, 21.76it/s]
[36m(ClientAppActor pid=9750)[0m 
Testing:   0%|          | 0/4 [00:00<?, ?it/s]
[36m(ClientAppActor pid=9750)[0m 
Testing:  50%|█████     | 2/4 [00:00<00:00, 16.82it/s]
[92mINFO [0m:      aggregate_evaluate: received 5 results and 0 failures
[92mINFO [0m:      
[92mINFO [0m:      [SUMMARY]
[92mINFO [0m:      Run finished 5 round(s) in 248.37s
[92mINFO [0m:      	History (loss, distributed):
[92mINFO [0m:      		round 1: 2.566126012802124
[92mINFO [0m:      		round 2: 2.364209932088852
[92mINFO [0m:      		round 3: 2.745367494225502
[92mINFO [0m:      		round 4: 2.6873476296663283
[92mINFO [0m:      		round 5: 2.2939755439758303
[92mINFO [0m:      	History (metrics, distributed, evaluate):
[92mINFO [0m:      	{'accuracy': [(1, 0.658), (2, 0.678), (3, 0.648), (4, 0.694), (5, 0.742)]}
[92mINFO [0m:      
[36m(ClientAppActor pid=9750)[0m 
Testing: 100%|██████████| 4/4 [00:00<00:00, 21.46it/s]
[36m(ClientAppActor pid=9750)[0m Train: Counter({0: 1012, 1: 988})
[36m(ClientAppActor pid=9750)[0m Val  : Counter({0: 60, 1: 40})
[36m(ClientAppActor pid=9750)[0m Test : Counter({0: 51, 1: 49})
[36m(ClientAppActor pid=9750)[0m Client 2
[36m(ClientAppActor pid=9750)[0m Train Images: 2000
[36m(ClientAppActor pid=9750)[0m Test Images : 100
[36m(ClientAppActor pid=9750)[0m Validate Images : 100
[36m(ClientAppActor pid=9750)[0m 
[36m(ClientAppActor pid=9750)[0m CLIENT 2 STARTING EVALUATION
[36m(ClientAppActor pid=9750)[0m Accuracy: 0.7600
[36m(ClientAppActor pid=9750)[0m 
[36m(ClientAppActor pid=9750)[0m CLIENT 2 EVALUATION COMPLETE
[36m(ClientAppActor pid=9750)[0m Client 3 using cuda
[36m(ClientAppActor pid=9750)[0m {'fake': 0, 'real': 1}
[36m(ClientAppActor pid=9750)[0m [DEBUG MODE] Train=2000, Val=100, Test=100
[36m(ClientAppActor pid=9750)[0m 
[36m(ClientAppActor pid=9750)[0m Client 3 Class Distribution
[36m(ClientAppActor pid=9750)[0m Train: Counter({1: 1024, 0: 976})
[36m(ClientAppActor pid=9750)[0m Val  : Counter({1: 54, 0: 46})
[36m(ClientAppActor pid=9750)[0m Test : Counter({1: 50, 0: 50})
[36m(ClientAppActor pid=9750)[0m Client 3
[36m(ClientAppActor pid=9750)[0m Train Images: 2000
[36m(ClientAppActor pid=9750)[0m Test Images : 100
[36m(ClientAppActor pid=9750)[0m Validate Images : 100
[36m(ClientAppActor pid=9750)[0m 
[36m(ClientAppActor pid=9750)[0m CLIENT 3 STARTING EVALUATION
[36m(ClientAppActor pid=9750)[0m Accuracy: 0.7500
[36m(ClientAppActor pid=9750)[0m 
[36m(ClientAppActor pid=9750)[0m CLIENT 3 EVALUATION COMPLETE
[36m(ClientAppActor pid=9750)[0m Client 4 using cuda
[36m(ClientAppActor pid=9750)[0m {'fake': 0, 'real': 1}
[36m(ClientAppActor pid=9750)[0m [DEBUG MODE] Train=2000, Val=100, Test=100
[36m(ClientAppActor pid=9750)[0m 
[36m(ClientAppActor pid=9750)[0m Client 4 Class Distribution
[36m(ClientAppActor pid=9750)[0m Train: Counter({0: 1013, 1: 987})
[36m(ClientAppActor pid=9750)[0m Val  : Counter({0: 56, 1: 44})
[36m(ClientAppActor pid=9750)[0m Test : Counter({1: 53, 0: 47})
[36m(ClientAppActor pid=9750)[0m Client 4
[36m(ClientAppActor pid=9750)[0m Train Images: 2000
[36m(ClientAppActor pid=9750)[0m Test Images : 100
[36m(ClientAppActor pid=9750)[0m Validate Images : 100
[36m(ClientAppActor pid=9750)[0m 
[36m(ClientAppActor pid=9750)[0m CLIENT 4 STARTING EVALUATION
[36m(ClientAppActor pid=9750)[0m Accuracy: 0.7300
[36m(ClientAppActor pid=9750)[0m 
[36m(ClientAppActor pid=9750)[0m CLIENT 4 EVALUATION COMPLETE
[36m(ClientAppActor pid=9750)[0m Client 1 using cuda
[36m(ClientAppActor pid=9750)[0m {'fake': 0, 'real': 1}
[36m(ClientAppActor pid=9750)[0m [DEBUG MODE] Train=2000, Val=100, Test=100
[36m(ClientAppActor pid=9750)[0m 
[36m(ClientAppActor pid=9750)[0m Client 1 Class Distribution
[36m(ClientAppActor pid=9750)[0m Train: Counter({1: 1011, 0: 989})
[36m(ClientAppActor pid=9750)[0m Val  : Counter({0: 55, 1: 45})
[36m(ClientAppActor pid=9750)[0m Test : Counter({0: 53, 1: 47})
[36m(ClientAppActor pid=9750)[0m Client 1
[36m(ClientAppActor pid=9750)[0m Train Images: 2000
[36m(ClientAppActor pid=9750)[0m Test Images : 100
[36m(ClientAppActor pid=9750)[0m Validate Images : 100
[36m(ClientAppActor pid=9750)[0m 
[36m(ClientAppActor pid=9750)[0m CLIENT 1 STARTING EVALUATION
[36m(ClientAppActor pid=9750)[0m Accuracy: 0.7500
[36m(ClientAppActor pid=9750)[0m 
[36m(ClientAppActor pid=9750)[0m CLIENT 1 EVALUATION COMPLETE
[36m(ClientAppActor pid=9750)[0m Client 5 using cuda
[36m(ClientAppActor pid=9750)[0m {'fake': 0, 'real': 1}
[36m(ClientAppActor pid=9750)[0m [DEBUG MODE] Train=2000, Val=100, Test=100
[36m(ClientAppActor pid=9750)[0m 
[36m(ClientAppActor pid=9750)[0m Client 5 Class Distribution
[36m(ClientAppActor pid=9750)[0m Train: Counter({0: 1014, 1: 986})
[36m(ClientAppActor pid=9750)[0m Val  : Counter({0: 56, 1: 44})
[36m(ClientAppActor pid=9750)[0m Test : Counter({0: 51, 1: 49})
[36m(ClientAppActor pid=9750)[0m Client 5
[36m(ClientAppActor pid=9750)[0m Train Images: 2000
[36m(ClientAppActor pid=9750)[0m Test Images : 100
[36m(ClientAppActor pid=9750)[0m Validate Images : 100
[36m(ClientAppActor pid=9750)[0m 
[36m(ClientAppActor pid=9750)[0m CLIENT 5 STARTING EVALUATION
[36m(ClientAppActor pid=9750)[0m Accuracy: 0.7200
[36m(ClientAppActor pid=9750)[0m 
[36m(ClientAppActor pid=9750)[0m CLIENT 5 EVALUATION COMPLETE
