
================================================================================
TRAINING ATTEMPT 1/999999
================================================================================
Loading project configuration... 
Success
[92mINFO [0m:      Starting Flower ServerApp, config: num_rounds=5, no round_timeout
[92mINFO [0m:      
[92mINFO [0m:      [INIT]
[92mINFO [0m:      Requesting initial parameters from one random client
[92mINFO [0m:      Received initial parameters from one random client
[92mINFO [0m:      Starting evaluation of initial global parameters
[92mINFO [0m:      Evaluation returned no results (`None`)
[92mINFO [0m:      
[92mINFO [0m:      [ROUND 1]
[92mINFO [0m:      configure_fit: strategy sampled 5 clients (out of 5)
[36m(ClientAppActor pid=15853)[0m 
Epoch 1/1:   0%|          | 0/63 [00:00<?, ?it/s]
[36m(ClientAppActor pid=15853)[0m 
Epoch 1/1:   0%|          | 0/63 [00:02<?, ?it/s, loss=0.6644, acc=68.75%, img/s=10.9, eta=3.0m]
Epoch 1/1:   2%|▏         | 1/63 [00:02<03:02,  2.95s/it, loss=0.6644, acc=68.75%, img/s=10.9, eta=3.0m]
[36m(ClientAppActor pid=15853)[0m 
Epoch 1/1:   2%|▏         | 1/63 [00:03<03:02,  2.95s/it, loss=0.7631, acc=62.50%, img/s=19.5, eta=1.7m]
Epoch 1/1:   3%|▎         | 2/63 [00:03<01:25,  1.41s/it, loss=0.7631, acc=62.50%, img/s=19.5, eta=1.7m]
[36m(ClientAppActor pid=15853)[0m 
Epoch 1/1:   3%|▎         | 2/63 [00:03<01:25,  1.41s/it, loss=0.8890, acc=57.29%, img/s=26.9, eta=1.2m]
Epoch 1/1:   5%|▍         | 3/63 [00:03<00:53,  1.11it/s, loss=0.8890, acc=57.29%, img/s=26.9, eta=1.2m]
[36m(ClientAppActor pid=15853)[0m 
Epoch 1/1:   5%|▍         | 3/63 [00:03<00:53,  1.11it/s, loss=0.8202, acc=56.25%, img/s=32.8, eta=1.0m]
Epoch 1/1:   6%|▋         | 4/63 [00:03<00:39,  1.48it/s, loss=0.8202, acc=56.25%, img/s=32.8, eta=1.0m]
[36m(ClientAppActor pid=15853)[0m 
Epoch 1/1:   6%|▋         | 4/63 [00:04<00:39,  1.48it/s, loss=0.7439, acc=55.00%, img/s=37.9, eta=0.8m]
Epoch 1/1:   8%|▊         | 5/63 [00:04<00:31,  1.82it/s, loss=0.7439, acc=55.00%, img/s=37.9, eta=0.8m]
[36m(ClientAppActor pid=15853)[0m 
Epoch 1/1:   8%|▊         | 5/63 [00:04<00:31,  1.82it/s, loss=0.7787, acc=52.60%, img/s=42.2, eta=0.7m]
Epoch 1/1:  10%|▉         | 6/63 [00:04<00:26,  2.12it/s, loss=0.7787, acc=52.60%, img/s=42.2, eta=0.7m]
[36m(ClientAppActor pid=15853)[0m 
Epoch 1/1:  10%|▉         | 6/63 [00:04<00:26,  2.12it/s, loss=0.6429, acc=54.91%, img/s=45.9, eta=0.7m]
Epoch 1/1:  11%|█         | 7/63 [00:04<00:23,  2.35it/s, loss=0.6429, acc=54.91%, img/s=45.9, eta=0.7m]
[36m(ClientAppActor pid=15853)[0m 
Epoch 1/1:  11%|█         | 7/63 [00:05<00:23,  2.35it/s, loss=0.7007, acc=55.08%, img/s=49.2, eta=0.6m]
Epoch 1/1:  13%|█▎        | 8/63 [00:05<00:21,  2.54it/s, loss=0.7007, acc=55.08%, img/s=49.2, eta=0.6m]
[36m(ClientAppActor pid=15853)[0m 
Epoch 1/1:  13%|█▎        | 8/63 [00:05<00:21,  2.54it/s, loss=0.7886, acc=53.82%, img/s=52.0, eta=0.6m]
Epoch 1/1:  14%|█▍        | 9/63 [00:05<00:20,  2.67it/s, loss=0.7886, acc=53.82%, img/s=52.0, eta=0.6m]
[36m(ClientAppActor pid=15853)[0m 
Epoch 1/1:  14%|█▍        | 9/63 [00:05<00:20,  2.67it/s, loss=0.7256, acc=53.44%, img/s=54.5, eta=0.5m]
Epoch 1/1:  16%|█▌        | 10/63 [00:05<00:19,  2.77it/s, loss=0.7256, acc=53.44%, img/s=54.5, eta=0.5m]
[36m(ClientAppActor pid=15853)[0m 
Epoch 1/1:  16%|█▌        | 10/63 [00:06<00:19,  2.77it/s, loss=0.7507, acc=52.27%, img/s=56.8, eta=0.5m]
Epoch 1/1:  17%|█▋        | 11/63 [00:06<00:18,  2.84it/s, loss=0.7507, acc=52.27%, img/s=56.8, eta=0.5m]
[36m(ClientAppActor pid=15853)[0m 
Epoch 1/1:  17%|█▋        | 11/63 [00:06<00:18,  2.84it/s, loss=0.6738, acc=52.60%, img/s=58.8, eta=0.5m]
Epoch 1/1:  19%|█▉        | 12/63 [00:06<00:17,  2.91it/s, loss=0.6738, acc=52.60%, img/s=58.8, eta=0.5m]
[36m(ClientAppActor pid=15853)[0m 
Epoch 1/1:  19%|█▉        | 12/63 [00:06<00:17,  2.91it/s, loss=0.8015, acc=51.20%, img/s=60.7, eta=0.4m]
Epoch 1/1:  21%|██        | 13/63 [00:06<00:16,  2.95it/s, loss=0.8015, acc=51.20%, img/s=60.7, eta=0.4m]
[36m(ClientAppActor pid=15853)[0m 
Epoch 1/1:  21%|██        | 13/63 [00:07<00:16,  2.95it/s, loss=0.7558, acc=50.67%, img/s=62.4, eta=0.4m]
Epoch 1/1:  22%|██▏       | 14/63 [00:07<00:16,  2.99it/s, loss=0.7558, acc=50.67%, img/s=62.4, eta=0.4m]
[36m(ClientAppActor pid=15853)[0m 
Epoch 1/1:  22%|██▏       | 14/63 [00:07<00:16,  2.99it/s, loss=0.7074, acc=50.62%, img/s=64.0, eta=0.4m]
Epoch 1/1:  24%|██▍       | 15/63 [00:07<00:15,  3.02it/s, loss=0.7074, acc=50.62%, img/s=64.0, eta=0.4m]
[36m(ClientAppActor pid=15853)[0m 
Epoch 1/1:  24%|██▍       | 15/63 [00:07<00:15,  3.02it/s, loss=0.7467, acc=50.00%, img/s=65.4, eta=0.4m]
Epoch 1/1:  25%|██▌       | 16/63 [00:07<00:15,  3.04it/s, loss=0.7467, acc=50.00%, img/s=65.4, eta=0.4m]
[36m(ClientAppActor pid=15853)[0m 
Epoch 1/1:  25%|██▌       | 16/63 [00:08<00:15,  3.04it/s, loss=0.6996, acc=50.37%, img/s=66.7, eta=0.4m]
Epoch 1/1:  27%|██▋       | 17/63 [00:08<00:15,  3.05it/s, loss=0.6996, acc=50.37%, img/s=66.7, eta=0.4m]
[36m(ClientAppActor pid=15853)[0m 
Epoch 1/1:  27%|██▋       | 17/63 [00:08<00:15,  3.05it/s, loss=0.7089, acc=50.00%, img/s=67.9, eta=0.4m]
Epoch 1/1:  29%|██▊       | 18/63 [00:08<00:14,  3.05it/s, loss=0.7089, acc=50.00%, img/s=67.9, eta=0.4m]
[36m(ClientAppActor pid=15853)[0m 
Epoch 1/1:  29%|██▊       | 18/63 [00:08<00:14,  3.05it/s, loss=0.6924, acc=50.66%, img/s=69.0, eta=0.3m]
Epoch 1/1:  30%|███       | 19/63 [00:08<00:14,  3.05it/s, loss=0.6924, acc=50.66%, img/s=69.0, eta=0.3m]
[36m(ClientAppActor pid=15853)[0m 
Epoch 1/1:  30%|███       | 19/63 [00:09<00:14,  3.05it/s, loss=0.6557, acc=51.09%, img/s=70.0, eta=0.3m]
Epoch 1/1:  32%|███▏      | 20/63 [00:09<00:14,  3.04it/s, loss=0.6557, acc=51.09%, img/s=70.0, eta=0.3m]
[36m(ClientAppActor pid=15853)[0m 
Epoch 1/1:  32%|███▏      | 20/63 [00:09<00:14,  3.04it/s, loss=0.8118, acc=50.60%, img/s=71.0, eta=0.3m]
Epoch 1/1:  33%|███▎      | 21/63 [00:09<00:13,  3.06it/s, loss=0.8118, acc=50.60%, img/s=71.0, eta=0.3m]
[36m(ClientAppActor pid=15853)[0m 
Epoch 1/1:  33%|███▎      | 21/63 [00:09<00:13,  3.06it/s, loss=0.7093, acc=50.28%, img/s=71.9, eta=0.3m]
Epoch 1/1:  35%|███▍      | 22/63 [00:09<00:13,  3.05it/s, loss=0.7093, acc=50.28%, img/s=71.9, eta=0.3m]
[36m(ClientAppActor pid=15853)[0m 
Epoch 1/1:  35%|███▍      | 22/63 [00:10<00:13,  3.05it/s, loss=0.7128, acc=50.41%, img/s=72.7, eta=0.3m]
Epoch 1/1:  37%|███▋      | 23/63 [00:10<00:13,  3.05it/s, loss=0.7128, acc=50.41%, img/s=72.7, eta=0.3m]
[36m(ClientAppActor pid=15853)[0m 
Epoch 1/1:  37%|███▋      | 23/63 [00:10<00:13,  3.05it/s, loss=0.6647, acc=50.65%, img/s=73.6, eta=0.3m]
Epoch 1/1:  38%|███▊      | 24/63 [00:10<00:12,  3.06it/s, loss=0.6647, acc=50.65%, img/s=73.6, eta=0.3m]
[36m(ClientAppActor pid=15853)[0m 
Epoch 1/1:  38%|███▊      | 24/63 [00:10<00:12,  3.06it/s, loss=0.6529, acc=51.50%, img/s=74.3, eta=0.3m]
Epoch 1/1:  40%|███▉      | 25/63 [00:10<00:12,  3.07it/s, loss=0.6529, acc=51.50%, img/s=74.3, eta=0.3m]
[36m(ClientAppActor pid=15853)[0m 
Epoch 1/1:  40%|███▉      | 25/63 [00:11<00:12,  3.07it/s, loss=0.6871, acc=51.44%, img/s=75.0, eta=0.3m]
Epoch 1/1:  41%|████▏     | 26/63 [00:11<00:12,  3.07it/s, loss=0.6871, acc=51.44%, img/s=75.0, eta=0.3m]
[36m(ClientAppActor pid=15853)[0m 
Epoch 1/1:  41%|████▏     | 26/63 [00:11<00:12,  3.07it/s, loss=0.8388, acc=51.16%, img/s=75.7, eta=0.3m]
Epoch 1/1:  43%|████▎     | 27/63 [00:11<00:11,  3.06it/s, loss=0.8388, acc=51.16%, img/s=75.7, eta=0.3m]
[36m(ClientAppActor pid=15853)[0m 
Epoch 1/1:  43%|████▎     | 27/63 [00:11<00:11,  3.06it/s, loss=0.7561, acc=50.78%, img/s=76.3, eta=0.2m]
Epoch 1/1:  44%|████▍     | 28/63 [00:11<00:11,  3.05it/s, loss=0.7561, acc=50.78%, img/s=76.3, eta=0.2m]
[36m(ClientAppActor pid=15853)[0m 
Epoch 1/1:  44%|████▍     | 28/63 [00:12<00:11,  3.05it/s, loss=0.6782, acc=50.75%, img/s=76.8, eta=0.2m]
Epoch 1/1:  46%|████▌     | 29/63 [00:12<00:11,  3.05it/s, loss=0.6782, acc=50.75%, img/s=76.8, eta=0.2m]
[36m(ClientAppActor pid=15853)[0m 
Epoch 1/1:  46%|████▌     | 29/63 [00:12<00:11,  3.05it/s, loss=0.7180, acc=50.62%, img/s=77.4, eta=0.2m]
Epoch 1/1:  48%|████▊     | 30/63 [00:12<00:10,  3.04it/s, loss=0.7180, acc=50.62%, img/s=77.4, eta=0.2m]
[36m(ClientAppActor pid=15853)[0m 
Epoch 1/1:  48%|████▊     | 30/63 [00:12<00:10,  3.04it/s, loss=0.7080, acc=50.60%, img/s=77.9, eta=0.2m]
Epoch 1/1:  49%|████▉     | 31/63 [00:12<00:10,  3.04it/s, loss=0.7080, acc=50.60%, img/s=77.9, eta=0.2m]
[36m(ClientAppActor pid=15853)[0m 
Epoch 1/1:  49%|████▉     | 31/63 [00:13<00:10,  3.04it/s, loss=0.7805, acc=50.59%, img/s=78.4, eta=0.2m]
Epoch 1/1:  51%|█████     | 32/63 [00:13<00:10,  3.03it/s, loss=0.7805, acc=50.59%, img/s=78.4, eta=0.2m]
[36m(ClientAppActor pid=15853)[0m 
Epoch 1/1:  51%|█████     | 32/63 [00:13<00:10,  3.03it/s, loss=0.7418, acc=50.66%, img/s=78.8, eta=0.2m]
Epoch 1/1:  52%|█████▏    | 33/63 [00:13<00:09,  3.03it/s, loss=0.7418, acc=50.66%, img/s=78.8, eta=0.2m]
[36m(ClientAppActor pid=15853)[0m 
Epoch 1/1:  52%|█████▏    | 33/63 [00:13<00:09,  3.03it/s, loss=0.7692, acc=50.55%, img/s=79.3, eta=0.2m]
Epoch 1/1:  54%|█████▍    | 34/63 [00:13<00:09,  3.04it/s, loss=0.7692, acc=50.55%, img/s=79.3, eta=0.2m]
[36m(ClientAppActor pid=15853)[0m 
Epoch 1/1:  54%|█████▍    | 34/63 [00:14<00:09,  3.04it/s, loss=0.7595, acc=50.36%, img/s=79.7, eta=0.2m]
Epoch 1/1:  56%|█████▌    | 35/63 [00:14<00:09,  3.05it/s, loss=0.7595, acc=50.36%, img/s=79.7, eta=0.2m]
[36m(ClientAppActor pid=15853)[0m 
Epoch 1/1:  56%|█████▌    | 35/63 [00:14<00:09,  3.05it/s, loss=0.7114, acc=50.26%, img/s=80.1, eta=0.2m]
Epoch 1/1:  57%|█████▋    | 36/63 [00:14<00:08,  3.06it/s, loss=0.7114, acc=50.26%, img/s=80.1, eta=0.2m]
[36m(ClientAppActor pid=15853)[0m 
Epoch 1/1:  57%|█████▋    | 36/63 [00:14<00:08,  3.06it/s, loss=0.7833, acc=49.92%, img/s=80.5, eta=0.2m]
Epoch 1/1:  59%|█████▊    | 37/63 [00:14<00:08,  3.05it/s, loss=0.7833, acc=49.92%, img/s=80.5, eta=0.2m]
[36m(ClientAppActor pid=15853)[0m 
Epoch 1/1:  59%|█████▊    | 37/63 [00:15<00:08,  3.05it/s, loss=0.6759, acc=50.08%, img/s=80.9, eta=0.2m]
Epoch 1/1:  60%|██████    | 38/63 [00:15<00:08,  3.05it/s, loss=0.6759, acc=50.08%, img/s=80.9, eta=0.2m]
[36m(ClientAppActor pid=15853)[0m 
Epoch 1/1:  60%|██████    | 38/63 [00:15<00:08,  3.05it/s, loss=0.7514, acc=50.08%, img/s=81.2, eta=0.2m]
Epoch 1/1:  62%|██████▏   | 39/63 [00:15<00:07,  3.05it/s, loss=0.7514, acc=50.08%, img/s=81.2, eta=0.2m]
[36m(ClientAppActor pid=15853)[0m 
Epoch 1/1:  62%|██████▏   | 39/63 [00:15<00:07,  3.05it/s, loss=0.7397, acc=50.08%, img/s=81.6, eta=0.2m]
Epoch 1/1:  63%|██████▎   | 40/63 [00:15<00:07,  3.05it/s, loss=0.7397, acc=50.08%, img/s=81.6, eta=0.2m]
[36m(ClientAppActor pid=15853)[0m 
Epoch 1/1:  63%|██████▎   | 40/63 [00:16<00:07,  3.05it/s, loss=0.6374, acc=50.46%, img/s=81.9, eta=0.1m]
Epoch 1/1:  65%|██████▌   | 41/63 [00:16<00:07,  3.05it/s, loss=0.6374, acc=50.46%, img/s=81.9, eta=0.1m]
[36m(ClientAppActor pid=15853)[0m 
Epoch 1/1:  65%|██████▌   | 41/63 [00:16<00:07,  3.05it/s, loss=0.7883, acc=50.15%, img/s=82.2, eta=0.1m]
Epoch 1/1:  67%|██████▋   | 42/63 [00:16<00:06,  3.06it/s, loss=0.7883, acc=50.15%, img/s=82.2, eta=0.1m]
[36m(ClientAppActor pid=15853)[0m 
Epoch 1/1:  67%|██████▋   | 42/63 [00:16<00:06,  3.06it/s, loss=0.6710, acc=50.29%, img/s=82.5, eta=0.1m]
Epoch 1/1:  68%|██████▊   | 43/63 [00:16<00:06,  3.04it/s, loss=0.6710, acc=50.29%, img/s=82.5, eta=0.1m]
[36m(ClientAppActor pid=15853)[0m 
Epoch 1/1:  68%|██████▊   | 43/63 [00:17<00:06,  3.04it/s, loss=0.7256, acc=50.14%, img/s=82.8, eta=0.1m]
Epoch 1/1:  70%|██████▉   | 44/63 [00:17<00:06,  3.04it/s, loss=0.7256, acc=50.14%, img/s=82.8, eta=0.1m]
[36m(ClientAppActor pid=15853)[0m 
Epoch 1/1:  70%|██████▉   | 44/63 [00:17<00:06,  3.04it/s, loss=0.7026, acc=50.14%, img/s=83.1, eta=0.1m]
Epoch 1/1:  71%|███████▏  | 45/63 [00:17<00:05,  3.06it/s, loss=0.7026, acc=50.14%, img/s=83.1, eta=0.1m]
[36m(ClientAppActor pid=15853)[0m 
Epoch 1/1:  71%|███████▏  | 45/63 [00:17<00:05,  3.06it/s, loss=0.6486, acc=50.41%, img/s=83.4, eta=0.1m]
Epoch 1/1:  73%|███████▎  | 46/63 [00:17<00:05,  3.06it/s, loss=0.6486, acc=50.41%, img/s=83.4, eta=0.1m]
[36m(ClientAppActor pid=15853)[0m 
Epoch 1/1:  73%|███████▎  | 46/63 [00:17<00:05,  3.06it/s, loss=0.7350, acc=50.40%, img/s=83.7, eta=0.1m]
Epoch 1/1:  75%|███████▍  | 47/63 [00:17<00:05,  3.06it/s, loss=0.7350, acc=50.40%, img/s=83.7, eta=0.1m]
[36m(ClientAppActor pid=15853)[0m 
Epoch 1/1:  75%|███████▍  | 47/63 [00:18<00:05,  3.06it/s, loss=0.6993, acc=50.59%, img/s=83.9, eta=0.1m]
Epoch 1/1:  76%|███████▌  | 48/63 [00:18<00:04,  3.06it/s, loss=0.6993, acc=50.59%, img/s=83.9, eta=0.1m]
[36m(ClientAppActor pid=15853)[0m 
Epoch 1/1:  76%|███████▌  | 48/63 [00:18<00:04,  3.06it/s, loss=0.7847, acc=50.57%, img/s=84.2, eta=0.1m]
Epoch 1/1:  78%|███████▊  | 49/63 [00:18<00:04,  3.07it/s, loss=0.7847, acc=50.57%, img/s=84.2, eta=0.1m]
[36m(ClientAppActor pid=15853)[0m 
Epoch 1/1:  78%|███████▊  | 49/63 [00:18<00:04,  3.07it/s, loss=0.7390, acc=50.50%, img/s=84.4, eta=0.1m]
Epoch 1/1:  79%|███████▉  | 50/63 [00:18<00:04,  3.07it/s, loss=0.7390, acc=50.50%, img/s=84.4, eta=0.1m]
[36m(ClientAppActor pid=15853)[0m 
Epoch 1/1:  79%|███████▉  | 50/63 [00:19<00:04,  3.07it/s, loss=0.7061, acc=50.55%, img/s=84.6, eta=0.1m]
Epoch 1/1:  81%|████████  | 51/63 [00:19<00:03,  3.05it/s, loss=0.7061, acc=50.55%, img/s=84.6, eta=0.1m]
[36m(ClientAppActor pid=15853)[0m 
Epoch 1/1:  81%|████████  | 51/63 [00:19<00:03,  3.05it/s, loss=0.7241, acc=50.48%, img/s=84.8, eta=0.1m]
Epoch 1/1:  83%|████████▎ | 52/63 [00:19<00:03,  3.06it/s, loss=0.7241, acc=50.48%, img/s=84.8, eta=0.1m]
[36m(ClientAppActor pid=15853)[0m 
Epoch 1/1:  83%|████████▎ | 52/63 [00:19<00:03,  3.06it/s, loss=0.6627, acc=50.77%, img/s=85.1, eta=0.1m]
Epoch 1/1:  84%|████████▍ | 53/63 [00:19<00:03,  3.06it/s, loss=0.6627, acc=50.77%, img/s=85.1, eta=0.1m]
[36m(ClientAppActor pid=15853)[0m 
Epoch 1/1:  84%|████████▍ | 53/63 [00:20<00:03,  3.06it/s, loss=0.6864, acc=50.87%, img/s=85.3, eta=0.1m]
Epoch 1/1:  86%|████████▌ | 54/63 [00:20<00:02,  3.06it/s, loss=0.6864, acc=50.87%, img/s=85.3, eta=0.1m]
[36m(ClientAppActor pid=15853)[0m 
Epoch 1/1:  86%|████████▌ | 54/63 [00:20<00:02,  3.06it/s, loss=0.7310, acc=50.68%, img/s=85.5, eta=0.0m]
Epoch 1/1:  87%|████████▋ | 55/63 [00:20<00:02,  3.06it/s, loss=0.7310, acc=50.68%, img/s=85.5, eta=0.0m]
[36m(ClientAppActor pid=15853)[0m 
Epoch 1/1:  87%|████████▋ | 55/63 [00:20<00:02,  3.06it/s, loss=0.7116, acc=50.61%, img/s=85.7, eta=0.0m]
Epoch 1/1:  89%|████████▉ | 56/63 [00:20<00:02,  3.05it/s, loss=0.7116, acc=50.61%, img/s=85.7, eta=0.0m]
[36m(ClientAppActor pid=15853)[0m 
Epoch 1/1:  89%|████████▉ | 56/63 [00:21<00:02,  3.05it/s, loss=0.6988, acc=50.66%, img/s=85.8, eta=0.0m]
Epoch 1/1:  90%|█████████ | 57/63 [00:21<00:01,  3.05it/s, loss=0.6988, acc=50.66%, img/s=85.8, eta=0.0m]
[36m(ClientAppActor pid=15853)[0m 
Epoch 1/1:  90%|█████████ | 57/63 [00:21<00:01,  3.05it/s, loss=0.7179, acc=50.48%, img/s=86.0, eta=0.0m]
Epoch 1/1:  92%|█████████▏| 58/63 [00:21<00:01,  3.04it/s, loss=0.7179, acc=50.48%, img/s=86.0, eta=0.0m]
[36m(ClientAppActor pid=15853)[0m 
Epoch 1/1:  92%|█████████▏| 58/63 [00:21<00:01,  3.04it/s, loss=0.7403, acc=50.53%, img/s=86.2, eta=0.0m]
Epoch 1/1:  94%|█████████▎| 59/63 [00:21<00:01,  3.05it/s, loss=0.7403, acc=50.53%, img/s=86.2, eta=0.0m]
[36m(ClientAppActor pid=15853)[0m 
Epoch 1/1:  94%|█████████▎| 59/63 [00:22<00:01,  3.05it/s, loss=0.6912, acc=50.57%, img/s=86.4, eta=0.0m]
Epoch 1/1:  95%|█████████▌| 60/63 [00:22<00:00,  3.06it/s, loss=0.6912, acc=50.57%, img/s=86.4, eta=0.0m]
[36m(ClientAppActor pid=15853)[0m 
Epoch 1/1:  95%|█████████▌| 60/63 [00:22<00:00,  3.06it/s, loss=0.7298, acc=50.51%, img/s=86.5, eta=0.0m]
Epoch 1/1:  97%|█████████▋| 61/63 [00:22<00:00,  3.06it/s, loss=0.7298, acc=50.51%, img/s=86.5, eta=0.0m]
[36m(ClientAppActor pid=15853)[0m 
Epoch 1/1:  97%|█████████▋| 61/63 [00:22<00:00,  3.06it/s, loss=0.6873, acc=50.50%, img/s=86.7, eta=0.0m]
Epoch 1/1:  98%|█████████▊| 62/63 [00:22<00:00,  3.07it/s, loss=0.6873, acc=50.50%, img/s=86.7, eta=0.0m]
[36m(ClientAppActor pid=15853)[0m 
Epoch 1/1:  98%|█████████▊| 62/63 [00:23<00:00,  3.07it/s, loss=0.7061, acc=50.50%, img/s=42.6, eta=0.0m]
Epoch 1/1: 100%|██████████| 63/63 [00:23<00:00,  2.14it/s, loss=0.7061, acc=50.50%, img/s=42.6, eta=0.0m]
Epoch 1/1: 100%|██████████| 63/63 [00:23<00:00,  2.66it/s, loss=0.7061, acc=50.50%, img/s=42.6, eta=0.0m]
[36m(ClientAppActor pid=15853)[0m 
Epoch 1/1:   0%|          | 0/63 [00:00<?, ?it/s]
[36m(ClientAppActor pid=15853)[0m 
Epoch 1/1:   0%|          | 0/63 [00:00<?, ?it/s, loss=0.7837, acc=40.62%, img/s=96.5, eta=0.3m]
Epoch 1/1:   2%|▏         | 1/63 [00:00<00:20,  3.01it/s, loss=0.7837, acc=40.62%, img/s=96.5, eta=0.3m]
[36m(ClientAppActor pid=15853)[0m 
Epoch 1/1:   2%|▏         | 1/63 [00:00<00:20,  3.01it/s, loss=1.4766, acc=45.31%, img/s=97.3, eta=0.3m]
Epoch 1/1:   3%|▎         | 2/63 [00:00<00:20,  3.05it/s, loss=1.4766, acc=45.31%, img/s=97.3, eta=0.3m]
[36m(ClientAppActor pid=15853)[0m 
Epoch 1/1:   3%|▎         | 2/63 [00:00<00:20,  3.05it/s, loss=0.7441, acc=51.04%, img/s=97.6, eta=0.3m]
Epoch 1/1:   5%|▍         | 3/63 [00:00<00:19,  3.06it/s, loss=0.7441, acc=51.04%, img/s=97.6, eta=0.3m]
[36m(ClientAppActor pid=15853)[0m 
Epoch 1/1:   5%|▍         | 3/63 [00:01<00:19,  3.06it/s, loss=0.6974, acc=53.12%, img/s=97.7, eta=0.3m]
Epoch 1/1:   6%|▋         | 4/63 [00:01<00:19,  3.06it/s, loss=0.6974, acc=53.12%, img/s=97.7, eta=0.3m]
[36m(ClientAppActor pid=15853)[0m 
Epoch 1/1:   6%|▋         | 4/63 [00:01<00:19,  3.06it/s, loss=0.7312, acc=53.12%, img/s=97.8, eta=0.3m]
Epoch 1/1:   8%|▊         | 5/63 [00:01<00:18,  3.06it/s, loss=0.7312, acc=53.12%, img/s=97.8, eta=0.3m]
[36m(ClientAppActor pid=15853)[0m 
Epoch 1/1:   8%|▊         | 5/63 [00:01<00:18,  3.06it/s, loss=0.7649, acc=53.12%, img/s=97.9, eta=0.3m]
Epoch 1/1:  10%|▉         | 6/63 [00:01<00:18,  3.06it/s, loss=0.7649, acc=53.12%, img/s=97.9, eta=0.3m]
[36m(ClientAppActor pid=15853)[0m 
Epoch 1/1:  10%|▉         | 6/63 [00:02<00:18,  3.06it/s, loss=0.7132, acc=53.12%, img/s=98.1, eta=0.3m]
Epoch 1/1:  11%|█         | 7/63 [00:02<00:18,  3.08it/s, loss=0.7132, acc=53.12%, img/s=98.1, eta=0.3m]
[36m(ClientAppActor pid=15853)[0m 
Epoch 1/1:  11%|█         | 7/63 [00:02<00:18,  3.08it/s, loss=0.7398, acc=52.73%, img/s=98.1, eta=0.3m]
Epoch 1/1:  13%|█▎        | 8/63 [00:02<00:17,  3.07it/s, loss=0.7398, acc=52.73%, img/s=98.1, eta=0.3m]
[36m(ClientAppActor pid=15853)[0m 
Epoch 1/1:  13%|█▎        | 8/63 [00:02<00:17,  3.07it/s, loss=0.6768, acc=52.78%, img/s=98.1, eta=0.3m]
Epoch 1/1:  14%|█▍        | 9/63 [00:02<00:17,  3.07it/s, loss=0.6768, acc=52.78%, img/s=98.1, eta=0.3m]
[36m(ClientAppActor pid=15853)[0m 
Epoch 1/1:  14%|█▍        | 9/63 [00:03<00:17,  3.07it/s, loss=0.8183, acc=52.50%, img/s=98.1, eta=0.3m]
Epoch 1/1:  16%|█▌        | 10/63 [00:03<00:17,  3.08it/s, loss=0.8183, acc=52.50%, img/s=98.1, eta=0.3m]
[36m(ClientAppActor pid=15853)[0m 
Epoch 1/1:  16%|█▌        | 10/63 [00:03<00:17,  3.08it/s, loss=0.8149, acc=51.99%, img/s=98.2, eta=0.3m]
Epoch 1/1:  17%|█▋        | 11/63 [00:03<00:16,  3.08it/s, loss=0.8149, acc=51.99%, img/s=98.2, eta=0.3m]
[36m(ClientAppActor pid=15853)[0m 
Epoch 1/1:  17%|█▋        | 11/63 [00:03<00:16,  3.08it/s, loss=0.7869, acc=51.30%, img/s=98.2, eta=0.3m]
Epoch 1/1:  19%|█▉        | 12/63 [00:03<00:16,  3.07it/s, loss=0.7869, acc=51.30%, img/s=98.2, eta=0.3m]
[36m(ClientAppActor pid=15853)[0m 
Epoch 1/1:  19%|█▉        | 12/63 [00:04<00:16,  3.07it/s, loss=0.7563, acc=50.72%, img/s=98.2, eta=0.3m]
Epoch 1/1:  21%|██        | 13/63 [00:04<00:16,  3.08it/s, loss=0.7563, acc=50.72%, img/s=98.2, eta=0.3m]
[36m(ClientAppActor pid=15853)[0m 
Epoch 1/1:  21%|██        | 13/63 [00:04<00:16,  3.08it/s, loss=0.7739, acc=50.00%, img/s=98.2, eta=0.3m]
Epoch 1/1:  22%|██▏       | 14/63 [00:04<00:15,  3.08it/s, loss=0.7739, acc=50.00%, img/s=98.2, eta=0.3m]
[36m(ClientAppActor pid=15853)[0m 
Epoch 1/1:  22%|██▏       | 14/63 [00:04<00:15,  3.08it/s, loss=0.7295, acc=49.79%, img/s=98.2, eta=0.3m]
Epoch 1/1:  24%|██▍       | 15/63 [00:04<00:15,  3.08it/s, loss=0.7295, acc=49.79%, img/s=98.2, eta=0.3m]
[36m(ClientAppActor pid=15853)[0m 
Epoch 1/1:  24%|██▍       | 15/63 [00:05<00:15,  3.08it/s, loss=0.6927, acc=49.80%, img/s=98.3, eta=0.3m]
Epoch 1/1:  25%|██▌       | 16/63 [00:05<00:15,  3.08it/s, loss=0.6927, acc=49.80%, img/s=98.3, eta=0.3m]
[36m(ClientAppActor pid=15853)[0m 
Epoch 1/1:  25%|██▌       | 16/63 [00:05<00:15,  3.08it/s, loss=0.6516, acc=50.37%, img/s=98.3, eta=0.2m]
Epoch 1/1:  27%|██▋       | 17/63 [00:05<00:14,  3.08it/s, loss=0.6516, acc=50.37%, img/s=98.3, eta=0.2m]
[36m(ClientAppActor pid=15853)[0m 
Epoch 1/1:  27%|██▋       | 17/63 [00:05<00:14,  3.08it/s, loss=0.6920, acc=50.52%, img/s=98.3, eta=0.2m]
Epoch 1/1:  29%|██▊       | 18/63 [00:05<00:14,  3.08it/s, loss=0.6920, acc=50.52%, img/s=98.3, eta=0.2m]
[36m(ClientAppActor pid=15853)[0m 
Epoch 1/1:  29%|██▊       | 18/63 [00:06<00:14,  3.08it/s, loss=0.7297, acc=50.16%, img/s=98.3, eta=0.2m]
Epoch 1/1:  30%|███       | 19/63 [00:06<00:14,  3.08it/s, loss=0.7297, acc=50.16%, img/s=98.3, eta=0.2m]
[36m(ClientAppActor pid=15853)[0m 
Epoch 1/1:  30%|███       | 19/63 [00:06<00:14,  3.08it/s, loss=0.7100, acc=50.00%, img/s=98.2, eta=0.2m]
Epoch 1/1:  32%|███▏      | 20/63 [00:06<00:14,  3.06it/s, loss=0.7100, acc=50.00%, img/s=98.2, eta=0.2m]
[36m(ClientAppActor pid=15853)[0m 
Epoch 1/1:  32%|███▏      | 20/63 [00:06<00:14,  3.06it/s, loss=0.6854, acc=50.15%, img/s=98.3, eta=0.2m]
Epoch 1/1:  33%|███▎      | 21/63 [00:06<00:13,  3.07it/s, loss=0.6854, acc=50.15%, img/s=98.3, eta=0.2m]
[36m(ClientAppActor pid=15853)[0m 
Epoch 1/1:  33%|███▎      | 21/63 [00:07<00:13,  3.07it/s, loss=0.6780, acc=50.43%, img/s=98.2, eta=0.2m]
Epoch 1/1:  35%|███▍      | 22/63 [00:07<00:13,  3.07it/s, loss=0.6780, acc=50.43%, img/s=98.2, eta=0.2m]
[36m(ClientAppActor pid=15853)[0m 
Epoch 1/1:  35%|███▍      | 22/63 [00:07<00:13,  3.07it/s, loss=0.7132, acc=50.54%, img/s=98.3, eta=0.2m]
Epoch 1/1:  37%|███▋      | 23/63 [00:07<00:13,  3.07it/s, loss=0.7132, acc=50.54%, img/s=98.3, eta=0.2m]
[36m(ClientAppActor pid=15853)[0m 
Epoch 1/1:  37%|███▋      | 23/63 [00:07<00:13,  3.07it/s, loss=0.7085, acc=50.52%, img/s=98.3, eta=0.2m]
Epoch 1/1:  38%|███▊      | 24/63 [00:07<00:12,  3.07it/s, loss=0.7085, acc=50.52%, img/s=98.3, eta=0.2m]
[36m(ClientAppActor pid=15853)[0m 
Epoch 1/1:  38%|███▊      | 24/63 [00:08<00:12,  3.07it/s, loss=0.6732, acc=50.88%, img/s=98.3, eta=0.2m]
Epoch 1/1:  40%|███▉      | 25/63 [00:08<00:12,  3.07it/s, loss=0.6732, acc=50.88%, img/s=98.3, eta=0.2m]
[36m(ClientAppActor pid=15853)[0m 
Epoch 1/1:  40%|███▉      | 25/63 [00:08<00:12,  3.07it/s, loss=0.7200, acc=50.84%, img/s=98.2, eta=0.2m]
Epoch 1/1:  41%|████▏     | 26/63 [00:08<00:12,  3.07it/s, loss=0.7200, acc=50.84%, img/s=98.2, eta=0.2m]
[36m(ClientAppActor pid=15853)[0m 
Epoch 1/1:  41%|████▏     | 26/63 [00:08<00:12,  3.07it/s, loss=0.6764, acc=51.16%, img/s=98.3, eta=0.2m]
Epoch 1/1:  43%|████▎     | 27/63 [00:08<00:11,  3.08it/s, loss=0.6764, acc=51.16%, img/s=98.3, eta=0.2m]
[36m(ClientAppActor pid=15853)[0m 
Epoch 1/1:  43%|████▎     | 27/63 [00:09<00:11,  3.08it/s, loss=0.7770, acc=50.67%, img/s=98.2, eta=0.2m]
Epoch 1/1:  44%|████▍     | 28/63 [00:09<00:11,  3.07it/s, loss=0.7770, acc=50.67%, img/s=98.2, eta=0.2m]
[36m(ClientAppActor pid=15853)[0m 
Epoch 1/1:  44%|████▍     | 28/63 [00:09<00:11,  3.07it/s, loss=0.6716, acc=50.97%, img/s=98.2, eta=0.2m]
Epoch 1/1:  46%|████▌     | 29/63 [00:09<00:11,  3.05it/s, loss=0.6716, acc=50.97%, img/s=98.2, eta=0.2m]
[36m(ClientAppActor pid=15853)[0m 
Epoch 1/1:  46%|████▌     | 29/63 [00:09<00:11,  3.05it/s, loss=0.6588, acc=51.46%, img/s=98.2, eta=0.2m]
Epoch 1/1:  48%|████▊     | 30/63 [00:09<00:10,  3.06it/s, loss=0.6588, acc=51.46%, img/s=98.2, eta=0.2m]
[36m(ClientAppActor pid=15853)[0m 
Epoch 1/1:  48%|████▊     | 30/63 [00:10<00:10,  3.06it/s, loss=0.7092, acc=51.61%, img/s=98.2, eta=0.2m]
Epoch 1/1:  49%|████▉     | 31/63 [00:10<00:10,  3.07it/s, loss=0.7092, acc=51.61%, img/s=98.2, eta=0.2m]
[36m(ClientAppActor pid=15853)[0m 
Epoch 1/1:  49%|████▉     | 31/63 [00:10<00:10,  3.07it/s, loss=0.7272, acc=51.27%, img/s=98.2, eta=0.2m]
Epoch 1/1:  51%|█████     | 32/63 [00:10<00:10,  3.07it/s, loss=0.7272, acc=51.27%, img/s=98.2, eta=0.2m]
[36m(ClientAppActor pid=15853)[0m 
Epoch 1/1:  51%|█████     | 32/63 [00:10<00:10,  3.07it/s, loss=0.6938, acc=51.23%, img/s=98.1, eta=0.2m]
Epoch 1/1:  52%|█████▏    | 33/63 [00:10<00:09,  3.05it/s, loss=0.6938, acc=51.23%, img/s=98.1, eta=0.2m]
[36m(ClientAppActor pid=15853)[0m 
Epoch 1/1:  52%|█████▏    | 33/63 [00:11<00:09,  3.05it/s, loss=0.7076, acc=51.19%, img/s=98.1, eta=0.2m]
Epoch 1/1:  54%|█████▍    | 34/63 [00:11<00:09,  3.04it/s, loss=0.7076, acc=51.19%, img/s=98.1, eta=0.2m]
[36m(ClientAppActor pid=15853)[0m 
Epoch 1/1:  54%|█████▍    | 34/63 [00:11<00:09,  3.04it/s, loss=0.7055, acc=51.07%, img/s=98.1, eta=0.2m]
Epoch 1/1:  56%|█████▌    | 35/63 [00:11<00:09,  3.05it/s, loss=0.7055, acc=51.07%, img/s=98.1, eta=0.2m]
[36m(ClientAppActor pid=15853)[0m 
Epoch 1/1:  56%|█████▌    | 35/63 [00:11<00:09,  3.05it/s, loss=0.7072, acc=50.87%, img/s=98.1, eta=0.1m]
Epoch 1/1:  57%|█████▋    | 36/63 [00:11<00:08,  3.06it/s, loss=0.7072, acc=50.87%, img/s=98.1, eta=0.1m]
[36m(ClientAppActor pid=15853)[0m 
Epoch 1/1:  57%|█████▋    | 36/63 [00:12<00:08,  3.06it/s, loss=0.6817, acc=51.10%, img/s=98.1, eta=0.1m]
Epoch 1/1:  59%|█████▊    | 37/63 [00:12<00:08,  3.06it/s, loss=0.6817, acc=51.10%, img/s=98.1, eta=0.1m]
[36m(ClientAppActor pid=15853)[0m 
Epoch 1/1:  59%|█████▊    | 37/63 [00:12<00:08,  3.06it/s, loss=0.6757, acc=51.32%, img/s=98.2, eta=0.1m]
Epoch 1/1:  60%|██████    | 38/63 [00:12<00:08,  3.08it/s, loss=0.6757, acc=51.32%, img/s=98.2, eta=0.1m]
[36m(ClientAppActor pid=15853)[0m 
Epoch 1/1:  60%|██████    | 38/63 [00:12<00:08,  3.08it/s, loss=0.6910, acc=51.36%, img/s=98.2, eta=0.1m]
Epoch 1/1:  62%|██████▏   | 39/63 [00:12<00:07,  3.08it/s, loss=0.6910, acc=51.36%, img/s=98.2, eta=0.1m]
[36m(ClientAppActor pid=15853)[0m 
Epoch 1/1:  62%|██████▏   | 39/63 [00:13<00:07,  3.08it/s, loss=0.7290, acc=51.09%, img/s=98.2, eta=0.1m]
Epoch 1/1:  63%|██████▎   | 40/63 [00:13<00:07,  3.08it/s, loss=0.7290, acc=51.09%, img/s=98.2, eta=0.1m]
[36m(ClientAppActor pid=15853)[0m 
Epoch 1/1:  63%|██████▎   | 40/63 [00:13<00:07,  3.08it/s, loss=0.6602, acc=51.37%, img/s=98.2, eta=0.1m]
Epoch 1/1:  65%|██████▌   | 41/63 [00:13<00:07,  3.08it/s, loss=0.6602, acc=51.37%, img/s=98.2, eta=0.1m]
[36m(ClientAppActor pid=15853)[0m 
Epoch 1/1:  65%|██████▌   | 41/63 [00:13<00:07,  3.08it/s, loss=0.7511, acc=50.97%, img/s=98.2, eta=0.1m]
Epoch 1/1:  67%|██████▋   | 42/63 [00:13<00:06,  3.08it/s, loss=0.7511, acc=50.97%, img/s=98.2, eta=0.1m]
[36m(ClientAppActor pid=15853)[0m 
Epoch 1/1:  67%|██████▋   | 42/63 [00:14<00:06,  3.08it/s, loss=0.7769, acc=50.51%, img/s=98.2, eta=0.1m]
Epoch 1/1:  68%|██████▊   | 43/63 [00:14<00:06,  3.09it/s, loss=0.7769, acc=50.51%, img/s=98.2, eta=0.1m]
[36m(ClientAppActor pid=15853)[0m 
Epoch 1/1:  68%|██████▊   | 43/63 [00:14<00:06,  3.09it/s, loss=0.7060, acc=50.07%, img/s=98.2, eta=0.1m]
Epoch 1/1:  70%|██████▉   | 44/63 [00:14<00:06,  3.09it/s, loss=0.7060, acc=50.07%, img/s=98.2, eta=0.1m]
[36m(ClientAppActor pid=15853)[0m 
Epoch 1/1:  70%|██████▉   | 44/63 [00:14<00:06,  3.09it/s, loss=0.7172, acc=49.79%, img/s=98.3, eta=0.1m]
Epoch 1/1:  71%|███████▏  | 45/63 [00:14<00:05,  3.08it/s, loss=0.7172, acc=49.79%, img/s=98.3, eta=0.1m]
[36m(ClientAppActor pid=15853)[0m 
Epoch 1/1:  71%|███████▏  | 45/63 [00:14<00:05,  3.08it/s, loss=0.7148, acc=49.66%, img/s=98.3, eta=0.1m]
Epoch 1/1:  73%|███████▎  | 46/63 [00:14<00:05,  3.09it/s, loss=0.7148, acc=49.66%, img/s=98.3, eta=0.1m]
[36m(ClientAppActor pid=15853)[0m 
Epoch 1/1:  73%|███████▎  | 46/63 [00:15<00:05,  3.09it/s, loss=0.6758, acc=49.67%, img/s=98.3, eta=0.1m]
Epoch 1/1:  75%|███████▍  | 47/63 [00:15<00:05,  3.09it/s, loss=0.6758, acc=49.67%, img/s=98.3, eta=0.1m]
[36m(ClientAppActor pid=15853)[0m 
Epoch 1/1:  75%|███████▍  | 47/63 [00:15<00:05,  3.09it/s, loss=0.7061, acc=49.67%, img/s=98.3, eta=0.1m]
Epoch 1/1:  76%|███████▌  | 48/63 [00:15<00:04,  3.08it/s, loss=0.7061, acc=49.67%, img/s=98.3, eta=0.1m]
[36m(ClientAppActor pid=15853)[0m 
Epoch 1/1:  76%|███████▌  | 48/63 [00:15<00:04,  3.08it/s, loss=0.6901, acc=49.74%, img/s=98.3, eta=0.1m]
Epoch 1/1:  78%|███████▊  | 49/63 [00:15<00:04,  3.08it/s, loss=0.6901, acc=49.74%, img/s=98.3, eta=0.1m]
[36m(ClientAppActor pid=15853)[0m 
Epoch 1/1:  78%|███████▊  | 49/63 [00:16<00:04,  3.08it/s, loss=0.7192, acc=49.62%, img/s=98.3, eta=0.1m]
Epoch 1/1:  79%|███████▉  | 50/63 [00:16<00:04,  3.08it/s, loss=0.7192, acc=49.62%, img/s=98.3, eta=0.1m]
[36m(ClientAppActor pid=15853)[0m 
Epoch 1/1:  79%|███████▉  | 50/63 [00:16<00:04,  3.08it/s, loss=0.7047, acc=49.45%, img/s=98.3, eta=0.1m]
Epoch 1/1:  81%|████████  | 51/63 [00:16<00:03,  3.09it/s, loss=0.7047, acc=49.45%, img/s=98.3, eta=0.1m]
[36m(ClientAppActor pid=15853)[0m 
Epoch 1/1:  81%|████████  | 51/63 [00:16<00:03,  3.09it/s, loss=0.7049, acc=49.16%, img/s=98.3, eta=0.1m]
Epoch 1/1:  83%|████████▎ | 52/63 [00:16<00:03,  3.08it/s, loss=0.7049, acc=49.16%, img/s=98.3, eta=0.1m]
[36m(ClientAppActor pid=15853)[0m 
Epoch 1/1:  83%|████████▎ | 52/63 [00:17<00:03,  3.08it/s, loss=0.6664, acc=49.47%, img/s=98.3, eta=0.1m]
Epoch 1/1:  84%|████████▍ | 53/63 [00:17<00:03,  3.08it/s, loss=0.6664, acc=49.47%, img/s=98.3, eta=0.1m]
[36m(ClientAppActor pid=15853)[0m 
Epoch 1/1:  84%|████████▍ | 53/63 [00:17<00:03,  3.08it/s, loss=0.7151, acc=49.42%, img/s=98.3, eta=0.0m]
Epoch 1/1:  86%|████████▌ | 54/63 [00:17<00:02,  3.08it/s, loss=0.7151, acc=49.42%, img/s=98.3, eta=0.0m]
[36m(ClientAppActor pid=15853)[0m 
Epoch 1/1:  86%|████████▌ | 54/63 [00:17<00:02,  3.08it/s, loss=0.6750, acc=49.72%, img/s=98.3, eta=0.0m]
Epoch 1/1:  87%|████████▋ | 55/63 [00:17<00:02,  3.08it/s, loss=0.6750, acc=49.72%, img/s=98.3, eta=0.0m]
[36m(ClientAppActor pid=15853)[0m 
Epoch 1/1:  87%|████████▋ | 55/63 [00:18<00:02,  3.08it/s, loss=0.7080, acc=49.61%, img/s=98.3, eta=0.0m]
Epoch 1/1:  89%|████████▉ | 56/63 [00:18<00:02,  3.08it/s, loss=0.7080, acc=49.61%, img/s=98.3, eta=0.0m]
[36m(ClientAppActor pid=15853)[0m 
Epoch 1/1:  89%|████████▉ | 56/63 [00:18<00:02,  3.08it/s, loss=0.6827, acc=49.62%, img/s=98.3, eta=0.0m]
Epoch 1/1:  90%|█████████ | 57/63 [00:18<00:01,  3.08it/s, loss=0.6827, acc=49.62%, img/s=98.3, eta=0.0m]
[36m(ClientAppActor pid=15853)[0m 
Epoch 1/1:  90%|█████████ | 57/63 [00:18<00:01,  3.08it/s, loss=0.7008, acc=49.57%, img/s=98.3, eta=0.0m]
Epoch 1/1:  92%|█████████▏| 58/63 [00:18<00:01,  3.08it/s, loss=0.7008, acc=49.57%, img/s=98.3, eta=0.0m]
[36m(ClientAppActor pid=15853)[0m 
Epoch 1/1:  92%|█████████▏| 58/63 [00:19<00:01,  3.08it/s, loss=0.6666, acc=49.68%, img/s=98.3, eta=0.0m]
Epoch 1/1:  94%|█████████▎| 59/63 [00:19<00:01,  3.08it/s, loss=0.6666, acc=49.68%, img/s=98.3, eta=0.0m]
[36m(ClientAppActor pid=15853)[0m 
Epoch 1/1:  94%|█████████▎| 59/63 [00:19<00:01,  3.08it/s, loss=0.7156, acc=49.58%, img/s=98.3, eta=0.0m]
Epoch 1/1:  95%|█████████▌| 60/63 [00:19<00:00,  3.08it/s, loss=0.7156, acc=49.58%, img/s=98.3, eta=0.0m]
[36m(ClientAppActor pid=15853)[0m 
Epoch 1/1:  95%|█████████▌| 60/63 [00:19<00:00,  3.08it/s, loss=0.7112, acc=49.64%, img/s=98.3, eta=0.0m]
Epoch 1/1:  97%|█████████▋| 61/63 [00:19<00:00,  3.08it/s, loss=0.7112, acc=49.64%, img/s=98.3, eta=0.0m]
[36m(ClientAppActor pid=15853)[0m 
Epoch 1/1:  97%|█████████▋| 61/63 [00:20<00:00,  3.08it/s, loss=0.7550, acc=49.45%, img/s=98.3, eta=0.0m]
Epoch 1/1:  98%|█████████▊| 62/63 [00:20<00:00,  3.08it/s, loss=0.7550, acc=49.45%, img/s=98.3, eta=0.0m]
[36m(ClientAppActor pid=15853)[0m 
Epoch 1/1:  98%|█████████▊| 62/63 [00:20<00:00,  3.08it/s, loss=0.6806, acc=49.55%, img/s=49.5, eta=0.0m]
Epoch 1/1: 100%|██████████| 63/63 [00:20<00:00,  3.50it/s, loss=0.6806, acc=49.55%, img/s=49.5, eta=0.0m]
Epoch 1/1: 100%|██████████| 63/63 [00:20<00:00,  3.09it/s, loss=0.6806, acc=49.55%, img/s=49.5, eta=0.0m]
[36m(ClientAppActor pid=15853)[0m 
Epoch 1/1:   0%|          | 0/63 [00:00<?, ?it/s]
[36m(ClientAppActor pid=15853)[0m 
Epoch 1/1:   0%|          | 0/63 [00:00<?, ?it/s, loss=0.7304, acc=53.12%, img/s=94.9, eta=0.3m]
Epoch 1/1:   2%|▏         | 1/63 [00:00<00:20,  2.96it/s, loss=0.7304, acc=53.12%, img/s=94.9, eta=0.3m]
[36m(ClientAppActor pid=15853)[0m 
Epoch 1/1:   2%|▏         | 1/63 [00:00<00:20,  2.96it/s, loss=1.0622, acc=53.12%, img/s=96.6, eta=0.3m]
Epoch 1/1:   3%|▎         | 2/63 [00:00<00:20,  3.03it/s, loss=1.0622, acc=53.12%, img/s=96.6, eta=0.3m]
[36m(ClientAppActor pid=15853)[0m 
Epoch 1/1:   3%|▎         | 2/63 [00:00<00:20,  3.03it/s, loss=0.7358, acc=51.04%, img/s=97.3, eta=0.3m]
Epoch 1/1:   5%|▍         | 3/63 [00:00<00:19,  3.05it/s, loss=0.7358, acc=51.04%, img/s=97.3, eta=0.3m]
[36m(ClientAppActor pid=15853)[0m 
Epoch 1/1:   5%|▍         | 3/63 [00:01<00:19,  3.05it/s, loss=0.8975, acc=50.00%, img/s=100.1, eta=0.3m]
Epoch 1/1:   6%|▋         | 4/63 [00:01<00:18,  3.19it/s, loss=0.8975, acc=50.00%, img/s=100.1, eta=0.3m]
[36m(ClientAppActor pid=15853)[0m 
Epoch 1/1:   6%|▋         | 4/63 [00:01<00:18,  3.19it/s, loss=0.8408, acc=50.62%, img/s=99.9, eta=0.3m] 
Epoch 1/1:   8%|▊         | 5/63 [00:01<00:18,  3.16it/s, loss=0.8408, acc=50.62%, img/s=99.9, eta=0.3m]
[36m(ClientAppActor pid=15853)[0m 
Epoch 1/1:   8%|▊         | 5/63 [00:01<00:18,  3.16it/s, loss=0.8264, acc=50.00%, img/s=99.7, eta=0.3m]
Epoch 1/1:  10%|▉         | 6/63 [00:01<00:18,  3.13it/s, loss=0.8264, acc=50.00%, img/s=99.7, eta=0.3m]
[36m(ClientAppActor pid=15853)[0m 
Epoch 1/1:  10%|▉         | 6/63 [00:02<00:18,  3.13it/s, loss=0.7477, acc=49.55%, img/s=99.6, eta=0.3m]
Epoch 1/1:  11%|█         | 7/63 [00:02<00:17,  3.12it/s, loss=0.7477, acc=49.55%, img/s=99.6, eta=0.3m]
[36m(ClientAppActor pid=15853)[0m 
Epoch 1/1:  11%|█         | 7/63 [00:02<00:17,  3.12it/s, loss=0.6365, acc=51.56%, img/s=99.5, eta=0.3m]
Epoch 1/1:  13%|█▎        | 8/63 [00:02<00:17,  3.11it/s, loss=0.6365, acc=51.56%, img/s=99.5, eta=0.3m]
[36m(ClientAppActor pid=15853)[0m 
Epoch 1/1:  13%|█▎        | 8/63 [00:02<00:17,  3.11it/s, loss=0.7985, acc=51.39%, img/s=99.4, eta=0.3m]
Epoch 1/1:  14%|█▍        | 9/63 [00:02<00:17,  3.10it/s, loss=0.7985, acc=51.39%, img/s=99.4, eta=0.3m]
[36m(ClientAppActor pid=15853)[0m 
Epoch 1/1:  14%|█▍        | 9/63 [00:03<00:17,  3.10it/s, loss=0.8405, acc=51.56%, img/s=99.3, eta=0.3m]
Epoch 1/1:  16%|█▌        | 10/63 [00:03<00:17,  3.09it/s, loss=0.8405, acc=51.56%, img/s=99.3, eta=0.3m]
[36m(ClientAppActor pid=15853)[0m 
Epoch 1/1:  16%|█▌        | 10/63 [00:03<00:17,  3.09it/s, loss=0.9714, acc=50.28%, img/s=99.3, eta=0.3m]
Epoch 1/1:  17%|█▋        | 11/63 [00:03<00:16,  3.10it/s, loss=0.9714, acc=50.28%, img/s=99.3, eta=0.3m]
[36m(ClientAppActor pid=15853)[0m 
Epoch 1/1:  17%|█▋        | 11/63 [00:03<00:16,  3.10it/s, loss=0.7156, acc=50.00%, img/s=99.2, eta=0.3m]
Epoch 1/1:  19%|█▉        | 12/63 [00:03<00:16,  3.09it/s, loss=0.7156, acc=50.00%, img/s=99.2, eta=0.3m]
[36m(ClientAppActor pid=15853)[0m 
Epoch 1/1:  19%|█▉        | 12/63 [00:04<00:16,  3.09it/s, loss=0.7045, acc=49.52%, img/s=99.2, eta=0.3m]
Epoch 1/1:  21%|██        | 13/63 [00:04<00:16,  3.09it/s, loss=0.7045, acc=49.52%, img/s=99.2, eta=0.3m]
[36m(ClientAppActor pid=15853)[0m 
Epoch 1/1:  21%|██        | 13/63 [00:04<00:16,  3.09it/s, loss=0.6898, acc=50.45%, img/s=99.1, eta=0.3m]
Epoch 1/1:  22%|██▏       | 14/63 [00:04<00:15,  3.08it/s, loss=0.6898, acc=50.45%, img/s=99.1, eta=0.3m]
[36m(ClientAppActor pid=15853)[0m 
Epoch 1/1:  22%|██▏       | 14/63 [00:04<00:15,  3.08it/s, loss=0.7836, acc=50.62%, img/s=99.1, eta=0.3m]
Epoch 1/1:  24%|██▍       | 15/63 [00:04<00:15,  3.08it/s, loss=0.7836, acc=50.62%, img/s=99.1, eta=0.3m]
[36m(ClientAppActor pid=15853)[0m 
Epoch 1/1:  24%|██▍       | 15/63 [00:05<00:15,  3.08it/s, loss=0.6681, acc=51.37%, img/s=99.0, eta=0.3m]
Epoch 1/1:  25%|██▌       | 16/63 [00:05<00:15,  3.08it/s, loss=0.6681, acc=51.37%, img/s=99.0, eta=0.3m]
[36m(ClientAppActor pid=15853)[0m 
Epoch 1/1:  25%|██▌       | 16/63 [00:05<00:15,  3.08it/s, loss=0.8536, acc=50.18%, img/s=99.0, eta=0.2m]
Epoch 1/1:  27%|██▋       | 17/63 [00:05<00:14,  3.08it/s, loss=0.8536, acc=50.18%, img/s=99.0, eta=0.2m]
[36m(ClientAppActor pid=15853)[0m 
Epoch 1/1:  27%|██▋       | 17/63 [00:05<00:14,  3.08it/s, loss=0.6572, acc=50.87%, img/s=99.0, eta=0.2m]
Epoch 1/1:  29%|██▊       | 18/63 [00:05<00:14,  3.08it/s, loss=0.6572, acc=50.87%, img/s=99.0, eta=0.2m]
[36m(ClientAppActor pid=15853)[0m 
Epoch 1/1:  29%|██▊       | 18/63 [00:06<00:14,  3.08it/s, loss=0.7390, acc=50.49%, img/s=99.0, eta=0.2m]
Epoch 1/1:  30%|███       | 19/63 [00:06<00:14,  3.08it/s, loss=0.7390, acc=50.49%, img/s=99.0, eta=0.2m]
[36m(ClientAppActor pid=15853)[0m 
Epoch 1/1:  30%|███       | 19/63 [00:06<00:14,  3.08it/s, loss=0.7074, acc=50.62%, img/s=99.0, eta=0.2m]
Epoch 1/1:  32%|███▏      | 20/63 [00:06<00:13,  3.08it/s, loss=0.7074, acc=50.62%, img/s=99.0, eta=0.2m]
[36m(ClientAppActor pid=15853)[0m 
Epoch 1/1:  32%|███▏      | 20/63 [00:06<00:13,  3.08it/s, loss=0.7270, acc=50.15%, img/s=98.9, eta=0.2m]
Epoch 1/1:  33%|███▎      | 21/63 [00:06<00:13,  3.08it/s, loss=0.7270, acc=50.15%, img/s=98.9, eta=0.2m]
[36m(ClientAppActor pid=15853)[0m 
Epoch 1/1:  33%|███▎      | 21/63 [00:07<00:13,  3.08it/s, loss=0.6800, acc=50.28%, img/s=99.0, eta=0.2m]
Epoch 1/1:  35%|███▍      | 22/63 [00:07<00:13,  3.08it/s, loss=0.6800, acc=50.28%, img/s=99.0, eta=0.2m]
[36m(ClientAppActor pid=15853)[0m 
Epoch 1/1:  35%|███▍      | 22/63 [00:07<00:13,  3.08it/s, loss=0.7470, acc=50.00%, img/s=98.9, eta=0.2m]
Epoch 1/1:  37%|███▋      | 23/63 [00:07<00:12,  3.08it/s, loss=0.7470, acc=50.00%, img/s=98.9, eta=0.2m]
[36m(ClientAppActor pid=15853)[0m 
Epoch 1/1:  37%|███▋      | 23/63 [00:07<00:12,  3.08it/s, loss=0.6997, acc=50.39%, img/s=98.9, eta=0.2m]
Epoch 1/1:  38%|███▊      | 24/63 [00:07<00:12,  3.08it/s, loss=0.6997, acc=50.39%, img/s=98.9, eta=0.2m]
[36m(ClientAppActor pid=15853)[0m 
Epoch 1/1:  38%|███▊      | 24/63 [00:08<00:12,  3.08it/s, loss=0.6531, acc=51.00%, img/s=98.9, eta=0.2m]
Epoch 1/1:  40%|███▉      | 25/63 [00:08<00:12,  3.09it/s, loss=0.6531, acc=51.00%, img/s=98.9, eta=0.2m]
[36m(ClientAppActor pid=15853)[0m 
Epoch 1/1:  40%|███▉      | 25/63 [00:08<00:12,  3.09it/s, loss=0.6604, acc=51.44%, img/s=98.9, eta=0.2m]
Epoch 1/1:  41%|████▏     | 26/63 [00:08<00:11,  3.09it/s, loss=0.6604, acc=51.44%, img/s=98.9, eta=0.2m]
[36m(ClientAppActor pid=15853)[0m 
Epoch 1/1:  41%|████▏     | 26/63 [00:08<00:11,  3.09it/s, loss=0.7552, acc=51.27%, img/s=98.9, eta=0.2m]
Epoch 1/1:  43%|████▎     | 27/63 [00:08<00:11,  3.08it/s, loss=0.7552, acc=51.27%, img/s=98.9, eta=0.2m]
[36m(ClientAppActor pid=15853)[0m 
Epoch 1/1:  43%|████▎     | 27/63 [00:09<00:11,  3.08it/s, loss=0.7687, acc=50.89%, img/s=98.9, eta=0.2m]
Epoch 1/1:  44%|████▍     | 28/63 [00:09<00:11,  3.08it/s, loss=0.7687, acc=50.89%, img/s=98.9, eta=0.2m]
[36m(ClientAppActor pid=15853)[0m 
Epoch 1/1:  44%|████▍     | 28/63 [00:09<00:11,  3.08it/s, loss=0.7783, acc=50.54%, img/s=98.9, eta=0.2m]
Epoch 1/1:  46%|████▌     | 29/63 [00:09<00:11,  3.08it/s, loss=0.7783, acc=50.54%, img/s=98.9, eta=0.2m]
[36m(ClientAppActor pid=15853)[0m 
Epoch 1/1:  46%|████▌     | 29/63 [00:09<00:11,  3.08it/s, loss=0.7255, acc=50.62%, img/s=98.8, eta=0.2m]
Epoch 1/1:  48%|████▊     | 30/63 [00:09<00:10,  3.08it/s, loss=0.7255, acc=50.62%, img/s=98.8, eta=0.2m]
[36m(ClientAppActor pid=15853)[0m 
Epoch 1/1:  48%|████▊     | 30/63 [00:10<00:10,  3.08it/s, loss=0.7378, acc=50.20%, img/s=98.9, eta=0.2m]
Epoch 1/1:  49%|████▉     | 31/63 [00:10<00:10,  3.08it/s, loss=0.7378, acc=50.20%, img/s=98.9, eta=0.2m]
[36m(ClientAppActor pid=15853)[0m 
Epoch 1/1:  49%|████▉     | 31/63 [00:10<00:10,  3.08it/s, loss=0.7182, acc=50.29%, img/s=98.8, eta=0.2m]
Epoch 1/1:  51%|█████     | 32/63 [00:10<00:10,  3.08it/s, loss=0.7182, acc=50.29%, img/s=98.8, eta=0.2m]
[36m(ClientAppActor pid=15853)[0m 
Epoch 1/1:  51%|█████     | 32/63 [00:10<00:10,  3.08it/s, loss=0.7190, acc=50.19%, img/s=98.8, eta=0.2m]
Epoch 1/1:  52%|█████▏    | 33/63 [00:10<00:09,  3.08it/s, loss=0.7190, acc=50.19%, img/s=98.8, eta=0.2m]
[36m(ClientAppActor pid=15853)[0m 
Epoch 1/1:  52%|█████▏    | 33/63 [00:11<00:09,  3.08it/s, loss=0.7507, acc=49.72%, img/s=98.8, eta=0.2m]
Epoch 1/1:  54%|█████▍    | 34/63 [00:11<00:09,  3.08it/s, loss=0.7507, acc=49.72%, img/s=98.8, eta=0.2m]
[36m(ClientAppActor pid=15853)[0m 
Epoch 1/1:  54%|█████▍    | 34/63 [00:11<00:09,  3.08it/s, loss=0.7593, acc=49.82%, img/s=98.8, eta=0.2m]
Epoch 1/1:  56%|█████▌    | 35/63 [00:11<00:09,  3.08it/s, loss=0.7593, acc=49.82%, img/s=98.8, eta=0.2m]
[36m(ClientAppActor pid=15853)[0m 
Epoch 1/1:  56%|█████▌    | 35/63 [00:11<00:09,  3.08it/s, loss=0.7544, acc=49.83%, img/s=98.8, eta=0.1m]
Epoch 1/1:  57%|█████▋    | 36/63 [00:11<00:08,  3.08it/s, loss=0.7544, acc=49.83%, img/s=98.8, eta=0.1m]
[36m(ClientAppActor pid=15853)[0m 
Epoch 1/1:  57%|█████▋    | 36/63 [00:11<00:08,  3.08it/s, loss=0.6985, acc=49.75%, img/s=98.8, eta=0.1m]
Epoch 1/1:  59%|█████▊    | 37/63 [00:11<00:08,  3.08it/s, loss=0.6985, acc=49.75%, img/s=98.8, eta=0.1m]
[36m(ClientAppActor pid=15853)[0m 
Epoch 1/1:  59%|█████▊    | 37/63 [00:12<00:08,  3.08it/s, loss=0.7042, acc=49.92%, img/s=98.8, eta=0.1m]
Epoch 1/1:  60%|██████    | 38/63 [00:12<00:08,  3.08it/s, loss=0.7042, acc=49.92%, img/s=98.8, eta=0.1m]
[36m(ClientAppActor pid=15853)[0m 
Epoch 1/1:  60%|██████    | 38/63 [00:12<00:08,  3.08it/s, loss=0.7120, acc=49.76%, img/s=98.8, eta=0.1m]
Epoch 1/1:  62%|██████▏   | 39/63 [00:12<00:07,  3.08it/s, loss=0.7120, acc=49.76%, img/s=98.8, eta=0.1m]
[36m(ClientAppActor pid=15853)[0m 
Epoch 1/1:  62%|██████▏   | 39/63 [00:12<00:07,  3.08it/s, loss=0.7231, acc=49.61%, img/s=98.8, eta=0.1m]
Epoch 1/1:  63%|██████▎   | 40/63 [00:12<00:07,  3.08it/s, loss=0.7231, acc=49.61%, img/s=98.8, eta=0.1m]
[36m(ClientAppActor pid=15853)[0m 
Epoch 1/1:  63%|██████▎   | 40/63 [00:13<00:07,  3.08it/s, loss=0.7097, acc=49.62%, img/s=98.8, eta=0.1m]
Epoch 1/1:  65%|██████▌   | 41/63 [00:13<00:07,  3.08it/s, loss=0.7097, acc=49.62%, img/s=98.8, eta=0.1m]
[36m(ClientAppActor pid=15853)[0m 
Epoch 1/1:  65%|██████▌   | 41/63 [00:13<00:07,  3.08it/s, loss=0.6782, acc=49.78%, img/s=98.8, eta=0.1m]
[36m(ClientAppActor pid=15853)[0m 
Epoch 1/1:  67%|██████▋   | 42/63 [00:13<00:06,  3.08it/s, loss=0.6782, acc=49.78%, img/s=98.8, eta=0.1m]
[36m(ClientAppActor pid=15853)[0m 
Epoch 1/1:  67%|██████▋   | 42/63 [00:13<00:06,  3.08it/s, loss=0.7714, acc=49.56%, img/s=98.8, eta=0.1m]
Epoch 1/1:  68%|██████▊   | 43/63 [00:13<00:06,  3.08it/s, loss=0.7714, acc=49.56%, img/s=98.8, eta=0.1m]
[36m(ClientAppActor pid=15853)[0m 
Epoch 1/1:  68%|██████▊   | 43/63 [00:14<00:06,  3.08it/s, loss=0.7758, acc=49.29%, img/s=98.8, eta=0.1m]
Epoch 1/1:  70%|██████▉   | 44/63 [00:14<00:06,  3.08it/s, loss=0.7758, acc=49.29%, img/s=98.8, eta=0.1m]
[36m(ClientAppActor pid=15853)[0m 
Epoch 1/1:  70%|██████▉   | 44/63 [00:14<00:06,  3.08it/s, loss=0.7678, acc=49.03%, img/s=98.8, eta=0.1m]
Epoch 1/1:  71%|███████▏  | 45/63 [00:14<00:05,  3.08it/s, loss=0.7678, acc=49.03%, img/s=98.8, eta=0.1m]
[36m(ClientAppActor pid=15853)[0m 
Epoch 1/1:  71%|███████▏  | 45/63 [00:14<00:05,  3.08it/s, loss=0.6836, acc=49.05%, img/s=98.8, eta=0.1m]
Epoch 1/1:  73%|███████▎  | 46/63 [00:14<00:05,  3.08it/s, loss=0.6836, acc=49.05%, img/s=98.8, eta=0.1m]
[36m(ClientAppActor pid=15853)[0m 
Epoch 1/1:  73%|███████▎  | 46/63 [00:15<00:05,  3.08it/s, loss=0.6717, acc=49.20%, img/s=98.8, eta=0.1m]
Epoch 1/1:  75%|███████▍  | 47/63 [00:15<00:05,  3.08it/s, loss=0.6717, acc=49.20%, img/s=98.8, eta=0.1m]
[36m(ClientAppActor pid=15853)[0m 
Epoch 1/1:  75%|███████▍  | 47/63 [00:15<00:05,  3.08it/s, loss=0.7393, acc=49.02%, img/s=98.8, eta=0.1m]
Epoch 1/1:  76%|███████▌  | 48/63 [00:15<00:04,  3.08it/s, loss=0.7393, acc=49.02%, img/s=98.8, eta=0.1m]
[36m(ClientAppActor pid=15853)[0m 
Epoch 1/1:  76%|███████▌  | 48/63 [00:15<00:04,  3.08it/s, loss=0.7368, acc=48.92%, img/s=98.7, eta=0.1m]
Epoch 1/1:  78%|███████▊  | 49/63 [00:15<00:04,  3.08it/s, loss=0.7368, acc=48.92%, img/s=98.7, eta=0.1m]
[36m(ClientAppActor pid=15853)[0m 
Epoch 1/1:  78%|███████▊  | 49/63 [00:16<00:04,  3.08it/s, loss=0.7674, acc=48.75%, img/s=98.7, eta=0.1m]
Epoch 1/1:  79%|███████▉  | 50/63 [00:16<00:04,  3.07it/s, loss=0.7674, acc=48.75%, img/s=98.7, eta=0.1m]
[36m(ClientAppActor pid=15853)[0m 
Epoch 1/1:  79%|███████▉  | 50/63 [00:16<00:04,  3.07it/s, loss=0.6880, acc=48.96%, img/s=98.7, eta=0.1m]
Epoch 1/1:  81%|████████  | 51/63 [00:16<00:03,  3.08it/s, loss=0.6880, acc=48.96%, img/s=98.7, eta=0.1m]
[36m(ClientAppActor pid=15853)[0m 
Epoch 1/1:  81%|████████  | 51/63 [00:16<00:03,  3.08it/s, loss=0.7021, acc=49.04%, img/s=98.7, eta=0.1m]
Epoch 1/1:  83%|████████▎ | 52/63 [00:16<00:03,  3.08it/s, loss=0.7021, acc=49.04%, img/s=98.7, eta=0.1m]
[36m(ClientAppActor pid=15853)[0m 
Epoch 1/1:  83%|████████▎ | 52/63 [00:17<00:03,  3.08it/s, loss=0.6600, acc=49.35%, img/s=98.7, eta=0.1m]
Epoch 1/1:  84%|████████▍ | 53/63 [00:17<00:03,  3.08it/s, loss=0.6600, acc=49.35%, img/s=98.7, eta=0.1m]
[36m(ClientAppActor pid=15853)[0m 
Epoch 1/1:  84%|████████▍ | 53/63 [00:17<00:03,  3.08it/s, loss=0.7049, acc=49.25%, img/s=98.7, eta=0.0m]
Epoch 1/1:  86%|████████▌ | 54/63 [00:17<00:02,  3.07it/s, loss=0.7049, acc=49.25%, img/s=98.7, eta=0.0m]
[36m(ClientAppActor pid=15853)[0m 
Epoch 1/1:  86%|████████▌ | 54/63 [00:17<00:02,  3.07it/s, loss=0.7314, acc=49.03%, img/s=98.7, eta=0.0m]
Epoch 1/1:  87%|████████▋ | 55/63 [00:17<00:02,  3.07it/s, loss=0.7314, acc=49.03%, img/s=98.7, eta=0.0m]
[36m(ClientAppActor pid=15853)[0m 
Epoch 1/1:  87%|████████▋ | 55/63 [00:18<00:02,  3.07it/s, loss=0.7266, acc=48.72%, img/s=98.7, eta=0.0m]
Epoch 1/1:  89%|████████▉ | 56/63 [00:18<00:02,  3.08it/s, loss=0.7266, acc=48.72%, img/s=98.7, eta=0.0m]
[36m(ClientAppActor pid=15853)[0m 
Epoch 1/1:  89%|████████▉ | 56/63 [00:18<00:02,  3.08it/s, loss=0.6736, acc=48.79%, img/s=98.7, eta=0.0m]
Epoch 1/1:  90%|█████████ | 57/63 [00:18<00:01,  3.08it/s, loss=0.6736, acc=48.79%, img/s=98.7, eta=0.0m]
[36m(ClientAppActor pid=15853)[0m 
Epoch 1/1:  90%|█████████ | 57/63 [00:18<00:01,  3.08it/s, loss=0.6867, acc=48.92%, img/s=98.7, eta=0.0m]
Epoch 1/1:  92%|█████████▏| 58/63 [00:18<00:01,  3.08it/s, loss=0.6867, acc=48.92%, img/s=98.7, eta=0.0m]
[36m(ClientAppActor pid=15853)[0m 
Epoch 1/1:  92%|█████████▏| 58/63 [00:19<00:01,  3.08it/s, loss=0.6594, acc=49.15%, img/s=98.7, eta=0.0m]
Epoch 1/1:  94%|█████████▎| 59/63 [00:19<00:01,  3.08it/s, loss=0.6594, acc=49.15%, img/s=98.7, eta=0.0m]
[36m(ClientAppActor pid=15853)[0m 
Epoch 1/1:  94%|█████████▎| 59/63 [00:19<00:01,  3.08it/s, loss=0.7113, acc=49.22%, img/s=98.7, eta=0.0m]
Epoch 1/1:  95%|█████████▌| 60/63 [00:19<00:00,  3.08it/s, loss=0.7113, acc=49.22%, img/s=98.7, eta=0.0m]
[36m(ClientAppActor pid=15853)[0m 
Epoch 1/1:  95%|█████████▌| 60/63 [00:19<00:00,  3.08it/s, loss=0.8128, acc=48.77%, img/s=98.7, eta=0.0m]
Epoch 1/1:  97%|█████████▋| 61/63 [00:19<00:00,  3.08it/s, loss=0.8128, acc=48.77%, img/s=98.7, eta=0.0m]
[36m(ClientAppActor pid=15853)[0m 
Epoch 1/1:  97%|█████████▋| 61/63 [00:20<00:00,  3.08it/s, loss=0.7551, acc=48.69%, img/s=98.7, eta=0.0m]
Epoch 1/1:  98%|█████████▊| 62/63 [00:20<00:00,  3.08it/s, loss=0.7551, acc=48.69%, img/s=98.7, eta=0.0m]
[36m(ClientAppActor pid=15853)[0m 
Epoch 1/1:  98%|█████████▊| 62/63 [00:20<00:00,  3.08it/s, loss=0.6578, acc=48.85%, img/s=49.7, eta=0.0m]
Epoch 1/1: 100%|██████████| 63/63 [00:20<00:00,  3.51it/s, loss=0.6578, acc=48.85%, img/s=49.7, eta=0.0m]
Epoch 1/1: 100%|██████████| 63/63 [00:20<00:00,  3.10it/s, loss=0.6578, acc=48.85%, img/s=49.7, eta=0.0m]
Using device: cuda
GPU Enabled
GPU Count: 1
NVIDIA GeForce RTX 3060

===== RUN CONFIG =====
{'num-server-rounds': 5, 'local-epochs': 1, 'model-name': 'faft', 'dataset-name': '140k'}
======================

[36m(ClientAppActor pid=15853)[0m Using device: cuda
[36m(ClientAppActor pid=15853)[0m GPU Enabled
[36m(ClientAppActor pid=15853)[0m GPU Count: 1
[36m(ClientAppActor pid=15853)[0m NVIDIA GeForce RTX 3060
[36m(ClientAppActor pid=15853)[0m Client 1 using cuda
[36m(ClientAppActor pid=15853)[0m {'fake': 0, 'real': 1}
[36m(ClientAppActor pid=15853)[0m [DEBUG MODE] Train=2000, Val=100, Test=100
[36m(ClientAppActor pid=15853)[0m 
[36m(ClientAppActor pid=15853)[0m Client 1 Class Distribution
[36m(ClientAppActor pid=15853)[0m Train: Counter({1: 1011, 0: 989})
[36m(ClientAppActor pid=15853)[0m Val  : Counter({0: 55, 1: 45})
[36m(ClientAppActor pid=15853)[0m Test : Counter({0: 53, 1: 47})
[36m(ClientAppActor pid=15853)[0m Client 1
[36m(ClientAppActor pid=15853)[0m Train Images: 2000
[36m(ClientAppActor pid=15853)[0m Test Images : 100
[36m(ClientAppActor pid=15853)[0m Validate Images : 100
[36m(ClientAppActor pid=15853)[0m Client 2 using cuda
[36m(ClientAppActor pid=15853)[0m {'fake': 0, 'real': 1}
[36m(ClientAppActor pid=15853)[0m [DEBUG MODE] Train=2000, Val=100, Test=100
[36m(ClientAppActor pid=15853)[0m 
[36m(ClientAppActor pid=15853)[0m Client 2 Class Distribution
[36m(ClientAppActor pid=15853)[0m Train: Counter({0: 1012, 1: 988})
[36m(ClientAppActor pid=15853)[0m Val  : Counter({0: 60, 1: 40})
[36m(ClientAppActor pid=15853)[0m Test : Counter({0: 51, 1: 49})
[36m(ClientAppActor pid=15853)[0m Client 2
[36m(ClientAppActor pid=15853)[0m Train Images: 2000
[36m(ClientAppActor pid=15853)[0m Test Images : 100
[36m(ClientAppActor pid=15853)[0m Validate Images : 100
[36m(ClientAppActor pid=15853)[0m Client 2 starting fit...
[36m(ClientAppActor pid=15853)[0m Client 2 received class memories
[36m(ClientAppActor pid=15853)[0m Real memory norm=0.0000
[36m(ClientAppActor pid=15853)[0m Fake memory norm=0.0000
[36m(ClientAppActor pid=15853)[0m Client 2 starting training...
[36m(ClientAppActor pid=15853)[0m START classifier norm: 13.077889442443848
[36m(ClientAppActor pid=15853)[0m Artifact bias shape: torch.Size([32, 8, 197, 197])
[36m(ClientAppActor pid=15853)[0m 
[36m(ClientAppActor pid=15853)[0m Batch 0/63
[36m(ClientAppActor pid=15853)[0m GPU Allocated: 2.25 GB
[36m(ClientAppActor pid=15853)[0m GPU Reserved : 2.89 GB
[36m(ClientAppActor pid=15853)[0m 
[36m(ClientAppActor pid=15853)[0m ==================================================
[36m(ClientAppActor pid=15853)[0m Epoch 1 Complete
[36m(ClientAppActor pid=15853)[0m Average Loss : 0.7252
[36m(ClientAppActor pid=15853)[0m Accuracy     : 50.50%
[36m(ClientAppActor pid=15853)[0m Time         : 23.68s
[36m(ClientAppActor pid=15853)[0m Images       : 2000
[36m(ClientAppActor pid=15853)[0m Images/sec   : 84.45
[36m(ClientAppActor pid=15853)[0m GPU Allocated: 2.24 GB
[36m(ClientAppActor pid=15853)[0m GPU Reserved : 2.90 GB
[36m(ClientAppActor pid=15853)[0m ==================================================
[36m(ClientAppActor pid=15853)[0m END classifier norm: 13.07451057434082
[36m(ClientAppActor pid=15853)[0m Client 2 finished training
[36m(ClientAppActor pid=15853)[0m Client 2 extracting parameters...
[36m(ClientAppActor pid=15853)[0m Client 2 parameter extraction complete
[36m(ClientAppActor pid=15853)[0m Client 2 returning results
[36m(ClientAppActor pid=15853)[0m Client 4 using cuda
[36m(ClientAppActor pid=15853)[0m {'fake': 0, 'real': 1}
[36m(ClientAppActor pid=15853)[0m [DEBUG MODE] Train=2000, Val=100, Test=100
[36m(ClientAppActor pid=15853)[0m 
[36m(ClientAppActor pid=15853)[0m Client 4 Class Distribution
[36m(ClientAppActor pid=15853)[0m Train: Counter({0: 1013, 1: 987})
[36m(ClientAppActor pid=15853)[0m Val  : Counter({0: 56, 1: 44})
[36m(ClientAppActor pid=15853)[0m Test : Counter({1: 53, 0: 47})
[36m(ClientAppActor pid=15853)[0m Client 4
[36m(ClientAppActor pid=15853)[0m Train Images: 2000
[36m(ClientAppActor pid=15853)[0m Test Images : 100
[36m(ClientAppActor pid=15853)[0m Validate Images : 100
[36m(ClientAppActor pid=15853)[0m Client 4 starting fit...
[36m(ClientAppActor pid=15853)[0m Client 4 received class memories
[36m(ClientAppActor pid=15853)[0m Real memory norm=0.0000
[36m(ClientAppActor pid=15853)[0m Fake memory norm=0.0000
[36m(ClientAppActor pid=15853)[0m Client 4 starting training...
[36m(ClientAppActor pid=15853)[0m START classifier norm: 13.077889442443848
[36m(ClientAppActor pid=15853)[0m Artifact bias shape: torch.Size([32, 8, 197, 197])
[36m(ClientAppActor pid=15853)[0m 
[36m(ClientAppActor pid=15853)[0m Batch 0/63
[36m(ClientAppActor pid=15853)[0m GPU Allocated: 2.25 GB
[36m(ClientAppActor pid=15853)[0m GPU Reserved : 4.36 GB
[36m(ClientAppActor pid=15853)[0m 
[36m(ClientAppActor pid=15853)[0m ==================================================
[36m(ClientAppActor pid=15853)[0m Epoch 1 Complete
[36m(ClientAppActor pid=15853)[0m Average Loss : 0.7250
[36m(ClientAppActor pid=15853)[0m Accuracy     : 49.55%
[36m(ClientAppActor pid=15853)[0m Time         : 20.37s
[36m(ClientAppActor pid=15853)[0m Images       : 2000
[36m(ClientAppActor pid=15853)[0m Images/sec   : 98.18
[36m(ClientAppActor pid=15853)[0m GPU Allocated: 2.25 GB
[36m(ClientAppActor pid=15853)[0m GPU Reserved : 5.29 GB
[36m(ClientAppActor pid=15853)[0m ==================================================
[36m(ClientAppActor pid=15853)[0m END classifier norm: 13.075172424316406
[36m(ClientAppActor pid=15853)[0m Client 4 finished training
[36m(ClientAppActor pid=15853)[0m Client 4 extracting parameters...
[36m(ClientAppActor pid=15853)[0m Client 4 parameter extraction complete
[36m(ClientAppActor pid=15853)[0m Client 4 returning results
[36m(ClientAppActor pid=15853)[0m Client 5 using cuda
[36m(ClientAppActor pid=15853)[0m {'fake': 0, 'real': 1}
[36m(ClientAppActor pid=15853)[0m [DEBUG MODE] Train=2000, Val=100, Test=100
[36m(ClientAppActor pid=15853)[0m 
[36m(ClientAppActor pid=15853)[0m Client 5 Class Distribution
[36m(ClientAppActor pid=15853)[0m Train: Counter({0: 1014, 1: 986})
[36m(ClientAppActor pid=15853)[0m Val  : Counter({0: 56, 1: 44})
[36m(ClientAppActor pid=15853)[0m Test : Counter({0: 51, 1: 49})
[36m(ClientAppActor pid=15853)[0m Client 5
[36m(ClientAppActor pid=15853)[0m Train Images: 2000
[36m(ClientAppActor pid=15853)[0m Test Images : 100
[36m(ClientAppActor pid=15853)[0m Validate Images : 100
[36m(ClientAppActor pid=15853)[0m Client 5 starting fit...
[36m(ClientAppActor pid=15853)[0m Client 5 received class memories
[36m(ClientAppActor pid=15853)[0m Real memory norm=0.0000
[36m(ClientAppActor pid=15853)[0m Fake memory norm=0.0000
[36m(ClientAppActor pid=15853)[0m Client 5 starting training...
[36m(ClientAppActor pid=15853)[0m START classifier norm: 13.077889442443848
[36m(ClientAppActor pid=15853)[0m Artifact bias shape: torch.Size([32, 8, 197, 197])
[36m(ClientAppActor pid=15853)[0m 
[36m(ClientAppActor pid=15853)[0m Batch 0/63
[36m(ClientAppActor pid=15853)[0m GPU Allocated: 2.25 GB
[36m(ClientAppActor pid=15853)[0m GPU Reserved : 5.29 GB
[36m(ClientAppActor pid=15853)[0m 
[36m(ClientAppActor pid=15853)[0m ==================================================
[36m(ClientAppActor pid=15853)[0m Epoch 1 Complete
[36m(ClientAppActor pid=15853)[0m Average Loss : 0.7389
[36m(ClientAppActor pid=15853)[0m Accuracy     : 48.85%
[36m(ClientAppActor pid=15853)[0m Time         : 20.29s
[36m(ClientAppActor pid=15853)[0m Images       : 2000
[36m(ClientAppActor pid=15853)[0m Images/sec   : 98.55
[36m(ClientAppActor pid=15853)[0m GPU Allocated: 2.25 GB
[36m(ClientAppActor pid=15853)[0m GPU Reserved : 5.29 GB
[36m(ClientAppActor pid=15853)[0m ==================================================
[36m(ClientAppActor pid=15853)[0m END classifier norm: 13.074443817138672
[36m(ClientAppActor pid=15853)[0m Client 5 finished training
[36m(ClientAppActor pid=15853)[0m 
Epoch 1/1:   0%|          | 0/63 [00:00<?, ?it/s]
[36m(ClientAppActor pid=15853)[0m 
Epoch 1/1:   0%|          | 0/63 [00:00<?, ?it/s, loss=0.6882, acc=56.25%, img/s=92.5, eta=0.4m]
Epoch 1/1:   2%|▏         | 1/63 [00:00<00:21,  2.89it/s, loss=0.6882, acc=56.25%, img/s=92.5, eta=0.4m]
[36m(ClientAppActor pid=15853)[0m 
Epoch 1/1:   2%|▏         | 1/63 [00:00<00:21,  2.89it/s, loss=0.9799, acc=56.25%, img/s=92.1, eta=0.4m]
Epoch 1/1:   3%|▎         | 2/63 [00:00<00:21,  2.88it/s, loss=0.9799, acc=56.25%, img/s=92.1, eta=0.4m]
[36m(ClientAppActor pid=15853)[0m 
Epoch 1/1:   3%|▎         | 2/63 [00:01<00:21,  2.88it/s, loss=0.7490, acc=52.08%, img/s=92.1, eta=0.3m]
Epoch 1/1:   5%|▍         | 3/63 [00:01<00:20,  2.88it/s, loss=0.7490, acc=52.08%, img/s=92.1, eta=0.3m]
[36m(ClientAppActor pid=15853)[0m 
Epoch 1/1:   5%|▍         | 3/63 [00:01<00:20,  2.88it/s, loss=0.6496, acc=54.69%, img/s=91.4, eta=0.3m]
Epoch 1/1:   6%|▋         | 4/63 [00:01<00:20,  2.84it/s, loss=0.6496, acc=54.69%, img/s=91.4, eta=0.3m]
[36m(ClientAppActor pid=15853)[0m 
Epoch 1/1:   6%|▋         | 4/63 [00:01<00:20,  2.84it/s, loss=0.8115, acc=51.88%, img/s=91.8, eta=0.3m]
Epoch 1/1:   8%|▊         | 5/63 [00:01<00:20,  2.87it/s, loss=0.8115, acc=51.88%, img/s=91.8, eta=0.3m]
[36m(ClientAppActor pid=15853)[0m 
Epoch 1/1:   8%|▊         | 5/63 [00:02<00:20,  2.87it/s, loss=0.7130, acc=51.04%, img/s=92.5, eta=0.3m]
Epoch 1/1:  10%|▉         | 6/63 [00:02<00:19,  2.91it/s, loss=0.7130, acc=51.04%, img/s=92.5, eta=0.3m]
[36m(ClientAppActor pid=15853)[0m 
Epoch 1/1:  10%|▉         | 6/63 [00:02<00:19,  2.91it/s, loss=0.7207, acc=50.89%, img/s=92.3, eta=0.3m]
Epoch 1/1:  11%|█         | 7/63 [00:02<00:19,  2.89it/s, loss=0.7207, acc=50.89%, img/s=92.3, eta=0.3m]
[36m(ClientAppActor pid=15853)[0m 
Epoch 1/1:  11%|█         | 7/63 [00:02<00:19,  2.89it/s, loss=0.7013, acc=51.17%, img/s=92.1, eta=0.3m]
Epoch 1/1:  13%|█▎        | 8/63 [00:02<00:19,  2.88it/s, loss=0.7013, acc=51.17%, img/s=92.1, eta=0.3m]
[36m(ClientAppActor pid=15853)[0m 
Epoch 1/1:  13%|█▎        | 8/63 [00:03<00:19,  2.88it/s, loss=0.6658, acc=52.43%, img/s=92.6, eta=0.3m]
Epoch 1/1:  14%|█▍        | 9/63 [00:03<00:18,  2.92it/s, loss=0.6658, acc=52.43%, img/s=92.6, eta=0.3m]
[36m(ClientAppActor pid=15853)[0m 
Epoch 1/1:  14%|█▍        | 9/63 [00:03<00:18,  2.92it/s, loss=0.7170, acc=51.88%, img/s=92.4, eta=0.3m]
Epoch 1/1:  16%|█▌        | 10/63 [00:03<00:18,  2.89it/s, loss=0.7170, acc=51.88%, img/s=92.4, eta=0.3m]
[36m(ClientAppActor pid=15853)[0m 
Epoch 1/1:  16%|█▌        | 10/63 [00:03<00:18,  2.89it/s, loss=0.6862, acc=51.42%, img/s=92.1, eta=0.3m]
Epoch 1/1:  17%|█▋        | 11/63 [00:03<00:18,  2.86it/s, loss=0.6862, acc=51.42%, img/s=92.1, eta=0.3m]
[36m(ClientAppActor pid=15853)[0m 
Epoch 1/1:  17%|█▋        | 11/63 [00:04<00:18,  2.86it/s, loss=0.7080, acc=51.30%, img/s=92.4, eta=0.3m]
Epoch 1/1:  19%|█▉        | 12/63 [00:04<00:17,  2.90it/s, loss=0.7080, acc=51.30%, img/s=92.4, eta=0.3m]
[36m(ClientAppActor pid=15853)[0m 
Epoch 1/1:  19%|█▉        | 12/63 [00:04<00:17,  2.90it/s, loss=0.7194, acc=50.96%, img/s=92.6, eta=0.3m]
Epoch 1/1:  21%|██        | 13/63 [00:04<00:17,  2.92it/s, loss=0.7194, acc=50.96%, img/s=92.6, eta=0.3m]
[36m(ClientAppActor pid=15853)[0m 
Epoch 1/1:  21%|██        | 13/63 [00:04<00:17,  2.92it/s, loss=0.7186, acc=51.12%, img/s=92.5, eta=0.3m]
Epoch 1/1:  22%|██▏       | 14/63 [00:04<00:16,  2.90it/s, loss=0.7186, acc=51.12%, img/s=92.5, eta=0.3m]
[36m(ClientAppActor pid=15853)[0m 
Epoch 1/1:  22%|██▏       | 14/63 [00:05<00:16,  2.90it/s, loss=0.7169, acc=51.46%, img/s=92.5, eta=0.3m]
Epoch 1/1:  24%|██▍       | 15/63 [00:05<00:16,  2.89it/s, loss=0.7169, acc=51.46%, img/s=92.5, eta=0.3m]
[36m(ClientAppActor pid=15853)[0m 
Epoch 1/1:  24%|██▍       | 15/63 [00:05<00:16,  2.89it/s, loss=0.7072, acc=51.37%, img/s=92.7, eta=0.3m]
Epoch 1/1:  25%|██▌       | 16/63 [00:05<00:16,  2.93it/s, loss=0.7072, acc=51.37%, img/s=92.7, eta=0.3m]
[36m(ClientAppActor pid=15853)[0m 
Epoch 1/1:  25%|██▌       | 16/63 [00:05<00:16,  2.93it/s, loss=0.6846, acc=51.65%, img/s=93.1, eta=0.3m]
Epoch 1/1:  27%|██▋       | 17/63 [00:05<00:15,  2.98it/s, loss=0.6846, acc=51.65%, img/s=93.1, eta=0.3m]
[36m(ClientAppActor pid=15853)[0m 
Epoch 1/1:  27%|██▋       | 17/63 [00:06<00:15,  2.98it/s, loss=0.6744, acc=52.08%, img/s=93.3, eta=0.3m]
Epoch 1/1:  29%|██▊       | 18/63 [00:06<00:15,  3.00it/s, loss=0.6744, acc=52.08%, img/s=93.3, eta=0.3m]
[36m(ClientAppActor pid=15853)[0m 
Epoch 1/1:  29%|██▊       | 18/63 [00:06<00:15,  3.00it/s, loss=0.6958, acc=52.30%, img/s=93.5, eta=0.3m]
Epoch 1/1:  30%|███       | 19/63 [00:06<00:14,  3.01it/s, loss=0.6958, acc=52.30%, img/s=93.5, eta=0.3m]
[36m(ClientAppActor pid=15853)[0m 
Epoch 1/1:  30%|███       | 19/63 [00:06<00:14,  3.01it/s, loss=0.7509, acc=52.03%, img/s=93.6, eta=0.2m]
Epoch 1/1:  32%|███▏      | 20/63 [00:06<00:14,  3.00it/s, loss=0.7509, acc=52.03%, img/s=93.6, eta=0.2m]
[36m(ClientAppActor pid=15853)[0m 
Epoch 1/1:  32%|███▏      | 20/63 [00:07<00:14,  3.00it/s, loss=0.6628, acc=52.53%, img/s=93.8, eta=0.2m]
Epoch 1/1:  33%|███▎      | 21/63 [00:07<00:13,  3.02it/s, loss=0.6628, acc=52.53%, img/s=93.8, eta=0.2m]
[36m(ClientAppActor pid=15853)[0m 
Epoch 1/1:  33%|███▎      | 21/63 [00:07<00:13,  3.02it/s, loss=0.7492, acc=51.99%, img/s=94.0, eta=0.2m]
Epoch 1/1:  35%|███▍      | 22/63 [00:07<00:13,  3.04it/s, loss=0.7492, acc=51.99%, img/s=94.0, eta=0.2m]
[36m(ClientAppActor pid=15853)[0m 
Epoch 1/1:  35%|███▍      | 22/63 [00:07<00:13,  3.04it/s, loss=0.6989, acc=52.04%, img/s=93.8, eta=0.2m]
Epoch 1/1:  37%|███▋      | 23/63 [00:07<00:13,  2.96it/s, loss=0.6989, acc=52.04%, img/s=93.8, eta=0.2m]
[36m(ClientAppActor pid=15853)[0m 
Epoch 1/1:  37%|███▋      | 23/63 [00:08<00:13,  2.96it/s, loss=0.7118, acc=52.08%, img/s=93.8, eta=0.2m]
Epoch 1/1:  38%|███▊      | 24/63 [00:08<00:13,  2.95it/s, loss=0.7118, acc=52.08%, img/s=93.8, eta=0.2m]
[36m(ClientAppActor pid=15853)[0m 
Epoch 1/1:  38%|███▊      | 24/63 [00:08<00:13,  2.95it/s, loss=0.6966, acc=52.25%, img/s=93.9, eta=0.2m]
Epoch 1/1:  40%|███▉      | 25/63 [00:08<00:12,  2.98it/s, loss=0.6966, acc=52.25%, img/s=93.9, eta=0.2m]
[36m(ClientAppActor pid=15853)[0m 
Epoch 1/1:  40%|███▉      | 25/63 [00:08<00:12,  2.98it/s, loss=0.7161, acc=51.92%, img/s=93.7, eta=0.2m]
Epoch 1/1:  41%|████▏     | 26/63 [00:08<00:12,  2.91it/s, loss=0.7161, acc=51.92%, img/s=93.7, eta=0.2m]
[36m(ClientAppActor pid=15853)[0m 
Epoch 1/1:  41%|████▏     | 26/63 [00:09<00:12,  2.91it/s, loss=0.7929, acc=51.62%, img/s=93.8, eta=0.2m]
Epoch 1/1:  43%|████▎     | 27/63 [00:09<00:12,  2.93it/s, loss=0.7929, acc=51.62%, img/s=93.8, eta=0.2m]
[36m(ClientAppActor pid=15853)[0m 
Epoch 1/1:  43%|████▎     | 27/63 [00:09<00:12,  2.93it/s, loss=0.7183, acc=51.34%, img/s=93.9, eta=0.2m]
Epoch 1/1:  44%|████▍     | 28/63 [00:09<00:11,  2.96it/s, loss=0.7183, acc=51.34%, img/s=93.9, eta=0.2m]
[36m(ClientAppActor pid=15853)[0m 
Epoch 1/1:  44%|████▍     | 28/63 [00:09<00:11,  2.96it/s, loss=0.7514, acc=51.08%, img/s=93.9, eta=0.2m]
Epoch 1/1:  46%|████▌     | 29/63 [00:09<00:11,  2.97it/s, loss=0.7514, acc=51.08%, img/s=93.9, eta=0.2m]
[36m(ClientAppActor pid=15853)[0m 
Epoch 1/1:  46%|████▌     | 29/63 [00:10<00:11,  2.97it/s, loss=0.6615, acc=51.35%, img/s=94.1, eta=0.2m]
Epoch 1/1:  48%|████▊     | 30/63 [00:10<00:11,  3.00it/s, loss=0.6615, acc=51.35%, img/s=94.1, eta=0.2m]
[36m(ClientAppActor pid=15853)[0m 
Epoch 1/1:  48%|████▊     | 30/63 [00:10<00:11,  3.00it/s, loss=0.7693, acc=51.21%, img/s=93.9, eta=0.2m]
Epoch 1/1:  49%|████▉     | 31/63 [00:10<00:10,  2.95it/s, loss=0.7693, acc=51.21%, img/s=93.9, eta=0.2m]
[36m(ClientAppActor pid=15853)[0m 
Epoch 1/1:  49%|████▉     | 31/63 [00:10<00:10,  2.95it/s, loss=0.7541, acc=51.07%, img/s=93.9, eta=0.2m]
Epoch 1/1:  51%|█████     | 32/63 [00:10<00:10,  2.92it/s, loss=0.7541, acc=51.07%, img/s=93.9, eta=0.2m]
[36m(ClientAppActor pid=15853)[0m 
Epoch 1/1:  51%|█████     | 32/63 [00:11<00:10,  2.92it/s, loss=0.8551, acc=50.47%, img/s=94.3, eta=0.2m]
Epoch 1/1:  52%|█████▏    | 33/63 [00:11<00:09,  3.06it/s, loss=0.8551, acc=50.47%, img/s=94.3, eta=0.2m]
[36m(ClientAppActor pid=15853)[0m 
Epoch 1/1:  52%|█████▏    | 33/63 [00:11<00:09,  3.06it/s, loss=0.8192, acc=50.09%, img/s=94.4, eta=0.2m]
Epoch 1/1:  54%|█████▍    | 34/63 [00:11<00:09,  3.06it/s, loss=0.8192, acc=50.09%, img/s=94.4, eta=0.2m]
[36m(ClientAppActor pid=15853)[0m 
Epoch 1/1:  54%|█████▍    | 34/63 [00:11<00:09,  3.06it/s, loss=0.6161, acc=50.45%, img/s=94.5, eta=0.2m]
Epoch 1/1:  56%|█████▌    | 35/63 [00:11<00:09,  3.07it/s, loss=0.6161, acc=50.45%, img/s=94.5, eta=0.2m]
[36m(ClientAppActor pid=15853)[0m 
Epoch 1/1:  56%|█████▌    | 35/63 [00:12<00:09,  3.07it/s, loss=0.7070, acc=50.52%, img/s=94.6, eta=0.2m]
Epoch 1/1:  57%|█████▋    | 36/63 [00:12<00:08,  3.07it/s, loss=0.7070, acc=50.52%, img/s=94.6, eta=0.2m]
[36m(ClientAppActor pid=15853)[0m 
Epoch 1/1:  57%|█████▋    | 36/63 [00:12<00:08,  3.07it/s, loss=0.6836, acc=50.59%, img/s=94.6, eta=0.1m]
Epoch 1/1:  59%|█████▊    | 37/63 [00:12<00:08,  3.04it/s, loss=0.6836, acc=50.59%, img/s=94.6, eta=0.1m]
[36m(ClientAppActor pid=15853)[0m 
Epoch 1/1:  59%|█████▊    | 37/63 [00:12<00:08,  3.04it/s, loss=0.7154, acc=50.58%, img/s=94.6, eta=0.1m]
Epoch 1/1:  60%|██████    | 38/63 [00:12<00:08,  3.01it/s, loss=0.7154, acc=50.58%, img/s=94.6, eta=0.1m]
[36m(ClientAppActor pid=15853)[0m 
Epoch 1/1:  60%|██████    | 38/63 [00:13<00:08,  3.01it/s, loss=0.7251, acc=50.56%, img/s=94.5, eta=0.1m]
Epoch 1/1:  62%|██████▏   | 39/63 [00:13<00:08,  2.95it/s, loss=0.7251, acc=50.56%, img/s=94.5, eta=0.1m]
[36m(ClientAppActor pid=15853)[0m 
Epoch 1/1:  62%|██████▏   | 39/63 [00:13<00:08,  2.95it/s, loss=0.7676, acc=50.31%, img/s=94.6, eta=0.1m]
Epoch 1/1:  63%|██████▎   | 40/63 [00:13<00:07,  2.98it/s, loss=0.7676, acc=50.31%, img/s=94.6, eta=0.1m]
[36m(ClientAppActor pid=15853)[0m 
Epoch 1/1:  63%|██████▎   | 40/63 [00:13<00:07,  2.98it/s, loss=0.7203, acc=50.30%, img/s=94.7, eta=0.1m]
Epoch 1/1:  65%|██████▌   | 41/63 [00:13<00:07,  3.01it/s, loss=0.7203, acc=50.30%, img/s=94.7, eta=0.1m]
[36m(ClientAppActor pid=15853)[0m 
Epoch 1/1:  65%|██████▌   | 41/63 [00:14<00:07,  3.01it/s, loss=0.6900, acc=50.45%, img/s=94.6, eta=0.1m]
Epoch 1/1:  67%|██████▋   | 42/63 [00:14<00:07,  2.96it/s, loss=0.6900, acc=50.45%, img/s=94.6, eta=0.1m]
[36m(ClientAppActor pid=15853)[0m 
Epoch 1/1:  67%|██████▋   | 42/63 [00:14<00:07,  2.96it/s, loss=0.6587, acc=50.65%, img/s=94.6, eta=0.1m]
Epoch 1/1:  68%|██████▊   | 43/63 [00:14<00:06,  2.95it/s, loss=0.6587, acc=50.65%, img/s=94.6, eta=0.1m]
[36m(ClientAppActor pid=15853)[0m 
Epoch 1/1:  68%|██████▊   | 43/63 [00:14<00:06,  2.95it/s, loss=0.6949, acc=50.50%, img/s=94.7, eta=0.1m]
Epoch 1/1:  70%|██████▉   | 44/63 [00:14<00:06,  2.99it/s, loss=0.6949, acc=50.50%, img/s=94.7, eta=0.1m]
[36m(ClientAppActor pid=15853)[0m 
Epoch 1/1:  70%|██████▉   | 44/63 [00:15<00:06,  2.99it/s, loss=0.7194, acc=50.62%, img/s=94.6, eta=0.1m]
Epoch 1/1:  71%|███████▏  | 45/63 [00:15<00:06,  2.95it/s, loss=0.7194, acc=50.62%, img/s=94.6, eta=0.1m]
[36m(ClientAppActor pid=15853)[0m 
Epoch 1/1:  71%|███████▏  | 45/63 [00:15<00:06,  2.95it/s, loss=0.6812, acc=50.68%, img/s=94.6, eta=0.1m]
Epoch 1/1:  73%|███████▎  | 46/63 [00:15<00:05,  2.94it/s, loss=0.6812, acc=50.68%, img/s=94.6, eta=0.1m]
[36m(ClientAppActor pid=15853)[0m 
Epoch 1/1:  73%|███████▎  | 46/63 [00:15<00:05,  2.94it/s, loss=0.7001, acc=50.66%, img/s=94.6, eta=0.1m]
Epoch 1/1:  75%|███████▍  | 47/63 [00:15<00:05,  2.95it/s, loss=0.7001, acc=50.66%, img/s=94.6, eta=0.1m]
[36m(ClientAppActor pid=15853)[0m 
Epoch 1/1:  75%|███████▍  | 47/63 [00:16<00:05,  2.95it/s, loss=0.7093, acc=50.52%, img/s=94.6, eta=0.1m]
Epoch 1/1:  76%|███████▌  | 48/63 [00:16<00:05,  2.98it/s, loss=0.7093, acc=50.52%, img/s=94.6, eta=0.1m]
[36m(ClientAppActor pid=15853)[0m 
Epoch 1/1:  76%|███████▌  | 48/63 [00:16<00:05,  2.98it/s, loss=0.7636, acc=50.13%, img/s=94.7, eta=0.1m]
Epoch 1/1:  78%|███████▊  | 49/63 [00:16<00:04,  3.01it/s, loss=0.7636, acc=50.13%, img/s=94.7, eta=0.1m]
[36m(ClientAppActor pid=15853)[0m 
Epoch 1/1:  78%|███████▊  | 49/63 [00:16<00:04,  3.01it/s, loss=0.7179, acc=50.12%, img/s=94.8, eta=0.1m]
Epoch 1/1:  79%|███████▉  | 50/63 [00:16<00:04,  3.03it/s, loss=0.7179, acc=50.12%, img/s=94.8, eta=0.1m]
[36m(ClientAppActor pid=15853)[0m 
Epoch 1/1:  79%|███████▉  | 50/63 [00:17<00:04,  3.03it/s, loss=0.7402, acc=49.94%, img/s=94.9, eta=0.1m]
Epoch 1/1:  81%|████████  | 51/63 [00:17<00:03,  3.05it/s, loss=0.7402, acc=49.94%, img/s=94.9, eta=0.1m]
[36m(ClientAppActor pid=15853)[0m 
Epoch 1/1:  81%|████████  | 51/63 [00:17<00:03,  3.05it/s, loss=0.6546, acc=50.06%, img/s=94.9, eta=0.1m]
Epoch 1/1:  83%|████████▎ | 52/63 [00:17<00:03,  3.06it/s, loss=0.6546, acc=50.06%, img/s=94.9, eta=0.1m]
[36m(ClientAppActor pid=15853)[0m 
Epoch 1/1:  83%|████████▎ | 52/63 [00:17<00:03,  3.06it/s, loss=0.7003, acc=50.12%, img/s=95.0, eta=0.1m]
Epoch 1/1:  84%|████████▍ | 53/63 [00:17<00:03,  3.07it/s, loss=0.7003, acc=50.12%, img/s=95.0, eta=0.1m]
[36m(ClientAppActor pid=15853)[0m 
Epoch 1/1:  84%|████████▍ | 53/63 [00:18<00:03,  3.07it/s, loss=0.7557, acc=49.71%, img/s=95.1, eta=0.1m]
Epoch 1/1:  86%|████████▌ | 54/63 [00:18<00:02,  3.07it/s, loss=0.7557, acc=49.71%, img/s=95.1, eta=0.1m]
[36m(ClientAppActor pid=15853)[0m 
Epoch 1/1:  86%|████████▌ | 54/63 [00:18<00:02,  3.07it/s, loss=0.6814, acc=49.66%, img/s=95.1, eta=0.0m]
Epoch 1/1:  87%|████████▋ | 55/63 [00:18<00:02,  3.07it/s, loss=0.6814, acc=49.66%, img/s=95.1, eta=0.0m]
[36m(ClientAppActor pid=15853)[0m 
Epoch 1/1:  87%|████████▋ | 55/63 [00:18<00:02,  3.07it/s, loss=0.6962, acc=49.72%, img/s=95.2, eta=0.0m]
Epoch 1/1:  89%|████████▉ | 56/63 [00:18<00:02,  3.07it/s, loss=0.6962, acc=49.72%, img/s=95.2, eta=0.0m]
[36m(ClientAppActor pid=15853)[0m 
Epoch 1/1:  89%|████████▉ | 56/63 [00:19<00:02,  3.07it/s, loss=0.7243, acc=49.56%, img/s=95.2, eta=0.0m]
Epoch 1/1:  90%|█████████ | 57/63 [00:19<00:01,  3.07it/s, loss=0.7243, acc=49.56%, img/s=95.2, eta=0.0m]
[36m(ClientAppActor pid=15853)[0m 
Epoch 1/1:  90%|█████████ | 57/63 [00:19<00:01,  3.07it/s, loss=0.7074, acc=49.57%, img/s=95.3, eta=0.0m]
Epoch 1/1:  92%|█████████▏| 58/63 [00:19<00:01,  3.08it/s, loss=0.7074, acc=49.57%, img/s=95.3, eta=0.0m]
[36m(ClientAppActor pid=15853)[0m 
Epoch 1/1:  92%|█████████▏| 58/63 [00:19<00:01,  3.08it/s, loss=0.6728, acc=49.52%, img/s=95.4, eta=0.0m]
Epoch 1/1:  94%|█████████▎| 59/63 [00:19<00:01,  3.09it/s, loss=0.6728, acc=49.52%, img/s=95.4, eta=0.0m]
[36m(ClientAppActor pid=15853)[0m 
Epoch 1/1:  94%|█████████▎| 59/63 [00:20<00:01,  3.09it/s, loss=0.6774, acc=49.64%, img/s=95.4, eta=0.0m]
Epoch 1/1:  95%|█████████▌| 60/63 [00:20<00:00,  3.08it/s, loss=0.6774, acc=49.64%, img/s=95.4, eta=0.0m]
[36m(ClientAppActor pid=15853)[0m 
Epoch 1/1:  95%|█████████▌| 60/63 [00:20<00:00,  3.08it/s, loss=0.7195, acc=49.54%, img/s=95.5, eta=0.0m]
Epoch 1/1:  97%|█████████▋| 61/63 [00:20<00:00,  3.08it/s, loss=0.7195, acc=49.54%, img/s=95.5, eta=0.0m]
[36m(ClientAppActor pid=15853)[0m 
Epoch 1/1:  97%|█████████▋| 61/63 [00:20<00:00,  3.08it/s, loss=0.6957, acc=49.65%, img/s=95.5, eta=0.0m]
Epoch 1/1:  98%|█████████▊| 62/63 [00:20<00:00,  3.08it/s, loss=0.6957, acc=49.65%, img/s=95.5, eta=0.0m]
[36m(ClientAppActor pid=15853)[0m 
Epoch 1/1:  98%|█████████▊| 62/63 [00:20<00:00,  3.08it/s, loss=0.6994, acc=49.55%, img/s=48.1, eta=0.0m]
Epoch 1/1: 100%|██████████| 63/63 [00:20<00:00,  3.51it/s, loss=0.6994, acc=49.55%, img/s=48.1, eta=0.0m]
Epoch 1/1: 100%|██████████| 63/63 [00:20<00:00,  3.00it/s, loss=0.6994, acc=49.55%, img/s=48.1, eta=0.0m]
[36m(ClientAppActor pid=15853)[0m 
Epoch 1/1:   0%|          | 0/63 [00:00<?, ?it/s]
[36m(ClientAppActor pid=15853)[0m 
Epoch 1/1:   0%|          | 0/63 [00:00<?, ?it/s, loss=0.6627, acc=59.38%, img/s=95.7, eta=0.3m]
Epoch 1/1:   2%|▏         | 1/63 [00:00<00:20,  2.99it/s, loss=0.6627, acc=59.38%, img/s=95.7, eta=0.3m]
[36m(ClientAppActor pid=15853)[0m 
Epoch 1/1:   2%|▏         | 1/63 [00:00<00:20,  2.99it/s, loss=0.9877, acc=53.12%, img/s=97.3, eta=0.3m]
Epoch 1/1:   3%|▎         | 2/63 [00:00<00:19,  3.05it/s, loss=0.9877, acc=53.12%, img/s=97.3, eta=0.3m]
[36m(ClientAppActor pid=15853)[0m 
Epoch 1/1:   3%|▎         | 2/63 [00:00<00:19,  3.05it/s, loss=0.8276, acc=51.04%, img/s=97.7, eta=0.3m]
Epoch 1/1:   5%|▍         | 3/63 [00:00<00:19,  3.06it/s, loss=0.8276, acc=51.04%, img/s=97.7, eta=0.3m]
[36m(ClientAppActor pid=15853)[0m 
Epoch 1/1:   5%|▍         | 3/63 [00:01<00:19,  3.06it/s, loss=0.7357, acc=50.78%, img/s=97.9, eta=0.3m]
Epoch 1/1:   6%|▋         | 4/63 [00:01<00:19,  3.07it/s, loss=0.7357, acc=50.78%, img/s=97.9, eta=0.3m]
[36m(ClientAppActor pid=15853)[0m 
Epoch 1/1:   6%|▋         | 4/63 [00:01<00:19,  3.07it/s, loss=0.6884, acc=51.88%, img/s=98.1, eta=0.3m]
Epoch 1/1:   8%|▊         | 5/63 [00:01<00:18,  3.07it/s, loss=0.6884, acc=51.88%, img/s=98.1, eta=0.3m]
[36m(ClientAppActor pid=15853)[0m 
Epoch 1/1:   8%|▊         | 5/63 [00:01<00:18,  3.07it/s, loss=0.6542, acc=54.69%, img/s=98.2, eta=0.3m]
Epoch 1/1:  10%|▉         | 6/63 [00:01<00:18,  3.08it/s, loss=0.6542, acc=54.69%, img/s=98.2, eta=0.3m]
[36m(ClientAppActor pid=15853)[0m 
Epoch 1/1:  10%|▉         | 6/63 [00:02<00:18,  3.08it/s, loss=0.7693, acc=54.46%, img/s=98.2, eta=0.3m]
Epoch 1/1:  11%|█         | 7/63 [00:02<00:18,  3.07it/s, loss=0.7693, acc=54.46%, img/s=98.2, eta=0.3m]
[36m(ClientAppActor pid=15853)[0m 
Epoch 1/1:  11%|█         | 7/63 [00:02<00:18,  3.07it/s, loss=0.7444, acc=54.30%, img/s=98.2, eta=0.3m]
Epoch 1/1:  13%|█▎        | 8/63 [00:02<00:17,  3.07it/s, loss=0.7444, acc=54.30%, img/s=98.2, eta=0.3m]
[36m(ClientAppActor pid=15853)[0m 
Epoch 1/1:  13%|█▎        | 8/63 [00:02<00:17,  3.07it/s, loss=0.6665, acc=55.56%, img/s=98.2, eta=0.3m]
Epoch 1/1:  14%|█▍        | 9/63 [00:02<00:17,  3.07it/s, loss=0.6665, acc=55.56%, img/s=98.2, eta=0.3m]
[36m(ClientAppActor pid=15853)[0m 
Epoch 1/1:  14%|█▍        | 9/63 [00:03<00:17,  3.07it/s, loss=0.7001, acc=54.69%, img/s=98.3, eta=0.3m]
Epoch 1/1:  16%|█▌        | 10/63 [00:03<00:17,  3.08it/s, loss=0.7001, acc=54.69%, img/s=98.3, eta=0.3m]
[36m(ClientAppActor pid=15853)[0m 
Epoch 1/1:  16%|█▌        | 10/63 [00:03<00:17,  3.08it/s, loss=0.6549, acc=54.26%, img/s=98.3, eta=0.3m]
Epoch 1/1:  17%|█▋        | 11/63 [00:03<00:16,  3.07it/s, loss=0.6549, acc=54.26%, img/s=98.3, eta=0.3m]
[36m(ClientAppActor pid=15853)[0m 
Epoch 1/1:  17%|█▋        | 11/63 [00:03<00:16,  3.07it/s, loss=0.7920, acc=53.65%, img/s=98.3, eta=0.3m]
Epoch 1/1:  19%|█▉        | 12/63 [00:03<00:16,  3.08it/s, loss=0.7920, acc=53.65%, img/s=98.3, eta=0.3m]
[36m(ClientAppActor pid=15853)[0m 
Epoch 1/1:  19%|█▉        | 12/63 [00:04<00:16,  3.08it/s, loss=0.8067, acc=52.64%, img/s=98.3, eta=0.3m]
Epoch 1/1:  21%|██        | 13/63 [00:04<00:16,  3.08it/s, loss=0.8067, acc=52.64%, img/s=98.3, eta=0.3m]
[36m(ClientAppActor pid=15853)[0m 
Epoch 1/1:  21%|██        | 13/63 [00:04<00:16,  3.08it/s, loss=0.6480, acc=53.57%, img/s=98.3, eta=0.3m]
Epoch 1/1:  22%|██▏       | 14/63 [00:04<00:15,  3.08it/s, loss=0.6480, acc=53.57%, img/s=98.3, eta=0.3m]
[36m(ClientAppActor pid=15853)[0m 
Epoch 1/1:  22%|██▏       | 14/63 [00:04<00:15,  3.08it/s, loss=0.6919, acc=53.96%, img/s=98.4, eta=0.3m]
Epoch 1/1:  24%|██▍       | 15/63 [00:04<00:15,  3.08it/s, loss=0.6919, acc=53.96%, img/s=98.4, eta=0.3m]
[36m(ClientAppActor pid=15853)[0m 
Epoch 1/1:  24%|██▍       | 15/63 [00:05<00:15,  3.08it/s, loss=0.7178, acc=53.52%, img/s=98.3, eta=0.3m]
Epoch 1/1:  25%|██▌       | 16/63 [00:05<00:15,  3.07it/s, loss=0.7178, acc=53.52%, img/s=98.3, eta=0.3m]
[36m(ClientAppActor pid=15853)[0m 
Epoch 1/1:  25%|██▌       | 16/63 [00:05<00:15,  3.07it/s, loss=0.7028, acc=52.76%, img/s=98.3, eta=0.2m]
Epoch 1/1:  27%|██▋       | 17/63 [00:05<00:14,  3.07it/s, loss=0.7028, acc=52.76%, img/s=98.3, eta=0.2m]
[36m(ClientAppActor pid=15853)[0m 
Epoch 1/1:  27%|██▋       | 17/63 [00:05<00:14,  3.07it/s, loss=0.7198, acc=52.78%, img/s=98.3, eta=0.2m]
Epoch 1/1:  29%|██▊       | 18/63 [00:05<00:14,  3.07it/s, loss=0.7198, acc=52.78%, img/s=98.3, eta=0.2m]
[36m(ClientAppActor pid=15853)[0m 
Epoch 1/1:  29%|██▊       | 18/63 [00:06<00:14,  3.07it/s, loss=0.7091, acc=52.96%, img/s=98.4, eta=0.2m]
Epoch 1/1:  30%|███       | 19/63 [00:06<00:14,  3.08it/s, loss=0.7091, acc=52.96%, img/s=98.4, eta=0.2m]
[36m(ClientAppActor pid=15853)[0m 
Epoch 1/1:  30%|███       | 19/63 [00:06<00:14,  3.08it/s, loss=0.7149, acc=52.97%, img/s=98.4, eta=0.2m]
Epoch 1/1:  32%|███▏      | 20/63 [00:06<00:13,  3.08it/s, loss=0.7149, acc=52.97%, img/s=98.4, eta=0.2m]
[36m(ClientAppActor pid=15853)[0m 
Epoch 1/1:  32%|███▏      | 20/63 [00:06<00:13,  3.08it/s, loss=0.7294, acc=52.68%, img/s=98.4, eta=0.2m]
Epoch 1/1:  33%|███▎      | 21/63 [00:06<00:13,  3.08it/s, loss=0.7294, acc=52.68%, img/s=98.4, eta=0.2m]
[36m(ClientAppActor pid=15853)[0m 
Epoch 1/1:  33%|███▎      | 21/63 [00:07<00:13,  3.08it/s, loss=0.7514, acc=52.27%, img/s=98.3, eta=0.2m]
Epoch 1/1:  35%|███▍      | 22/63 [00:07<00:13,  3.07it/s, loss=0.7514, acc=52.27%, img/s=98.3, eta=0.2m]
[36m(ClientAppActor pid=15853)[0m 
Epoch 1/1:  35%|███▍      | 22/63 [00:07<00:13,  3.07it/s, loss=0.7031, acc=52.45%, img/s=98.4, eta=0.2m]
Epoch 1/1:  37%|███▋      | 23/63 [00:07<00:12,  3.08it/s, loss=0.7031, acc=52.45%, img/s=98.4, eta=0.2m]
[36m(ClientAppActor pid=15853)[0m 
Epoch 1/1:  37%|███▋      | 23/63 [00:07<00:12,  3.08it/s, loss=0.7022, acc=52.08%, img/s=98.4, eta=0.2m]
Epoch 1/1:  38%|███▊      | 24/63 [00:07<00:12,  3.08it/s, loss=0.7022, acc=52.08%, img/s=98.4, eta=0.2m]
[36m(ClientAppActor pid=15853)[0m 
Epoch 1/1:  38%|███▊      | 24/63 [00:08<00:12,  3.08it/s, loss=0.7769, acc=51.38%, img/s=98.4, eta=0.2m]
Epoch 1/1:  40%|███▉      | 25/63 [00:08<00:12,  3.08it/s, loss=0.7769, acc=51.38%, img/s=98.4, eta=0.2m]
[36m(ClientAppActor pid=15853)[0m 
Epoch 1/1:  40%|███▉      | 25/63 [00:08<00:12,  3.08it/s, loss=0.7420, acc=51.08%, img/s=98.4, eta=0.2m]
Epoch 1/1:  41%|████▏     | 26/63 [00:08<00:12,  3.07it/s, loss=0.7420, acc=51.08%, img/s=98.4, eta=0.2m]
[36m(ClientAppActor pid=15853)[0m 
Epoch 1/1:  41%|████▏     | 26/63 [00:08<00:12,  3.07it/s, loss=0.7061, acc=51.27%, img/s=98.4, eta=0.2m]
Epoch 1/1:  43%|████▎     | 27/63 [00:08<00:11,  3.07it/s, loss=0.7061, acc=51.27%, img/s=98.4, eta=0.2m]
[36m(ClientAppActor pid=15853)[0m 
Epoch 1/1:  43%|████▎     | 27/63 [00:09<00:11,  3.07it/s, loss=0.7014, acc=51.23%, img/s=98.4, eta=0.2m]
Epoch 1/1:  44%|████▍     | 28/63 [00:09<00:11,  3.08it/s, loss=0.7014, acc=51.23%, img/s=98.4, eta=0.2m]
[36m(ClientAppActor pid=15853)[0m 
Epoch 1/1:  44%|████▍     | 28/63 [00:09<00:11,  3.08it/s, loss=0.7456, acc=50.86%, img/s=98.4, eta=0.2m]
Epoch 1/1:  46%|████▌     | 29/63 [00:09<00:11,  3.08it/s, loss=0.7456, acc=50.86%, img/s=98.4, eta=0.2m]
[36m(ClientAppActor pid=15853)[0m 
Epoch 1/1:  46%|████▌     | 29/63 [00:09<00:11,  3.08it/s, loss=0.6947, acc=51.04%, img/s=98.4, eta=0.2m]
Epoch 1/1:  48%|████▊     | 30/63 [00:09<00:10,  3.08it/s, loss=0.6947, acc=51.04%, img/s=98.4, eta=0.2m]
[36m(ClientAppActor pid=15853)[0m 
Epoch 1/1:  48%|████▊     | 30/63 [00:10<00:10,  3.08it/s, loss=0.7863, acc=50.50%, img/s=98.4, eta=0.2m]
Epoch 1/1:  49%|████▉     | 31/63 [00:10<00:10,  3.07it/s, loss=0.7863, acc=50.50%, img/s=98.4, eta=0.2m]
[36m(ClientAppActor pid=15853)[0m 
Epoch 1/1:  49%|████▉     | 31/63 [00:10<00:10,  3.07it/s, loss=0.6827, acc=50.78%, img/s=98.4, eta=0.2m]
Epoch 1/1:  51%|█████     | 32/63 [00:10<00:10,  3.08it/s, loss=0.6827, acc=50.78%, img/s=98.4, eta=0.2m]
[36m(ClientAppActor pid=15853)[0m 
Epoch 1/1:  51%|█████     | 32/63 [00:10<00:10,  3.08it/s, loss=0.7211, acc=50.66%, img/s=98.4, eta=0.2m]
Epoch 1/1:  52%|█████▏    | 33/63 [00:10<00:09,  3.08it/s, loss=0.7211, acc=50.66%, img/s=98.4, eta=0.2m]
[36m(ClientAppActor pid=15853)[0m 
Epoch 1/1:  52%|█████▏    | 33/63 [00:11<00:09,  3.08it/s, loss=0.6603, acc=51.01%, img/s=98.4, eta=0.2m]
Epoch 1/1:  54%|█████▍    | 34/63 [00:11<00:09,  3.08it/s, loss=0.6603, acc=51.01%, img/s=98.4, eta=0.2m]
[36m(ClientAppActor pid=15853)[0m 
Epoch 1/1:  54%|█████▍    | 34/63 [00:11<00:09,  3.08it/s, loss=0.7017, acc=50.80%, img/s=98.4, eta=0.2m]
Epoch 1/1:  56%|█████▌    | 35/63 [00:11<00:09,  3.08it/s, loss=0.7017, acc=50.80%, img/s=98.4, eta=0.2m]
[36m(ClientAppActor pid=15853)[0m 
Epoch 1/1:  56%|█████▌    | 35/63 [00:11<00:09,  3.08it/s, loss=0.7156, acc=50.95%, img/s=98.4, eta=0.1m]
Epoch 1/1:  57%|█████▋    | 36/63 [00:11<00:08,  3.08it/s, loss=0.7156, acc=50.95%, img/s=98.4, eta=0.1m]
[36m(ClientAppActor pid=15853)[0m 
Epoch 1/1:  57%|█████▋    | 36/63 [00:12<00:08,  3.08it/s, loss=0.7490, acc=50.84%, img/s=98.4, eta=0.1m]
Epoch 1/1:  59%|█████▊    | 37/63 [00:12<00:08,  3.09it/s, loss=0.7490, acc=50.84%, img/s=98.4, eta=0.1m]
[36m(ClientAppActor pid=15853)[0m 
Epoch 1/1:  59%|█████▊    | 37/63 [00:12<00:08,  3.09it/s, loss=0.6795, acc=51.15%, img/s=98.4, eta=0.1m]
Epoch 1/1:  60%|██████    | 38/63 [00:12<00:08,  3.08it/s, loss=0.6795, acc=51.15%, img/s=98.4, eta=0.1m]
[36m(ClientAppActor pid=15853)[0m 
Epoch 1/1:  60%|██████    | 38/63 [00:12<00:08,  3.08it/s, loss=0.7337, acc=50.88%, img/s=98.4, eta=0.1m]
Epoch 1/1:  62%|██████▏   | 39/63 [00:12<00:07,  3.08it/s, loss=0.7337, acc=50.88%, img/s=98.4, eta=0.1m]
[36m(ClientAppActor pid=15853)[0m 
Epoch 1/1:  62%|██████▏   | 39/63 [00:13<00:07,  3.08it/s, loss=0.7002, acc=51.09%, img/s=98.4, eta=0.1m]
Epoch 1/1:  63%|██████▎   | 40/63 [00:13<00:07,  3.08it/s, loss=0.7002, acc=51.09%, img/s=98.4, eta=0.1m]
[36m(ClientAppActor pid=15853)[0m 
Epoch 1/1:  63%|██████▎   | 40/63 [00:13<00:07,  3.08it/s, loss=0.6919, acc=51.45%, img/s=98.4, eta=0.1m]
Epoch 1/1:  65%|██████▌   | 41/63 [00:13<00:07,  3.08it/s, loss=0.6919, acc=51.45%, img/s=98.4, eta=0.1m]
[36m(ClientAppActor pid=15853)[0m 
Epoch 1/1:  65%|██████▌   | 41/63 [00:13<00:07,  3.08it/s, loss=0.7089, acc=51.41%, img/s=98.4, eta=0.1m]
Epoch 1/1:  67%|██████▋   | 42/63 [00:13<00:06,  3.07it/s, loss=0.7089, acc=51.41%, img/s=98.4, eta=0.1m]
[36m(ClientAppActor pid=15853)[0m 
Epoch 1/1:  67%|██████▋   | 42/63 [00:13<00:06,  3.07it/s, loss=0.7137, acc=51.38%, img/s=98.4, eta=0.1m]
Epoch 1/1:  68%|██████▊   | 43/63 [00:13<00:06,  3.08it/s, loss=0.7137, acc=51.38%, img/s=98.4, eta=0.1m]
[36m(ClientAppActor pid=15853)[0m 
Epoch 1/1:  68%|██████▊   | 43/63 [00:14<00:06,  3.08it/s, loss=0.7075, acc=51.21%, img/s=98.4, eta=0.1m]
Epoch 1/1:  70%|██████▉   | 44/63 [00:14<00:06,  3.07it/s, loss=0.7075, acc=51.21%, img/s=98.4, eta=0.1m]
[36m(ClientAppActor pid=15853)[0m 
Epoch 1/1:  70%|██████▉   | 44/63 [00:14<00:06,  3.07it/s, loss=0.6671, acc=51.39%, img/s=98.4, eta=0.1m]
Epoch 1/1:  71%|███████▏  | 45/63 [00:14<00:05,  3.07it/s, loss=0.6671, acc=51.39%, img/s=98.4, eta=0.1m]
[36m(ClientAppActor pid=15853)[0m 
Epoch 1/1:  71%|███████▏  | 45/63 [00:14<00:05,  3.07it/s, loss=0.6791, acc=51.56%, img/s=98.4, eta=0.1m]
Epoch 1/1:  73%|███████▎  | 46/63 [00:14<00:05,  3.08it/s, loss=0.6791, acc=51.56%, img/s=98.4, eta=0.1m]
[36m(ClientAppActor pid=15853)[0m 
Epoch 1/1:  73%|███████▎  | 46/63 [00:15<00:05,  3.08it/s, loss=0.6756, acc=51.86%, img/s=98.4, eta=0.1m]
Epoch 1/1:  75%|███████▍  | 47/63 [00:15<00:05,  3.08it/s, loss=0.6756, acc=51.86%, img/s=98.4, eta=0.1m]
[36m(ClientAppActor pid=15853)[0m 
Epoch 1/1:  75%|███████▍  | 47/63 [00:15<00:05,  3.08it/s, loss=0.7268, acc=51.69%, img/s=98.4, eta=0.1m]
Epoch 1/1:  76%|███████▌  | 48/63 [00:15<00:04,  3.07it/s, loss=0.7268, acc=51.69%, img/s=98.4, eta=0.1m]
[36m(ClientAppActor pid=15853)[0m 
Epoch 1/1:  76%|███████▌  | 48/63 [00:15<00:04,  3.07it/s, loss=0.6775, acc=51.91%, img/s=98.4, eta=0.1m]
Epoch 1/1:  78%|███████▊  | 49/63 [00:15<00:04,  3.07it/s, loss=0.6775, acc=51.91%, img/s=98.4, eta=0.1m]
[36m(ClientAppActor pid=15853)[0m 
Epoch 1/1:  78%|███████▊  | 49/63 [00:16<00:04,  3.07it/s, loss=0.6864, acc=52.12%, img/s=98.4, eta=0.1m]
Epoch 1/1:  79%|███████▉  | 50/63 [00:16<00:04,  3.08it/s, loss=0.6864, acc=52.12%, img/s=98.4, eta=0.1m]
[36m(ClientAppActor pid=15853)[0m 
Epoch 1/1:  79%|███████▉  | 50/63 [00:16<00:04,  3.08it/s, loss=0.7234, acc=52.02%, img/s=98.4, eta=0.1m]
Epoch 1/1:  81%|████████  | 51/63 [00:16<00:03,  3.07it/s, loss=0.7234, acc=52.02%, img/s=98.4, eta=0.1m]
[36m(ClientAppActor pid=15853)[0m 
Epoch 1/1:  81%|████████  | 51/63 [00:16<00:03,  3.07it/s, loss=0.6705, acc=52.16%, img/s=98.4, eta=0.1m]
Epoch 1/1:  83%|████████▎ | 52/63 [00:16<00:03,  3.08it/s, loss=0.6705, acc=52.16%, img/s=98.4, eta=0.1m]
[36m(ClientAppActor pid=15853)[0m 
Epoch 1/1:  83%|████████▎ | 52/63 [00:17<00:03,  3.08it/s, loss=0.7433, acc=51.77%, img/s=98.4, eta=0.1m]
Epoch 1/1:  84%|████████▍ | 53/63 [00:17<00:03,  3.07it/s, loss=0.7433, acc=51.77%, img/s=98.4, eta=0.1m]
[36m(ClientAppActor pid=15853)[0m 
Epoch 1/1:  84%|████████▍ | 53/63 [00:17<00:03,  3.07it/s, loss=0.6938, acc=51.91%, img/s=98.4, eta=0.0m]
Epoch 1/1:  86%|████████▌ | 54/63 [00:17<00:02,  3.08it/s, loss=0.6938, acc=51.91%, img/s=98.4, eta=0.0m]
[36m(ClientAppActor pid=15853)[0m 
Epoch 1/1:  86%|████████▌ | 54/63 [00:17<00:02,  3.08it/s, loss=0.7202, acc=52.05%, img/s=98.4, eta=0.0m]
Epoch 1/1:  87%|████████▋ | 55/63 [00:17<00:02,  3.08it/s, loss=0.7202, acc=52.05%, img/s=98.4, eta=0.0m]
[36m(ClientAppActor pid=15853)[0m 
Epoch 1/1:  87%|████████▋ | 55/63 [00:18<00:02,  3.08it/s, loss=0.7032, acc=52.12%, img/s=98.4, eta=0.0m]
Epoch 1/1:  89%|████████▉ | 56/63 [00:18<00:02,  3.08it/s, loss=0.7032, acc=52.12%, img/s=98.4, eta=0.0m]
[36m(ClientAppActor pid=15853)[0m 
Epoch 1/1:  89%|████████▉ | 56/63 [00:18<00:02,  3.08it/s, loss=0.6988, acc=52.14%, img/s=98.4, eta=0.0m]
Epoch 1/1:  90%|█████████ | 57/63 [00:18<00:01,  3.07it/s, loss=0.6988, acc=52.14%, img/s=98.4, eta=0.0m]
[36m(ClientAppActor pid=15853)[0m 
Epoch 1/1:  90%|█████████ | 57/63 [00:18<00:01,  3.07it/s, loss=0.7583, acc=51.78%, img/s=98.4, eta=0.0m]
Epoch 1/1:  92%|█████████▏| 58/63 [00:18<00:01,  3.07it/s, loss=0.7583, acc=51.78%, img/s=98.4, eta=0.0m]
[36m(ClientAppActor pid=15853)[0m 
Epoch 1/1:  92%|█████████▏| 58/63 [00:19<00:01,  3.07it/s, loss=0.6721, acc=52.01%, img/s=98.4, eta=0.0m]
Epoch 1/1:  94%|█████████▎| 59/63 [00:19<00:01,  3.08it/s, loss=0.6721, acc=52.01%, img/s=98.4, eta=0.0m]
[36m(ClientAppActor pid=15853)[0m 
Epoch 1/1:  94%|█████████▎| 59/63 [00:19<00:01,  3.08it/s, loss=0.7350, acc=51.88%, img/s=98.4, eta=0.0m]
Epoch 1/1:  95%|█████████▌| 60/63 [00:19<00:00,  3.08it/s, loss=0.7350, acc=51.88%, img/s=98.4, eta=0.0m]
[36m(ClientAppActor pid=15853)[0m 
Epoch 1/1:  95%|█████████▌| 60/63 [00:19<00:00,  3.08it/s, loss=0.6973, acc=51.79%, img/s=98.4, eta=0.0m]
Epoch 1/1:  97%|█████████▋| 61/63 [00:19<00:00,  3.08it/s, loss=0.6973, acc=51.79%, img/s=98.4, eta=0.0m]
[36m(ClientAppActor pid=15853)[0m 
Epoch 1/1:  97%|█████████▋| 61/63 [00:20<00:00,  3.08it/s, loss=0.7032, acc=51.86%, img/s=98.4, eta=0.0m]
Epoch 1/1:  98%|█████████▊| 62/63 [00:20<00:00,  3.08it/s, loss=0.7032, acc=51.86%, img/s=98.4, eta=0.0m]
[36m(ClientAppActor pid=15853)[0m 
Epoch 1/1:  98%|█████████▊| 62/63 [00:20<00:00,  3.08it/s, loss=0.7106, acc=51.90%, img/s=49.5, eta=0.0m]
Epoch 1/1: 100%|██████████| 63/63 [00:20<00:00,  3.50it/s, loss=0.7106, acc=51.90%, img/s=49.5, eta=0.0m]
Epoch 1/1: 100%|██████████| 63/63 [00:20<00:00,  3.10it/s, loss=0.7106, acc=51.90%, img/s=49.5, eta=0.0m]
[92mINFO [0m:      aggregate_fit: received 5 results and 0 failures
[92mINFO [0m:      configure_evaluate: strategy sampled 5 clients (out of 5)
[36m(ClientAppActor pid=15853)[0m 
Testing:   0%|          | 0/4 [00:00<?, ?it/s]
[36m(ClientAppActor pid=15853)[0m 
Testing:  25%|██▌       | 1/4 [00:00<00:02,  1.39it/s]
[36m(ClientAppActor pid=15853)[0m 
Testing:  50%|█████     | 2/4 [00:00<00:00,  2.40it/s]
[36m(ClientAppActor pid=15853)[0m 
Testing:  75%|███████▌  | 3/4 [00:01<00:00,  3.12it/s]
[36m(ClientAppActor pid=15853)[0m 
Testing: 100%|██████████| 4/4 [00:01<00:00,  3.77it/s]
Testing: 100%|██████████| 4/4 [00:01<00:00,  3.05it/s]
[36m(ClientAppActor pid=15853)[0m 
Testing:   0%|          | 0/4 [00:00<?, ?it/s]
[36m(ClientAppActor pid=15853)[0m 
Testing:  25%|██▌       | 1/4 [00:00<00:00,  4.77it/s]
[36m(ClientAppActor pid=15853)[0m 
Testing:  50%|█████     | 2/4 [00:00<00:00,  4.87it/s]
[36m(ClientAppActor pid=15853)[0m 
Testing:  75%|███████▌  | 3/4 [00:00<00:00,  4.89it/s]
Testing: 100%|██████████| 4/4 [00:00<00:00,  6.17it/s]
[36m(ClientAppActor pid=15853)[0m Client 5 extracting parameters...
[36m(ClientAppActor pid=15853)[0m Client 5 parameter extraction complete
[36m(ClientAppActor pid=15853)[0m Client 5 returning results
[36m(ClientAppActor pid=15853)[0m Client 1 using cuda
[36m(ClientAppActor pid=15853)[0m {'fake': 0, 'real': 1}
[36m(ClientAppActor pid=15853)[0m [DEBUG MODE] Train=2000, Val=100, Test=100
[36m(ClientAppActor pid=15853)[0m 
[36m(ClientAppActor pid=15853)[0m Client 1 Class Distribution
[36m(ClientAppActor pid=15853)[0m Train: Counter({1: 1011, 0: 989})
[36m(ClientAppActor pid=15853)[0m Val  : Counter({0: 55, 1: 45})
[36m(ClientAppActor pid=15853)[0m Test : Counter({0: 53, 1: 47})
[36m(ClientAppActor pid=15853)[0m Client 1
[36m(ClientAppActor pid=15853)[0m Train Images: 2000
[36m(ClientAppActor pid=15853)[0m Test Images : 100
[36m(ClientAppActor pid=15853)[0m Validate Images : 100
[36m(ClientAppActor pid=15853)[0m Client 1 starting fit...
[36m(ClientAppActor pid=15853)[0m Client 1 received class memories
[36m(ClientAppActor pid=15853)[0m Real memory norm=0.0000
[36m(ClientAppActor pid=15853)[0m Fake memory norm=0.0000
[36m(ClientAppActor pid=15853)[0m Client 1 starting training...
[36m(ClientAppActor pid=15853)[0m START classifier norm: 13.077889442443848
[36m(ClientAppActor pid=15853)[0m Artifact bias shape: torch.Size([32, 8, 197, 197])
[36m(ClientAppActor pid=15853)[0m 
[36m(ClientAppActor pid=15853)[0m Batch 0/63
[36m(ClientAppActor pid=15853)[0m GPU Allocated: 2.25 GB
[36m(ClientAppActor pid=15853)[0m GPU Reserved : 5.29 GB
[36m(ClientAppActor pid=15853)[0m 
[36m(ClientAppActor pid=15853)[0m ==================================================
[36m(ClientAppActor pid=15853)[0m Epoch 1 Complete
[36m(ClientAppActor pid=15853)[0m Average Loss : 0.7176
[36m(ClientAppActor pid=15853)[0m Accuracy     : 49.55%
[36m(ClientAppActor pid=15853)[0m Time         : 20.97s
[36m(ClientAppActor pid=15853)[0m Images       : 2000
[36m(ClientAppActor pid=15853)[0m Images/sec   : 95.39
[36m(ClientAppActor pid=15853)[0m GPU Allocated: 2.25 GB
[36m(ClientAppActor pid=15853)[0m GPU Reserved : 5.29 GB
[36m(ClientAppActor pid=15853)[0m ==================================================
[36m(ClientAppActor pid=15853)[0m END classifier norm: 13.075432777404785
[36m(ClientAppActor pid=15853)[0m Client 1 finished training
[36m(ClientAppActor pid=15853)[0m Client 1 extracting parameters...
[36m(ClientAppActor pid=15853)[0m Client 1 parameter extraction complete
[36m(ClientAppActor pid=15853)[0m Client 1 returning results
[36m(ClientAppActor pid=15853)[0m Client 3 using cuda
[36m(ClientAppActor pid=15853)[0m {'fake': 0, 'real': 1}
[36m(ClientAppActor pid=15853)[0m [DEBUG MODE] Train=2000, Val=100, Test=100
[36m(ClientAppActor pid=15853)[0m 
[36m(ClientAppActor pid=15853)[0m Client 3 Class Distribution
[36m(ClientAppActor pid=15853)[0m Train: Counter({1: 1024, 0: 976})
[36m(ClientAppActor pid=15853)[0m Val  : Counter({1: 54, 0: 46})
[36m(ClientAppActor pid=15853)[0m Test : Counter({1: 50, 0: 50})
[36m(ClientAppActor pid=15853)[0m Client 3
[36m(ClientAppActor pid=15853)[0m Train Images: 2000
[36m(ClientAppActor pid=15853)[0m Test Images : 100
[36m(ClientAppActor pid=15853)[0m Validate Images : 100
[36m(ClientAppActor pid=15853)[0m Client 3 starting fit...
[36m(ClientAppActor pid=15853)[0m Client 3 received class memories
[36m(ClientAppActor pid=15853)[0m Real memory norm=0.0000
[36m(ClientAppActor pid=15853)[0m Fake memory norm=0.0000
[36m(ClientAppActor pid=15853)[0m Client 3 starting training...
[36m(ClientAppActor pid=15853)[0m START classifier norm: 13.077889442443848
[36m(ClientAppActor pid=15853)[0m Artifact bias shape: torch.Size([32, 8, 197, 197])
[36m(ClientAppActor pid=15853)[0m 
[36m(ClientAppActor pid=15853)[0m Batch 0/63
[36m(ClientAppActor pid=15853)[0m GPU Allocated: 2.25 GB
[36m(ClientAppActor pid=15853)[0m GPU Reserved : 5.29 GB
[36m(ClientAppActor pid=15853)[0m 
[36m(ClientAppActor pid=15853)[0m ==================================================
[36m(ClientAppActor pid=15853)[0m Epoch 1 Complete
[36m(ClientAppActor pid=15853)[0m Average Loss : 0.7165
[36m(ClientAppActor pid=15853)[0m Accuracy     : 51.90%
[36m(ClientAppActor pid=15853)[0m Time         : 20.35s
[36m(ClientAppActor pid=15853)[0m Images       : 2000
[36m(ClientAppActor pid=15853)[0m Images/sec   : 98.27
[36m(ClientAppActor pid=15853)[0m GPU Allocated: 2.25 GB
[36m(ClientAppActor pid=15853)[0m GPU Reserved : 5.29 GB
[36m(ClientAppActor pid=15853)[0m ==================================================
[36m(ClientAppActor pid=15853)[0m END classifier norm: 13.07440185546875
[36m(ClientAppActor pid=15853)[0m Client 3 finished training
[36m(ClientAppActor pid=15853)[0m Client 3 extracting parameters...
[36m(ClientAppActor pid=15853)[0m Client 3 parameter extraction complete
[36m(ClientAppActor pid=15853)[0m Client 3 returning results

FAFT Round 1: results=5, failures=0

Round 1 Prototype Aggregated

Real memory norm = 0.9022
Fake memory norm = 0.8998
Saved: saved_models/global_model_round_1.pth
Round 1: model saved successfully
Broadcasting 253 tensors (251 weights + memory)
[36m(ClientAppActor pid=15853)[0m Client 3 using cuda
[36m(ClientAppActor pid=15853)[0m {'fake': 0, 'real': 1}
[36m(ClientAppActor pid=15853)[0m [DEBUG MODE] Train=2000, Val=100, Test=100
[36m(ClientAppActor pid=15853)[0m 
[36m(ClientAppActor pid=15853)[0m Client 3 Class Distribution
[36m(ClientAppActor pid=15853)[0m Train: Counter({1: 1024, 0: 976})
[36m(ClientAppActor pid=15853)[0m Val  : Counter({1: 54, 0: 46})
[36m(ClientAppActor pid=15853)[0m Test : Counter({1: 50, 0: 50})
[36m(ClientAppActor pid=15853)[0m Client 3
[36m(ClientAppActor pid=15853)[0m Train Images: 2000
[36m(ClientAppActor pid=15853)[0m Test Images : 100
[36m(ClientAppActor pid=15853)[0m Validate Images : 100
[36m(ClientAppActor pid=15853)[0m 
[36m(ClientAppActor pid=15853)[0m CLIENT 3 STARTING EVALUATION
[36m(ClientAppActor pid=15853)[0m Client 3 received class memories
[36m(ClientAppActor pid=15853)[0m Real memory norm=0.9022
[36m(ClientAppActor pid=15853)[0m Fake memory norm=0.8998
[36m(ClientAppActor pid=15853)[0m Artifact bias shape: torch.Size([32, 8, 197, 197])
[36m(ClientAppActor pid=15853)[0m Accuracy: 0.5100
[36m(ClientAppActor pid=15853)[0m 
[36m(ClientAppActor pid=15853)[0m CLIENT 3 EVALUATION COMPLETE
[36m(ClientAppActor pid=15853)[0m Client 4 using cuda
[36m(ClientAppActor pid=15853)[0m {'fake': 0, 'real': 1}
[36m(ClientAppActor pid=15853)[0m [DEBUG MODE] Train=2000, Val=100, Test=100
[36m(ClientAppActor pid=15853)[0m 
[36m(ClientAppActor pid=15853)[0m Client 4 Class Distribution
[36m(ClientAppActor pid=15853)[0m Train: Counter({0: 1013, 1: 987})
[36m(ClientAppActor pid=15853)[0m Val  : Counter({0: 56, 1: 44})
[36m(ClientAppActor pid=15853)[0m Test : Counter({1: 53, 0: 47})
[36m(ClientAppActor pid=15853)[0m Client 4
[36m(ClientAppActor pid=15853)[0m Train Images: 2000
[36m(ClientAppActor pid=15853)[0m Test Images : 100
[36m(ClientAppActor pid=15853)[0m Validate Images : 100
[36m(ClientAppActor pid=15853)[0m 
[36m(ClientAppActor pid=15853)[0m CLIENT 4 STARTING EVALUATION
[36m(ClientAppActor pid=15853)[0m Client 4 received class memories
[36m(ClientAppActor pid=15853)[0m Real memory norm=0.9022
[36m(ClientAppActor pid=15853)[0m Fake memory norm=0.8998
[36m(ClientAppActor pid=15853)[0m Artifact bias shape: torch.Size([32, 8, 197, 197])
[36m(ClientAppActor pid=15853)[0m Accuracy: 0.5400
[36m(ClientAppActor pid=15853)[0m 
[36m(ClientAppActor pid=15853)[0m CLIENT 4 EVALUATION COMPLETE
[36m(ClientAppActor pid=15853)[0m Client 2 using cuda
[36m(ClientAppActor pid=15853)[0m {'fake': 0, 'real': 1}
[36m(ClientAppActor pid=15853)[0m [DEBUG MODE] Train=2000, Val=100, Test=100
[36m(ClientAppActor pid=15853)[0m 
[36m(ClientAppActor pid=15853)[0m Client 2 Class Distribution
[36m(ClientAppActor pid=15853)[0m Train: Counter({0: 1012, 1: 988})
[36m(ClientAppActor pid=15853)[0m 
Testing:   0%|          | 0/4 [00:00<?, ?it/s]
[36m(ClientAppActor pid=15853)[0m 
Testing:  25%|██▌       | 1/4 [00:00<00:00,  4.97it/s]
[36m(ClientAppActor pid=15853)[0m 
Testing:  50%|█████     | 2/4 [00:00<00:00,  4.98it/s]
[36m(ClientAppActor pid=15853)[0m 
Testing:  75%|███████▌  | 3/4 [00:00<00:00,  4.92it/s]
Testing: 100%|██████████| 4/4 [00:00<00:00,  6.25it/s]
[36m(ClientAppActor pid=15853)[0m 
Testing:   0%|          | 0/4 [00:00<?, ?it/s]
[36m(ClientAppActor pid=15853)[0m 
Testing:  25%|██▌       | 1/4 [00:00<00:00,  4.76it/s]
[36m(ClientAppActor pid=15853)[0m 
Testing:  50%|█████     | 2/4 [00:00<00:00,  4.87it/s]
[36m(ClientAppActor pid=15853)[0m 
Testing:  75%|███████▌  | 3/4 [00:00<00:00,  4.74it/s]
[36m(ClientAppActor pid=15853)[0m 
Testing: 100%|██████████| 4/4 [00:00<00:00,  6.02it/s]
[36m(ClientAppActor pid=15853)[0m 
Testing:   0%|          | 0/4 [00:00<?, ?it/s]
[36m(ClientAppActor pid=15853)[0m 
Testing:  25%|██▌       | 1/4 [00:00<00:00,  4.81it/s]
[36m(ClientAppActor pid=15853)[0m 
Testing:  50%|█████     | 2/4 [00:00<00:00,  4.78it/s]
[36m(ClientAppActor pid=15853)[0m 
Testing:  75%|███████▌  | 3/4 [00:00<00:00,  4.67it/s]
[36m(ClientAppActor pid=15853)[0m 
Testing: 100%|██████████| 4/4 [00:00<00:00,  5.96it/s]
[92mINFO [0m:      aggregate_evaluate: received 5 results and 0 failures
[92mINFO [0m:      
[92mINFO [0m:      [ROUND 2]
[92mINFO [0m:      configure_fit: strategy sampled 5 clients (out of 5)
[36m(ClientAppActor pid=15853)[0m 
Epoch 1/1:   0%|          | 0/63 [00:00<?, ?it/s]
[36m(ClientAppActor pid=15853)[0m 
Epoch 1/1:   0%|          | 0/63 [00:00<?, ?it/s, loss=0.6960, acc=50.00%, img/s=94.5, eta=0.3m]
Epoch 1/1:   2%|▏         | 1/63 [00:00<00:21,  2.95it/s, loss=0.6960, acc=50.00%, img/s=94.5, eta=0.3m]
[36m(ClientAppActor pid=15853)[0m 
Epoch 1/1:   2%|▏         | 1/63 [00:00<00:21,  2.95it/s, loss=0.6892, acc=54.69%, img/s=96.3, eta=0.3m]
Epoch 1/1:   3%|▎         | 2/63 [00:00<00:20,  3.02it/s, loss=0.6892, acc=54.69%, img/s=96.3, eta=0.3m]
[36m(ClientAppActor pid=15853)[0m 
Epoch 1/1:   3%|▎         | 2/63 [00:00<00:20,  3.02it/s, loss=0.7025, acc=54.17%, img/s=97.0, eta=0.3m]
Epoch 1/1:   5%|▍         | 3/63 [00:00<00:19,  3.05it/s, loss=0.7025, acc=54.17%, img/s=97.0, eta=0.3m]
[36m(ClientAppActor pid=15853)[0m 
Epoch 1/1:   5%|▍         | 3/63 [00:01<00:19,  3.05it/s, loss=0.6794, acc=54.69%, img/s=96.9, eta=0.3m]
Epoch 1/1:   6%|▋         | 4/63 [00:01<00:19,  3.03it/s, loss=0.6794, acc=54.69%, img/s=96.9, eta=0.3m]
[36m(ClientAppActor pid=15853)[0m 
Epoch 1/1:   6%|▋         | 4/63 [00:01<00:19,  3.03it/s, loss=0.6629, acc=56.88%, img/s=97.1, eta=0.3m]
Epoch 1/1:   8%|▊         | 5/63 [00:01<00:19,  3.04it/s, loss=0.6629, acc=56.88%, img/s=97.1, eta=0.3m]
[36m(ClientAppActor pid=15853)[0m 
Epoch 1/1:   8%|▊         | 5/63 [00:01<00:19,  3.04it/s, loss=0.7845, acc=53.65%, img/s=97.1, eta=0.3m]
Epoch 1/1:  10%|▉         | 6/63 [00:01<00:18,  3.04it/s, loss=0.7845, acc=53.65%, img/s=97.1, eta=0.3m]
[36m(ClientAppActor pid=15853)[0m 
Epoch 1/1:  10%|▉         | 6/63 [00:02<00:18,  3.04it/s, loss=0.7081, acc=53.12%, img/s=97.2, eta=0.3m]
Epoch 1/1:  11%|█         | 7/63 [00:02<00:18,  3.05it/s, loss=0.7081, acc=53.12%, img/s=97.2, eta=0.3m]
[36m(ClientAppActor pid=15853)[0m 
Epoch 1/1:  11%|█         | 7/63 [00:02<00:18,  3.05it/s, loss=0.7178, acc=51.95%, img/s=97.2, eta=0.3m]
Epoch 1/1:  13%|█▎        | 8/63 [00:02<00:18,  3.04it/s, loss=0.7178, acc=51.95%, img/s=97.2, eta=0.3m]
[36m(ClientAppActor pid=15853)[0m 
Epoch 1/1:  13%|█▎        | 8/63 [00:02<00:18,  3.04it/s, loss=0.7290, acc=51.39%, img/s=97.3, eta=0.3m]
Epoch 1/1:  14%|█▍        | 9/63 [00:02<00:17,  3.05it/s, loss=0.7290, acc=51.39%, img/s=97.3, eta=0.3m]
[36m(ClientAppActor pid=15853)[0m 
Epoch 1/1:  14%|█▍        | 9/63 [00:03<00:17,  3.05it/s, loss=0.7375, acc=51.25%, img/s=97.4, eta=0.3m]
Epoch 1/1:  16%|█▌        | 10/63 [00:03<00:17,  3.06it/s, loss=0.7375, acc=51.25%, img/s=97.4, eta=0.3m]
[36m(ClientAppActor pid=15853)[0m 
Epoch 1/1:  16%|█▌        | 10/63 [00:03<00:17,  3.06it/s, loss=0.7287, acc=49.72%, img/s=97.5, eta=0.3m]
Epoch 1/1:  17%|█▋        | 11/63 [00:03<00:16,  3.07it/s, loss=0.7287, acc=49.72%, img/s=97.5, eta=0.3m]
[36m(ClientAppActor pid=15853)[0m 
Epoch 1/1:  17%|█▋        | 11/63 [00:03<00:16,  3.07it/s, loss=0.6788, acc=50.78%, img/s=97.3, eta=0.3m]
Epoch 1/1:  19%|█▉        | 12/63 [00:03<00:16,  3.03it/s, loss=0.6788, acc=50.78%, img/s=97.3, eta=0.3m]
[36m(ClientAppActor pid=15853)[0m 
Epoch 1/1:  19%|█▉        | 12/63 [00:04<00:16,  3.03it/s, loss=0.7105, acc=50.72%, img/s=97.5, eta=0.3m]
Epoch 1/1:  21%|██        | 13/63 [00:04<00:16,  3.06it/s, loss=0.7105, acc=50.72%, img/s=97.5, eta=0.3m]
[36m(ClientAppActor pid=15853)[0m 
Epoch 1/1:  21%|██        | 13/63 [00:04<00:16,  3.06it/s, loss=0.7911, acc=49.55%, img/s=97.5, eta=0.3m]
Epoch 1/1:  22%|██▏       | 14/63 [00:04<00:15,  3.06it/s, loss=0.7911, acc=49.55%, img/s=97.5, eta=0.3m]
[36m(ClientAppActor pid=15853)[0m 
Epoch 1/1:  22%|██▏       | 14/63 [00:04<00:15,  3.06it/s, loss=0.6777, acc=50.21%, img/s=97.3, eta=0.3m]
Epoch 1/1:  24%|██▍       | 15/63 [00:04<00:15,  3.03it/s, loss=0.6777, acc=50.21%, img/s=97.3, eta=0.3m]
[36m(ClientAppActor pid=15853)[0m 
Epoch 1/1:  24%|██▍       | 15/63 [00:05<00:15,  3.03it/s, loss=0.6943, acc=50.78%, img/s=97.5, eta=0.3m]
Epoch 1/1:  25%|██▌       | 16/63 [00:05<00:15,  3.05it/s, loss=0.6943, acc=50.78%, img/s=97.5, eta=0.3m]
[36m(ClientAppActor pid=15853)[0m 
Epoch 1/1:  25%|██▌       | 16/63 [00:05<00:15,  3.05it/s, loss=0.7129, acc=50.74%, img/s=97.5, eta=0.3m]
Epoch 1/1:  27%|██▋       | 17/63 [00:05<00:15,  3.05it/s, loss=0.7129, acc=50.74%, img/s=97.5, eta=0.3m]
[36m(ClientAppActor pid=15853)[0m 
Epoch 1/1:  27%|██▋       | 17/63 [00:05<00:15,  3.05it/s, loss=0.6813, acc=51.22%, img/s=97.5, eta=0.2m]
Epoch 1/1:  29%|██▊       | 18/63 [00:05<00:14,  3.05it/s, loss=0.6813, acc=51.22%, img/s=97.5, eta=0.2m]
[36m(ClientAppActor pid=15853)[0m 
Epoch 1/1:  29%|██▊       | 18/63 [00:06<00:14,  3.05it/s, loss=0.6912, acc=50.99%, img/s=97.5, eta=0.2m]
Epoch 1/1:  30%|███       | 19/63 [00:06<00:14,  3.06it/s, loss=0.6912, acc=50.99%, img/s=97.5, eta=0.2m]
[36m(ClientAppActor pid=15853)[0m 
Epoch 1/1:  30%|███       | 19/63 [00:06<00:14,  3.06it/s, loss=0.6802, acc=50.94%, img/s=97.5, eta=0.2m]
Epoch 1/1:  32%|███▏      | 20/63 [00:06<00:14,  3.06it/s, loss=0.6802, acc=50.94%, img/s=97.5, eta=0.2m]
[36m(ClientAppActor pid=15853)[0m 
Epoch 1/1:  32%|███▏      | 20/63 [00:06<00:14,  3.06it/s, loss=0.7584, acc=49.70%, img/s=97.5, eta=0.2m]
Epoch 1/1:  33%|███▎      | 21/63 [00:06<00:13,  3.05it/s, loss=0.7584, acc=49.70%, img/s=97.5, eta=0.2m]
[36m(ClientAppActor pid=15853)[0m 
Epoch 1/1:  33%|███▎      | 21/63 [00:07<00:13,  3.05it/s, loss=0.7250, acc=49.29%, img/s=97.5, eta=0.2m]
Epoch 1/1:  35%|███▍      | 22/63 [00:07<00:13,  3.05it/s, loss=0.7250, acc=49.29%, img/s=97.5, eta=0.2m]
[36m(ClientAppActor pid=15853)[0m 
Epoch 1/1:  35%|███▍      | 22/63 [00:07<00:13,  3.05it/s, loss=0.7164, acc=49.46%, img/s=97.4, eta=0.2m]
Epoch 1/1:  37%|███▋      | 23/63 [00:07<00:13,  3.02it/s, loss=0.7164, acc=49.46%, img/s=97.4, eta=0.2m]
[36m(ClientAppActor pid=15853)[0m 
Epoch 1/1:  37%|███▋      | 23/63 [00:07<00:13,  3.02it/s, loss=0.6862, acc=49.61%, img/s=97.4, eta=0.2m]
Epoch 1/1:  38%|███▊      | 24/63 [00:07<00:12,  3.03it/s, loss=0.6862, acc=49.61%, img/s=97.4, eta=0.2m]
[36m(ClientAppActor pid=15853)[0m 
Epoch 1/1:  38%|███▊      | 24/63 [00:08<00:12,  3.03it/s, loss=0.6875, acc=49.88%, img/s=97.5, eta=0.2m]
Epoch 1/1:  40%|███▉      | 25/63 [00:08<00:12,  3.05it/s, loss=0.6875, acc=49.88%, img/s=97.5, eta=0.2m]
[36m(ClientAppActor pid=15853)[0m 
Epoch 1/1:  40%|███▉      | 25/63 [00:08<00:12,  3.05it/s, loss=0.6584, acc=50.72%, img/s=97.4, eta=0.2m]
Epoch 1/1:  41%|████▏     | 26/63 [00:08<00:12,  3.03it/s, loss=0.6584, acc=50.72%, img/s=97.4, eta=0.2m]
[36m(ClientAppActor pid=15853)[0m 
Epoch 1/1:  41%|████▏     | 26/63 [00:08<00:12,  3.03it/s, loss=0.7250, acc=50.46%, img/s=97.2, eta=0.2m]
Epoch 1/1:  43%|████▎     | 27/63 [00:08<00:12,  3.00it/s, loss=0.7250, acc=50.46%, img/s=97.2, eta=0.2m]
[36m(ClientAppActor pid=15853)[0m 
Epoch 1/1:  43%|████▎     | 27/63 [00:09<00:12,  3.00it/s, loss=0.7586, acc=50.33%, img/s=97.0, eta=0.2m]
Epoch 1/1:  44%|████▍     | 28/63 [00:09<00:11,  2.95it/s, loss=0.7586, acc=50.33%, img/s=97.0, eta=0.2m]
[36m(ClientAppActor pid=15853)[0m 
Epoch 1/1:  44%|████▍     | 28/63 [00:09<00:11,  2.95it/s, loss=0.7346, acc=50.11%, img/s=96.9, eta=0.2m]
Epoch 1/1:  46%|████▌     | 29/63 [00:09<00:11,  2.95it/s, loss=0.7346, acc=50.11%, img/s=96.9, eta=0.2m]
[36m(ClientAppActor pid=15853)[0m 
Epoch 1/1:  46%|████▌     | 29/63 [00:09<00:11,  2.95it/s, loss=0.7325, acc=49.90%, img/s=96.9, eta=0.2m]
Epoch 1/1:  48%|████▊     | 30/63 [00:09<00:11,  2.97it/s, loss=0.7325, acc=49.90%, img/s=96.9, eta=0.2m]
[36m(ClientAppActor pid=15853)[0m 
Epoch 1/1:  48%|████▊     | 30/63 [00:10<00:11,  2.97it/s, loss=0.7287, acc=49.70%, img/s=96.9, eta=0.2m]
Epoch 1/1:  49%|████▉     | 31/63 [00:10<00:10,  2.99it/s, loss=0.7287, acc=49.70%, img/s=96.9, eta=0.2m]
[36m(ClientAppActor pid=15853)[0m 
Epoch 1/1:  49%|████▉     | 31/63 [00:10<00:10,  2.99it/s, loss=0.7075, acc=49.41%, img/s=96.9, eta=0.2m]
Epoch 1/1:  51%|█████     | 32/63 [00:10<00:10,  2.99it/s, loss=0.7075, acc=49.41%, img/s=96.9, eta=0.2m]
[36m(ClientAppActor pid=15853)[0m 
Epoch 1/1:  51%|█████     | 32/63 [00:10<00:10,  2.99it/s, loss=0.7089, acc=49.53%, img/s=96.8, eta=0.2m]
Epoch 1/1:  52%|█████▏    | 33/63 [00:10<00:10,  2.97it/s, loss=0.7089, acc=49.53%, img/s=96.8, eta=0.2m]
[36m(ClientAppActor pid=15853)[0m 
Epoch 1/1:  52%|█████▏    | 33/63 [00:11<00:10,  2.97it/s, loss=0.7070, acc=49.45%, img/s=96.7, eta=0.2m]
Epoch 1/1:  54%|█████▍    | 34/63 [00:11<00:09,  2.98it/s, loss=0.7070, acc=49.45%, img/s=96.7, eta=0.2m]
[36m(ClientAppActor pid=15853)[0m 
Epoch 1/1:  54%|█████▍    | 34/63 [00:11<00:09,  2.98it/s, loss=0.7275, acc=49.20%, img/s=96.6, eta=0.2m]
Epoch 1/1:  56%|█████▌    | 35/63 [00:11<00:09,  2.95it/s, loss=0.7275, acc=49.20%, img/s=96.6, eta=0.2m]
[36m(ClientAppActor pid=15853)[0m 
Epoch 1/1:  56%|█████▌    | 35/63 [00:11<00:09,  2.95it/s, loss=0.7229, acc=49.05%, img/s=96.4, eta=0.1m]
Epoch 1/1:  57%|█████▋    | 36/63 [00:11<00:09,  2.90it/s, loss=0.7229, acc=49.05%, img/s=96.4, eta=0.1m]
[36m(ClientAppActor pid=15853)[0m 
Epoch 1/1:  57%|█████▋    | 36/63 [00:12<00:09,  2.90it/s, loss=0.7197, acc=48.90%, img/s=96.4, eta=0.1m]
Epoch 1/1:  59%|█████▊    | 37/63 [00:12<00:08,  2.92it/s, loss=0.7197, acc=48.90%, img/s=96.4, eta=0.1m]
[36m(ClientAppActor pid=15853)[0m 
Epoch 1/1:  59%|█████▊    | 37/63 [00:12<00:08,  2.92it/s, loss=0.6811, acc=49.18%, img/s=96.3, eta=0.1m]
Epoch 1/1:  60%|██████    | 38/63 [00:12<00:08,  2.93it/s, loss=0.6811, acc=49.18%, img/s=96.3, eta=0.1m]
[36m(ClientAppActor pid=15853)[0m 
Epoch 1/1:  60%|██████    | 38/63 [00:12<00:08,  2.93it/s, loss=0.6940, acc=48.88%, img/s=96.3, eta=0.1m]
Epoch 1/1:  62%|██████▏   | 39/63 [00:12<00:08,  2.97it/s, loss=0.6940, acc=48.88%, img/s=96.3, eta=0.1m]
[36m(ClientAppActor pid=15853)[0m 
Epoch 1/1:  62%|██████▏   | 39/63 [00:13<00:08,  2.97it/s, loss=0.7318, acc=48.67%, img/s=96.4, eta=0.1m]
Epoch 1/1:  63%|██████▎   | 40/63 [00:13<00:07,  3.01it/s, loss=0.7318, acc=48.67%, img/s=96.4, eta=0.1m]
[36m(ClientAppActor pid=15853)[0m 
Epoch 1/1:  63%|██████▎   | 40/63 [00:13<00:07,  3.01it/s, loss=0.7098, acc=48.63%, img/s=96.4, eta=0.1m]
Epoch 1/1:  65%|██████▌   | 41/63 [00:13<00:07,  3.02it/s, loss=0.7098, acc=48.63%, img/s=96.4, eta=0.1m]
[36m(ClientAppActor pid=15853)[0m 
Epoch 1/1:  65%|██████▌   | 41/63 [00:13<00:07,  3.02it/s, loss=0.7630, acc=48.44%, img/s=96.5, eta=0.1m]
Epoch 1/1:  67%|██████▋   | 42/63 [00:13<00:06,  3.03it/s, loss=0.7630, acc=48.44%, img/s=96.5, eta=0.1m]
[36m(ClientAppActor pid=15853)[0m 
Epoch 1/1:  67%|██████▋   | 42/63 [00:14<00:06,  3.03it/s, loss=0.6752, acc=48.62%, img/s=96.5, eta=0.1m]
Epoch 1/1:  68%|██████▊   | 43/63 [00:14<00:06,  3.05it/s, loss=0.6752, acc=48.62%, img/s=96.5, eta=0.1m]
[36m(ClientAppActor pid=15853)[0m 
Epoch 1/1:  68%|██████▊   | 43/63 [00:14<00:06,  3.05it/s, loss=0.6949, acc=48.58%, img/s=96.5, eta=0.1m]
Epoch 1/1:  70%|██████▉   | 44/63 [00:14<00:06,  3.03it/s, loss=0.6949, acc=48.58%, img/s=96.5, eta=0.1m]
[36m(ClientAppActor pid=15853)[0m 
Epoch 1/1:  70%|██████▉   | 44/63 [00:14<00:06,  3.03it/s, loss=0.7062, acc=48.54%, img/s=96.5, eta=0.1m]
Epoch 1/1:  71%|███████▏  | 45/63 [00:14<00:05,  3.02it/s, loss=0.7062, acc=48.54%, img/s=96.5, eta=0.1m]
[36m(ClientAppActor pid=15853)[0m 
Epoch 1/1:  71%|███████▏  | 45/63 [00:15<00:05,  3.02it/s, loss=0.7175, acc=48.57%, img/s=96.5, eta=0.1m]
Epoch 1/1:  73%|███████▎  | 46/63 [00:15<00:05,  3.02it/s, loss=0.7175, acc=48.57%, img/s=96.5, eta=0.1m]
[36m(ClientAppActor pid=15853)[0m 
Epoch 1/1:  73%|███████▎  | 46/63 [00:15<00:05,  3.02it/s, loss=0.6852, acc=48.94%, img/s=96.6, eta=0.1m]
Epoch 1/1:  75%|███████▍  | 47/63 [00:15<00:05,  3.04it/s, loss=0.6852, acc=48.94%, img/s=96.6, eta=0.1m]
[36m(ClientAppActor pid=15853)[0m 
Epoch 1/1:  75%|███████▍  | 47/63 [00:15<00:05,  3.04it/s, loss=0.6965, acc=49.02%, img/s=96.5, eta=0.1m]
Epoch 1/1:  76%|███████▌  | 48/63 [00:15<00:04,  3.02it/s, loss=0.6965, acc=49.02%, img/s=96.5, eta=0.1m]
[36m(ClientAppActor pid=15853)[0m 
Epoch 1/1:  76%|███████▌  | 48/63 [00:16<00:04,  3.02it/s, loss=0.6801, acc=49.30%, img/s=96.5, eta=0.1m]
Epoch 1/1:  78%|███████▊  | 49/63 [00:16<00:04,  3.02it/s, loss=0.6801, acc=49.30%, img/s=96.5, eta=0.1m]
[36m(ClientAppActor pid=15853)[0m 
Epoch 1/1:  78%|███████▊  | 49/63 [00:16<00:04,  3.02it/s, loss=0.7363, acc=49.19%, img/s=96.5, eta=0.1m]
Epoch 1/1:  79%|███████▉  | 50/63 [00:16<00:04,  3.02it/s, loss=0.7363, acc=49.19%, img/s=96.5, eta=0.1m]
[36m(ClientAppActor pid=15853)[0m 
Epoch 1/1:  79%|███████▉  | 50/63 [00:16<00:04,  3.02it/s, loss=0.6776, acc=49.39%, img/s=96.5, eta=0.1m]
Epoch 1/1:  81%|████████  | 51/63 [00:16<00:03,  3.01it/s, loss=0.6776, acc=49.39%, img/s=96.5, eta=0.1m]
[36m(ClientAppActor pid=15853)[0m 
Epoch 1/1:  81%|████████  | 51/63 [00:17<00:03,  3.01it/s, loss=0.6945, acc=49.52%, img/s=96.5, eta=0.1m]
Epoch 1/1:  83%|████████▎ | 52/63 [00:17<00:03,  3.03it/s, loss=0.6945, acc=49.52%, img/s=96.5, eta=0.1m]
[36m(ClientAppActor pid=15853)[0m 
Epoch 1/1:  83%|████████▎ | 52/63 [00:17<00:03,  3.03it/s, loss=0.6591, acc=49.82%, img/s=96.6, eta=0.1m]
Epoch 1/1:  84%|████████▍ | 53/63 [00:17<00:03,  3.03it/s, loss=0.6591, acc=49.82%, img/s=96.6, eta=0.1m]
[36m(ClientAppActor pid=15853)[0m 
Epoch 1/1:  84%|████████▍ | 53/63 [00:17<00:03,  3.03it/s, loss=0.7406, acc=49.71%, img/s=96.6, eta=0.0m]
Epoch 1/1:  86%|████████▌ | 54/63 [00:17<00:02,  3.04it/s, loss=0.7406, acc=49.71%, img/s=96.6, eta=0.0m]
[36m(ClientAppActor pid=15853)[0m 
Epoch 1/1:  86%|████████▌ | 54/63 [00:18<00:02,  3.04it/s, loss=0.7128, acc=49.72%, img/s=96.6, eta=0.0m]
Epoch 1/1:  87%|████████▋ | 55/63 [00:18<00:02,  3.05it/s, loss=0.7128, acc=49.72%, img/s=96.6, eta=0.0m]
[36m(ClientAppActor pid=15853)[0m 
Epoch 1/1:  87%|████████▋ | 55/63 [00:18<00:02,  3.05it/s, loss=0.6844, acc=49.78%, img/s=96.6, eta=0.0m]
Epoch 1/1:  89%|████████▉ | 56/63 [00:18<00:02,  3.06it/s, loss=0.6844, acc=49.78%, img/s=96.6, eta=0.0m]
[36m(ClientAppActor pid=15853)[0m 
Epoch 1/1:  89%|████████▉ | 56/63 [00:18<00:02,  3.06it/s, loss=0.6742, acc=50.05%, img/s=96.7, eta=0.0m]
Epoch 1/1:  90%|█████████ | 57/63 [00:18<00:01,  3.07it/s, loss=0.6742, acc=50.05%, img/s=96.7, eta=0.0m]
[36m(ClientAppActor pid=15853)[0m 
Epoch 1/1:  90%|█████████ | 57/63 [00:19<00:01,  3.07it/s, loss=0.6842, acc=50.16%, img/s=96.7, eta=0.0m]
Epoch 1/1:  92%|█████████▏| 58/63 [00:19<00:01,  3.08it/s, loss=0.6842, acc=50.16%, img/s=96.7, eta=0.0m]
[36m(ClientAppActor pid=15853)[0m 
Epoch 1/1:  92%|█████████▏| 58/63 [00:19<00:01,  3.08it/s, loss=0.7035, acc=50.05%, img/s=96.8, eta=0.0m]
Epoch 1/1:  94%|█████████▎| 59/63 [00:19<00:01,  3.07it/s, loss=0.7035, acc=50.05%, img/s=96.8, eta=0.0m]
[36m(ClientAppActor pid=15853)[0m 
Epoch 1/1:  94%|█████████▎| 59/63 [00:19<00:01,  3.07it/s, loss=0.7085, acc=50.05%, img/s=96.8, eta=0.0m]
Epoch 1/1:  95%|█████████▌| 60/63 [00:19<00:00,  3.08it/s, loss=0.7085, acc=50.05%, img/s=96.8, eta=0.0m]
[36m(ClientAppActor pid=15853)[0m 
Epoch 1/1:  95%|█████████▌| 60/63 [00:20<00:00,  3.08it/s, loss=0.6971, acc=50.00%, img/s=96.8, eta=0.0m]
Epoch 1/1:  97%|█████████▋| 61/63 [00:20<00:00,  3.08it/s, loss=0.6971, acc=50.00%, img/s=96.8, eta=0.0m]
[36m(ClientAppActor pid=15853)[0m 
Epoch 1/1:  97%|█████████▋| 61/63 [00:20<00:00,  3.08it/s, loss=0.7064, acc=50.10%, img/s=96.8, eta=0.0m]
Epoch 1/1:  98%|█████████▊| 62/63 [00:20<00:00,  3.07it/s, loss=0.7064, acc=50.10%, img/s=96.8, eta=0.0m]
[36m(ClientAppActor pid=15853)[0m 
Epoch 1/1:  98%|█████████▊| 62/63 [00:20<00:00,  3.07it/s, loss=0.6944, acc=50.15%, img/s=48.7, eta=0.0m]
Epoch 1/1: 100%|██████████| 63/63 [00:20<00:00,  3.50it/s, loss=0.6944, acc=50.15%, img/s=48.7, eta=0.0m]
Epoch 1/1: 100%|██████████| 63/63 [00:20<00:00,  3.05it/s, loss=0.6944, acc=50.15%, img/s=48.7, eta=0.0m]
[36m(ClientAppActor pid=15853)[0m 
Epoch 1/1:   0%|          | 0/63 [00:00<?, ?it/s]
[36m(ClientAppActor pid=15853)[0m 
Epoch 1/1:   0%|          | 0/63 [00:00<?, ?it/s, loss=0.7023, acc=46.88%, img/s=95.7, eta=0.3m]
Epoch 1/1:   2%|▏         | 1/63 [00:00<00:20,  2.99it/s, loss=0.7023, acc=46.88%, img/s=95.7, eta=0.3m]
[36m(ClientAppActor pid=15853)[0m 
Epoch 1/1:   2%|▏         | 1/63 [00:00<00:20,  2.99it/s, loss=0.6821, acc=53.12%, img/s=97.1, eta=0.3m]
Epoch 1/1:   3%|▎         | 2/63 [00:00<00:20,  3.04it/s, loss=0.6821, acc=53.12%, img/s=97.1, eta=0.3m]
[36m(ClientAppActor pid=15853)[0m 
Epoch 1/1:   3%|▎         | 2/63 [00:00<00:20,  3.04it/s, loss=0.8000, acc=50.00%, img/s=97.7, eta=0.3m]
Epoch 1/1:   5%|▍         | 3/63 [00:00<00:19,  3.06it/s, loss=0.8000, acc=50.00%, img/s=97.7, eta=0.3m]
[36m(ClientAppActor pid=15853)[0m 
Epoch 1/1:   5%|▍         | 3/63 [00:01<00:19,  3.06it/s, loss=0.7324, acc=46.88%, img/s=98.0, eta=0.3m]
Epoch 1/1:   6%|▋         | 4/63 [00:01<00:19,  3.08it/s, loss=0.7324, acc=46.88%, img/s=98.0, eta=0.3m]
[36m(ClientAppActor pid=15853)[0m 
Epoch 1/1:   6%|▋         | 4/63 [00:01<00:19,  3.08it/s, loss=0.6856, acc=48.75%, img/s=97.8, eta=0.3m]
Epoch 1/1:   8%|▊         | 5/63 [00:01<00:18,  3.06it/s, loss=0.6856, acc=48.75%, img/s=97.8, eta=0.3m]
[36m(ClientAppActor pid=15853)[0m 
Epoch 1/1:   8%|▊         | 5/63 [00:01<00:18,  3.06it/s, loss=0.7492, acc=48.96%, img/s=97.6, eta=0.3m]
Epoch 1/1:  10%|▉         | 6/63 [00:01<00:18,  3.05it/s, loss=0.7492, acc=48.96%, img/s=97.6, eta=0.3m]
[36m(ClientAppActor pid=15853)[0m 
Epoch 1/1:  10%|▉         | 6/63 [00:02<00:18,  3.05it/s, loss=0.7980, acc=47.77%, img/s=97.4, eta=0.3m]
Epoch 1/1:  11%|█         | 7/63 [00:02<00:18,  3.03it/s, loss=0.7980, acc=47.77%, img/s=97.4, eta=0.3m]
[36m(ClientAppActor pid=15853)[0m 
Epoch 1/1:  11%|█         | 7/63 [00:02<00:18,  3.03it/s, loss=0.7121, acc=47.66%, img/s=97.6, eta=0.3m]
Epoch 1/1:  13%|█▎        | 8/63 [00:02<00:18,  3.05it/s, loss=0.7121, acc=47.66%, img/s=97.6, eta=0.3m]
[36m(ClientAppActor pid=15853)[0m 
Epoch 1/1:  13%|█▎        | 8/63 [00:02<00:18,  3.05it/s, loss=0.6932, acc=47.92%, img/s=97.6, eta=0.3m]
Epoch 1/1:  14%|█▍        | 9/63 [00:02<00:17,  3.06it/s, loss=0.6932, acc=47.92%, img/s=97.6, eta=0.3m]
[36m(ClientAppActor pid=15853)[0m 
Epoch 1/1:  14%|█▍        | 9/63 [00:03<00:17,  3.06it/s, loss=0.7114, acc=49.06%, img/s=97.7, eta=0.3m]
Epoch 1/1:  16%|█▌        | 10/63 [00:03<00:17,  3.06it/s, loss=0.7114, acc=49.06%, img/s=97.7, eta=0.3m]
[36m(ClientAppActor pid=15853)[0m 
Epoch 1/1:  16%|█▌        | 10/63 [00:03<00:17,  3.06it/s, loss=0.7100, acc=49.15%, img/s=97.8, eta=0.3m]
Epoch 1/1:  17%|█▋        | 11/63 [00:03<00:16,  3.07it/s, loss=0.7100, acc=49.15%, img/s=97.8, eta=0.3m]
[36m(ClientAppActor pid=15853)[0m 
Epoch 1/1:  17%|█▋        | 11/63 [00:03<00:16,  3.07it/s, loss=0.6956, acc=49.74%, img/s=97.9, eta=0.3m]
Epoch 1/1:  19%|█▉        | 12/63 [00:03<00:16,  3.08it/s, loss=0.6956, acc=49.74%, img/s=97.9, eta=0.3m]
[36m(ClientAppActor pid=15853)[0m 
Epoch 1/1:  19%|█▉        | 12/63 [00:04<00:16,  3.08it/s, loss=0.6206, acc=50.72%, img/s=97.9, eta=0.3m]
Epoch 1/1:  21%|██        | 13/63 [00:04<00:16,  3.07it/s, loss=0.6206, acc=50.72%, img/s=97.9, eta=0.3m]
[36m(ClientAppActor pid=15853)[0m 
Epoch 1/1:  21%|██        | 13/63 [00:04<00:16,  3.07it/s, loss=0.8124, acc=49.55%, img/s=97.9, eta=0.3m]
Epoch 1/1:  22%|██▏       | 14/63 [00:04<00:15,  3.07it/s, loss=0.8124, acc=49.55%, img/s=97.9, eta=0.3m]
[36m(ClientAppActor pid=15853)[0m 
Epoch 1/1:  22%|██▏       | 14/63 [00:04<00:15,  3.07it/s, loss=0.6949, acc=49.79%, img/s=98.0, eta=0.3m]
Epoch 1/1:  24%|██▍       | 15/63 [00:04<00:15,  3.08it/s, loss=0.6949, acc=49.79%, img/s=98.0, eta=0.3m]
[36m(ClientAppActor pid=15853)[0m 
Epoch 1/1:  24%|██▍       | 15/63 [00:05<00:15,  3.08it/s, loss=0.6941, acc=49.41%, img/s=98.0, eta=0.3m]
Epoch 1/1:  25%|██▌       | 16/63 [00:05<00:15,  3.07it/s, loss=0.6941, acc=49.41%, img/s=98.0, eta=0.3m]
[36m(ClientAppActor pid=15853)[0m 
Epoch 1/1:  25%|██▌       | 16/63 [00:05<00:15,  3.07it/s, loss=0.7201, acc=49.45%, img/s=98.0, eta=0.3m]
Epoch 1/1:  27%|██▋       | 17/63 [00:05<00:14,  3.08it/s, loss=0.7201, acc=49.45%, img/s=98.0, eta=0.3m]
[36m(ClientAppActor pid=15853)[0m 
Epoch 1/1:  27%|██▋       | 17/63 [00:05<00:14,  3.08it/s, loss=0.7455, acc=49.65%, img/s=98.1, eta=0.2m]
Epoch 1/1:  29%|██▊       | 18/63 [00:05<00:14,  3.08it/s, loss=0.7455, acc=49.65%, img/s=98.1, eta=0.2m]
[36m(ClientAppActor pid=15853)[0m 
Epoch 1/1:  29%|██▊       | 18/63 [00:06<00:14,  3.08it/s, loss=0.6562, acc=50.33%, img/s=98.1, eta=0.2m]
Epoch 1/1:  30%|███       | 19/63 [00:06<00:14,  3.08it/s, loss=0.6562, acc=50.33%, img/s=98.1, eta=0.2m]
[36m(ClientAppActor pid=15853)[0m 
Epoch 1/1:  30%|███       | 19/63 [00:06<00:14,  3.08it/s, loss=0.8010, acc=50.00%, img/s=98.1, eta=0.2m]
Epoch 1/1:  32%|███▏      | 20/63 [00:06<00:14,  3.07it/s, loss=0.8010, acc=50.00%, img/s=98.1, eta=0.2m]
[36m(ClientAppActor pid=15853)[0m 
Epoch 1/1:  32%|███▏      | 20/63 [00:06<00:14,  3.07it/s, loss=0.7899, acc=49.70%, img/s=98.1, eta=0.2m]
Epoch 1/1:  33%|███▎      | 21/63 [00:06<00:13,  3.08it/s, loss=0.7899, acc=49.70%, img/s=98.1, eta=0.2m]
[36m(ClientAppActor pid=15853)[0m 
Epoch 1/1:  33%|███▎      | 21/63 [00:07<00:13,  3.08it/s, loss=0.7884, acc=49.15%, img/s=98.1, eta=0.2m]
Epoch 1/1:  35%|███▍      | 22/63 [00:07<00:13,  3.07it/s, loss=0.7884, acc=49.15%, img/s=98.1, eta=0.2m]
[36m(ClientAppActor pid=15853)[0m 
Epoch 1/1:  35%|███▍      | 22/63 [00:07<00:13,  3.07it/s, loss=0.7071, acc=49.18%, img/s=98.1, eta=0.2m]
Epoch 1/1:  37%|███▋      | 23/63 [00:07<00:13,  3.06it/s, loss=0.7071, acc=49.18%, img/s=98.1, eta=0.2m]
[36m(ClientAppActor pid=15853)[0m 
Epoch 1/1:  37%|███▋      | 23/63 [00:07<00:13,  3.06it/s, loss=0.6929, acc=49.48%, img/s=98.1, eta=0.2m]
Epoch 1/1:  38%|███▊      | 24/63 [00:07<00:12,  3.07it/s, loss=0.6929, acc=49.48%, img/s=98.1, eta=0.2m]
[36m(ClientAppActor pid=15853)[0m 
Epoch 1/1:  38%|███▊      | 24/63 [00:08<00:12,  3.07it/s, loss=0.6523, acc=49.75%, img/s=98.0, eta=0.2m]
Epoch 1/1:  40%|███▉      | 25/63 [00:08<00:12,  3.06it/s, loss=0.6523, acc=49.75%, img/s=98.0, eta=0.2m]
[36m(ClientAppActor pid=15853)[0m 
Epoch 1/1:  40%|███▉      | 25/63 [00:08<00:12,  3.06it/s, loss=0.7295, acc=49.64%, img/s=98.1, eta=0.2m]
Epoch 1/1:  41%|████▏     | 26/63 [00:08<00:12,  3.06it/s, loss=0.7295, acc=49.64%, img/s=98.1, eta=0.2m]
[36m(ClientAppActor pid=15853)[0m 
Epoch 1/1:  41%|████▏     | 26/63 [00:08<00:12,  3.06it/s, loss=0.7076, acc=49.77%, img/s=98.0, eta=0.2m]
Epoch 1/1:  43%|████▎     | 27/63 [00:08<00:11,  3.06it/s, loss=0.7076, acc=49.77%, img/s=98.0, eta=0.2m]
[36m(ClientAppActor pid=15853)[0m 
Epoch 1/1:  43%|████▎     | 27/63 [00:09<00:11,  3.06it/s, loss=0.6797, acc=50.11%, img/s=98.0, eta=0.2m]
Epoch 1/1:  44%|████▍     | 28/63 [00:09<00:11,  3.06it/s, loss=0.6797, acc=50.11%, img/s=98.0, eta=0.2m]
[36m(ClientAppActor pid=15853)[0m 
Epoch 1/1:  44%|████▍     | 28/63 [00:09<00:11,  3.06it/s, loss=0.7723, acc=49.89%, img/s=98.1, eta=0.2m]
Epoch 1/1:  46%|████▌     | 29/63 [00:09<00:11,  3.07it/s, loss=0.7723, acc=49.89%, img/s=98.1, eta=0.2m]
[36m(ClientAppActor pid=15853)[0m 
Epoch 1/1:  46%|████▌     | 29/63 [00:09<00:11,  3.07it/s, loss=0.7363, acc=49.79%, img/s=98.0, eta=0.2m]
Epoch 1/1:  48%|████▊     | 30/63 [00:09<00:10,  3.05it/s, loss=0.7363, acc=49.79%, img/s=98.0, eta=0.2m]
[36m(ClientAppActor pid=15853)[0m 
Epoch 1/1:  48%|████▊     | 30/63 [00:10<00:10,  3.05it/s, loss=0.7047, acc=49.60%, img/s=98.0, eta=0.2m]
Epoch 1/1:  49%|████▉     | 31/63 [00:10<00:10,  3.05it/s, loss=0.7047, acc=49.60%, img/s=98.0, eta=0.2m]
[36m(ClientAppActor pid=15853)[0m 
Epoch 1/1:  49%|████▉     | 31/63 [00:10<00:10,  3.05it/s, loss=0.6772, acc=50.00%, img/s=98.0, eta=0.2m]
Epoch 1/1:  51%|█████     | 32/63 [00:10<00:10,  3.04it/s, loss=0.6772, acc=50.00%, img/s=98.0, eta=0.2m]
[36m(ClientAppActor pid=15853)[0m 
Epoch 1/1:  51%|█████     | 32/63 [00:10<00:10,  3.04it/s, loss=0.6799, acc=50.19%, img/s=98.0, eta=0.2m]
Epoch 1/1:  52%|█████▏    | 33/63 [00:10<00:09,  3.06it/s, loss=0.6799, acc=50.19%, img/s=98.0, eta=0.2m]
[36m(ClientAppActor pid=15853)[0m 
Epoch 1/1:  52%|█████▏    | 33/63 [00:11<00:09,  3.06it/s, loss=0.6828, acc=50.18%, img/s=98.0, eta=0.2m]
Epoch 1/1:  54%|█████▍    | 34/63 [00:11<00:09,  3.06it/s, loss=0.6828, acc=50.18%, img/s=98.0, eta=0.2m]
[36m(ClientAppActor pid=15853)[0m 
Epoch 1/1:  54%|█████▍    | 34/63 [00:11<00:09,  3.06it/s, loss=0.7382, acc=49.91%, img/s=98.0, eta=0.2m]
Epoch 1/1:  56%|█████▌    | 35/63 [00:11<00:09,  3.06it/s, loss=0.7382, acc=49.91%, img/s=98.0, eta=0.2m]
[36m(ClientAppActor pid=15853)[0m 
Epoch 1/1:  56%|█████▌    | 35/63 [00:11<00:09,  3.06it/s, loss=0.7013, acc=50.26%, img/s=98.0, eta=0.1m]
Epoch 1/1:  57%|█████▋    | 36/63 [00:11<00:08,  3.06it/s, loss=0.7013, acc=50.26%, img/s=98.0, eta=0.1m]
[36m(ClientAppActor pid=15853)[0m 
Epoch 1/1:  57%|█████▋    | 36/63 [00:12<00:08,  3.06it/s, loss=0.6880, acc=50.59%, img/s=98.0, eta=0.1m]
Epoch 1/1:  59%|█████▊    | 37/63 [00:12<00:08,  3.06it/s, loss=0.6880, acc=50.59%, img/s=98.0, eta=0.1m]
[36m(ClientAppActor pid=15853)[0m 
Epoch 1/1:  59%|█████▊    | 37/63 [00:12<00:08,  3.06it/s, loss=0.6795, acc=50.74%, img/s=98.0, eta=0.1m]
Epoch 1/1:  60%|██████    | 38/63 [00:12<00:08,  3.06it/s, loss=0.6795, acc=50.74%, img/s=98.0, eta=0.1m]
[36m(ClientAppActor pid=15853)[0m 
Epoch 1/1:  60%|██████    | 38/63 [00:12<00:08,  3.06it/s, loss=0.7623, acc=50.48%, img/s=98.0, eta=0.1m]
Epoch 1/1:  62%|██████▏   | 39/63 [00:12<00:07,  3.06it/s, loss=0.7623, acc=50.48%, img/s=98.0, eta=0.1m]
[36m(ClientAppActor pid=15853)[0m 
Epoch 1/1:  62%|██████▏   | 39/63 [00:13<00:07,  3.06it/s, loss=0.7854, acc=50.16%, img/s=98.0, eta=0.1m]
Epoch 1/1:  63%|██████▎   | 40/63 [00:13<00:07,  3.06it/s, loss=0.7854, acc=50.16%, img/s=98.0, eta=0.1m]
[36m(ClientAppActor pid=15853)[0m 
Epoch 1/1:  63%|██████▎   | 40/63 [00:13<00:07,  3.06it/s, loss=0.6805, acc=50.30%, img/s=98.0, eta=0.1m]
Epoch 1/1:  65%|██████▌   | 41/63 [00:13<00:07,  3.07it/s, loss=0.6805, acc=50.30%, img/s=98.0, eta=0.1m]
[36m(ClientAppActor pid=15853)[0m 
Epoch 1/1:  65%|██████▌   | 41/63 [00:13<00:07,  3.07it/s, loss=0.6641, acc=50.60%, img/s=98.0, eta=0.1m]
Epoch 1/1:  67%|██████▋   | 42/63 [00:13<00:06,  3.07it/s, loss=0.6641, acc=50.60%, img/s=98.0, eta=0.1m]
[36m(ClientAppActor pid=15853)[0m 
Epoch 1/1:  67%|██████▋   | 42/63 [00:14<00:06,  3.07it/s, loss=0.7130, acc=50.44%, img/s=98.0, eta=0.1m]
Epoch 1/1:  68%|██████▊   | 43/63 [00:14<00:06,  3.07it/s, loss=0.7130, acc=50.44%, img/s=98.0, eta=0.1m]
[36m(ClientAppActor pid=15853)[0m 
Epoch 1/1:  68%|██████▊   | 43/63 [00:14<00:06,  3.07it/s, loss=0.6746, acc=50.64%, img/s=98.0, eta=0.1m]
Epoch 1/1:  70%|██████▉   | 44/63 [00:14<00:06,  3.07it/s, loss=0.6746, acc=50.64%, img/s=98.0, eta=0.1m]
[36m(ClientAppActor pid=15853)[0m 
Epoch 1/1:  70%|██████▉   | 44/63 [00:14<00:06,  3.07it/s, loss=0.6758, acc=50.83%, img/s=98.0, eta=0.1m]
Epoch 1/1:  71%|███████▏  | 45/63 [00:14<00:05,  3.08it/s, loss=0.6758, acc=50.83%, img/s=98.0, eta=0.1m]
[36m(ClientAppActor pid=15853)[0m 
Epoch 1/1:  71%|███████▏  | 45/63 [00:15<00:05,  3.08it/s, loss=0.6901, acc=51.15%, img/s=98.0, eta=0.1m]
Epoch 1/1:  73%|███████▎  | 46/63 [00:15<00:05,  3.06it/s, loss=0.6901, acc=51.15%, img/s=98.0, eta=0.1m]
[36m(ClientAppActor pid=15853)[0m 
Epoch 1/1:  73%|███████▎  | 46/63 [00:15<00:05,  3.06it/s, loss=0.6621, acc=51.60%, img/s=98.0, eta=0.1m]
Epoch 1/1:  75%|███████▍  | 47/63 [00:15<00:05,  3.05it/s, loss=0.6621, acc=51.60%, img/s=98.0, eta=0.1m]
[36m(ClientAppActor pid=15853)[0m 
Epoch 1/1:  75%|███████▍  | 47/63 [00:15<00:05,  3.05it/s, loss=0.7090, acc=51.37%, img/s=98.0, eta=0.1m]
Epoch 1/1:  76%|███████▌  | 48/63 [00:15<00:04,  3.04it/s, loss=0.7090, acc=51.37%, img/s=98.0, eta=0.1m]
[36m(ClientAppActor pid=15853)[0m 
Epoch 1/1:  76%|███████▌  | 48/63 [00:16<00:04,  3.04it/s, loss=0.7043, acc=51.47%, img/s=97.8, eta=0.1m]
Epoch 1/1:  78%|███████▊  | 49/63 [00:16<00:04,  2.99it/s, loss=0.7043, acc=51.47%, img/s=97.8, eta=0.1m]
[36m(ClientAppActor pid=15853)[0m 
Epoch 1/1:  78%|███████▊  | 49/63 [00:16<00:04,  2.99it/s, loss=0.7002, acc=51.56%, img/s=97.7, eta=0.1m]
Epoch 1/1:  79%|███████▉  | 50/63 [00:16<00:04,  2.96it/s, loss=0.7002, acc=51.56%, img/s=97.7, eta=0.1m]
[36m(ClientAppActor pid=15853)[0m 
Epoch 1/1:  79%|███████▉  | 50/63 [00:16<00:04,  2.96it/s, loss=0.6743, acc=51.72%, img/s=97.6, eta=0.1m]
Epoch 1/1:  81%|████████  | 51/63 [00:16<00:04,  2.91it/s, loss=0.6743, acc=51.72%, img/s=97.6, eta=0.1m]
[36m(ClientAppActor pid=15853)[0m 
Epoch 1/1:  81%|████████  | 51/63 [00:17<00:04,  2.91it/s, loss=0.6862, acc=51.92%, img/s=97.5, eta=0.1m]
Epoch 1/1:  83%|████████▎ | 52/63 [00:17<00:03,  2.91it/s, loss=0.6862, acc=51.92%, img/s=97.5, eta=0.1m]
[36m(ClientAppActor pid=15853)[0m 
Epoch 1/1:  83%|████████▎ | 52/63 [00:17<00:03,  2.91it/s, loss=0.7163, acc=51.71%, img/s=97.4, eta=0.1m]
Epoch 1/1:  84%|████████▍ | 53/63 [00:17<00:03,  2.90it/s, loss=0.7163, acc=51.71%, img/s=97.4, eta=0.1m]
[36m(ClientAppActor pid=15853)[0m 
Epoch 1/1:  84%|████████▍ | 53/63 [00:17<00:03,  2.90it/s, loss=0.7117, acc=51.56%, img/s=97.2, eta=0.0m]
Epoch 1/1:  86%|████████▌ | 54/63 [00:17<00:03,  2.89it/s, loss=0.7117, acc=51.56%, img/s=97.2, eta=0.0m]
[36m(ClientAppActor pid=15853)[0m 
Epoch 1/1:  86%|████████▌ | 54/63 [00:18<00:03,  2.89it/s, loss=0.6673, acc=51.76%, img/s=97.3, eta=0.0m]
Epoch 1/1:  87%|████████▋ | 55/63 [00:18<00:02,  2.94it/s, loss=0.6673, acc=51.76%, img/s=97.3, eta=0.0m]
[36m(ClientAppActor pid=15853)[0m 
Epoch 1/1:  87%|████████▋ | 55/63 [00:18<00:02,  2.94it/s, loss=0.7052, acc=51.84%, img/s=97.2, eta=0.0m]
Epoch 1/1:  89%|████████▉ | 56/63 [00:18<00:02,  2.96it/s, loss=0.7052, acc=51.84%, img/s=97.2, eta=0.0m]
[36m(ClientAppActor pid=15853)[0m 
Epoch 1/1:  89%|████████▉ | 56/63 [00:18<00:02,  2.96it/s, loss=0.6911, acc=51.86%, img/s=97.3, eta=0.0m]
Epoch 1/1:  90%|█████████ | 57/63 [00:18<00:02,  2.99it/s, loss=0.6911, acc=51.86%, img/s=97.3, eta=0.0m]
[36m(ClientAppActor pid=15853)[0m 
Epoch 1/1:  90%|█████████ | 57/63 [00:19<00:02,  2.99it/s, loss=0.6597, acc=52.05%, img/s=97.2, eta=0.0m]
Epoch 1/1:  92%|█████████▏| 58/63 [00:19<00:01,  3.00it/s, loss=0.6597, acc=52.05%, img/s=97.2, eta=0.0m]
[36m(ClientAppActor pid=15853)[0m 
Epoch 1/1:  92%|█████████▏| 58/63 [00:19<00:01,  3.00it/s, loss=0.6453, acc=52.28%, img/s=97.3, eta=0.0m]
Epoch 1/1:  94%|█████████▎| 59/63 [00:19<00:01,  3.02it/s, loss=0.6453, acc=52.28%, img/s=97.3, eta=0.0m]
[36m(ClientAppActor pid=15853)[0m 
Epoch 1/1:  94%|█████████▎| 59/63 [00:19<00:01,  3.02it/s, loss=0.6923, acc=52.24%, img/s=97.3, eta=0.0m]
Epoch 1/1:  95%|█████████▌| 60/63 [00:19<00:00,  3.03it/s, loss=0.6923, acc=52.24%, img/s=97.3, eta=0.0m]
[36m(ClientAppActor pid=15853)[0m 
Epoch 1/1:  95%|█████████▌| 60/63 [00:20<00:00,  3.03it/s, loss=0.7072, acc=52.31%, img/s=97.2, eta=0.0m]
Epoch 1/1:  97%|█████████▋| 61/63 [00:20<00:00,  3.00it/s, loss=0.7072, acc=52.31%, img/s=97.2, eta=0.0m]
[36m(ClientAppActor pid=15853)[0m 
Epoch 1/1:  97%|█████████▋| 61/63 [00:20<00:00,  3.00it/s, loss=0.8458, acc=52.02%, img/s=97.2, eta=0.0m]
Epoch 1/1:  98%|█████████▊| 62/63 [00:20<00:00,  2.99it/s, loss=0.8458, acc=52.02%, img/s=97.2, eta=0.0m]
[36m(ClientAppActor pid=15853)[0m 
Epoch 1/1:  98%|█████████▊| 62/63 [00:20<00:00,  2.99it/s, loss=0.8354, acc=51.90%, img/s=49.0, eta=0.0m]
Epoch 1/1: 100%|██████████| 63/63 [00:20<00:00,  3.51it/s, loss=0.8354, acc=51.90%, img/s=49.0, eta=0.0m]
Epoch 1/1: 100%|██████████| 63/63 [00:20<00:00,  3.06it/s, loss=0.8354, acc=51.90%, img/s=49.0, eta=0.0m]
[36m(ClientAppActor pid=15853)[0m Val  : Counter({0: 60, 1: 40})
[36m(ClientAppActor pid=15853)[0m Test : Counter({0: 51, 1: 49})
[36m(ClientAppActor pid=15853)[0m Client 2
[36m(ClientAppActor pid=15853)[0m Train Images: 2000
[36m(ClientAppActor pid=15853)[0m Test Images : 100
[36m(ClientAppActor pid=15853)[0m Validate Images : 100
[36m(ClientAppActor pid=15853)[0m 
[36m(ClientAppActor pid=15853)[0m CLIENT 2 STARTING EVALUATION
[36m(ClientAppActor pid=15853)[0m Client 2 received class memories
[36m(ClientAppActor pid=15853)[0m Real memory norm=0.9022
[36m(ClientAppActor pid=15853)[0m Fake memory norm=0.8998
[36m(ClientAppActor pid=15853)[0m Artifact bias shape: torch.Size([32, 8, 197, 197])
[36m(ClientAppActor pid=15853)[0m Accuracy: 0.4900
[36m(ClientAppActor pid=15853)[0m 
[36m(ClientAppActor pid=15853)[0m CLIENT 2 EVALUATION COMPLETE
[36m(ClientAppActor pid=15853)[0m Client 1 using cuda
[36m(ClientAppActor pid=15853)[0m {'fake': 0, 'real': 1}
[36m(ClientAppActor pid=15853)[0m [DEBUG MODE] Train=2000, Val=100, Test=100
[36m(ClientAppActor pid=15853)[0m 
[36m(ClientAppActor pid=15853)[0m Client 1 Class Distribution
[36m(ClientAppActor pid=15853)[0m Train: Counter({1: 1011, 0: 989})
[36m(ClientAppActor pid=15853)[0m Val  : Counter({0: 55, 1: 45})
[36m(ClientAppActor pid=15853)[0m Test : Counter({0: 53, 1: 47})
[36m(ClientAppActor pid=15853)[0m Client 1
[36m(ClientAppActor pid=15853)[0m Train Images: 2000
[36m(ClientAppActor pid=15853)[0m Test Images : 100
[36m(ClientAppActor pid=15853)[0m Validate Images : 100
[36m(ClientAppActor pid=15853)[0m 
[36m(ClientAppActor pid=15853)[0m CLIENT 1 STARTING EVALUATION
[36m(ClientAppActor pid=15853)[0m Client 1 received class memories
[36m(ClientAppActor pid=15853)[0m Real memory norm=0.9022
[36m(ClientAppActor pid=15853)[0m Fake memory norm=0.8998
[36m(ClientAppActor pid=15853)[0m Artifact bias shape: torch.Size([32, 8, 197, 197])
[36m(ClientAppActor pid=15853)[0m Accuracy: 0.4700
[36m(ClientAppActor pid=15853)[0m 
[36m(ClientAppActor pid=15853)[0m CLIENT 1 EVALUATION COMPLETE
[36m(ClientAppActor pid=15853)[0m Client 5 using cuda
[36m(ClientAppActor pid=15853)[0m {'fake': 0, 'real': 1}
[36m(ClientAppActor pid=15853)[0m [DEBUG MODE] Train=2000, Val=100, Test=100
[36m(ClientAppActor pid=15853)[0m 
[36m(ClientAppActor pid=15853)[0m Client 5 Class Distribution
[36m(ClientAppActor pid=15853)[0m Train: Counter({0: 1014, 1: 986})
[36m(ClientAppActor pid=15853)[0m Val  : Counter({0: 56, 1: 44})
[36m(ClientAppActor pid=15853)[0m Test : Counter({0: 51, 1: 49})
[36m(ClientAppActor pid=15853)[0m Client 5
[36m(ClientAppActor pid=15853)[0m Train Images: 2000
[36m(ClientAppActor pid=15853)[0m Test Images : 100
[36m(ClientAppActor pid=15853)[0m Validate Images : 100
[36m(ClientAppActor pid=15853)[0m 
[36m(ClientAppActor pid=15853)[0m CLIENT 5 STARTING EVALUATION
[36m(ClientAppActor pid=15853)[0m Client 5 received class memories
[36m(ClientAppActor pid=15853)[0m Real memory norm=0.9022
[36m(ClientAppActor pid=15853)[0m Fake memory norm=0.8998
[36m(ClientAppActor pid=15853)[0m Artifact bias shape: torch.Size([32, 8, 197, 197])
[36m(ClientAppActor pid=15853)[0m Accuracy: 0.5000
[36m(ClientAppActor pid=15853)[0m 
[36m(ClientAppActor pid=15853)[0m CLIENT 5 EVALUATION COMPLETE
[36m(ClientAppActor pid=15853)[0m Client 5 using cuda
[36m(ClientAppActor pid=15853)[0m {'fake': 0, 'real': 1}
[36m(ClientAppActor pid=15853)[0m [DEBUG MODE] Train=2000, Val=100, Test=100
[36m(ClientAppActor pid=15853)[0m 
[36m(ClientAppActor pid=15853)[0m Client 5 Class Distribution
[36m(ClientAppActor pid=15853)[0m Train: Counter({0: 1014, 1: 986})
[36m(ClientAppActor pid=15853)[0m Val  : Counter({0: 56, 1: 44})
[36m(ClientAppActor pid=15853)[0m Test : Counter({0: 51, 1: 49})
[36m(ClientAppActor pid=15853)[0m Client 5
[36m(ClientAppActor pid=15853)[0m Train Images: 2000
[36m(ClientAppActor pid=15853)[0m Test Images : 100
[36m(ClientAppActor pid=15853)[0m Validate Images : 100
[36m(ClientAppActor pid=15853)[0m Client 5 starting fit...
[36m(ClientAppActor pid=15853)[0m Client 5 received class memories
[36m(ClientAppActor pid=15853)[0m Real memory norm=0.9022
[36m(ClientAppActor pid=15853)[0m Fake memory norm=0.8998
[36m(ClientAppActor pid=15853)[0m Client 5 starting training...
[36m(ClientAppActor pid=15853)[0m START classifier norm: 13.072169303894043
[36m(ClientAppActor pid=15853)[0m Artifact bias shape: torch.Size([32, 8, 197, 197])
[36m(ClientAppActor pid=15853)[0m 
[36m(ClientAppActor pid=15853)[0m Batch 0/63
[36m(ClientAppActor pid=15853)[0m GPU Allocated: 2.25 GB
[36m(ClientAppActor pid=15853)[0m GPU Reserved : 4.95 GB
[36m(ClientAppActor pid=15853)[0m 
[36m(ClientAppActor pid=15853)[0m ==================================================
[36m(ClientAppActor pid=15853)[0m Epoch 1 Complete
[36m(ClientAppActor pid=15853)[0m Average Loss : 0.7074
[36m(ClientAppActor pid=15853)[0m Accuracy     : 50.15%
[36m(ClientAppActor pid=15853)[0m Time         : 20.68s
[36m(ClientAppActor pid=15853)[0m Images       : 2000
[36m(ClientAppActor pid=15853)[0m Images/sec   : 96.69
[36m(ClientAppActor pid=15853)[0m GPU Allocated: 2.25 GB
[36m(ClientAppActor pid=15853)[0m GPU Reserved : 5.42 GB
[36m(ClientAppActor pid=15853)[0m ==================================================
[36m(ClientAppActor pid=15853)[0m END classifier norm: 13.070507049560547
[36m(ClientAppActor pid=15853)[0m Client 5 finished training
[36m(ClientAppActor pid=15853)[0m Client 5 extracting parameters...
[36m(ClientAppActor pid=15853)[0m Client 5 parameter extraction complete
[36m(ClientAppActor pid=15853)[0m Client 5 returning results
[36m(ClientAppActor pid=15853)[0m Client 1 using cuda
[36m(ClientAppActor pid=15853)[0m {'fake': 0, 'real': 1}
[36m(ClientAppActor pid=15853)[0m [DEBUG MODE] Train=2000, Val=100, Test=100
[36m(ClientAppActor pid=15853)[0m 
[36m(ClientAppActor pid=15853)[0m Client 1 Class Distribution
[36m(ClientAppActor pid=15853)[0m Train: Counter({1: 1011, 0: 989})
[36m(ClientAppActor pid=15853)[0m Val  : Counter({0: 55, 1: 45})
[36m(ClientAppActor pid=15853)[0m Test : Counter({0: 53, 1: 47})
[36m(ClientAppActor pid=15853)[0m Client 1
[36m(ClientAppActor pid=15853)[0m Train Images: 2000
[36m(ClientAppActor pid=15853)[0m Test Images : 100
[36m(ClientAppActor pid=15853)[0m Validate Images : 100
[36m(ClientAppActor pid=15853)[0m Client 1 starting fit...
[36m(ClientAppActor pid=15853)[0m Client 1 received class memories
[36m(ClientAppActor pid=15853)[0m Real memory norm=0.9022
[36m(ClientAppActor pid=15853)[0m Fake memory norm=0.8998
[36m(ClientAppActor pid=15853)[0m Client 1 starting training...
[36m(ClientAppActor pid=15853)[0m START classifier norm: 13.072169303894043
[36m(ClientAppActor pid=15853)[0m Artifact bias shape: torch.Size([32, 8, 197, 197])
[36m(ClientAppActor pid=15853)[0m 
[36m(ClientAppActor pid=15853)[0m Batch 0/63
[36m(ClientAppActor pid=15853)[0m GPU Allocated: 2.25 GB
[36m(ClientAppActor pid=15853)[0m GPU Reserved : 5.42 GB
[36m(ClientAppActor pid=15853)[0m 
[36m(ClientAppActor pid=15853)[0m ==================================================
[36m(ClientAppActor pid=15853)[0m Epoch 1 Complete
[36m(ClientAppActor pid=15853)[0m Average Loss : 0.7124
[36m(ClientAppActor pid=15853)[0m Accuracy     : 51.90%
[36m(ClientAppActor pid=15853)[0m Time         : 20.59s
[36m(ClientAppActor pid=15853)[0m Images       : 2000
[36m(ClientAppActor pid=15853)[0m Images/sec   : 97.15
[36m(ClientAppActor pid=15853)[0m GPU Allocated: 2.25 GB
[36m(ClientAppActor pid=15853)[0m GPU Reserved : 5.42 GB
[36m(ClientAppActor pid=15853)[0m ==================================================
[36m(ClientAppActor pid=15853)[0m END classifier norm: 13.069311141967773
[36m(ClientAppActor pid=15853)[0m Client 1 finished training
[36m(ClientAppActor pid=15853)[0m Client 1 extracting parameters...
[36m(ClientAppActor pid=15853)[0m Client 1 parameter extraction complete
[36m(ClientAppActor pid=15853)[0m Client 1 returning results
[36m(ClientAppActor pid=15853)[0m 
Epoch 1/1:   0%|          | 0/63 [00:00<?, ?it/s]
[36m(ClientAppActor pid=15853)[0m 
Epoch 1/1:   0%|          | 0/63 [00:00<?, ?it/s, loss=0.6762, acc=68.75%, img/s=96.1, eta=0.3m]
Epoch 1/1:   2%|▏         | 1/63 [00:00<00:20,  3.00it/s, loss=0.6762, acc=68.75%, img/s=96.1, eta=0.3m]
[36m(ClientAppActor pid=15853)[0m 
Epoch 1/1:   2%|▏         | 1/63 [00:00<00:20,  3.00it/s, loss=0.7204, acc=57.81%, img/s=97.2, eta=0.3m]
Epoch 1/1:   3%|▎         | 2/63 [00:00<00:20,  3.04it/s, loss=0.7204, acc=57.81%, img/s=97.2, eta=0.3m]
[36m(ClientAppActor pid=15853)[0m 
Epoch 1/1:   3%|▎         | 2/63 [00:00<00:20,  3.04it/s, loss=0.6865, acc=59.38%, img/s=97.5, eta=0.3m]
Epoch 1/1:   5%|▍         | 3/63 [00:00<00:19,  3.05it/s, loss=0.6865, acc=59.38%, img/s=97.5, eta=0.3m]
[36m(ClientAppActor pid=15853)[0m 
Epoch 1/1:   5%|▍         | 3/63 [00:01<00:19,  3.05it/s, loss=0.7427, acc=53.91%, img/s=97.4, eta=0.3m]
Epoch 1/1:   6%|▋         | 4/63 [00:01<00:19,  3.05it/s, loss=0.7427, acc=53.91%, img/s=97.4, eta=0.3m]
[36m(ClientAppActor pid=15853)[0m 
Epoch 1/1:   6%|▋         | 4/63 [00:01<00:19,  3.05it/s, loss=0.6918, acc=54.38%, img/s=96.4, eta=0.3m]
Epoch 1/1:   8%|▊         | 5/63 [00:01<00:19,  2.99it/s, loss=0.6918, acc=54.38%, img/s=96.4, eta=0.3m]
[36m(ClientAppActor pid=15853)[0m 
Epoch 1/1:   8%|▊         | 5/63 [00:02<00:19,  2.99it/s, loss=0.7004, acc=52.08%, img/s=95.7, eta=0.3m]
Epoch 1/1:  10%|▉         | 6/63 [00:02<00:19,  2.95it/s, loss=0.7004, acc=52.08%, img/s=95.7, eta=0.3m]
[36m(ClientAppActor pid=15853)[0m 
Epoch 1/1:  10%|▉         | 6/63 [00:02<00:19,  2.95it/s, loss=0.7352, acc=49.55%, img/s=95.3, eta=0.3m]
Epoch 1/1:  11%|█         | 7/63 [00:02<00:19,  2.94it/s, loss=0.7352, acc=49.55%, img/s=95.3, eta=0.3m]
[36m(ClientAppActor pid=15853)[0m 
Epoch 1/1:  11%|█         | 7/63 [00:02<00:19,  2.94it/s, loss=0.6893, acc=50.00%, img/s=95.6, eta=0.3m]
Epoch 1/1:  13%|█▎        | 8/63 [00:02<00:18,  2.98it/s, loss=0.6893, acc=50.00%, img/s=95.6, eta=0.3m]
[36m(ClientAppActor pid=15853)[0m 
Epoch 1/1:  13%|█▎        | 8/63 [00:03<00:18,  2.98it/s, loss=0.6654, acc=50.69%, img/s=95.6, eta=0.3m]
Epoch 1/1:  14%|█▍        | 9/63 [00:03<00:18,  2.98it/s, loss=0.6654, acc=50.69%, img/s=95.6, eta=0.3m]
[36m(ClientAppActor pid=15853)[0m 
Epoch 1/1:  14%|█▍        | 9/63 [00:03<00:18,  2.98it/s, loss=0.6956, acc=50.94%, img/s=95.9, eta=0.3m]
Epoch 1/1:  16%|█▌        | 10/63 [00:03<00:17,  3.01it/s, loss=0.6956, acc=50.94%, img/s=95.9, eta=0.3m]
[36m(ClientAppActor pid=15853)[0m 
Epoch 1/1:  16%|█▌        | 10/63 [00:03<00:17,  3.01it/s, loss=0.6159, acc=52.84%, img/s=96.1, eta=0.3m]
Epoch 1/1:  17%|█▋        | 11/63 [00:03<00:17,  3.03it/s, loss=0.6159, acc=52.84%, img/s=96.1, eta=0.3m]
[36m(ClientAppActor pid=15853)[0m 
Epoch 1/1:  17%|█▋        | 11/63 [00:03<00:17,  3.03it/s, loss=0.6726, acc=52.60%, img/s=96.3, eta=0.3m]
Epoch 1/1:  19%|█▉        | 12/63 [00:03<00:16,  3.04it/s, loss=0.6726, acc=52.60%, img/s=96.3, eta=0.3m]
[36m(ClientAppActor pid=15853)[0m 
Epoch 1/1:  19%|█▉        | 12/63 [00:04<00:16,  3.04it/s, loss=0.7542, acc=51.92%, img/s=96.5, eta=0.3m]
Epoch 1/1:  21%|██        | 13/63 [00:04<00:16,  3.06it/s, loss=0.7542, acc=51.92%, img/s=96.5, eta=0.3m]
[36m(ClientAppActor pid=15853)[0m 
Epoch 1/1:  21%|██        | 13/63 [00:04<00:16,  3.06it/s, loss=0.7291, acc=51.12%, img/s=97.4, eta=0.3m]
Epoch 1/1:  22%|██▏       | 14/63 [00:04<00:15,  3.16it/s, loss=0.7291, acc=51.12%, img/s=97.4, eta=0.3m]
[36m(ClientAppActor pid=15853)[0m 
Epoch 1/1:  22%|██▏       | 14/63 [00:04<00:15,  3.16it/s, loss=0.7079, acc=50.62%, img/s=97.4, eta=0.3m]
Epoch 1/1:  24%|██▍       | 15/63 [00:04<00:15,  3.14it/s, loss=0.7079, acc=50.62%, img/s=97.4, eta=0.3m]
[36m(ClientAppActor pid=15853)[0m 
Epoch 1/1:  24%|██▍       | 15/63 [00:05<00:15,  3.14it/s, loss=0.7088, acc=50.00%, img/s=97.5, eta=0.3m]
Epoch 1/1:  25%|██▌       | 16/63 [00:05<00:15,  3.12it/s, loss=0.7088, acc=50.00%, img/s=97.5, eta=0.3m]
[36m(ClientAppActor pid=15853)[0m 
Epoch 1/1:  25%|██▌       | 16/63 [00:05<00:15,  3.12it/s, loss=0.6661, acc=50.92%, img/s=97.6, eta=0.3m]
Epoch 1/1:  27%|██▋       | 17/63 [00:05<00:14,  3.11it/s, loss=0.6661, acc=50.92%, img/s=97.6, eta=0.3m]
[36m(ClientAppActor pid=15853)[0m 
Epoch 1/1:  27%|██▋       | 17/63 [00:05<00:14,  3.11it/s, loss=0.7317, acc=51.04%, img/s=97.3, eta=0.2m]
Epoch 1/1:  29%|██▊       | 18/63 [00:05<00:14,  3.04it/s, loss=0.7317, acc=51.04%, img/s=97.3, eta=0.2m]
[36m(ClientAppActor pid=15853)[0m 
Epoch 1/1:  29%|██▊       | 18/63 [00:06<00:14,  3.04it/s, loss=0.7570, acc=50.33%, img/s=97.1, eta=0.2m]
Epoch 1/1:  30%|███       | 19/63 [00:06<00:14,  3.01it/s, loss=0.7570, acc=50.33%, img/s=97.1, eta=0.2m]
[36m(ClientAppActor pid=15853)[0m 
Epoch 1/1:  30%|███       | 19/63 [00:06<00:14,  3.01it/s, loss=0.7248, acc=50.00%, img/s=97.2, eta=0.2m]
Epoch 1/1:  32%|███▏      | 20/63 [00:06<00:14,  3.03it/s, loss=0.7248, acc=50.00%, img/s=97.2, eta=0.2m]
[36m(ClientAppActor pid=15853)[0m 
Epoch 1/1:  32%|███▏      | 20/63 [00:06<00:14,  3.03it/s, loss=0.6933, acc=50.15%, img/s=97.1, eta=0.2m]
Epoch 1/1:  33%|███▎      | 21/63 [00:06<00:13,  3.02it/s, loss=0.6933, acc=50.15%, img/s=97.1, eta=0.2m]
[36m(ClientAppActor pid=15853)[0m 
Epoch 1/1:  33%|███▎      | 21/63 [00:07<00:13,  3.02it/s, loss=0.6859, acc=50.14%, img/s=97.1, eta=0.2m]
Epoch 1/1:  35%|███▍      | 22/63 [00:07<00:13,  3.03it/s, loss=0.6859, acc=50.14%, img/s=97.1, eta=0.2m]
[36m(ClientAppActor pid=15853)[0m 
Epoch 1/1:  35%|███▍      | 22/63 [00:07<00:13,  3.03it/s, loss=0.6732, acc=50.54%, img/s=97.0, eta=0.2m]
Epoch 1/1:  37%|███▋      | 23/63 [00:07<00:13,  3.01it/s, loss=0.6732, acc=50.54%, img/s=97.0, eta=0.2m]
[36m(ClientAppActor pid=15853)[0m 
Epoch 1/1:  37%|███▋      | 23/63 [00:07<00:13,  3.01it/s, loss=0.7298, acc=50.26%, img/s=97.1, eta=0.2m]
Epoch 1/1:  38%|███▊      | 24/63 [00:07<00:12,  3.03it/s, loss=0.7298, acc=50.26%, img/s=97.1, eta=0.2m]
[36m(ClientAppActor pid=15853)[0m 
Epoch 1/1:  38%|███▊      | 24/63 [00:08<00:12,  3.03it/s, loss=0.7131, acc=50.25%, img/s=97.0, eta=0.2m]
Epoch 1/1:  40%|███▉      | 25/63 [00:08<00:12,  3.00it/s, loss=0.7131, acc=50.25%, img/s=97.0, eta=0.2m]
[36m(ClientAppActor pid=15853)[0m 
Epoch 1/1:  40%|███▉      | 25/63 [00:08<00:12,  3.00it/s, loss=0.6863, acc=50.48%, img/s=97.0, eta=0.2m]
Epoch 1/1:  41%|████▏     | 26/63 [00:08<00:12,  3.02it/s, loss=0.6863, acc=50.48%, img/s=97.0, eta=0.2m]
[36m(ClientAppActor pid=15853)[0m 
Epoch 1/1:  41%|████▏     | 26/63 [00:08<00:12,  3.02it/s, loss=0.7405, acc=50.23%, img/s=96.9, eta=0.2m]
Epoch 1/1:  43%|████▎     | 27/63 [00:08<00:12,  3.00it/s, loss=0.7405, acc=50.23%, img/s=96.9, eta=0.2m]
[36m(ClientAppActor pid=15853)[0m 
Epoch 1/1:  43%|████▎     | 27/63 [00:09<00:12,  3.00it/s, loss=0.7306, acc=50.00%, img/s=96.9, eta=0.2m]
Epoch 1/1:  44%|████▍     | 28/63 [00:09<00:11,  3.02it/s, loss=0.7306, acc=50.00%, img/s=96.9, eta=0.2m]
[36m(ClientAppActor pid=15853)[0m 
Epoch 1/1:  44%|████▍     | 28/63 [00:09<00:11,  3.02it/s, loss=0.7203, acc=50.00%, img/s=97.0, eta=0.2m]
Epoch 1/1:  46%|████▌     | 29/63 [00:09<00:11,  3.04it/s, loss=0.7203, acc=50.00%, img/s=97.0, eta=0.2m]
[36m(ClientAppActor pid=15853)[0m 
Epoch 1/1:  46%|████▌     | 29/63 [00:09<00:11,  3.04it/s, loss=0.7047, acc=50.00%, img/s=97.1, eta=0.2m]
Epoch 1/1:  48%|████▊     | 30/63 [00:09<00:10,  3.06it/s, loss=0.7047, acc=50.00%, img/s=97.1, eta=0.2m]
[36m(ClientAppActor pid=15853)[0m 
Epoch 1/1:  48%|████▊     | 30/63 [00:10<00:10,  3.06it/s, loss=0.7303, acc=49.50%, img/s=97.1, eta=0.2m]
Epoch 1/1:  49%|████▉     | 31/63 [00:10<00:10,  3.07it/s, loss=0.7303, acc=49.50%, img/s=97.1, eta=0.2m]
[36m(ClientAppActor pid=15853)[0m 
Epoch 1/1:  49%|████▉     | 31/63 [00:10<00:10,  3.07it/s, loss=0.7422, acc=49.41%, img/s=97.2, eta=0.2m]
Epoch 1/1:  51%|█████     | 32/63 [00:10<00:10,  3.08it/s, loss=0.7422, acc=49.41%, img/s=97.2, eta=0.2m]
[36m(ClientAppActor pid=15853)[0m 
Epoch 1/1:  51%|█████     | 32/63 [00:10<00:10,  3.08it/s, loss=0.7407, acc=49.34%, img/s=97.3, eta=0.2m]
Epoch 1/1:  52%|█████▏    | 33/63 [00:10<00:09,  3.08it/s, loss=0.7407, acc=49.34%, img/s=97.3, eta=0.2m]
[36m(ClientAppActor pid=15853)[0m 
Epoch 1/1:  52%|█████▏    | 33/63 [00:11<00:09,  3.08it/s, loss=0.7193, acc=49.36%, img/s=97.3, eta=0.2m]
Epoch 1/1:  54%|█████▍    | 34/63 [00:11<00:09,  3.09it/s, loss=0.7193, acc=49.36%, img/s=97.3, eta=0.2m]
[36m(ClientAppActor pid=15853)[0m 
Epoch 1/1:  54%|█████▍    | 34/63 [00:11<00:09,  3.09it/s, loss=0.7399, acc=49.02%, img/s=97.4, eta=0.2m]
Epoch 1/1:  56%|█████▌    | 35/63 [00:11<00:09,  3.09it/s, loss=0.7399, acc=49.02%, img/s=97.4, eta=0.2m]
[36m(ClientAppActor pid=15853)[0m 
Epoch 1/1:  56%|█████▌    | 35/63 [00:11<00:09,  3.09it/s, loss=0.6615, acc=49.65%, img/s=97.4, eta=0.1m]
Epoch 1/1:  57%|█████▋    | 36/63 [00:11<00:08,  3.09it/s, loss=0.6615, acc=49.65%, img/s=97.4, eta=0.1m]
[36m(ClientAppActor pid=15853)[0m 
Epoch 1/1:  57%|█████▋    | 36/63 [00:12<00:08,  3.09it/s, loss=0.7165, acc=49.75%, img/s=97.4, eta=0.1m]
Epoch 1/1:  59%|█████▊    | 37/63 [00:12<00:08,  3.07it/s, loss=0.7165, acc=49.75%, img/s=97.4, eta=0.1m]
[36m(ClientAppActor pid=15853)[0m 
Epoch 1/1:  59%|█████▊    | 37/63 [00:12<00:08,  3.07it/s, loss=0.6469, acc=49.92%, img/s=97.3, eta=0.1m]
Epoch 1/1:  60%|██████    | 38/63 [00:12<00:08,  3.02it/s, loss=0.6469, acc=49.92%, img/s=97.3, eta=0.1m]
[36m(ClientAppActor pid=15853)[0m 
Epoch 1/1:  60%|██████    | 38/63 [00:12<00:08,  3.02it/s, loss=0.8359, acc=49.60%, img/s=97.3, eta=0.1m]
Epoch 1/1:  62%|██████▏   | 39/63 [00:12<00:07,  3.02it/s, loss=0.8359, acc=49.60%, img/s=97.3, eta=0.1m]
[36m(ClientAppActor pid=15853)[0m 
Epoch 1/1:  62%|██████▏   | 39/63 [00:13<00:07,  3.02it/s, loss=0.7785, acc=49.30%, img/s=97.3, eta=0.1m]
Epoch 1/1:  63%|██████▎   | 40/63 [00:13<00:07,  3.04it/s, loss=0.7785, acc=49.30%, img/s=97.3, eta=0.1m]
[36m(ClientAppActor pid=15853)[0m 
Epoch 1/1:  63%|██████▎   | 40/63 [00:13<00:07,  3.04it/s, loss=0.7023, acc=49.39%, img/s=97.3, eta=0.1m]
Epoch 1/1:  65%|██████▌   | 41/63 [00:13<00:07,  3.05it/s, loss=0.7023, acc=49.39%, img/s=97.3, eta=0.1m]
[36m(ClientAppActor pid=15853)[0m 
Epoch 1/1:  65%|██████▌   | 41/63 [00:13<00:07,  3.05it/s, loss=0.7012, acc=49.48%, img/s=97.3, eta=0.1m]
Epoch 1/1:  67%|██████▋   | 42/63 [00:13<00:06,  3.03it/s, loss=0.7012, acc=49.48%, img/s=97.3, eta=0.1m]
[36m(ClientAppActor pid=15853)[0m 
Epoch 1/1:  67%|██████▋   | 42/63 [00:14<00:06,  3.03it/s, loss=0.6970, acc=49.42%, img/s=97.3, eta=0.1m]
Epoch 1/1:  68%|██████▊   | 43/63 [00:14<00:06,  3.03it/s, loss=0.6970, acc=49.42%, img/s=97.3, eta=0.1m]
[36m(ClientAppActor pid=15853)[0m 
Epoch 1/1:  68%|██████▊   | 43/63 [00:14<00:06,  3.03it/s, loss=0.7090, acc=49.29%, img/s=97.2, eta=0.1m]
Epoch 1/1:  70%|██████▉   | 44/63 [00:14<00:06,  3.02it/s, loss=0.7090, acc=49.29%, img/s=97.2, eta=0.1m]
[36m(ClientAppActor pid=15853)[0m 
Epoch 1/1:  70%|██████▉   | 44/63 [00:14<00:06,  3.02it/s, loss=0.7295, acc=49.24%, img/s=97.2, eta=0.1m]
Epoch 1/1:  71%|███████▏  | 45/63 [00:14<00:05,  3.03it/s, loss=0.7295, acc=49.24%, img/s=97.2, eta=0.1m]
[36m(ClientAppActor pid=15853)[0m 
Epoch 1/1:  71%|███████▏  | 45/63 [00:15<00:05,  3.03it/s, loss=0.7122, acc=49.25%, img/s=97.2, eta=0.1m]
Epoch 1/1:  73%|███████▎  | 46/63 [00:15<00:05,  3.03it/s, loss=0.7122, acc=49.25%, img/s=97.2, eta=0.1m]
[36m(ClientAppActor pid=15853)[0m 
Epoch 1/1:  73%|███████▎  | 46/63 [00:15<00:05,  3.03it/s, loss=0.6467, acc=49.47%, img/s=97.2, eta=0.1m]
Epoch 1/1:  75%|███████▍  | 47/63 [00:15<00:05,  3.04it/s, loss=0.6467, acc=49.47%, img/s=97.2, eta=0.1m]
[36m(ClientAppActor pid=15853)[0m 
Epoch 1/1:  75%|███████▍  | 47/63 [00:15<00:05,  3.04it/s, loss=0.6484, acc=49.61%, img/s=97.3, eta=0.1m]
Epoch 1/1:  76%|███████▌  | 48/63 [00:15<00:04,  3.04it/s, loss=0.6484, acc=49.61%, img/s=97.3, eta=0.1m]
[36m(ClientAppActor pid=15853)[0m 
Epoch 1/1:  76%|███████▌  | 48/63 [00:16<00:04,  3.04it/s, loss=0.6583, acc=49.94%, img/s=97.2, eta=0.1m]
Epoch 1/1:  78%|███████▊  | 49/63 [00:16<00:04,  3.04it/s, loss=0.6583, acc=49.94%, img/s=97.2, eta=0.1m]
[36m(ClientAppActor pid=15853)[0m 
Epoch 1/1:  78%|███████▊  | 49/63 [00:16<00:04,  3.04it/s, loss=0.7246, acc=49.94%, img/s=97.3, eta=0.1m]
Epoch 1/1:  79%|███████▉  | 50/63 [00:16<00:04,  3.05it/s, loss=0.7246, acc=49.94%, img/s=97.3, eta=0.1m]
[36m(ClientAppActor pid=15853)[0m 
Epoch 1/1:  79%|███████▉  | 50/63 [00:16<00:04,  3.05it/s, loss=0.6718, acc=50.12%, img/s=97.3, eta=0.1m]
Epoch 1/1:  81%|████████  | 51/63 [00:16<00:03,  3.06it/s, loss=0.6718, acc=50.12%, img/s=97.3, eta=0.1m]
[36m(ClientAppActor pid=15853)[0m 
Epoch 1/1:  81%|████████  | 51/63 [00:17<00:03,  3.06it/s, loss=0.7192, acc=50.12%, img/s=97.3, eta=0.1m]
Epoch 1/1:  83%|████████▎ | 52/63 [00:17<00:03,  3.06it/s, loss=0.7192, acc=50.12%, img/s=97.3, eta=0.1m]
[36m(ClientAppActor pid=15853)[0m 
Epoch 1/1:  83%|████████▎ | 52/63 [00:17<00:03,  3.06it/s, loss=0.6740, acc=50.24%, img/s=97.3, eta=0.1m]
Epoch 1/1:  84%|████████▍ | 53/63 [00:17<00:03,  3.03it/s, loss=0.6740, acc=50.24%, img/s=97.3, eta=0.1m]
[36m(ClientAppActor pid=15853)[0m 
Epoch 1/1:  84%|████████▍ | 53/63 [00:17<00:03,  3.03it/s, loss=0.7159, acc=50.17%, img/s=97.2, eta=0.0m]
Epoch 1/1:  86%|████████▌ | 54/63 [00:17<00:03,  2.99it/s, loss=0.7159, acc=50.17%, img/s=97.2, eta=0.0m]
[36m(ClientAppActor pid=15853)[0m 
Epoch 1/1:  86%|████████▌ | 54/63 [00:18<00:03,  2.99it/s, loss=0.7465, acc=49.77%, img/s=97.1, eta=0.0m]
Epoch 1/1:  87%|████████▋ | 55/63 [00:18<00:02,  2.99it/s, loss=0.7465, acc=49.77%, img/s=97.1, eta=0.0m]
[36m(ClientAppActor pid=15853)[0m 
Epoch 1/1:  87%|████████▋ | 55/63 [00:18<00:02,  2.99it/s, loss=0.7081, acc=49.89%, img/s=97.1, eta=0.0m]
Epoch 1/1:  89%|████████▉ | 56/63 [00:18<00:02,  2.98it/s, loss=0.7081, acc=49.89%, img/s=97.1, eta=0.0m]
[36m(ClientAppActor pid=15853)[0m 
Epoch 1/1:  89%|████████▉ | 56/63 [00:18<00:02,  2.98it/s, loss=0.6876, acc=50.00%, img/s=97.1, eta=0.0m]
Epoch 1/1:  90%|█████████ | 57/63 [00:18<00:01,  3.01it/s, loss=0.6876, acc=50.00%, img/s=97.1, eta=0.0m]
[36m(ClientAppActor pid=15853)[0m 
Epoch 1/1:  90%|█████████ | 57/63 [00:19<00:01,  3.01it/s, loss=0.7495, acc=49.95%, img/s=97.1, eta=0.0m]
Epoch 1/1:  92%|█████████▏| 58/63 [00:19<00:01,  3.03it/s, loss=0.7495, acc=49.95%, img/s=97.1, eta=0.0m]
[36m(ClientAppActor pid=15853)[0m 
Epoch 1/1:  92%|█████████▏| 58/63 [00:19<00:01,  3.03it/s, loss=0.6847, acc=49.95%, img/s=97.2, eta=0.0m]
Epoch 1/1:  94%|█████████▎| 59/63 [00:19<00:01,  3.04it/s, loss=0.6847, acc=49.95%, img/s=97.2, eta=0.0m]
[36m(ClientAppActor pid=15853)[0m 
Epoch 1/1:  94%|█████████▎| 59/63 [00:19<00:01,  3.04it/s, loss=0.6718, acc=50.05%, img/s=97.1, eta=0.0m]
Epoch 1/1:  95%|█████████▌| 60/63 [00:19<00:00,  3.03it/s, loss=0.6718, acc=50.05%, img/s=97.1, eta=0.0m]
[36m(ClientAppActor pid=15853)[0m 
Epoch 1/1:  95%|█████████▌| 60/63 [00:20<00:00,  3.03it/s, loss=0.7745, acc=49.90%, img/s=97.1, eta=0.0m]
Epoch 1/1:  97%|█████████▋| 61/63 [00:20<00:00,  2.99it/s, loss=0.7745, acc=49.90%, img/s=97.1, eta=0.0m]
[36m(ClientAppActor pid=15853)[0m 
Epoch 1/1:  97%|█████████▋| 61/63 [00:20<00:00,  2.99it/s, loss=0.7414, acc=49.75%, img/s=97.0, eta=0.0m]
Epoch 1/1:  98%|█████████▊| 62/63 [00:20<00:00,  2.99it/s, loss=0.7414, acc=49.75%, img/s=97.0, eta=0.0m]
[36m(ClientAppActor pid=15853)[0m 
Epoch 1/1:  98%|█████████▊| 62/63 [00:20<00:00,  2.99it/s, loss=0.6872, acc=49.70%, img/s=48.8, eta=0.0m]
Epoch 1/1: 100%|██████████| 63/63 [00:20<00:00,  3.37it/s, loss=0.6872, acc=49.70%, img/s=48.8, eta=0.0m]
Epoch 1/1: 100%|██████████| 63/63 [00:20<00:00,  3.05it/s, loss=0.6872, acc=49.70%, img/s=48.8, eta=0.0m]
[36m(ClientAppActor pid=15853)[0m 
Epoch 1/1:   0%|          | 0/63 [00:00<?, ?it/s]
[36m(ClientAppActor pid=15853)[0m 
Epoch 1/1:   0%|          | 0/63 [00:00<?, ?it/s, loss=0.7039, acc=40.62%, img/s=91.6, eta=0.4m]
Epoch 1/1:   2%|▏         | 1/63 [00:00<00:21,  2.86it/s, loss=0.7039, acc=40.62%, img/s=91.6, eta=0.4m]
[36m(ClientAppActor pid=15853)[0m 
Epoch 1/1:   2%|▏         | 1/63 [00:00<00:21,  2.86it/s, loss=0.7372, acc=46.88%, img/s=92.3, eta=0.4m]
Epoch 1/1:   3%|▎         | 2/63 [00:00<00:21,  2.89it/s, loss=0.7372, acc=46.88%, img/s=92.3, eta=0.4m]
[36m(ClientAppActor pid=15853)[0m 
Epoch 1/1:   3%|▎         | 2/63 [00:01<00:21,  2.89it/s, loss=0.7625, acc=42.71%, img/s=93.4, eta=0.3m]
Epoch 1/1:   5%|▍         | 3/63 [00:01<00:20,  2.93it/s, loss=0.7625, acc=42.71%, img/s=93.4, eta=0.3m]
[36m(ClientAppActor pid=15853)[0m 
Epoch 1/1:   5%|▍         | 3/63 [00:01<00:20,  2.93it/s, loss=0.6925, acc=43.75%, img/s=93.4, eta=0.3m]
Epoch 1/1:   6%|▋         | 4/63 [00:01<00:20,  2.93it/s, loss=0.6925, acc=43.75%, img/s=93.4, eta=0.3m]
[36m(ClientAppActor pid=15853)[0m 
Epoch 1/1:   6%|▋         | 4/63 [00:01<00:20,  2.93it/s, loss=0.7314, acc=45.00%, img/s=93.2, eta=0.3m]
Epoch 1/1:   8%|▊         | 5/63 [00:01<00:19,  2.91it/s, loss=0.7314, acc=45.00%, img/s=93.2, eta=0.3m]
[36m(ClientAppActor pid=15853)[0m 
Epoch 1/1:   8%|▊         | 5/63 [00:02<00:19,  2.91it/s, loss=0.6671, acc=48.44%, img/s=93.1, eta=0.3m]
Epoch 1/1:  10%|▉         | 6/63 [00:02<00:19,  2.91it/s, loss=0.6671, acc=48.44%, img/s=93.1, eta=0.3m]
[36m(ClientAppActor pid=15853)[0m 
Epoch 1/1:  10%|▉         | 6/63 [00:02<00:19,  2.91it/s, loss=0.7741, acc=47.77%, img/s=93.8, eta=0.3m]
Epoch 1/1:  11%|█         | 7/63 [00:02<00:18,  2.96it/s, loss=0.7741, acc=47.77%, img/s=93.8, eta=0.3m]
[36m(ClientAppActor pid=15853)[0m 
Epoch 1/1:  11%|█         | 7/63 [00:02<00:18,  2.96it/s, loss=0.6773, acc=48.83%, img/s=94.3, eta=0.3m]
Epoch 1/1:  13%|█▎        | 8/63 [00:02<00:18,  2.99it/s, loss=0.6773, acc=48.83%, img/s=94.3, eta=0.3m]
[36m(ClientAppActor pid=15853)[0m 
Epoch 1/1:  13%|█▎        | 8/63 [00:03<00:18,  2.99it/s, loss=0.6673, acc=50.69%, img/s=94.5, eta=0.3m]
Epoch 1/1:  14%|█▍        | 9/63 [00:03<00:18,  3.00it/s, loss=0.6673, acc=50.69%, img/s=94.5, eta=0.3m]
[36m(ClientAppActor pid=15853)[0m 
Epoch 1/1:  14%|█▍        | 9/63 [00:03<00:18,  3.00it/s, loss=0.7077, acc=50.00%, img/s=94.9, eta=0.3m]
Epoch 1/1:  16%|█▌        | 10/63 [00:03<00:17,  3.02it/s, loss=0.7077, acc=50.00%, img/s=94.9, eta=0.3m]
[36m(ClientAppActor pid=15853)[0m 
Epoch 1/1:  16%|█▌        | 10/63 [00:03<00:17,  3.02it/s, loss=0.6735, acc=50.85%, img/s=95.2, eta=0.3m]
Epoch 1/1:  17%|█▋        | 11/63 [00:03<00:17,  3.04it/s, loss=0.6735, acc=50.85%, img/s=95.2, eta=0.3m]
[36m(ClientAppActor pid=15853)[0m 
Epoch 1/1:  17%|█▋        | 11/63 [00:04<00:17,  3.04it/s, loss=0.7463, acc=49.22%, img/s=95.5, eta=0.3m]
Epoch 1/1:  19%|█▉        | 12/63 [00:04<00:16,  3.05it/s, loss=0.7463, acc=49.22%, img/s=95.5, eta=0.3m]
[36m(ClientAppActor pid=15853)[0m 
Epoch 1/1:  19%|█▉        | 12/63 [00:04<00:16,  3.05it/s, loss=0.7050, acc=49.04%, img/s=95.7, eta=0.3m]
Epoch 1/1:  21%|██        | 13/63 [00:04<00:16,  3.06it/s, loss=0.7050, acc=49.04%, img/s=95.7, eta=0.3m]
[36m(ClientAppActor pid=15853)[0m 
Epoch 1/1:  21%|██        | 13/63 [00:04<00:16,  3.06it/s, loss=0.6523, acc=50.00%, img/s=95.9, eta=0.3m]
Epoch 1/1:  22%|██▏       | 14/63 [00:04<00:16,  3.06it/s, loss=0.6523, acc=50.00%, img/s=95.9, eta=0.3m]
[36m(ClientAppActor pid=15853)[0m 
Epoch 1/1:  22%|██▏       | 14/63 [00:05<00:16,  3.06it/s, loss=0.7388, acc=49.79%, img/s=95.6, eta=0.3m]
Epoch 1/1:  24%|██▍       | 15/63 [00:05<00:15,  3.00it/s, loss=0.7388, acc=49.79%, img/s=95.6, eta=0.3m]
[36m(ClientAppActor pid=15853)[0m 
Epoch 1/1:  24%|██▍       | 15/63 [00:05<00:15,  3.00it/s, loss=0.6248, acc=50.78%, img/s=95.3, eta=0.3m]
Epoch 1/1:  25%|██▌       | 16/63 [00:05<00:15,  2.95it/s, loss=0.6248, acc=50.78%, img/s=95.3, eta=0.3m]
[36m(ClientAppActor pid=15853)[0m 
Epoch 1/1:  25%|██▌       | 16/63 [00:05<00:15,  2.95it/s, loss=0.6684, acc=51.29%, img/s=95.0, eta=0.3m]
Epoch 1/1:  27%|██▋       | 17/63 [00:05<00:15,  2.92it/s, loss=0.6684, acc=51.29%, img/s=95.0, eta=0.3m]
[36m(ClientAppActor pid=15853)[0m 
Epoch 1/1:  27%|██▋       | 17/63 [00:06<00:15,  2.92it/s, loss=0.6931, acc=51.56%, img/s=94.8, eta=0.3m]
Epoch 1/1:  29%|██▊       | 18/63 [00:06<00:15,  2.89it/s, loss=0.6931, acc=51.56%, img/s=94.8, eta=0.3m]
[36m(ClientAppActor pid=15853)[0m 
Epoch 1/1:  29%|██▊       | 18/63 [00:06<00:15,  2.89it/s, loss=0.7910, acc=50.99%, img/s=95.1, eta=0.2m]
Epoch 1/1:  30%|███       | 19/63 [00:06<00:14,  2.96it/s, loss=0.7910, acc=50.99%, img/s=95.1, eta=0.2m]
[36m(ClientAppActor pid=15853)[0m 
Epoch 1/1:  30%|███       | 19/63 [00:06<00:14,  2.96it/s, loss=0.6893, acc=51.41%, img/s=94.8, eta=0.2m]
Epoch 1/1:  32%|███▏      | 20/63 [00:06<00:14,  2.92it/s, loss=0.6893, acc=51.41%, img/s=94.8, eta=0.2m]
[36m(ClientAppActor pid=15853)[0m 
Epoch 1/1:  32%|███▏      | 20/63 [00:07<00:14,  2.92it/s, loss=0.6923, acc=51.79%, img/s=94.6, eta=0.2m]
Epoch 1/1:  33%|███▎      | 21/63 [00:07<00:14,  2.89it/s, loss=0.6923, acc=51.79%, img/s=94.6, eta=0.2m]
[36m(ClientAppActor pid=15853)[0m 
Epoch 1/1:  33%|███▎      | 21/63 [00:07<00:14,  2.89it/s, loss=0.7353, acc=51.56%, img/s=94.5, eta=0.2m]
Epoch 1/1:  35%|███▍      | 22/63 [00:07<00:14,  2.88it/s, loss=0.7353, acc=51.56%, img/s=94.5, eta=0.2m]
[36m(ClientAppActor pid=15853)[0m 
Epoch 1/1:  35%|███▍      | 22/63 [00:07<00:14,  2.88it/s, loss=0.7054, acc=51.63%, img/s=94.3, eta=0.2m]
Epoch 1/1:  37%|███▋      | 23/63 [00:07<00:13,  2.87it/s, loss=0.7054, acc=51.63%, img/s=94.3, eta=0.2m]
[36m(ClientAppActor pid=15853)[0m 
Epoch 1/1:  37%|███▋      | 23/63 [00:08<00:13,  2.87it/s, loss=0.6967, acc=51.69%, img/s=94.3, eta=0.2m]
Epoch 1/1:  38%|███▊      | 24/63 [00:08<00:13,  2.88it/s, loss=0.6967, acc=51.69%, img/s=94.3, eta=0.2m]
[36m(ClientAppActor pid=15853)[0m 
Epoch 1/1:  38%|███▊      | 24/63 [00:08<00:13,  2.88it/s, loss=0.7044, acc=51.62%, img/s=94.4, eta=0.2m]
Epoch 1/1:  40%|███▉      | 25/63 [00:08<00:12,  2.93it/s, loss=0.7044, acc=51.62%, img/s=94.4, eta=0.2m]
[36m(ClientAppActor pid=15853)[0m 
Epoch 1/1:  40%|███▉      | 25/63 [00:08<00:12,  2.93it/s, loss=0.6896, acc=51.80%, img/s=94.5, eta=0.2m]
Epoch 1/1:  41%|████▏     | 26/63 [00:08<00:12,  2.96it/s, loss=0.6896, acc=51.80%, img/s=94.5, eta=0.2m]
[36m(ClientAppActor pid=15853)[0m 
Epoch 1/1:  41%|████▏     | 26/63 [00:09<00:12,  2.96it/s, loss=0.6916, acc=52.20%, img/s=94.4, eta=0.2m]
Epoch 1/1:  43%|████▎     | 27/63 [00:09<00:12,  2.94it/s, loss=0.6916, acc=52.20%, img/s=94.4, eta=0.2m]
[36m(ClientAppActor pid=15853)[0m 
Epoch 1/1:  43%|████▎     | 27/63 [00:09<00:12,  2.94it/s, loss=0.7804, acc=52.01%, img/s=94.5, eta=0.2m]
Epoch 1/1:  44%|████▍     | 28/63 [00:09<00:11,  2.97it/s, loss=0.7804, acc=52.01%, img/s=94.5, eta=0.2m]
[36m(ClientAppActor pid=15853)[0m 
Epoch 1/1:  44%|████▍     | 28/63 [00:09<00:11,  2.97it/s, loss=0.8178, acc=51.40%, img/s=94.7, eta=0.2m]
Epoch 1/1:  46%|████▌     | 29/63 [00:09<00:11,  3.00it/s, loss=0.8178, acc=51.40%, img/s=94.7, eta=0.2m]
[36m(ClientAppActor pid=15853)[0m 
Epoch 1/1:  46%|████▌     | 29/63 [00:10<00:11,  3.00it/s, loss=0.7292, acc=51.35%, img/s=94.8, eta=0.2m]
Epoch 1/1:  48%|████▊     | 30/63 [00:10<00:10,  3.03it/s, loss=0.7292, acc=51.35%, img/s=94.8, eta=0.2m]
[36m(ClientAppActor pid=15853)[0m 
Epoch 1/1:  48%|████▊     | 30/63 [00:10<00:10,  3.03it/s, loss=0.7282, acc=51.01%, img/s=94.9, eta=0.2m]
Epoch 1/1:  49%|████▉     | 31/63 [00:10<00:10,  3.05it/s, loss=0.7282, acc=51.01%, img/s=94.9, eta=0.2m]
[36m(ClientAppActor pid=15853)[0m 
Epoch 1/1:  49%|████▉     | 31/63 [00:10<00:10,  3.05it/s, loss=0.6921, acc=51.17%, img/s=95.0, eta=0.2m]
Epoch 1/1:  51%|█████     | 32/63 [00:10<00:10,  3.06it/s, loss=0.6921, acc=51.17%, img/s=95.0, eta=0.2m]
[36m(ClientAppActor pid=15853)[0m 
Epoch 1/1:  51%|█████     | 32/63 [00:11<00:10,  3.06it/s, loss=0.7074, acc=50.95%, img/s=95.1, eta=0.2m]
Epoch 1/1:  52%|█████▏    | 33/63 [00:11<00:09,  3.07it/s, loss=0.7074, acc=50.95%, img/s=95.1, eta=0.2m]
[36m(ClientAppActor pid=15853)[0m 
Epoch 1/1:  52%|█████▏    | 33/63 [00:11<00:09,  3.07it/s, loss=0.6864, acc=51.10%, img/s=95.2, eta=0.2m]
Epoch 1/1:  54%|█████▍    | 34/63 [00:11<00:09,  3.07it/s, loss=0.6864, acc=51.10%, img/s=95.2, eta=0.2m]
[36m(ClientAppActor pid=15853)[0m 
Epoch 1/1:  54%|█████▍    | 34/63 [00:11<00:09,  3.07it/s, loss=0.7268, acc=50.89%, img/s=95.3, eta=0.2m]
Epoch 1/1:  56%|█████▌    | 35/63 [00:11<00:09,  3.07it/s, loss=0.7268, acc=50.89%, img/s=95.3, eta=0.2m]
[36m(ClientAppActor pid=15853)[0m 
Epoch 1/1:  56%|█████▌    | 35/63 [00:12<00:09,  3.07it/s, loss=0.6748, acc=51.04%, img/s=95.3, eta=0.2m]
Epoch 1/1:  57%|█████▋    | 36/63 [00:12<00:08,  3.04it/s, loss=0.6748, acc=51.04%, img/s=95.3, eta=0.2m]
[36m(ClientAppActor pid=15853)[0m 
Epoch 1/1:  57%|█████▋    | 36/63 [00:12<00:08,  3.04it/s, loss=0.7904, acc=50.59%, img/s=95.3, eta=0.1m]
Epoch 1/1:  59%|█████▊    | 37/63 [00:12<00:08,  3.00it/s, loss=0.7904, acc=50.59%, img/s=95.3, eta=0.1m]
[36m(ClientAppActor pid=15853)[0m 
Epoch 1/1:  59%|█████▊    | 37/63 [00:12<00:08,  3.00it/s, loss=0.7152, acc=50.49%, img/s=95.3, eta=0.1m]
Epoch 1/1:  60%|██████    | 38/63 [00:12<00:08,  3.02it/s, loss=0.7152, acc=50.49%, img/s=95.3, eta=0.1m]
[36m(ClientAppActor pid=15853)[0m 
Epoch 1/1:  60%|██████    | 38/63 [00:13<00:08,  3.02it/s, loss=0.6657, acc=50.96%, img/s=95.4, eta=0.1m]
Epoch 1/1:  62%|██████▏   | 39/63 [00:13<00:07,  3.05it/s, loss=0.6657, acc=50.96%, img/s=95.4, eta=0.1m]
[36m(ClientAppActor pid=15853)[0m 
Epoch 1/1:  62%|██████▏   | 39/63 [00:13<00:07,  3.05it/s, loss=0.7102, acc=50.94%, img/s=95.5, eta=0.1m]
Epoch 1/1:  63%|██████▎   | 40/63 [00:13<00:07,  3.04it/s, loss=0.7102, acc=50.94%, img/s=95.5, eta=0.1m]
[36m(ClientAppActor pid=15853)[0m 
Epoch 1/1:  63%|██████▎   | 40/63 [00:13<00:07,  3.04it/s, loss=0.6922, acc=51.07%, img/s=95.5, eta=0.1m]
Epoch 1/1:  65%|██████▌   | 41/63 [00:13<00:07,  3.02it/s, loss=0.6922, acc=51.07%, img/s=95.5, eta=0.1m]
[36m(ClientAppActor pid=15853)[0m 
Epoch 1/1:  65%|██████▌   | 41/63 [00:14<00:07,  3.02it/s, loss=0.6980, acc=51.12%, img/s=95.5, eta=0.1m]
Epoch 1/1:  67%|██████▋   | 42/63 [00:14<00:06,  3.03it/s, loss=0.6980, acc=51.12%, img/s=95.5, eta=0.1m]
[36m(ClientAppActor pid=15853)[0m 
Epoch 1/1:  67%|██████▋   | 42/63 [00:14<00:06,  3.03it/s, loss=0.6940, acc=51.24%, img/s=95.6, eta=0.1m]
Epoch 1/1:  68%|██████▊   | 43/63 [00:14<00:06,  3.05it/s, loss=0.6940, acc=51.24%, img/s=95.6, eta=0.1m]
[36m(ClientAppActor pid=15853)[0m 
Epoch 1/1:  68%|██████▊   | 43/63 [00:14<00:06,  3.05it/s, loss=0.6885, acc=51.42%, img/s=95.7, eta=0.1m]
Epoch 1/1:  70%|██████▉   | 44/63 [00:14<00:06,  3.06it/s, loss=0.6885, acc=51.42%, img/s=95.7, eta=0.1m]
[36m(ClientAppActor pid=15853)[0m 
Epoch 1/1:  70%|██████▉   | 44/63 [00:15<00:06,  3.06it/s, loss=0.6970, acc=51.39%, img/s=95.7, eta=0.1m]
Epoch 1/1:  71%|███████▏  | 45/63 [00:15<00:05,  3.06it/s, loss=0.6970, acc=51.39%, img/s=95.7, eta=0.1m]
[36m(ClientAppActor pid=15853)[0m 
Epoch 1/1:  71%|███████▏  | 45/63 [00:15<00:05,  3.06it/s, loss=0.6995, acc=51.29%, img/s=95.7, eta=0.1m]
Epoch 1/1:  73%|███████▎  | 46/63 [00:15<00:05,  3.03it/s, loss=0.6995, acc=51.29%, img/s=95.7, eta=0.1m]
[36m(ClientAppActor pid=15853)[0m 
Epoch 1/1:  73%|███████▎  | 46/63 [00:15<00:05,  3.03it/s, loss=0.7020, acc=51.26%, img/s=95.8, eta=0.1m]
Epoch 1/1:  75%|███████▍  | 47/63 [00:15<00:05,  3.05it/s, loss=0.7020, acc=51.26%, img/s=95.8, eta=0.1m]
[36m(ClientAppActor pid=15853)[0m 
Epoch 1/1:  75%|███████▍  | 47/63 [00:16<00:05,  3.05it/s, loss=0.7143, acc=51.30%, img/s=95.8, eta=0.1m]
Epoch 1/1:  76%|███████▌  | 48/63 [00:16<00:04,  3.06it/s, loss=0.7143, acc=51.30%, img/s=95.8, eta=0.1m]
[36m(ClientAppActor pid=15853)[0m 
Epoch 1/1:  76%|███████▌  | 48/63 [00:16<00:04,  3.06it/s, loss=0.6610, acc=51.47%, img/s=95.8, eta=0.1m]
Epoch 1/1:  78%|███████▊  | 49/63 [00:16<00:04,  3.03it/s, loss=0.6610, acc=51.47%, img/s=95.8, eta=0.1m]
[36m(ClientAppActor pid=15853)[0m 
Epoch 1/1:  78%|███████▊  | 49/63 [00:16<00:04,  3.03it/s, loss=0.6756, acc=51.50%, img/s=95.9, eta=0.1m]
Epoch 1/1:  79%|███████▉  | 50/63 [00:16<00:04,  3.04it/s, loss=0.6756, acc=51.50%, img/s=95.9, eta=0.1m]
[36m(ClientAppActor pid=15853)[0m 
Epoch 1/1:  79%|███████▉  | 50/63 [00:17<00:04,  3.04it/s, loss=0.7562, acc=51.29%, img/s=95.9, eta=0.1m]
Epoch 1/1:  81%|████████  | 51/63 [00:17<00:03,  3.04it/s, loss=0.7562, acc=51.29%, img/s=95.9, eta=0.1m]
[36m(ClientAppActor pid=15853)[0m 
Epoch 1/1:  81%|████████  | 51/63 [00:17<00:03,  3.04it/s, loss=0.7093, acc=51.20%, img/s=95.9, eta=0.1m]
Epoch 1/1:  83%|████████▎ | 52/63 [00:17<00:03,  3.05it/s, loss=0.7093, acc=51.20%, img/s=95.9, eta=0.1m]
[36m(ClientAppActor pid=15853)[0m 
Epoch 1/1:  83%|████████▎ | 52/63 [00:17<00:03,  3.05it/s, loss=0.7678, acc=50.77%, img/s=96.0, eta=0.1m]
Epoch 1/1:  84%|████████▍ | 53/63 [00:17<00:03,  3.05it/s, loss=0.7678, acc=50.77%, img/s=96.0, eta=0.1m]
[36m(ClientAppActor pid=15853)[0m 
Epoch 1/1:  84%|████████▍ | 53/63 [00:18<00:03,  3.05it/s, loss=0.7029, acc=50.64%, img/s=96.0, eta=0.1m]
Epoch 1/1:  86%|████████▌ | 54/63 [00:18<00:02,  3.06it/s, loss=0.7029, acc=50.64%, img/s=96.0, eta=0.1m]
[36m(ClientAppActor pid=15853)[0m 
Epoch 1/1:  86%|████████▌ | 54/63 [00:18<00:02,  3.06it/s, loss=0.6953, acc=50.80%, img/s=96.0, eta=0.0m]
Epoch 1/1:  87%|████████▋ | 55/63 [00:18<00:02,  3.07it/s, loss=0.6953, acc=50.80%, img/s=96.0, eta=0.0m]
[36m(ClientAppActor pid=15853)[0m 
Epoch 1/1:  87%|████████▋ | 55/63 [00:18<00:02,  3.07it/s, loss=0.7162, acc=50.78%, img/s=96.0, eta=0.0m]
Epoch 1/1:  89%|████████▉ | 56/63 [00:18<00:02,  3.05it/s, loss=0.7162, acc=50.78%, img/s=96.0, eta=0.0m]
[36m(ClientAppActor pid=15853)[0m 
Epoch 1/1:  89%|████████▉ | 56/63 [00:18<00:02,  3.05it/s, loss=0.6658, acc=51.04%, img/s=96.1, eta=0.0m]
Epoch 1/1:  90%|█████████ | 57/63 [00:18<00:01,  3.06it/s, loss=0.6658, acc=51.04%, img/s=96.1, eta=0.0m]
[36m(ClientAppActor pid=15853)[0m 
Epoch 1/1:  90%|█████████ | 57/63 [00:19<00:01,  3.06it/s, loss=0.6493, acc=51.35%, img/s=96.1, eta=0.0m]
Epoch 1/1:  92%|█████████▏| 58/63 [00:19<00:01,  3.06it/s, loss=0.6493, acc=51.35%, img/s=96.1, eta=0.0m]
[36m(ClientAppActor pid=15853)[0m 
Epoch 1/1:  92%|█████████▏| 58/63 [00:19<00:01,  3.06it/s, loss=0.7212, acc=51.32%, img/s=96.0, eta=0.0m]
Epoch 1/1:  94%|█████████▎| 59/63 [00:19<00:01,  3.00it/s, loss=0.7212, acc=51.32%, img/s=96.0, eta=0.0m]
[36m(ClientAppActor pid=15853)[0m 
Epoch 1/1:  94%|█████████▎| 59/63 [00:19<00:01,  3.00it/s, loss=0.6954, acc=51.41%, img/s=96.1, eta=0.0m]
Epoch 1/1:  95%|█████████▌| 60/63 [00:19<00:00,  3.02it/s, loss=0.6954, acc=51.41%, img/s=96.1, eta=0.0m]
[36m(ClientAppActor pid=15853)[0m 
Epoch 1/1:  95%|█████████▌| 60/63 [00:20<00:00,  3.02it/s, loss=0.6526, acc=51.64%, img/s=96.1, eta=0.0m]
Epoch 1/1:  97%|█████████▋| 61/63 [00:20<00:00,  3.04it/s, loss=0.6526, acc=51.64%, img/s=96.1, eta=0.0m]
[36m(ClientAppActor pid=15853)[0m 
Epoch 1/1:  97%|█████████▋| 61/63 [00:20<00:00,  3.04it/s, loss=0.7930, acc=51.41%, img/s=96.2, eta=0.0m]
Epoch 1/1:  98%|█████████▊| 62/63 [00:20<00:00,  3.05it/s, loss=0.7930, acc=51.41%, img/s=96.2, eta=0.0m]
[36m(ClientAppActor pid=15853)[0m 
Epoch 1/1:  98%|█████████▊| 62/63 [00:20<00:00,  3.05it/s, loss=0.7096, acc=51.45%, img/s=48.4, eta=0.0m]
Epoch 1/1: 100%|██████████| 63/63 [00:20<00:00,  3.48it/s, loss=0.7096, acc=51.45%, img/s=48.4, eta=0.0m]
Epoch 1/1: 100%|██████████| 63/63 [00:20<00:00,  3.03it/s, loss=0.7096, acc=51.45%, img/s=48.4, eta=0.0m]
[36m(ClientAppActor pid=15853)[0m 
Epoch 1/1:   0%|          | 0/63 [00:00<?, ?it/s]
[36m(ClientAppActor pid=15853)[0m 
Epoch 1/1:   0%|          | 0/63 [00:00<?, ?it/s, loss=0.6937, acc=56.25%, img/s=94.5, eta=0.3m]
Epoch 1/1:   2%|▏         | 1/63 [00:00<00:20,  2.95it/s, loss=0.6937, acc=56.25%, img/s=94.5, eta=0.3m]
[36m(ClientAppActor pid=15853)[0m 
Epoch 1/1:   2%|▏         | 1/63 [00:00<00:20,  2.95it/s, loss=0.7136, acc=53.12%, img/s=96.7, eta=0.3m]
Epoch 1/1:   3%|▎         | 2/63 [00:00<00:20,  3.03it/s, loss=0.7136, acc=53.12%, img/s=96.7, eta=0.3m]
[36m(ClientAppActor pid=15853)[0m 
Epoch 1/1:   3%|▎         | 2/63 [00:00<00:20,  3.03it/s, loss=0.7060, acc=53.12%, img/s=97.3, eta=0.3m]
Epoch 1/1:   5%|▍         | 3/63 [00:00<00:19,  3.06it/s, loss=0.7060, acc=53.12%, img/s=97.3, eta=0.3m]
[36m(ClientAppActor pid=15853)[0m 
Epoch 1/1:   5%|▍         | 3/63 [00:01<00:19,  3.06it/s, loss=0.7045, acc=54.69%, img/s=97.3, eta=0.3m]
Epoch 1/1:   6%|▋         | 4/63 [00:01<00:19,  3.05it/s, loss=0.7045, acc=54.69%, img/s=97.3, eta=0.3m]
[36m(ClientAppActor pid=15853)[0m 
Epoch 1/1:   6%|▋         | 4/63 [00:01<00:19,  3.05it/s, loss=0.7336, acc=53.12%, img/s=96.7, eta=0.3m]
Epoch 1/1:   8%|▊         | 5/63 [00:01<00:19,  3.01it/s, loss=0.7336, acc=53.12%, img/s=96.7, eta=0.3m]
[36m(ClientAppActor pid=15853)[0m 
Epoch 1/1:   8%|▊         | 5/63 [00:01<00:19,  3.01it/s, loss=0.6500, acc=55.21%, img/s=96.8, eta=0.3m]
Epoch 1/1:  10%|▉         | 6/63 [00:01<00:18,  3.02it/s, loss=0.6500, acc=55.21%, img/s=96.8, eta=0.3m]
[36m(ClientAppActor pid=15853)[0m 
Epoch 1/1:  10%|▉         | 6/63 [00:02<00:18,  3.02it/s, loss=0.7439, acc=52.68%, img/s=96.8, eta=0.3m]
Epoch 1/1:  11%|█         | 7/63 [00:02<00:18,  3.02it/s, loss=0.7439, acc=52.68%, img/s=96.8, eta=0.3m]
[36m(ClientAppActor pid=15853)[0m 
Epoch 1/1:  11%|█         | 7/63 [00:02<00:18,  3.02it/s, loss=0.7198, acc=50.39%, img/s=97.0, eta=0.3m]
Epoch 1/1:  13%|█▎        | 8/63 [00:02<00:18,  3.04it/s, loss=0.7198, acc=50.39%, img/s=97.0, eta=0.3m]
[36m(ClientAppActor pid=15853)[0m 
Epoch 1/1:  13%|█▎        | 8/63 [00:02<00:18,  3.04it/s, loss=0.6982, acc=50.00%, img/s=97.2, eta=0.3m]
Epoch 1/1:  14%|█▍        | 9/63 [00:02<00:17,  3.06it/s, loss=0.6982, acc=50.00%, img/s=97.2, eta=0.3m]
[36m(ClientAppActor pid=15853)[0m 
Epoch 1/1:  14%|█▍        | 9/63 [00:03<00:17,  3.06it/s, loss=0.7011, acc=50.00%, img/s=97.3, eta=0.3m]
Epoch 1/1:  16%|█▌        | 10/63 [00:03<00:17,  3.06it/s, loss=0.7011, acc=50.00%, img/s=97.3, eta=0.3m]
[36m(ClientAppActor pid=15853)[0m 
Epoch 1/1:  16%|█▌        | 10/63 [00:03<00:17,  3.06it/s, loss=0.6893, acc=50.57%, img/s=97.3, eta=0.3m]
Epoch 1/1:  17%|█▋        | 11/63 [00:03<00:17,  3.06it/s, loss=0.6893, acc=50.57%, img/s=97.3, eta=0.3m]
[36m(ClientAppActor pid=15853)[0m 
Epoch 1/1:  17%|█▋        | 11/63 [00:03<00:17,  3.06it/s, loss=0.7939, acc=48.96%, img/s=97.2, eta=0.3m]
Epoch 1/1:  19%|█▉        | 12/63 [00:03<00:16,  3.03it/s, loss=0.7939, acc=48.96%, img/s=97.2, eta=0.3m]
[36m(ClientAppActor pid=15853)[0m 
Epoch 1/1:  19%|█▉        | 12/63 [00:04<00:16,  3.03it/s, loss=0.6801, acc=49.28%, img/s=96.9, eta=0.3m]
Epoch 1/1:  21%|██        | 13/63 [00:04<00:16,  3.00it/s, loss=0.6801, acc=49.28%, img/s=96.9, eta=0.3m]
[36m(ClientAppActor pid=15853)[0m 
Epoch 1/1:  21%|██        | 13/63 [00:04<00:16,  3.00it/s, loss=0.7080, acc=49.55%, img/s=96.9, eta=0.3m]
Epoch 1/1:  22%|██▏       | 14/63 [00:04<00:16,  3.01it/s, loss=0.7080, acc=49.55%, img/s=96.9, eta=0.3m]
[36m(ClientAppActor pid=15853)[0m 
Epoch 1/1:  22%|██▏       | 14/63 [00:04<00:16,  3.01it/s, loss=0.6254, acc=50.21%, img/s=96.7, eta=0.3m]
Epoch 1/1:  24%|██▍       | 15/63 [00:04<00:16,  2.99it/s, loss=0.6254, acc=50.21%, img/s=96.7, eta=0.3m]
[36m(ClientAppActor pid=15853)[0m 
Epoch 1/1:  24%|██▍       | 15/63 [00:05<00:16,  2.99it/s, loss=0.8191, acc=50.00%, img/s=96.7, eta=0.3m]
Epoch 1/1:  25%|██▌       | 16/63 [00:05<00:15,  3.00it/s, loss=0.8191, acc=50.00%, img/s=96.7, eta=0.3m]
[36m(ClientAppActor pid=15853)[0m 
Epoch 1/1:  25%|██▌       | 16/63 [00:05<00:15,  3.00it/s, loss=0.6932, acc=50.37%, img/s=96.8, eta=0.3m]
Epoch 1/1:  27%|██▋       | 17/63 [00:05<00:15,  3.02it/s, loss=0.6932, acc=50.37%, img/s=96.8, eta=0.3m]
[36m(ClientAppActor pid=15853)[0m 
Epoch 1/1:  27%|██▋       | 17/63 [00:05<00:15,  3.02it/s, loss=0.8103, acc=50.35%, img/s=96.9, eta=0.2m]
Epoch 1/1:  29%|██▊       | 18/63 [00:05<00:14,  3.04it/s, loss=0.8103, acc=50.35%, img/s=96.9, eta=0.2m]
[36m(ClientAppActor pid=15853)[0m 
Epoch 1/1:  29%|██▊       | 18/63 [00:06<00:14,  3.04it/s, loss=0.7389, acc=50.33%, img/s=96.9, eta=0.2m]
Epoch 1/1:  30%|███       | 19/63 [00:06<00:14,  3.03it/s, loss=0.7389, acc=50.33%, img/s=96.9, eta=0.2m]
[36m(ClientAppActor pid=15853)[0m 
Epoch 1/1:  30%|███       | 19/63 [00:06<00:14,  3.03it/s, loss=0.8070, acc=49.38%, img/s=96.7, eta=0.2m]
Epoch 1/1:  32%|███▏      | 20/63 [00:06<00:14,  3.01it/s, loss=0.8070, acc=49.38%, img/s=96.7, eta=0.2m]
[36m(ClientAppActor pid=15853)[0m 
Epoch 1/1:  32%|███▏      | 20/63 [00:06<00:14,  3.01it/s, loss=0.7201, acc=49.26%, img/s=96.8, eta=0.2m]
Epoch 1/1:  33%|███▎      | 21/63 [00:06<00:13,  3.02it/s, loss=0.7201, acc=49.26%, img/s=96.8, eta=0.2m]
[36m(ClientAppActor pid=15853)[0m 
Epoch 1/1:  33%|███▎      | 21/63 [00:07<00:13,  3.02it/s, loss=0.6780, acc=49.57%, img/s=96.9, eta=0.2m]
Epoch 1/1:  35%|███▍      | 22/63 [00:07<00:13,  3.04it/s, loss=0.6780, acc=49.57%, img/s=96.9, eta=0.2m]
[36m(ClientAppActor pid=15853)[0m 
Epoch 1/1:  35%|███▍      | 22/63 [00:07<00:13,  3.04it/s, loss=0.6803, acc=49.86%, img/s=96.9, eta=0.2m]
Epoch 1/1:  37%|███▋      | 23/63 [00:07<00:13,  3.04it/s, loss=0.6803, acc=49.86%, img/s=96.9, eta=0.2m]
[36m(ClientAppActor pid=15853)[0m 
Epoch 1/1:  37%|███▋      | 23/63 [00:07<00:13,  3.04it/s, loss=0.8431, acc=49.22%, img/s=96.9, eta=0.2m]
Epoch 1/1:  38%|███▊      | 24/63 [00:07<00:12,  3.04it/s, loss=0.8431, acc=49.22%, img/s=96.9, eta=0.2m]
[36m(ClientAppActor pid=15853)[0m 
Epoch 1/1:  38%|███▊      | 24/63 [00:08<00:12,  3.04it/s, loss=0.7515, acc=48.75%, img/s=96.8, eta=0.2m]
Epoch 1/1:  40%|███▉      | 25/63 [00:08<00:12,  3.00it/s, loss=0.7515, acc=48.75%, img/s=96.8, eta=0.2m]
[36m(ClientAppActor pid=15853)[0m 
Epoch 1/1:  40%|███▉      | 25/63 [00:08<00:12,  3.00it/s, loss=0.7128, acc=48.80%, img/s=96.6, eta=0.2m]
Epoch 1/1:  41%|████▏     | 26/63 [00:08<00:12,  2.97it/s, loss=0.7128, acc=48.80%, img/s=96.6, eta=0.2m]
[36m(ClientAppActor pid=15853)[0m 
Epoch 1/1:  41%|████▏     | 26/63 [00:08<00:12,  2.97it/s, loss=0.6547, acc=49.31%, img/s=96.4, eta=0.2m]
Epoch 1/1:  43%|████▎     | 27/63 [00:08<00:12,  2.94it/s, loss=0.6547, acc=49.31%, img/s=96.4, eta=0.2m]
[36m(ClientAppActor pid=15853)[0m 
Epoch 1/1:  43%|████▎     | 27/63 [00:09<00:12,  2.94it/s, loss=0.7259, acc=49.33%, img/s=96.3, eta=0.2m]
Epoch 1/1:  44%|████▍     | 28/63 [00:09<00:11,  2.93it/s, loss=0.7259, acc=49.33%, img/s=96.3, eta=0.2m]
[36m(ClientAppActor pid=15853)[0m 
Epoch 1/1:  44%|████▍     | 28/63 [00:09<00:11,  2.93it/s, loss=0.7133, acc=49.46%, img/s=96.1, eta=0.2m]
Epoch 1/1:  46%|████▌     | 29/63 [00:09<00:11,  2.92it/s, loss=0.7133, acc=49.46%, img/s=96.1, eta=0.2m]
[36m(ClientAppActor pid=15853)[0m 
Epoch 1/1:  46%|████▌     | 29/63 [00:10<00:11,  2.92it/s, loss=0.7017, acc=49.58%, img/s=95.9, eta=0.2m]
Epoch 1/1:  48%|████▊     | 30/63 [00:10<00:11,  2.89it/s, loss=0.7017, acc=49.58%, img/s=95.9, eta=0.2m]
[36m(ClientAppActor pid=15853)[0m 
Epoch 1/1:  48%|████▊     | 30/63 [00:10<00:11,  2.89it/s, loss=0.7133, acc=49.40%, img/s=96.0, eta=0.2m]
Epoch 1/1:  49%|████▉     | 31/63 [00:10<00:10,  2.93it/s, loss=0.7133, acc=49.40%, img/s=96.0, eta=0.2m]
[36m(ClientAppActor pid=15853)[0m 
Epoch 1/1:  49%|████▉     | 31/63 [00:10<00:10,  2.93it/s, loss=0.7239, acc=49.32%, img/s=96.1, eta=0.2m]
Epoch 1/1:  51%|█████     | 32/63 [00:10<00:10,  2.98it/s, loss=0.7239, acc=49.32%, img/s=96.1, eta=0.2m]
[36m(ClientAppActor pid=15853)[0m 
Epoch 1/1:  51%|█████     | 32/63 [00:10<00:10,  2.98it/s, loss=0.7194, acc=49.34%, img/s=96.1, eta=0.2m]
Epoch 1/1:  52%|█████▏    | 33/63 [00:10<00:09,  3.01it/s, loss=0.7194, acc=49.34%, img/s=96.1, eta=0.2m]
[36m(ClientAppActor pid=15853)[0m 
Epoch 1/1:  52%|█████▏    | 33/63 [00:11<00:09,  3.01it/s, loss=0.6832, acc=49.72%, img/s=96.2, eta=0.2m]
Epoch 1/1:  54%|█████▍    | 34/63 [00:11<00:09,  3.03it/s, loss=0.6832, acc=49.72%, img/s=96.2, eta=0.2m]
[36m(ClientAppActor pid=15853)[0m 
Epoch 1/1:  54%|█████▍    | 34/63 [00:11<00:09,  3.03it/s, loss=0.7011, acc=49.64%, img/s=96.3, eta=0.2m]
Epoch 1/1:  56%|█████▌    | 35/63 [00:11<00:09,  3.04it/s, loss=0.7011, acc=49.64%, img/s=96.3, eta=0.2m]
[36m(ClientAppActor pid=15853)[0m 
Epoch 1/1:  56%|█████▌    | 35/63 [00:11<00:09,  3.04it/s, loss=0.7207, acc=49.57%, img/s=96.3, eta=0.1m]
Epoch 1/1:  57%|█████▋    | 36/63 [00:11<00:08,  3.05it/s, loss=0.7207, acc=49.57%, img/s=96.3, eta=0.1m]
[36m(ClientAppActor pid=15853)[0m 
Epoch 1/1:  57%|█████▋    | 36/63 [00:12<00:08,  3.05it/s, loss=0.6901, acc=49.75%, img/s=96.4, eta=0.1m]
Epoch 1/1:  59%|█████▊    | 37/63 [00:12<00:08,  3.06it/s, loss=0.6901, acc=49.75%, img/s=96.4, eta=0.1m]
[36m(ClientAppActor pid=15853)[0m 
Epoch 1/1:  59%|█████▊    | 37/63 [00:12<00:08,  3.06it/s, loss=0.6777, acc=49.75%, img/s=96.4, eta=0.1m]
Epoch 1/1:  60%|██████    | 38/63 [00:12<00:08,  3.06it/s, loss=0.6777, acc=49.75%, img/s=96.4, eta=0.1m]
[36m(ClientAppActor pid=15853)[0m 
Epoch 1/1:  60%|██████    | 38/63 [00:12<00:08,  3.06it/s, loss=0.7177, acc=49.84%, img/s=96.5, eta=0.1m]
Epoch 1/1:  62%|██████▏   | 39/63 [00:12<00:07,  3.06it/s, loss=0.7177, acc=49.84%, img/s=96.5, eta=0.1m]
[36m(ClientAppActor pid=15853)[0m 
Epoch 1/1:  62%|██████▏   | 39/63 [00:13<00:07,  3.06it/s, loss=0.7415, acc=49.45%, img/s=96.5, eta=0.1m]
Epoch 1/1:  63%|██████▎   | 40/63 [00:13<00:07,  3.07it/s, loss=0.7415, acc=49.45%, img/s=96.5, eta=0.1m]
[36m(ClientAppActor pid=15853)[0m 
Epoch 1/1:  63%|██████▎   | 40/63 [00:13<00:07,  3.07it/s, loss=0.7103, acc=49.39%, img/s=96.5, eta=0.1m]
Epoch 1/1:  65%|██████▌   | 41/63 [00:13<00:07,  3.03it/s, loss=0.7103, acc=49.39%, img/s=96.5, eta=0.1m]
[36m(ClientAppActor pid=15853)[0m 
Epoch 1/1:  65%|██████▌   | 41/63 [00:13<00:07,  3.03it/s, loss=0.7056, acc=49.26%, img/s=96.4, eta=0.1m]
Epoch 1/1:  67%|██████▋   | 42/63 [00:13<00:06,  3.01it/s, loss=0.7056, acc=49.26%, img/s=96.4, eta=0.1m]
[36m(ClientAppActor pid=15853)[0m 
Epoch 1/1:  67%|██████▋   | 42/63 [00:14<00:06,  3.01it/s, loss=0.6932, acc=49.42%, img/s=96.3, eta=0.1m]
Epoch 1/1:  68%|██████▊   | 43/63 [00:14<00:06,  2.97it/s, loss=0.6932, acc=49.42%, img/s=96.3, eta=0.1m]
[36m(ClientAppActor pid=15853)[0m 
Epoch 1/1:  68%|██████▊   | 43/63 [00:14<00:06,  2.97it/s, loss=0.6940, acc=49.29%, img/s=96.3, eta=0.1m]
Epoch 1/1:  70%|██████▉   | 44/63 [00:14<00:06,  2.97it/s, loss=0.6940, acc=49.29%, img/s=96.3, eta=0.1m]
[36m(ClientAppActor pid=15853)[0m 
Epoch 1/1:  70%|██████▉   | 44/63 [00:14<00:06,  2.97it/s, loss=0.7010, acc=49.38%, img/s=96.2, eta=0.1m]
Epoch 1/1:  71%|███████▏  | 45/63 [00:14<00:06,  2.95it/s, loss=0.7010, acc=49.38%, img/s=96.2, eta=0.1m]
[36m(ClientAppActor pid=15853)[0m 
Epoch 1/1:  71%|███████▏  | 45/63 [00:15<00:06,  2.95it/s, loss=0.6753, acc=49.46%, img/s=96.1, eta=0.1m]
Epoch 1/1:  73%|███████▎  | 46/63 [00:15<00:05,  2.93it/s, loss=0.6753, acc=49.46%, img/s=96.1, eta=0.1m]
[36m(ClientAppActor pid=15853)[0m 
Epoch 1/1:  73%|███████▎  | 46/63 [00:15<00:05,  2.93it/s, loss=0.7232, acc=49.40%, img/s=96.1, eta=0.1m]
Epoch 1/1:  75%|███████▍  | 47/63 [00:15<00:05,  2.95it/s, loss=0.7232, acc=49.40%, img/s=96.1, eta=0.1m]
[36m(ClientAppActor pid=15853)[0m 
Epoch 1/1:  75%|███████▍  | 47/63 [00:15<00:05,  2.95it/s, loss=0.6847, acc=49.48%, img/s=96.1, eta=0.1m]
Epoch 1/1:  76%|███████▌  | 48/63 [00:15<00:05,  2.95it/s, loss=0.6847, acc=49.48%, img/s=96.1, eta=0.1m]
[36m(ClientAppActor pid=15853)[0m 
Epoch 1/1:  76%|███████▌  | 48/63 [00:16<00:05,  2.95it/s, loss=0.7055, acc=49.43%, img/s=96.0, eta=0.1m]
Epoch 1/1:  78%|███████▊  | 49/63 [00:16<00:04,  2.95it/s, loss=0.7055, acc=49.43%, img/s=96.0, eta=0.1m]
[36m(ClientAppActor pid=15853)[0m 
Epoch 1/1:  78%|███████▊  | 49/63 [00:16<00:04,  2.95it/s, loss=0.7027, acc=49.69%, img/s=96.1, eta=0.1m]
Epoch 1/1:  79%|███████▉  | 50/63 [00:16<00:04,  2.98it/s, loss=0.7027, acc=49.69%, img/s=96.1, eta=0.1m]
[36m(ClientAppActor pid=15853)[0m 
Epoch 1/1:  79%|███████▉  | 50/63 [00:16<00:04,  2.98it/s, loss=0.7237, acc=49.57%, img/s=96.1, eta=0.1m]
Epoch 1/1:  81%|████████  | 51/63 [00:16<00:03,  3.01it/s, loss=0.7237, acc=49.57%, img/s=96.1, eta=0.1m]
[36m(ClientAppActor pid=15853)[0m 
Epoch 1/1:  81%|████████  | 51/63 [00:17<00:03,  3.01it/s, loss=0.6689, acc=49.64%, img/s=96.2, eta=0.1m]
Epoch 1/1:  83%|████████▎ | 52/63 [00:17<00:03,  3.02it/s, loss=0.6689, acc=49.64%, img/s=96.2, eta=0.1m]
[36m(ClientAppActor pid=15853)[0m 
Epoch 1/1:  83%|████████▎ | 52/63 [00:17<00:03,  3.02it/s, loss=0.7138, acc=49.47%, img/s=96.2, eta=0.1m]
Epoch 1/1:  84%|████████▍ | 53/63 [00:17<00:03,  3.03it/s, loss=0.7138, acc=49.47%, img/s=96.2, eta=0.1m]
[36m(ClientAppActor pid=15853)[0m 
Epoch 1/1:  84%|████████▍ | 53/63 [00:17<00:03,  3.03it/s, loss=0.7387, acc=49.31%, img/s=96.2, eta=0.0m]
Epoch 1/1:  86%|████████▌ | 54/63 [00:17<00:02,  3.05it/s, loss=0.7387, acc=49.31%, img/s=96.2, eta=0.0m]
[36m(ClientAppActor pid=15853)[0m 
Epoch 1/1:  86%|████████▌ | 54/63 [00:18<00:02,  3.05it/s, loss=0.7150, acc=49.26%, img/s=96.3, eta=0.0m]
Epoch 1/1:  87%|████████▋ | 55/63 [00:18<00:02,  3.06it/s, loss=0.7150, acc=49.26%, img/s=96.3, eta=0.0m]
[36m(ClientAppActor pid=15853)[0m 
Epoch 1/1:  87%|████████▋ | 55/63 [00:18<00:02,  3.06it/s, loss=0.7411, acc=49.16%, img/s=96.3, eta=0.0m]
Epoch 1/1:  89%|████████▉ | 56/63 [00:18<00:02,  3.06it/s, loss=0.7411, acc=49.16%, img/s=96.3, eta=0.0m]
[36m(ClientAppActor pid=15853)[0m 
Epoch 1/1:  89%|████████▉ | 56/63 [00:18<00:02,  3.06it/s, loss=0.6811, acc=49.18%, img/s=96.3, eta=0.0m]
Epoch 1/1:  90%|█████████ | 57/63 [00:18<00:01,  3.07it/s, loss=0.6811, acc=49.18%, img/s=96.3, eta=0.0m]
[36m(ClientAppActor pid=15853)[0m 
Epoch 1/1:  90%|█████████ | 57/63 [00:19<00:01,  3.07it/s, loss=0.6777, acc=49.41%, img/s=96.4, eta=0.0m]
Epoch 1/1:  92%|█████████▏| 58/63 [00:19<00:01,  3.06it/s, loss=0.6777, acc=49.41%, img/s=96.4, eta=0.0m]
[36m(ClientAppActor pid=15853)[0m 
Epoch 1/1:  92%|█████████▏| 58/63 [00:19<00:01,  3.06it/s, loss=0.7018, acc=49.36%, img/s=96.4, eta=0.0m]
Epoch 1/1:  94%|█████████▎| 59/63 [00:19<00:01,  3.04it/s, loss=0.7018, acc=49.36%, img/s=96.4, eta=0.0m]
[36m(ClientAppActor pid=15853)[0m 
Epoch 1/1:  94%|█████████▎| 59/63 [00:19<00:01,  3.04it/s, loss=0.7072, acc=49.48%, img/s=96.4, eta=0.0m]
Epoch 1/1:  95%|█████████▌| 60/63 [00:19<00:00,  3.05it/s, loss=0.7072, acc=49.48%, img/s=96.4, eta=0.0m]
[36m(ClientAppActor pid=15853)[0m 
Epoch 1/1:  95%|█████████▌| 60/63 [00:20<00:00,  3.05it/s, loss=0.7049, acc=49.54%, img/s=96.4, eta=0.0m]
Epoch 1/1:  97%|█████████▋| 61/63 [00:20<00:00,  3.04it/s, loss=0.7049, acc=49.54%, img/s=96.4, eta=0.0m]
[36m(ClientAppActor pid=15853)[0m 
Epoch 1/1:  97%|█████████▋| 61/63 [00:20<00:00,  3.04it/s, loss=0.6905, acc=49.65%, img/s=96.4, eta=0.0m]
Epoch 1/1:  98%|█████████▊| 62/63 [00:20<00:00,  3.03it/s, loss=0.6905, acc=49.65%, img/s=96.4, eta=0.0m]
[36m(ClientAppActor pid=15853)[0m 
Epoch 1/1:  98%|█████████▊| 62/63 [00:20<00:00,  3.03it/s, loss=0.6809, acc=49.80%, img/s=48.5, eta=0.0m]
Epoch 1/1: 100%|██████████| 63/63 [00:20<00:00,  3.42it/s, loss=0.6809, acc=49.80%, img/s=48.5, eta=0.0m]
Epoch 1/1: 100%|██████████| 63/63 [00:20<00:00,  3.03it/s, loss=0.6809, acc=49.80%, img/s=48.5, eta=0.0m]
[92mINFO [0m:      aggregate_fit: received 5 results and 0 failures
[92mINFO [0m:      configure_evaluate: strategy sampled 5 clients (out of 5)
[36m(ClientAppActor pid=15853)[0m Client 4 using cuda
[36m(ClientAppActor pid=15853)[0m {'fake': 0, 'real': 1}
[36m(ClientAppActor pid=15853)[0m [DEBUG MODE] Train=2000, Val=100, Test=100
[36m(ClientAppActor pid=15853)[0m 
[36m(ClientAppActor pid=15853)[0m Client 4 Class Distribution
[36m(ClientAppActor pid=15853)[0m Train: Counter({0: 1013, 1: 987})
[36m(ClientAppActor pid=15853)[0m Val  : Counter({0: 56, 1: 44})
[36m(ClientAppActor pid=15853)[0m Test : Counter({1: 53, 0: 47})
[36m(ClientAppActor pid=15853)[0m Client 4
[36m(ClientAppActor pid=15853)[0m Train Images: 2000
[36m(ClientAppActor pid=15853)[0m Test Images : 100
[36m(ClientAppActor pid=15853)[0m Validate Images : 100
[36m(ClientAppActor pid=15853)[0m Client 4 starting fit...
[36m(ClientAppActor pid=15853)[0m Client 4 received class memories
[36m(ClientAppActor pid=15853)[0m Real memory norm=0.9022
[36m(ClientAppActor pid=15853)[0m Fake memory norm=0.8998
[36m(ClientAppActor pid=15853)[0m Client 4 starting training...
[36m(ClientAppActor pid=15853)[0m START classifier norm: 13.072169303894043
[36m(ClientAppActor pid=15853)[0m Artifact bias shape: torch.Size([32, 8, 197, 197])
[36m(ClientAppActor pid=15853)[0m 
[36m(ClientAppActor pid=15853)[0m Batch 0/63
[36m(ClientAppActor pid=15853)[0m GPU Allocated: 2.25 GB
[36m(ClientAppActor pid=15853)[0m GPU Reserved : 5.42 GB
[36m(ClientAppActor pid=15853)[0m 
[36m(ClientAppActor pid=15853)[0m ==================================================
[36m(ClientAppActor pid=15853)[0m Epoch 1 Complete
[36m(ClientAppActor pid=15853)[0m Average Loss : 0.7083
[36m(ClientAppActor pid=15853)[0m Accuracy     : 49.70%
[36m(ClientAppActor pid=15853)[0m Time         : 20.65s
[36m(ClientAppActor pid=15853)[0m Images       : 2000
[36m(ClientAppActor pid=15853)[0m Images/sec   : 96.84
[36m(ClientAppActor pid=15853)[0m GPU Allocated: 2.25 GB
[36m(ClientAppActor pid=15853)[0m GPU Reserved : 5.42 GB
[36m(ClientAppActor pid=15853)[0m ==================================================
[36m(ClientAppActor pid=15853)[0m END classifier norm: 13.070425987243652
[36m(ClientAppActor pid=15853)[0m Client 4 finished training
[36m(ClientAppActor pid=15853)[0m Client 4 extracting parameters...
[36m(ClientAppActor pid=15853)[0m Client 4 parameter extraction complete
[36m(ClientAppActor pid=15853)[0m Client 4 returning results
[36m(ClientAppActor pid=15853)[0m Client 3 using cuda
[36m(ClientAppActor pid=15853)[0m {'fake': 0, 'real': 1}
[36m(ClientAppActor pid=15853)[0m [DEBUG MODE] Train=2000, Val=100, Test=100
[36m(ClientAppActor pid=15853)[0m 
[36m(ClientAppActor pid=15853)[0m Client 3 Class Distribution
[36m(ClientAppActor pid=15853)[0m Train: Counter({1: 1024, 0: 976})
[36m(ClientAppActor pid=15853)[0m Val  : Counter({1: 54, 0: 46})
[36m(ClientAppActor pid=15853)[0m Test : Counter({1: 50, 0: 50})
[36m(ClientAppActor pid=15853)[0m Client 3
[36m(ClientAppActor pid=15853)[0m Train Images: 2000
[36m(ClientAppActor pid=15853)[0m Test Images : 100
[36m(ClientAppActor pid=15853)[0m Validate Images : 100
[36m(ClientAppActor pid=15853)[0m Client 3 starting fit...
[36m(ClientAppActor pid=15853)[0m Client 3 received class memories
[36m(ClientAppActor pid=15853)[0m Real memory norm=0.9022
[36m(ClientAppActor pid=15853)[0m Fake memory norm=0.8998
[36m(ClientAppActor pid=15853)[0m Client 3 starting training...
[36m(ClientAppActor pid=15853)[0m START classifier norm: 13.072169303894043
[36m(ClientAppActor pid=15853)[0m Artifact bias shape: torch.Size([32, 8, 197, 197])
[36m(ClientAppActor pid=15853)[0m 
[36m(ClientAppActor pid=15853)[0m Batch 0/63
[36m(ClientAppActor pid=15853)[0m GPU Allocated: 2.25 GB
[36m(ClientAppActor pid=15853)[0m GPU Reserved : 5.42 GB
[36m(ClientAppActor pid=15853)[0m 
[36m(ClientAppActor pid=15853)[0m ==================================================
[36m(ClientAppActor pid=15853)[0m Epoch 1 Complete
[36m(ClientAppActor pid=15853)[0m Average Loss : 0.7079
[36m(ClientAppActor pid=15853)[0m Accuracy     : 51.45%
[36m(ClientAppActor pid=15853)[0m Time         : 20.83s
[36m(ClientAppActor pid=15853)[0m Images       : 2000
[36m(ClientAppActor pid=15853)[0m Images/sec   : 96.03
[36m(ClientAppActor pid=15853)[0m GPU Allocated: 2.25 GB
[36m(ClientAppActor pid=15853)[0m GPU Reserved : 5.42 GB
[36m(ClientAppActor pid=15853)[0m ==================================================
[36m(ClientAppActor pid=15853)[0m END classifier norm: 13.069459915161133
[36m(ClientAppActor pid=15853)[0m Client 3 finished training
[36m(ClientAppActor pid=15853)[0m Client 3 extracting parameters...
[36m(ClientAppActor pid=15853)[0m Client 3 parameter extraction complete
[36m(ClientAppActor pid=15853)[0m Client 3 returning results
[36m(ClientAppActor pid=15853)[0m Client 2 using cuda
[36m(ClientAppActor pid=15853)[0m {'fake': 0, 'real': 1}
[36m(ClientAppActor pid=15853)[0m [DEBUG MODE] Train=2000, Val=100, Test=100
[36m(ClientAppActor pid=15853)[0m 
[36m(ClientAppActor pid=15853)[0m Client 2 Class Distribution
[36m(ClientAppActor pid=15853)[0m Train: Counter({0: 1012, 1: 988})
[36m(ClientAppActor pid=15853)[0m Val  : Counter({0: 60, 1: 40})
[36m(ClientAppActor pid=15853)[0m Test : Counter({0: 51, 1: 49})
[36m(ClientAppActor pid=15853)[0m Client 2
[36m(ClientAppActor pid=15853)[0m Train Images: 2000
[36m(ClientAppActor pid=15853)[0m Test Images : 100
[36m(ClientAppActor pid=15853)[0m Validate Images : 100
[36m(ClientAppActor pid=15853)[0m Client 2 starting fit...
[36m(ClientAppActor pid=15853)[0m Client 2 received class memories
[36m(ClientAppActor pid=15853)[0m Real memory norm=0.9022
[36m(ClientAppActor pid=15853)[0m Fake memory norm=0.8998
[36m(ClientAppActor pid=15853)[0m Client 2 starting training...
[36m(ClientAppActor pid=15853)[0m START classifier norm: 13.072169303894043
[36m(ClientAppActor pid=15853)[0m Artifact bias shape: torch.Size([32, 8, 197, 197])
[36m(ClientAppActor pid=15853)[0m 
[36m(ClientAppActor pid=15853)[0m Batch 0/63
[36m(ClientAppActor pid=15853)[0m GPU Allocated: 2.25 GB
[36m(ClientAppActor pid=15853)[0m GPU Reserved : 5.42 GB
[36m(ClientAppActor pid=15853)[0m 
[36m(ClientAppActor pid=15853)[0m ==================================================
[36m(ClientAppActor pid=15853)[0m Epoch 1 Complete
[36m(ClientAppActor pid=15853)[0m Average Loss : 0.7118
[36m(ClientAppActor pid=15853)[0m Accuracy     : 49.80%
[36m(ClientAppActor pid=15853)[0m Time         : 20.79s
[36m(ClientAppActor pid=15853)[0m Images       : 2000
[36m(ClientAppActor pid=15853)[0m Images/sec   : 96.21
[36m(ClientAppActor pid=15853)[0m GPU Allocated: 2.25 GB
[36m(ClientAppActor pid=15853)[0m GPU Reserved : 5.42 GB
[36m(ClientAppActor pid=15853)[0m ==================================================
[36m(ClientAppActor pid=15853)[0m END classifier norm: 13.070389747619629
[36m(ClientAppActor pid=15853)[0m Client 2 finished training
[36m(ClientAppActor pid=15853)[0m Client 2 extracting parameters...
[36m(ClientAppActor pid=15853)[0m Client 2 parameter extraction complete
[36m(ClientAppActor pid=15853)[0m Client 2 returning results

FAFT Round 2: results=5, failures=0

Round 2 Prototype Aggregated

Real memory norm = 0.9006
Fake memory norm = 0.8975
Saved: saved_models/global_model_round_2.pth
Round 2: model saved successfully
Broadcasting 253 tensors (251 weights + memory)
[36m(ClientAppActor pid=15853)[0m Client 4 using cuda
[36m(ClientAppActor pid=15853)[0m {'fake': 0, 'real': 1}
[36m(ClientAppActor pid=15853)[0m [DEBUG MODE] Train=2000, Val=100, Test=100
[36m(ClientAppActor pid=15853)[0m 
[36m(ClientAppActor pid=15853)[0m Client 4 Class Distribution
[36m(ClientAppActor pid=15853)[0m Train: Counter({0: 1013, 1: 987})
[36m(ClientAppActor pid=15853)[0m Val  : Counter({0: 56, 1: 44})
[36m(ClientAppActor pid=15853)[0m Test : Counter({1: 53, 0: 47})
[36m(ClientAppActor pid=15853)[0m Client 4
[36m(ClientAppActor pid=15853)[0m Train Images: 2000
[36m(ClientAppActor pid=15853)[0m Test Images : 100
[36m(ClientAppActor pid=15853)[0m Validate Images : 100
[36m(ClientAppActor pid=15853)[0m 
Testing:   0%|          | 0/4 [00:00<?, ?it/s]
[36m(ClientAppActor pid=15853)[0m 
Testing:  25%|██▌       | 1/4 [00:00<00:00,  4.92it/s]
[36m(ClientAppActor pid=15853)[0m 
Testing:  50%|█████     | 2/4 [00:00<00:00,  4.94it/s]
[36m(ClientAppActor pid=15853)[0m 
Testing:  75%|███████▌  | 3/4 [00:00<00:00,  4.95it/s]
Testing: 100%|██████████| 4/4 [00:00<00:00,  6.27it/s]
[36m(ClientAppActor pid=15853)[0m 
Testing:   0%|          | 0/4 [00:00<?, ?it/s]
[36m(ClientAppActor pid=15853)[0m 
Testing:  25%|██▌       | 1/4 [00:00<00:00,  4.99it/s]
[36m(ClientAppActor pid=15853)[0m 
Testing:  50%|█████     | 2/4 [00:00<00:00,  4.98it/s]
[36m(ClientAppActor pid=15853)[0m 
Testing:  75%|███████▌  | 3/4 [00:00<00:00,  4.98it/s]
Testing: 100%|██████████| 4/4 [00:00<00:00,  6.31it/s]
[36m(ClientAppActor pid=15853)[0m 
Testing:   0%|          | 0/4 [00:00<?, ?it/s]
[36m(ClientAppActor pid=15853)[0m 
Testing:  25%|██▌       | 1/4 [00:00<00:00,  4.98it/s]
[36m(ClientAppActor pid=15853)[0m 
Testing:  50%|█████     | 2/4 [00:00<00:00,  4.94it/s]
[36m(ClientAppActor pid=15853)[0m 
Testing:  75%|███████▌  | 3/4 [00:00<00:00,  4.95it/s]
Testing: 100%|██████████| 4/4 [00:00<00:00,  6.28it/s]
[36m(ClientAppActor pid=15853)[0m 
Testing:   0%|          | 0/4 [00:00<?, ?it/s]
[36m(ClientAppActor pid=15853)[0m 
Testing:  25%|██▌       | 1/4 [00:00<00:00,  4.97it/s]
[36m(ClientAppActor pid=15853)[0m 
Testing:  50%|█████     | 2/4 [00:00<00:00,  4.95it/s]
[36m(ClientAppActor pid=15853)[0m 
Testing:  75%|███████▌  | 3/4 [00:00<00:00,  4.97it/s]
[36m(ClientAppActor pid=15853)[0m 
Testing: 100%|██████████| 4/4 [00:00<00:00,  6.29it/s]
[36m(ClientAppActor pid=15853)[0m 
Testing:   0%|          | 0/4 [00:00<?, ?it/s]
[36m(ClientAppActor pid=15853)[0m 
Testing:  25%|██▌       | 1/4 [00:00<00:00,  4.99it/s]
[36m(ClientAppActor pid=15853)[0m 
Testing:  50%|█████     | 2/4 [00:00<00:00,  4.98it/s]
[36m(ClientAppActor pid=15853)[0m 
Testing:  75%|███████▌  | 3/4 [00:00<00:00,  4.97it/s]
Testing: 100%|██████████| 4/4 [00:00<00:00,  6.31it/s]
[92mINFO [0m:      aggregate_evaluate: received 5 results and 0 failures
[92mINFO [0m:      
[92mINFO [0m:      [ROUND 3]
[92mINFO [0m:      configure_fit: strategy sampled 5 clients (out of 5)
[36m(ClientAppActor pid=15853)[0m 
Epoch 1/1:   0%|          | 0/63 [00:00<?, ?it/s]
[36m(ClientAppActor pid=15853)[0m 
Epoch 1/1:   0%|          | 0/63 [00:00<?, ?it/s, loss=0.6819, acc=59.38%, img/s=96.3, eta=0.3m]
Epoch 1/1:   2%|▏         | 1/63 [00:00<00:20,  3.01it/s, loss=0.6819, acc=59.38%, img/s=96.3, eta=0.3m]
[36m(ClientAppActor pid=15853)[0m 
Epoch 1/1:   2%|▏         | 1/63 [00:00<00:20,  3.01it/s, loss=0.6602, acc=62.50%, img/s=97.3, eta=0.3m]
Epoch 1/1:   3%|▎         | 2/63 [00:00<00:20,  3.05it/s, loss=0.6602, acc=62.50%, img/s=97.3, eta=0.3m]
[36m(ClientAppActor pid=15853)[0m 
Epoch 1/1:   3%|▎         | 2/63 [00:00<00:20,  3.05it/s, loss=0.6670, acc=62.50%, img/s=97.9, eta=0.3m]
Epoch 1/1:   5%|▍         | 3/63 [00:00<00:19,  3.07it/s, loss=0.6670, acc=62.50%, img/s=97.9, eta=0.3m]
[36m(ClientAppActor pid=15853)[0m 
Epoch 1/1:   5%|▍         | 3/63 [00:01<00:19,  3.07it/s, loss=0.6899, acc=61.72%, img/s=97.9, eta=0.3m]
Epoch 1/1:   6%|▋         | 4/63 [00:01<00:19,  3.07it/s, loss=0.6899, acc=61.72%, img/s=97.9, eta=0.3m]
[36m(ClientAppActor pid=15853)[0m 
Epoch 1/1:   6%|▋         | 4/63 [00:01<00:19,  3.07it/s, loss=0.7817, acc=58.12%, img/s=98.0, eta=0.3m]
Epoch 1/1:   8%|▊         | 5/63 [00:01<00:18,  3.07it/s, loss=0.7817, acc=58.12%, img/s=98.0, eta=0.3m]
[36m(ClientAppActor pid=15853)[0m 
Epoch 1/1:   8%|▊         | 5/63 [00:01<00:18,  3.07it/s, loss=0.7227, acc=56.25%, img/s=98.0, eta=0.3m]
Epoch 1/1:  10%|▉         | 6/63 [00:01<00:18,  3.07it/s, loss=0.7227, acc=56.25%, img/s=98.0, eta=0.3m]
[36m(ClientAppActor pid=15853)[0m 
Epoch 1/1:  10%|▉         | 6/63 [00:02<00:18,  3.07it/s, loss=0.6676, acc=58.04%, img/s=98.0, eta=0.3m]
Epoch 1/1:  11%|█         | 7/63 [00:02<00:18,  3.06it/s, loss=0.6676, acc=58.04%, img/s=98.0, eta=0.3m]
[36m(ClientAppActor pid=15853)[0m 
Epoch 1/1:  11%|█         | 7/63 [00:02<00:18,  3.06it/s, loss=0.7191, acc=54.30%, img/s=98.1, eta=0.3m]
Epoch 1/1:  13%|█▎        | 8/63 [00:02<00:17,  3.07it/s, loss=0.7191, acc=54.30%, img/s=98.1, eta=0.3m]
[36m(ClientAppActor pid=15853)[0m 
Epoch 1/1:  13%|█▎        | 8/63 [00:02<00:17,  3.07it/s, loss=0.6987, acc=53.82%, img/s=98.1, eta=0.3m]
Epoch 1/1:  14%|█▍        | 9/63 [00:02<00:17,  3.07it/s, loss=0.6987, acc=53.82%, img/s=98.1, eta=0.3m]
[36m(ClientAppActor pid=15853)[0m 
Epoch 1/1:  14%|█▍        | 9/63 [00:03<00:17,  3.07it/s, loss=0.6787, acc=54.69%, img/s=98.1, eta=0.3m]
Epoch 1/1:  16%|█▌        | 10/63 [00:03<00:17,  3.07it/s, loss=0.6787, acc=54.69%, img/s=98.1, eta=0.3m]
[36m(ClientAppActor pid=15853)[0m 
Epoch 1/1:  16%|█▌        | 10/63 [00:03<00:17,  3.07it/s, loss=0.6855, acc=54.55%, img/s=98.1, eta=0.3m]
Epoch 1/1:  17%|█▋        | 11/63 [00:03<00:16,  3.07it/s, loss=0.6855, acc=54.55%, img/s=98.1, eta=0.3m]
[36m(ClientAppActor pid=15853)[0m 
Epoch 1/1:  17%|█▋        | 11/63 [00:03<00:16,  3.07it/s, loss=0.6792, acc=54.69%, img/s=98.1, eta=0.3m]
Epoch 1/1:  19%|█▉        | 12/63 [00:03<00:16,  3.07it/s, loss=0.6792, acc=54.69%, img/s=98.1, eta=0.3m]
[36m(ClientAppActor pid=15853)[0m 
Epoch 1/1:  19%|█▉        | 12/63 [00:04<00:16,  3.07it/s, loss=0.6812, acc=55.29%, img/s=98.1, eta=0.3m]
Epoch 1/1:  21%|██        | 13/63 [00:04<00:16,  3.07it/s, loss=0.6812, acc=55.29%, img/s=98.1, eta=0.3m]
[36m(ClientAppActor pid=15853)[0m 
Epoch 1/1:  21%|██        | 13/63 [00:04<00:16,  3.07it/s, loss=0.7575, acc=54.46%, img/s=98.2, eta=0.3m]
Epoch 1/1:  22%|██▏       | 14/63 [00:04<00:15,  3.08it/s, loss=0.7575, acc=54.46%, img/s=98.2, eta=0.3m]
[36m(ClientAppActor pid=15853)[0m 
Epoch 1/1:  22%|██▏       | 14/63 [00:04<00:15,  3.08it/s, loss=0.7254, acc=53.96%, img/s=98.1, eta=0.3m]
Epoch 1/1:  24%|██▍       | 15/63 [00:04<00:15,  3.07it/s, loss=0.7254, acc=53.96%, img/s=98.1, eta=0.3m]
[36m(ClientAppActor pid=15853)[0m 
Epoch 1/1:  24%|██▍       | 15/63 [00:05<00:15,  3.07it/s, loss=0.7216, acc=53.52%, img/s=98.1, eta=0.3m]
Epoch 1/1:  25%|██▌       | 16/63 [00:05<00:15,  3.06it/s, loss=0.7216, acc=53.52%, img/s=98.1, eta=0.3m]
[36m(ClientAppActor pid=15853)[0m 
Epoch 1/1:  25%|██▌       | 16/63 [00:05<00:15,  3.06it/s, loss=0.7123, acc=53.31%, img/s=98.1, eta=0.2m]
Epoch 1/1:  27%|██▋       | 17/63 [00:05<00:14,  3.07it/s, loss=0.7123, acc=53.31%, img/s=98.1, eta=0.2m]
[36m(ClientAppActor pid=15853)[0m 
Epoch 1/1:  27%|██▋       | 17/63 [00:05<00:14,  3.07it/s, loss=0.6959, acc=52.95%, img/s=98.2, eta=0.2m]
Epoch 1/1:  29%|██▊       | 18/63 [00:05<00:14,  3.07it/s, loss=0.6959, acc=52.95%, img/s=98.2, eta=0.2m]
[36m(ClientAppActor pid=15853)[0m 
Epoch 1/1:  29%|██▊       | 18/63 [00:06<00:14,  3.07it/s, loss=0.7004, acc=52.63%, img/s=98.2, eta=0.2m]
Epoch 1/1:  30%|███       | 19/63 [00:06<00:14,  3.08it/s, loss=0.7004, acc=52.63%, img/s=98.2, eta=0.2m]
[36m(ClientAppActor pid=15853)[0m 
Epoch 1/1:  30%|███       | 19/63 [00:06<00:14,  3.08it/s, loss=0.6866, acc=53.12%, img/s=98.2, eta=0.2m]
Epoch 1/1:  32%|███▏      | 20/63 [00:06<00:13,  3.08it/s, loss=0.6866, acc=53.12%, img/s=98.2, eta=0.2m]
[36m(ClientAppActor pid=15853)[0m 
Epoch 1/1:  32%|███▏      | 20/63 [00:06<00:13,  3.08it/s, loss=0.6637, acc=53.57%, img/s=98.2, eta=0.2m]
Epoch 1/1:  33%|███▎      | 21/63 [00:06<00:13,  3.08it/s, loss=0.6637, acc=53.57%, img/s=98.2, eta=0.2m]
[36m(ClientAppActor pid=15853)[0m 
Epoch 1/1:  33%|███▎      | 21/63 [00:07<00:13,  3.08it/s, loss=0.7024, acc=53.84%, img/s=98.2, eta=0.2m]
Epoch 1/1:  35%|███▍      | 22/63 [00:07<00:13,  3.07it/s, loss=0.7024, acc=53.84%, img/s=98.2, eta=0.2m]
[36m(ClientAppActor pid=15853)[0m 
Epoch 1/1:  35%|███▍      | 22/63 [00:07<00:13,  3.07it/s, loss=0.7769, acc=52.72%, img/s=98.7, eta=0.2m]
Epoch 1/1:  37%|███▋      | 23/63 [00:07<00:12,  3.18it/s, loss=0.7769, acc=52.72%, img/s=98.7, eta=0.2m]
[36m(ClientAppActor pid=15853)[0m 
Epoch 1/1:  37%|███▋      | 23/63 [00:07<00:12,  3.18it/s, loss=0.6730, acc=53.39%, img/s=98.7, eta=0.2m]
Epoch 1/1:  38%|███▊      | 24/63 [00:07<00:12,  3.14it/s, loss=0.6730, acc=53.39%, img/s=98.7, eta=0.2m]
[36m(ClientAppActor pid=15853)[0m 
Epoch 1/1:  38%|███▊      | 24/63 [00:08<00:12,  3.14it/s, loss=0.6977, acc=53.25%, img/s=98.7, eta=0.2m]
Epoch 1/1:  40%|███▉      | 25/63 [00:08<00:12,  3.12it/s, loss=0.6977, acc=53.25%, img/s=98.7, eta=0.2m]
[36m(ClientAppActor pid=15853)[0m 
Epoch 1/1:  40%|███▉      | 25/63 [00:08<00:12,  3.12it/s, loss=0.7461, acc=53.12%, img/s=98.6, eta=0.2m]
Epoch 1/1:  41%|████▏     | 26/63 [00:08<00:11,  3.10it/s, loss=0.7461, acc=53.12%, img/s=98.6, eta=0.2m]
[36m(ClientAppActor pid=15853)[0m 
Epoch 1/1:  41%|████▏     | 26/63 [00:08<00:11,  3.10it/s, loss=0.7803, acc=52.43%, img/s=98.6, eta=0.2m]
Epoch 1/1:  43%|████▎     | 27/63 [00:08<00:11,  3.09it/s, loss=0.7803, acc=52.43%, img/s=98.6, eta=0.2m]
[36m(ClientAppActor pid=15853)[0m 
Epoch 1/1:  43%|████▎     | 27/63 [00:09<00:11,  3.09it/s, loss=0.6703, acc=52.68%, img/s=98.6, eta=0.2m]
Epoch 1/1:  44%|████▍     | 28/63 [00:09<00:11,  3.09it/s, loss=0.6703, acc=52.68%, img/s=98.6, eta=0.2m]
[36m(ClientAppActor pid=15853)[0m 
Epoch 1/1:  44%|████▍     | 28/63 [00:09<00:11,  3.09it/s, loss=0.7148, acc=52.69%, img/s=98.6, eta=0.2m]
Epoch 1/1:  46%|████▌     | 29/63 [00:09<00:11,  3.08it/s, loss=0.7148, acc=52.69%, img/s=98.6, eta=0.2m]
[36m(ClientAppActor pid=15853)[0m 
Epoch 1/1:  46%|████▌     | 29/63 [00:09<00:11,  3.08it/s, loss=0.7361, acc=52.40%, img/s=98.6, eta=0.2m]
Epoch 1/1:  48%|████▊     | 30/63 [00:09<00:10,  3.08it/s, loss=0.7361, acc=52.40%, img/s=98.6, eta=0.2m]
[36m(ClientAppActor pid=15853)[0m 
Epoch 1/1:  48%|████▊     | 30/63 [00:10<00:10,  3.08it/s, loss=0.7078, acc=52.02%, img/s=98.6, eta=0.2m]
Epoch 1/1:  49%|████▉     | 31/63 [00:10<00:10,  3.08it/s, loss=0.7078, acc=52.02%, img/s=98.6, eta=0.2m]
[36m(ClientAppActor pid=15853)[0m 
Epoch 1/1:  49%|████▉     | 31/63 [00:10<00:10,  3.08it/s, loss=0.6835, acc=52.25%, img/s=98.6, eta=0.2m]
Epoch 1/1:  51%|█████     | 32/63 [00:10<00:10,  3.07it/s, loss=0.6835, acc=52.25%, img/s=98.6, eta=0.2m]
[36m(ClientAppActor pid=15853)[0m 
Epoch 1/1:  51%|█████     | 32/63 [00:10<00:10,  3.07it/s, loss=0.6767, acc=52.37%, img/s=98.6, eta=0.2m]
Epoch 1/1:  52%|█████▏    | 33/63 [00:10<00:09,  3.08it/s, loss=0.6767, acc=52.37%, img/s=98.6, eta=0.2m]
[36m(ClientAppActor pid=15853)[0m 
Epoch 1/1:  52%|█████▏    | 33/63 [00:11<00:09,  3.08it/s, loss=0.7252, acc=51.84%, img/s=98.6, eta=0.2m]
Epoch 1/1:  54%|█████▍    | 34/63 [00:11<00:09,  3.08it/s, loss=0.7252, acc=51.84%, img/s=98.6, eta=0.2m]
[36m(ClientAppActor pid=15853)[0m 
Epoch 1/1:  54%|█████▍    | 34/63 [00:11<00:09,  3.08it/s, loss=0.6904, acc=51.70%, img/s=98.6, eta=0.2m]
Epoch 1/1:  56%|█████▌    | 35/63 [00:11<00:09,  3.07it/s, loss=0.6904, acc=51.70%, img/s=98.6, eta=0.2m]
[36m(ClientAppActor pid=15853)[0m 
Epoch 1/1:  56%|█████▌    | 35/63 [00:11<00:09,  3.07it/s, loss=0.7303, acc=51.39%, img/s=98.5, eta=0.1m]
Epoch 1/1:  57%|█████▋    | 36/63 [00:11<00:08,  3.07it/s, loss=0.7303, acc=51.39%, img/s=98.5, eta=0.1m]
[36m(ClientAppActor pid=15853)[0m 
Epoch 1/1:  57%|█████▋    | 36/63 [00:12<00:08,  3.07it/s, loss=0.7117, acc=51.10%, img/s=98.5, eta=0.1m]
Epoch 1/1:  59%|█████▊    | 37/63 [00:12<00:08,  3.07it/s, loss=0.7117, acc=51.10%, img/s=98.5, eta=0.1m]
[36m(ClientAppActor pid=15853)[0m 
Epoch 1/1:  59%|█████▊    | 37/63 [00:12<00:08,  3.07it/s, loss=0.6917, acc=51.23%, img/s=98.5, eta=0.1m]
Epoch 1/1:  60%|██████    | 38/63 [00:12<00:08,  3.07it/s, loss=0.6917, acc=51.23%, img/s=98.5, eta=0.1m]
[36m(ClientAppActor pid=15853)[0m 
Epoch 1/1:  60%|██████    | 38/63 [00:12<00:08,  3.07it/s, loss=0.7089, acc=51.20%, img/s=98.5, eta=0.1m]
Epoch 1/1:  62%|██████▏   | 39/63 [00:12<00:07,  3.08it/s, loss=0.7089, acc=51.20%, img/s=98.5, eta=0.1m]
[36m(ClientAppActor pid=15853)[0m 
Epoch 1/1:  62%|██████▏   | 39/63 [00:12<00:07,  3.08it/s, loss=0.7033, acc=51.09%, img/s=98.5, eta=0.1m]
Epoch 1/1:  63%|██████▎   | 40/63 [00:12<00:07,  3.08it/s, loss=0.7033, acc=51.09%, img/s=98.5, eta=0.1m]
[36m(ClientAppActor pid=15853)[0m 
Epoch 1/1:  63%|██████▎   | 40/63 [00:13<00:07,  3.08it/s, loss=0.7025, acc=50.84%, img/s=98.5, eta=0.1m]
Epoch 1/1:  65%|██████▌   | 41/63 [00:13<00:07,  3.07it/s, loss=0.7025, acc=50.84%, img/s=98.5, eta=0.1m]
[36m(ClientAppActor pid=15853)[0m 
Epoch 1/1:  65%|██████▌   | 41/63 [00:13<00:07,  3.07it/s, loss=0.6986, acc=50.89%, img/s=98.5, eta=0.1m]
Epoch 1/1:  67%|██████▋   | 42/63 [00:13<00:06,  3.08it/s, loss=0.6986, acc=50.89%, img/s=98.5, eta=0.1m]
[36m(ClientAppActor pid=15853)[0m 
Epoch 1/1:  67%|██████▋   | 42/63 [00:13<00:06,  3.08it/s, loss=0.6728, acc=51.31%, img/s=98.5, eta=0.1m]
Epoch 1/1:  68%|██████▊   | 43/63 [00:13<00:06,  3.07it/s, loss=0.6728, acc=51.31%, img/s=98.5, eta=0.1m]
[36m(ClientAppActor pid=15853)[0m 
Epoch 1/1:  68%|██████▊   | 43/63 [00:14<00:06,  3.07it/s, loss=0.6990, acc=51.14%, img/s=98.5, eta=0.1m]
Epoch 1/1:  70%|██████▉   | 44/63 [00:14<00:06,  3.06it/s, loss=0.6990, acc=51.14%, img/s=98.5, eta=0.1m]
[36m(ClientAppActor pid=15853)[0m 
Epoch 1/1:  70%|██████▉   | 44/63 [00:14<00:06,  3.06it/s, loss=0.7224, acc=50.83%, img/s=98.5, eta=0.1m]
Epoch 1/1:  71%|███████▏  | 45/63 [00:14<00:05,  3.06it/s, loss=0.7224, acc=50.83%, img/s=98.5, eta=0.1m]
[36m(ClientAppActor pid=15853)[0m 
Epoch 1/1:  71%|███████▏  | 45/63 [00:14<00:05,  3.06it/s, loss=0.7035, acc=50.75%, img/s=98.4, eta=0.1m]
Epoch 1/1:  73%|███████▎  | 46/63 [00:14<00:05,  3.05it/s, loss=0.7035, acc=50.75%, img/s=98.4, eta=0.1m]
[36m(ClientAppActor pid=15853)[0m 
Epoch 1/1:  73%|███████▎  | 46/63 [00:15<00:05,  3.05it/s, loss=0.6949, acc=50.86%, img/s=98.4, eta=0.1m]
Epoch 1/1:  75%|███████▍  | 47/63 [00:15<00:05,  3.06it/s, loss=0.6949, acc=50.86%, img/s=98.4, eta=0.1m]
[36m(ClientAppActor pid=15853)[0m 
Epoch 1/1:  75%|███████▍  | 47/63 [00:15<00:05,  3.06it/s, loss=0.7019, acc=50.59%, img/s=98.4, eta=0.1m]
Epoch 1/1:  76%|███████▌  | 48/63 [00:15<00:04,  3.07it/s, loss=0.7019, acc=50.59%, img/s=98.4, eta=0.1m]
[36m(ClientAppActor pid=15853)[0m 
Epoch 1/1:  76%|███████▌  | 48/63 [00:15<00:04,  3.07it/s, loss=0.6953, acc=50.45%, img/s=98.4, eta=0.1m]
Epoch 1/1:  78%|███████▊  | 49/63 [00:15<00:04,  3.07it/s, loss=0.6953, acc=50.45%, img/s=98.4, eta=0.1m]
[36m(ClientAppActor pid=15853)[0m 
Epoch 1/1:  78%|███████▊  | 49/63 [00:16<00:04,  3.07it/s, loss=0.7213, acc=50.25%, img/s=98.2, eta=0.1m]
Epoch 1/1:  79%|███████▉  | 50/63 [00:16<00:04,  2.98it/s, loss=0.7213, acc=50.25%, img/s=98.2, eta=0.1m]
[36m(ClientAppActor pid=15853)[0m 
Epoch 1/1:  79%|███████▉  | 50/63 [00:16<00:04,  2.98it/s, loss=0.7477, acc=49.82%, img/s=98.2, eta=0.1m]
Epoch 1/1:  81%|████████  | 51/63 [00:16<00:04,  2.97it/s, loss=0.7477, acc=49.82%, img/s=98.2, eta=0.1m]
[36m(ClientAppActor pid=15853)[0m 
Epoch 1/1:  81%|████████  | 51/63 [00:16<00:04,  2.97it/s, loss=0.6856, acc=50.00%, img/s=98.0, eta=0.1m]
Epoch 1/1:  83%|████████▎ | 52/63 [00:16<00:03,  2.94it/s, loss=0.6856, acc=50.00%, img/s=98.0, eta=0.1m]
[36m(ClientAppActor pid=15853)[0m 
Epoch 1/1:  83%|████████▎ | 52/63 [00:17<00:03,  2.94it/s, loss=0.6949, acc=50.06%, img/s=97.9, eta=0.1m]
Epoch 1/1:  84%|████████▍ | 53/63 [00:17<00:03,  2.93it/s, loss=0.6949, acc=50.06%, img/s=97.9, eta=0.1m]
[36m(ClientAppActor pid=15853)[0m 
Epoch 1/1:  84%|████████▍ | 53/63 [00:17<00:03,  2.93it/s, loss=0.6930, acc=50.12%, img/s=97.8, eta=0.0m]
Epoch 1/1:  86%|████████▌ | 54/63 [00:17<00:03,  2.92it/s, loss=0.6930, acc=50.12%, img/s=97.8, eta=0.0m]
[36m(ClientAppActor pid=15853)[0m 
Epoch 1/1:  86%|████████▌ | 54/63 [00:18<00:03,  2.92it/s, loss=0.7098, acc=50.06%, img/s=97.7, eta=0.0m]
Epoch 1/1:  87%|████████▋ | 55/63 [00:18<00:02,  2.91it/s, loss=0.7098, acc=50.06%, img/s=97.7, eta=0.0m]
[36m(ClientAppActor pid=15853)[0m 
Epoch 1/1:  87%|████████▋ | 55/63 [00:18<00:02,  2.91it/s, loss=0.6978, acc=49.94%, img/s=97.7, eta=0.0m]
Epoch 1/1:  89%|████████▉ | 56/63 [00:18<00:02,  2.92it/s, loss=0.6978, acc=49.94%, img/s=97.7, eta=0.0m]
[36m(ClientAppActor pid=15853)[0m 
Epoch 1/1:  89%|████████▉ | 56/63 [00:18<00:02,  2.92it/s, loss=0.6802, acc=50.11%, img/s=97.6, eta=0.0m]
Epoch 1/1:  90%|█████████ | 57/63 [00:18<00:02,  2.93it/s, loss=0.6802, acc=50.11%, img/s=97.6, eta=0.0m]
[36m(ClientAppActor pid=15853)[0m 
Epoch 1/1:  90%|█████████ | 57/63 [00:19<00:02,  2.93it/s, loss=0.7257, acc=49.95%, img/s=97.6, eta=0.0m]
Epoch 1/1:  92%|█████████▏| 58/63 [00:19<00:01,  2.95it/s, loss=0.7257, acc=49.95%, img/s=97.6, eta=0.0m]
[36m(ClientAppActor pid=15853)[0m 
Epoch 1/1:  92%|█████████▏| 58/63 [00:19<00:01,  2.95it/s, loss=0.6874, acc=49.95%, img/s=97.5, eta=0.0m]
Epoch 1/1:  94%|█████████▎| 59/63 [00:19<00:01,  2.96it/s, loss=0.6874, acc=49.95%, img/s=97.5, eta=0.0m]
[36m(ClientAppActor pid=15853)[0m 
Epoch 1/1:  94%|█████████▎| 59/63 [00:19<00:01,  2.96it/s, loss=0.7120, acc=49.95%, img/s=97.5, eta=0.0m]
Epoch 1/1:  95%|█████████▌| 60/63 [00:19<00:01,  2.98it/s, loss=0.7120, acc=49.95%, img/s=97.5, eta=0.0m]
[36m(ClientAppActor pid=15853)[0m 
Epoch 1/1:  95%|█████████▌| 60/63 [00:20<00:01,  2.98it/s, loss=0.7331, acc=49.69%, img/s=97.5, eta=0.0m]
Epoch 1/1:  97%|█████████▋| 61/63 [00:20<00:00,  2.99it/s, loss=0.7331, acc=49.69%, img/s=97.5, eta=0.0m]
[36m(ClientAppActor pid=15853)[0m 
Epoch 1/1:  97%|█████████▋| 61/63 [00:20<00:00,  2.99it/s, loss=0.7135, acc=49.50%, img/s=97.5, eta=0.0m]
Epoch 1/1:  98%|█████████▊| 62/63 [00:20<00:00,  2.99it/s, loss=0.7135, acc=49.50%, img/s=97.5, eta=0.0m]
[36m(ClientAppActor pid=15853)[0m 
Epoch 1/1:  98%|█████████▊| 62/63 [00:20<00:00,  2.99it/s, loss=0.6923, acc=49.55%, img/s=49.0, eta=0.0m]
Epoch 1/1: 100%|██████████| 63/63 [00:20<00:00,  3.40it/s, loss=0.6923, acc=49.55%, img/s=49.0, eta=0.0m]
Epoch 1/1: 100%|██████████| 63/63 [00:20<00:00,  3.07it/s, loss=0.6923, acc=49.55%, img/s=49.0, eta=0.0m]
[36m(ClientAppActor pid=15853)[0m 
[36m(ClientAppActor pid=15853)[0m CLIENT 4 STARTING EVALUATION
[36m(ClientAppActor pid=15853)[0m Client 4 received class memories
[36m(ClientAppActor pid=15853)[0m Real memory norm=0.9006
[36m(ClientAppActor pid=15853)[0m Fake memory norm=0.8975
[36m(ClientAppActor pid=15853)[0m Artifact bias shape: torch.Size([32, 8, 197, 197])
[36m(ClientAppActor pid=15853)[0m Accuracy: 0.5300
[36m(ClientAppActor pid=15853)[0m 
[36m(ClientAppActor pid=15853)[0m CLIENT 4 EVALUATION COMPLETE
[36m(ClientAppActor pid=15853)[0m Client 5 using cuda
[36m(ClientAppActor pid=15853)[0m {'fake': 0, 'real': 1}
[36m(ClientAppActor pid=15853)[0m [DEBUG MODE] Train=2000, Val=100, Test=100
[36m(ClientAppActor pid=15853)[0m 
[36m(ClientAppActor pid=15853)[0m Client 5 Class Distribution
[36m(ClientAppActor pid=15853)[0m Train: Counter({0: 1014, 1: 986})
[36m(ClientAppActor pid=15853)[0m Val  : Counter({0: 56, 1: 44})
[36m(ClientAppActor pid=15853)[0m Test : Counter({0: 51, 1: 49})
[36m(ClientAppActor pid=15853)[0m Client 5
[36m(ClientAppActor pid=15853)[0m Train Images: 2000
[36m(ClientAppActor pid=15853)[0m Test Images : 100
[36m(ClientAppActor pid=15853)[0m Validate Images : 100
[36m(ClientAppActor pid=15853)[0m 
[36m(ClientAppActor pid=15853)[0m CLIENT 5 STARTING EVALUATION
[36m(ClientAppActor pid=15853)[0m Client 5 received class memories
[36m(ClientAppActor pid=15853)[0m Real memory norm=0.9006
[36m(ClientAppActor pid=15853)[0m Fake memory norm=0.8975
[36m(ClientAppActor pid=15853)[0m Artifact bias shape: torch.Size([32, 8, 197, 197])
[36m(ClientAppActor pid=15853)[0m Accuracy: 0.4900
[36m(ClientAppActor pid=15853)[0m 
[36m(ClientAppActor pid=15853)[0m CLIENT 5 EVALUATION COMPLETE
[36m(ClientAppActor pid=15853)[0m Client 1 using cuda
[36m(ClientAppActor pid=15853)[0m {'fake': 0, 'real': 1}
[36m(ClientAppActor pid=15853)[0m [DEBUG MODE] Train=2000, Val=100, Test=100
[36m(ClientAppActor pid=15853)[0m 
[36m(ClientAppActor pid=15853)[0m Client 1 Class Distribution
[36m(ClientAppActor pid=15853)[0m Train: Counter({1: 1011, 0: 989})
[36m(ClientAppActor pid=15853)[0m Val  : Counter({0: 55, 1: 45})
[36m(ClientAppActor pid=15853)[0m Test : Counter({0: 53, 1: 47})
[36m(ClientAppActor pid=15853)[0m Client 1
[36m(ClientAppActor pid=15853)[0m Train Images: 2000
[36m(ClientAppActor pid=15853)[0m Test Images : 100
[36m(ClientAppActor pid=15853)[0m Validate Images : 100
[36m(ClientAppActor pid=15853)[0m 
[36m(ClientAppActor pid=15853)[0m CLIENT 1 STARTING EVALUATION
[36m(ClientAppActor pid=15853)[0m Client 1 received class memories
[36m(ClientAppActor pid=15853)[0m Real memory norm=0.9006
[36m(ClientAppActor pid=15853)[0m Fake memory norm=0.8975
[36m(ClientAppActor pid=15853)[0m Artifact bias shape: torch.Size([32, 8, 197, 197])
[36m(ClientAppActor pid=15853)[0m Accuracy: 0.4700
[36m(ClientAppActor pid=15853)[0m 
[36m(ClientAppActor pid=15853)[0m CLIENT 1 EVALUATION COMPLETE
[36m(ClientAppActor pid=15853)[0m Client 2 using cuda
[36m(ClientAppActor pid=15853)[0m {'fake': 0, 'real': 1}
[36m(ClientAppActor pid=15853)[0m [DEBUG MODE] Train=2000, Val=100, Test=100
[36m(ClientAppActor pid=15853)[0m 
[36m(ClientAppActor pid=15853)[0m Client 2 Class Distribution
[36m(ClientAppActor pid=15853)[0m Train: Counter({0: 1012, 1: 988})
[36m(ClientAppActor pid=15853)[0m Val  : Counter({0: 60, 1: 40})
[36m(ClientAppActor pid=15853)[0m Test : Counter({0: 51, 1: 49})
[36m(ClientAppActor pid=15853)[0m Client 2
[36m(ClientAppActor pid=15853)[0m Train Images: 2000
[36m(ClientAppActor pid=15853)[0m Test Images : 100
[36m(ClientAppActor pid=15853)[0m Validate Images : 100
[36m(ClientAppActor pid=15853)[0m 
[36m(ClientAppActor pid=15853)[0m CLIENT 2 STARTING EVALUATION
[36m(ClientAppActor pid=15853)[0m Client 2 received class memories
[36m(ClientAppActor pid=15853)[0m Real memory norm=0.9006
[36m(ClientAppActor pid=15853)[0m Fake memory norm=0.8975
[36m(ClientAppActor pid=15853)[0m Artifact bias shape: torch.Size([32, 8, 197, 197])
[36m(ClientAppActor pid=15853)[0m Accuracy: 0.4900
[36m(ClientAppActor pid=15853)[0m 
[36m(ClientAppActor pid=15853)[0m CLIENT 2 EVALUATION COMPLETE
[36m(ClientAppActor pid=15853)[0m Client 3 using cuda
[36m(ClientAppActor pid=15853)[0m {'fake': 0, 'real': 1}
[36m(ClientAppActor pid=15853)[0m [DEBUG MODE] Train=2000, Val=100, Test=100
[36m(ClientAppActor pid=15853)[0m 
[36m(ClientAppActor pid=15853)[0m Client 3 Class Distribution
[36m(ClientAppActor pid=15853)[0m Train: Counter({1: 1024, 0: 976})
[36m(ClientAppActor pid=15853)[0m Val  : Counter({1: 54, 0: 46})
[36m(ClientAppActor pid=15853)[0m Test : Counter({1: 50, 0: 50})
[36m(ClientAppActor pid=15853)[0m Client 3
[36m(ClientAppActor pid=15853)[0m Train Images: 2000
[36m(ClientAppActor pid=15853)[0m Test Images : 100
[36m(ClientAppActor pid=15853)[0m Validate Images : 100
[36m(ClientAppActor pid=15853)[0m 
[36m(ClientAppActor pid=15853)[0m CLIENT 3 STARTING EVALUATION
[36m(ClientAppActor pid=15853)[0m Client 3 received class memories
[36m(ClientAppActor pid=15853)[0m Real memory norm=0.9006
[36m(ClientAppActor pid=15853)[0m Fake memory norm=0.8975
[36m(ClientAppActor pid=15853)[0m Artifact bias shape: torch.Size([32, 8, 197, 197])
[36m(ClientAppActor pid=15853)[0m Accuracy: 0.5000
[36m(ClientAppActor pid=15853)[0m 
[36m(ClientAppActor pid=15853)[0m CLIENT 3 EVALUATION COMPLETE
[36m(ClientAppActor pid=15853)[0m Client 1 using cuda
[36m(ClientAppActor pid=15853)[0m {'fake': 0, 'real': 1}
[36m(ClientAppActor pid=15853)[0m [DEBUG MODE] Train=2000, Val=100, Test=100
[36m(ClientAppActor pid=15853)[0m 
[36m(ClientAppActor pid=15853)[0m Client 1 Class Distribution
[36m(ClientAppActor pid=15853)[0m Train: Counter({1: 1011, 0: 989})
[36m(ClientAppActor pid=15853)[0m Val  : Counter({0: 55, 1: 45})
[36m(ClientAppActor pid=15853)[0m Test : Counter({0: 53, 1: 47})
[36m(ClientAppActor pid=15853)[0m Client 1
[36m(ClientAppActor pid=15853)[0m Train Images: 2000
[36m(ClientAppActor pid=15853)[0m Test Images : 100
[36m(ClientAppActor pid=15853)[0m Validate Images : 100
[36m(ClientAppActor pid=15853)[0m Client 1 starting fit...
[36m(ClientAppActor pid=15853)[0m Client 1 received class memories
[36m(ClientAppActor pid=15853)[0m Real memory norm=0.9006
[36m(ClientAppActor pid=15853)[0m Fake memory norm=0.8975
[36m(ClientAppActor pid=15853)[0m Client 1 starting training...
[36m(ClientAppActor pid=15853)[0m START classifier norm: 13.067695617675781
[36m(ClientAppActor pid=15853)[0m Artifact bias shape: torch.Size([32, 8, 197, 197])
[36m(ClientAppActor pid=15853)[0m 
[36m(ClientAppActor pid=15853)[0m Batch 0/63
[36m(ClientAppActor pid=15853)[0m GPU Allocated: 2.25 GB
[36m(ClientAppActor pid=15853)[0m GPU Reserved : 5.42 GB
[36m(ClientAppActor pid=15853)[0m 
[36m(ClientAppActor pid=15853)[0m ==================================================
[36m(ClientAppActor pid=15853)[0m Epoch 1 Complete
[36m(ClientAppActor pid=15853)[0m Average Loss : 0.7046
[36m(ClientAppActor pid=15853)[0m Accuracy     : 49.55%
[36m(ClientAppActor pid=15853)[0m Time         : 20.55s
[36m(ClientAppActor pid=15853)[0m Images       : 2000
[36m(ClientAppActor pid=15853)[0m Images/sec   : 97.30
[36m(ClientAppActor pid=15853)[0m GPU Allocated: 2.25 GB
[36m(ClientAppActor pid=15853)[0m GPU Reserved : 5.42 GB
[36m(ClientAppActor pid=15853)[0m ==================================================
[36m(ClientAppActor pid=15853)[0m END classifier norm: 13.066308975219727
[36m(ClientAppActor pid=15853)[0m Client 1 finished training
[36m(ClientAppActor pid=15853)[0m Client 1 extracting parameters...
[36m(ClientAppActor pid=15853)[0m Client 1 parameter extraction complete
[36m(ClientAppActor pid=15853)[0m Client 1 returning results
[36m(ClientAppActor pid=15853)[0m Client 3 using cuda
[36m(ClientAppActor pid=15853)[0m {'fake': 0, 'real': 1}
[36m(ClientAppActor pid=15853)[0m [DEBUG MODE] Train=2000, Val=100, Test=100
[36m(ClientAppActor pid=15853)[0m 
[36m(ClientAppActor pid=15853)[0m 
Epoch 1/1:   0%|          | 0/63 [00:00<?, ?it/s]
[36m(ClientAppActor pid=15853)[0m 
Epoch 1/1:   0%|          | 0/63 [00:00<?, ?it/s, loss=0.6805, acc=65.62%, img/s=91.9, eta=0.4m]
Epoch 1/1:   2%|▏         | 1/63 [00:00<00:21,  2.87it/s, loss=0.6805, acc=65.62%, img/s=91.9, eta=0.4m]
[36m(ClientAppActor pid=15853)[0m 
Epoch 1/1:   2%|▏         | 1/63 [00:00<00:21,  2.87it/s, loss=0.6930, acc=60.94%, img/s=92.3, eta=0.4m]
Epoch 1/1:   3%|▎         | 2/63 [00:00<00:21,  2.89it/s, loss=0.6930, acc=60.94%, img/s=92.3, eta=0.4m]
[36m(ClientAppActor pid=15853)[0m 
Epoch 1/1:   3%|▎         | 2/63 [00:01<00:21,  2.89it/s, loss=0.6843, acc=60.42%, img/s=92.5, eta=0.3m]
Epoch 1/1:   5%|▍         | 3/63 [00:01<00:20,  2.89it/s, loss=0.6843, acc=60.42%, img/s=92.5, eta=0.3m]
[36m(ClientAppActor pid=15853)[0m 
Epoch 1/1:   5%|▍         | 3/63 [00:01<00:20,  2.89it/s, loss=0.7292, acc=57.03%, img/s=93.1, eta=0.3m]
Epoch 1/1:   6%|▋         | 4/63 [00:01<00:20,  2.93it/s, loss=0.7292, acc=57.03%, img/s=93.1, eta=0.3m]
[36m(ClientAppActor pid=15853)[0m 
Epoch 1/1:   6%|▋         | 4/63 [00:01<00:20,  2.93it/s, loss=0.7109, acc=54.38%, img/s=93.1, eta=0.3m]
Epoch 1/1:   8%|▊         | 5/63 [00:01<00:19,  2.92it/s, loss=0.7109, acc=54.38%, img/s=93.1, eta=0.3m]
[36m(ClientAppActor pid=15853)[0m 
Epoch 1/1:   8%|▊         | 5/63 [00:02<00:19,  2.92it/s, loss=0.6903, acc=54.69%, img/s=93.1, eta=0.3m]
Epoch 1/1:  10%|▉         | 6/63 [00:02<00:19,  2.91it/s, loss=0.6903, acc=54.69%, img/s=93.1, eta=0.3m]
[36m(ClientAppActor pid=15853)[0m 
Epoch 1/1:  10%|▉         | 6/63 [00:02<00:19,  2.91it/s, loss=0.6933, acc=54.46%, img/s=93.5, eta=0.3m]
Epoch 1/1:  11%|█         | 7/63 [00:02<00:19,  2.94it/s, loss=0.6933, acc=54.46%, img/s=93.5, eta=0.3m]
[36m(ClientAppActor pid=15853)[0m 
Epoch 1/1:  11%|█         | 7/63 [00:02<00:19,  2.94it/s, loss=0.6939, acc=53.91%, img/s=93.3, eta=0.3m]
Epoch 1/1:  13%|█▎        | 8/63 [00:02<00:18,  2.92it/s, loss=0.6939, acc=53.91%, img/s=93.3, eta=0.3m]
[36m(ClientAppActor pid=15853)[0m 
Epoch 1/1:  13%|█▎        | 8/63 [00:03<00:18,  2.92it/s, loss=0.7004, acc=53.47%, img/s=93.2, eta=0.3m]
Epoch 1/1:  14%|█▍        | 9/63 [00:03<00:18,  2.91it/s, loss=0.7004, acc=53.47%, img/s=93.2, eta=0.3m]
[36m(ClientAppActor pid=15853)[0m 
Epoch 1/1:  14%|█▍        | 9/63 [00:03<00:18,  2.91it/s, loss=0.7767, acc=51.56%, img/s=94.2, eta=0.3m]
Epoch 1/1:  16%|█▌        | 10/63 [00:03<00:17,  3.01it/s, loss=0.7767, acc=51.56%, img/s=94.2, eta=0.3m]
[36m(ClientAppActor pid=15853)[0m 
Epoch 1/1:  16%|█▌        | 10/63 [00:03<00:17,  3.01it/s, loss=0.6805, acc=52.27%, img/s=94.3, eta=0.3m]
Epoch 1/1:  17%|█▋        | 11/63 [00:03<00:17,  3.00it/s, loss=0.6805, acc=52.27%, img/s=94.3, eta=0.3m]
[36m(ClientAppActor pid=15853)[0m 
Epoch 1/1:  17%|█▋        | 11/63 [00:04<00:17,  3.00it/s, loss=0.7381, acc=51.56%, img/s=94.7, eta=0.3m]
Epoch 1/1:  19%|█▉        | 12/63 [00:04<00:16,  3.03it/s, loss=0.7381, acc=51.56%, img/s=94.7, eta=0.3m]
[36m(ClientAppActor pid=15853)[0m 
Epoch 1/1:  19%|█▉        | 12/63 [00:04<00:16,  3.03it/s, loss=0.7172, acc=51.44%, img/s=94.9, eta=0.3m]
Epoch 1/1:  21%|██        | 13/63 [00:04<00:16,  3.04it/s, loss=0.7172, acc=51.44%, img/s=94.9, eta=0.3m]
[36m(ClientAppActor pid=15853)[0m 
Epoch 1/1:  21%|██        | 13/63 [00:04<00:16,  3.04it/s, loss=0.7174, acc=50.45%, img/s=95.2, eta=0.3m]
Epoch 1/1:  22%|██▏       | 14/63 [00:04<00:16,  3.05it/s, loss=0.7174, acc=50.45%, img/s=95.2, eta=0.3m]
[36m(ClientAppActor pid=15853)[0m 
Epoch 1/1:  22%|██▏       | 14/63 [00:05<00:16,  3.05it/s, loss=0.6842, acc=50.62%, img/s=95.4, eta=0.3m]
Epoch 1/1:  24%|██▍       | 15/63 [00:05<00:15,  3.06it/s, loss=0.6842, acc=50.62%, img/s=95.4, eta=0.3m]
[36m(ClientAppActor pid=15853)[0m 
Epoch 1/1:  24%|██▍       | 15/63 [00:05<00:15,  3.06it/s, loss=0.6971, acc=50.78%, img/s=95.6, eta=0.3m]
Epoch 1/1:  25%|██▌       | 16/63 [00:05<00:15,  3.06it/s, loss=0.6971, acc=50.78%, img/s=95.6, eta=0.3m]
[36m(ClientAppActor pid=15853)[0m 
Epoch 1/1:  25%|██▌       | 16/63 [00:05<00:15,  3.06it/s, loss=0.6554, acc=51.65%, img/s=95.6, eta=0.3m]
Epoch 1/1:  27%|██▋       | 17/63 [00:05<00:15,  3.04it/s, loss=0.6554, acc=51.65%, img/s=95.6, eta=0.3m]
[36m(ClientAppActor pid=15853)[0m 
Epoch 1/1:  27%|██▋       | 17/63 [00:06<00:15,  3.04it/s, loss=0.7627, acc=50.52%, img/s=95.7, eta=0.3m]
Epoch 1/1:  29%|██▊       | 18/63 [00:06<00:14,  3.04it/s, loss=0.7627, acc=50.52%, img/s=95.7, eta=0.3m]
[36m(ClientAppActor pid=15853)[0m 
Epoch 1/1:  29%|██▊       | 18/63 [00:06<00:14,  3.04it/s, loss=0.6895, acc=50.82%, img/s=95.7, eta=0.2m]
Epoch 1/1:  30%|███       | 19/63 [00:06<00:14,  3.04it/s, loss=0.6895, acc=50.82%, img/s=95.7, eta=0.2m]
[36m(ClientAppActor pid=15853)[0m 
Epoch 1/1:  30%|███       | 19/63 [00:06<00:14,  3.04it/s, loss=0.6240, acc=52.03%, img/s=95.7, eta=0.2m]
Epoch 1/1:  32%|███▏      | 20/63 [00:06<00:14,  3.01it/s, loss=0.6240, acc=52.03%, img/s=95.7, eta=0.2m]
[36m(ClientAppActor pid=15853)[0m 
Epoch 1/1:  32%|███▏      | 20/63 [00:07<00:14,  3.01it/s, loss=0.7160, acc=51.64%, img/s=95.8, eta=0.2m]
Epoch 1/1:  33%|███▎      | 21/63 [00:07<00:13,  3.03it/s, loss=0.7160, acc=51.64%, img/s=95.8, eta=0.2m]
[36m(ClientAppActor pid=15853)[0m 
Epoch 1/1:  33%|███▎      | 21/63 [00:07<00:13,  3.03it/s, loss=0.7071, acc=51.42%, img/s=95.9, eta=0.2m]
Epoch 1/1:  35%|███▍      | 22/63 [00:07<00:13,  3.04it/s, loss=0.7071, acc=51.42%, img/s=95.9, eta=0.2m]
[36m(ClientAppActor pid=15853)[0m 
Epoch 1/1:  35%|███▍      | 22/63 [00:07<00:13,  3.04it/s, loss=0.6890, acc=51.63%, img/s=96.0, eta=0.2m]
Epoch 1/1:  37%|███▋      | 23/63 [00:07<00:13,  3.05it/s, loss=0.6890, acc=51.63%, img/s=96.0, eta=0.2m]
[36m(ClientAppActor pid=15853)[0m 
Epoch 1/1:  37%|███▋      | 23/63 [00:07<00:13,  3.05it/s, loss=0.7091, acc=51.30%, img/s=96.1, eta=0.2m]
Epoch 1/1:  38%|███▊      | 24/63 [00:07<00:12,  3.06it/s, loss=0.7091, acc=51.30%, img/s=96.1, eta=0.2m]
[36m(ClientAppActor pid=15853)[0m 
Epoch 1/1:  38%|███▊      | 24/63 [00:08<00:12,  3.06it/s, loss=0.6812, acc=51.62%, img/s=96.2, eta=0.2m]
Epoch 1/1:  40%|███▉      | 25/63 [00:08<00:12,  3.06it/s, loss=0.6812, acc=51.62%, img/s=96.2, eta=0.2m]
[36m(ClientAppActor pid=15853)[0m 
Epoch 1/1:  40%|███▉      | 25/63 [00:08<00:12,  3.06it/s, loss=0.7122, acc=51.20%, img/s=96.3, eta=0.2m]
Epoch 1/1:  41%|████▏     | 26/63 [00:08<00:12,  3.06it/s, loss=0.7122, acc=51.20%, img/s=96.3, eta=0.2m]
[36m(ClientAppActor pid=15853)[0m 
Epoch 1/1:  41%|████▏     | 26/63 [00:08<00:12,  3.06it/s, loss=0.6771, acc=51.74%, img/s=96.3, eta=0.2m]
Epoch 1/1:  43%|████▎     | 27/63 [00:08<00:11,  3.07it/s, loss=0.6771, acc=51.74%, img/s=96.3, eta=0.2m]
[36m(ClientAppActor pid=15853)[0m 
Epoch 1/1:  43%|████▎     | 27/63 [00:09<00:11,  3.07it/s, loss=0.6823, acc=51.34%, img/s=96.4, eta=0.2m]
Epoch 1/1:  44%|████▍     | 28/63 [00:09<00:11,  3.06it/s, loss=0.6823, acc=51.34%, img/s=96.4, eta=0.2m]
[36m(ClientAppActor pid=15853)[0m 
Epoch 1/1:  44%|████▍     | 28/63 [00:09<00:11,  3.06it/s, loss=0.6966, acc=51.08%, img/s=96.5, eta=0.2m]
Epoch 1/1:  46%|████▌     | 29/63 [00:09<00:11,  3.07it/s, loss=0.6966, acc=51.08%, img/s=96.5, eta=0.2m]
[36m(ClientAppActor pid=15853)[0m 
Epoch 1/1:  46%|████▌     | 29/63 [00:09<00:11,  3.07it/s, loss=0.7050, acc=51.15%, img/s=96.4, eta=0.2m]
Epoch 1/1:  48%|████▊     | 30/63 [00:09<00:10,  3.03it/s, loss=0.7050, acc=51.15%, img/s=96.4, eta=0.2m]
[36m(ClientAppActor pid=15853)[0m 
Epoch 1/1:  48%|████▊     | 30/63 [00:10<00:10,  3.03it/s, loss=0.6619, acc=51.61%, img/s=96.4, eta=0.2m]
Epoch 1/1:  49%|████▉     | 31/63 [00:10<00:10,  3.03it/s, loss=0.6619, acc=51.61%, img/s=96.4, eta=0.2m]
[36m(ClientAppActor pid=15853)[0m 
Epoch 1/1:  49%|████▉     | 31/63 [00:10<00:10,  3.03it/s, loss=0.6927, acc=51.86%, img/s=96.5, eta=0.2m]
Epoch 1/1:  51%|█████     | 32/63 [00:10<00:10,  3.04it/s, loss=0.6927, acc=51.86%, img/s=96.5, eta=0.2m]
[36m(ClientAppActor pid=15853)[0m 
Epoch 1/1:  51%|█████     | 32/63 [00:10<00:10,  3.04it/s, loss=0.7150, acc=51.42%, img/s=96.5, eta=0.2m]
Epoch 1/1:  52%|█████▏    | 33/63 [00:10<00:09,  3.05it/s, loss=0.7150, acc=51.42%, img/s=96.5, eta=0.2m]
[36m(ClientAppActor pid=15853)[0m 
Epoch 1/1:  52%|█████▏    | 33/63 [00:11<00:09,  3.05it/s, loss=0.7012, acc=51.38%, img/s=96.5, eta=0.2m]
Epoch 1/1:  54%|█████▍    | 34/63 [00:11<00:09,  3.05it/s, loss=0.7012, acc=51.38%, img/s=96.5, eta=0.2m]
[36m(ClientAppActor pid=15853)[0m 
Epoch 1/1:  54%|█████▍    | 34/63 [00:11<00:09,  3.05it/s, loss=0.7525, acc=50.89%, img/s=96.6, eta=0.2m]
Epoch 1/1:  56%|█████▌    | 35/63 [00:11<00:09,  3.06it/s, loss=0.7525, acc=50.89%, img/s=96.6, eta=0.2m]
[36m(ClientAppActor pid=15853)[0m 
Epoch 1/1:  56%|█████▌    | 35/63 [00:11<00:09,  3.06it/s, loss=0.6695, acc=51.22%, img/s=96.7, eta=0.1m]
Epoch 1/1:  57%|█████▋    | 36/63 [00:11<00:08,  3.07it/s, loss=0.6695, acc=51.22%, img/s=96.7, eta=0.1m]
[36m(ClientAppActor pid=15853)[0m 
Epoch 1/1:  57%|█████▋    | 36/63 [00:12<00:08,  3.07it/s, loss=0.7026, acc=51.10%, img/s=96.7, eta=0.1m]
Epoch 1/1:  59%|█████▊    | 37/63 [00:12<00:08,  3.06it/s, loss=0.7026, acc=51.10%, img/s=96.7, eta=0.1m]
[36m(ClientAppActor pid=15853)[0m 
Epoch 1/1:  59%|█████▊    | 37/63 [00:12<00:08,  3.06it/s, loss=0.7021, acc=51.15%, img/s=96.7, eta=0.1m]
Epoch 1/1:  60%|██████    | 38/63 [00:12<00:08,  3.06it/s, loss=0.7021, acc=51.15%, img/s=96.7, eta=0.1m]
[36m(ClientAppActor pid=15853)[0m 
Epoch 1/1:  60%|██████    | 38/63 [00:12<00:08,  3.06it/s, loss=0.7093, acc=50.80%, img/s=96.8, eta=0.1m]
Epoch 1/1:  62%|██████▏   | 39/63 [00:12<00:07,  3.07it/s, loss=0.7093, acc=50.80%, img/s=96.8, eta=0.1m]
[36m(ClientAppActor pid=15853)[0m 
Epoch 1/1:  62%|██████▏   | 39/63 [00:13<00:07,  3.07it/s, loss=0.6777, acc=50.78%, img/s=96.8, eta=0.1m]
Epoch 1/1:  63%|██████▎   | 40/63 [00:13<00:07,  3.07it/s, loss=0.6777, acc=50.78%, img/s=96.8, eta=0.1m]
[36m(ClientAppActor pid=15853)[0m 
Epoch 1/1:  63%|██████▎   | 40/63 [00:13<00:07,  3.07it/s, loss=0.6784, acc=50.84%, img/s=96.8, eta=0.1m]
Epoch 1/1:  65%|██████▌   | 41/63 [00:13<00:07,  3.06it/s, loss=0.6784, acc=50.84%, img/s=96.8, eta=0.1m]
[36m(ClientAppActor pid=15853)[0m 
Epoch 1/1:  65%|██████▌   | 41/63 [00:13<00:07,  3.06it/s, loss=0.6825, acc=50.82%, img/s=96.9, eta=0.1m]
Epoch 1/1:  67%|██████▋   | 42/63 [00:13<00:06,  3.07it/s, loss=0.6825, acc=50.82%, img/s=96.9, eta=0.1m]
[36m(ClientAppActor pid=15853)[0m 
Epoch 1/1:  67%|██████▋   | 42/63 [00:14<00:06,  3.07it/s, loss=0.7072, acc=50.65%, img/s=96.9, eta=0.1m]
Epoch 1/1:  68%|██████▊   | 43/63 [00:14<00:06,  3.07it/s, loss=0.7072, acc=50.65%, img/s=96.9, eta=0.1m]
[36m(ClientAppActor pid=15853)[0m 
Epoch 1/1:  68%|██████▊   | 43/63 [00:14<00:06,  3.07it/s, loss=0.6958, acc=50.64%, img/s=96.9, eta=0.1m]
Epoch 1/1:  70%|██████▉   | 44/63 [00:14<00:06,  3.07it/s, loss=0.6958, acc=50.64%, img/s=96.9, eta=0.1m]
[36m(ClientAppActor pid=15853)[0m 
Epoch 1/1:  70%|██████▉   | 44/63 [00:14<00:06,  3.07it/s, loss=0.7233, acc=50.42%, img/s=97.0, eta=0.1m]
Epoch 1/1:  71%|███████▏  | 45/63 [00:14<00:05,  3.07it/s, loss=0.7233, acc=50.42%, img/s=97.0, eta=0.1m]
[36m(ClientAppActor pid=15853)[0m 
Epoch 1/1:  71%|███████▏  | 45/63 [00:15<00:05,  3.07it/s, loss=0.6979, acc=50.41%, img/s=97.0, eta=0.1m]
Epoch 1/1:  73%|███████▎  | 46/63 [00:15<00:05,  3.06it/s, loss=0.6979, acc=50.41%, img/s=97.0, eta=0.1m]
[36m(ClientAppActor pid=15853)[0m 
Epoch 1/1:  73%|███████▎  | 46/63 [00:15<00:05,  3.06it/s, loss=0.6800, acc=50.47%, img/s=97.0, eta=0.1m]
Epoch 1/1:  75%|███████▍  | 47/63 [00:15<00:05,  3.07it/s, loss=0.6800, acc=50.47%, img/s=97.0, eta=0.1m]
[36m(ClientAppActor pid=15853)[0m 
Epoch 1/1:  75%|███████▍  | 47/63 [00:15<00:05,  3.07it/s, loss=0.7019, acc=50.52%, img/s=97.0, eta=0.1m]
Epoch 1/1:  76%|███████▌  | 48/63 [00:15<00:04,  3.07it/s, loss=0.7019, acc=50.52%, img/s=97.0, eta=0.1m]
[36m(ClientAppActor pid=15853)[0m 
Epoch 1/1:  76%|███████▌  | 48/63 [00:16<00:04,  3.07it/s, loss=0.7218, acc=50.57%, img/s=97.1, eta=0.1m]
Epoch 1/1:  78%|███████▊  | 49/63 [00:16<00:04,  3.07it/s, loss=0.7218, acc=50.57%, img/s=97.1, eta=0.1m]
[36m(ClientAppActor pid=15853)[0m 
Epoch 1/1:  78%|███████▊  | 49/63 [00:16<00:04,  3.07it/s, loss=0.6926, acc=50.56%, img/s=97.1, eta=0.1m]
Epoch 1/1:  79%|███████▉  | 50/63 [00:16<00:04,  3.07it/s, loss=0.6926, acc=50.56%, img/s=97.1, eta=0.1m]
[36m(ClientAppActor pid=15853)[0m 
Epoch 1/1:  79%|███████▉  | 50/63 [00:16<00:04,  3.07it/s, loss=0.6740, acc=50.61%, img/s=97.1, eta=0.1m]
Epoch 1/1:  81%|████████  | 51/63 [00:16<00:03,  3.08it/s, loss=0.6740, acc=50.61%, img/s=97.1, eta=0.1m]
[36m(ClientAppActor pid=15853)[0m 
Epoch 1/1:  81%|████████  | 51/63 [00:17<00:03,  3.08it/s, loss=0.7198, acc=50.48%, img/s=97.1, eta=0.1m]
Epoch 1/1:  83%|████████▎ | 52/63 [00:17<00:03,  3.08it/s, loss=0.7198, acc=50.48%, img/s=97.1, eta=0.1m]
[36m(ClientAppActor pid=15853)[0m 
Epoch 1/1:  83%|████████▎ | 52/63 [00:17<00:03,  3.08it/s, loss=0.7011, acc=50.41%, img/s=97.2, eta=0.1m]
Epoch 1/1:  84%|████████▍ | 53/63 [00:17<00:03,  3.07it/s, loss=0.7011, acc=50.41%, img/s=97.2, eta=0.1m]
[36m(ClientAppActor pid=15853)[0m 
Epoch 1/1:  84%|████████▍ | 53/63 [00:17<00:03,  3.07it/s, loss=0.6964, acc=50.41%, img/s=97.2, eta=0.0m]
Epoch 1/1:  86%|████████▌ | 54/63 [00:17<00:02,  3.07it/s, loss=0.6964, acc=50.41%, img/s=97.2, eta=0.0m]
[36m(ClientAppActor pid=15853)[0m 
Epoch 1/1:  86%|████████▌ | 54/63 [00:18<00:02,  3.07it/s, loss=0.6703, acc=50.62%, img/s=97.2, eta=0.0m]
Epoch 1/1:  87%|████████▋ | 55/63 [00:18<00:02,  3.07it/s, loss=0.6703, acc=50.62%, img/s=97.2, eta=0.0m]
[36m(ClientAppActor pid=15853)[0m 
Epoch 1/1:  87%|████████▋ | 55/63 [00:18<00:02,  3.07it/s, loss=0.6944, acc=50.73%, img/s=97.2, eta=0.0m]
Epoch 1/1:  89%|████████▉ | 56/63 [00:18<00:02,  3.07it/s, loss=0.6944, acc=50.73%, img/s=97.2, eta=0.0m]
[36m(ClientAppActor pid=15853)[0m 
Epoch 1/1:  89%|████████▉ | 56/63 [00:18<00:02,  3.07it/s, loss=0.7075, acc=50.60%, img/s=97.2, eta=0.0m]
Epoch 1/1:  90%|█████████ | 57/63 [00:18<00:01,  3.07it/s, loss=0.7075, acc=50.60%, img/s=97.2, eta=0.0m]
[36m(ClientAppActor pid=15853)[0m 
Epoch 1/1:  90%|█████████ | 57/63 [00:19<00:01,  3.07it/s, loss=0.6830, acc=50.86%, img/s=97.3, eta=0.0m]
Epoch 1/1:  92%|█████████▏| 58/63 [00:19<00:01,  3.08it/s, loss=0.6830, acc=50.86%, img/s=97.3, eta=0.0m]
[36m(ClientAppActor pid=15853)[0m 
Epoch 1/1:  92%|█████████▏| 58/63 [00:19<00:01,  3.08it/s, loss=0.6759, acc=50.95%, img/s=97.3, eta=0.0m]
Epoch 1/1:  94%|█████████▎| 59/63 [00:19<00:01,  3.07it/s, loss=0.6759, acc=50.95%, img/s=97.3, eta=0.0m]
[36m(ClientAppActor pid=15853)[0m 
Epoch 1/1:  94%|█████████▎| 59/63 [00:19<00:01,  3.07it/s, loss=0.7069, acc=50.83%, img/s=97.3, eta=0.0m]
Epoch 1/1:  95%|█████████▌| 60/63 [00:19<00:00,  3.08it/s, loss=0.7069, acc=50.83%, img/s=97.3, eta=0.0m]
[36m(ClientAppActor pid=15853)[0m 
Epoch 1/1:  95%|█████████▌| 60/63 [00:20<00:00,  3.08it/s, loss=0.7089, acc=50.82%, img/s=97.3, eta=0.0m]
Epoch 1/1:  97%|█████████▋| 61/63 [00:20<00:00,  3.08it/s, loss=0.7089, acc=50.82%, img/s=97.3, eta=0.0m]
[36m(ClientAppActor pid=15853)[0m 
Epoch 1/1:  97%|█████████▋| 61/63 [00:20<00:00,  3.08it/s, loss=0.6764, acc=50.96%, img/s=97.3, eta=0.0m]
Epoch 1/1:  98%|█████████▊| 62/63 [00:20<00:00,  3.08it/s, loss=0.6764, acc=50.96%, img/s=97.3, eta=0.0m]
[36m(ClientAppActor pid=15853)[0m 
Epoch 1/1:  98%|█████████▊| 62/63 [00:20<00:00,  3.08it/s, loss=0.7148, acc=50.95%, img/s=49.0, eta=0.0m]
Epoch 1/1: 100%|██████████| 63/63 [00:20<00:00,  3.50it/s, loss=0.7148, acc=50.95%, img/s=49.0, eta=0.0m]
Epoch 1/1: 100%|██████████| 63/63 [00:20<00:00,  3.06it/s, loss=0.7148, acc=50.95%, img/s=49.0, eta=0.0m]
[36m(ClientAppActor pid=15853)[0m 
Epoch 1/1:   0%|          | 0/63 [00:00<?, ?it/s]
[36m(ClientAppActor pid=15853)[0m 
Epoch 1/1:   0%|          | 0/63 [00:00<?, ?it/s, loss=0.6912, acc=46.88%, img/s=95.9, eta=0.3m]
Epoch 1/1:   2%|▏         | 1/63 [00:00<00:20,  3.00it/s, loss=0.6912, acc=46.88%, img/s=95.9, eta=0.3m]
[36m(ClientAppActor pid=15853)[0m 
Epoch 1/1:   2%|▏         | 1/63 [00:00<00:20,  3.00it/s, loss=0.6902, acc=48.44%, img/s=97.4, eta=0.3m]
Epoch 1/1:   3%|▎         | 2/63 [00:00<00:19,  3.05it/s, loss=0.6902, acc=48.44%, img/s=97.4, eta=0.3m]
[36m(ClientAppActor pid=15853)[0m 
Epoch 1/1:   3%|▎         | 2/63 [00:00<00:19,  3.05it/s, loss=0.6956, acc=48.96%, img/s=97.7, eta=0.3m]
Epoch 1/1:   5%|▍         | 3/63 [00:00<00:19,  3.06it/s, loss=0.6956, acc=48.96%, img/s=97.7, eta=0.3m]
[36m(ClientAppActor pid=15853)[0m 
Epoch 1/1:   5%|▍         | 3/63 [00:01<00:19,  3.06it/s, loss=0.7014, acc=48.44%, img/s=96.9, eta=0.3m]
Epoch 1/1:   6%|▋         | 4/63 [00:01<00:19,  3.02it/s, loss=0.7014, acc=48.44%, img/s=96.9, eta=0.3m]
[36m(ClientAppActor pid=15853)[0m 
Epoch 1/1:   6%|▋         | 4/63 [00:01<00:19,  3.02it/s, loss=0.7106, acc=47.50%, img/s=96.7, eta=0.3m]
Epoch 1/1:   8%|▊         | 5/63 [00:01<00:19,  3.01it/s, loss=0.7106, acc=47.50%, img/s=96.7, eta=0.3m]
[36m(ClientAppActor pid=15853)[0m 
Epoch 1/1:   8%|▊         | 5/63 [00:01<00:19,  3.01it/s, loss=0.6716, acc=48.96%, img/s=97.1, eta=0.3m]
Epoch 1/1:  10%|▉         | 6/63 [00:01<00:18,  3.04it/s, loss=0.6716, acc=48.96%, img/s=97.1, eta=0.3m]
[36m(ClientAppActor pid=15853)[0m 
Epoch 1/1:  10%|▉         | 6/63 [00:02<00:18,  3.04it/s, loss=0.6941, acc=49.11%, img/s=97.2, eta=0.3m]
Epoch 1/1:  11%|█         | 7/63 [00:02<00:18,  3.05it/s, loss=0.6941, acc=49.11%, img/s=97.2, eta=0.3m]
[36m(ClientAppActor pid=15853)[0m 
Epoch 1/1:  11%|█         | 7/63 [00:02<00:18,  3.05it/s, loss=0.7163, acc=49.22%, img/s=97.4, eta=0.3m]
Epoch 1/1:  13%|█▎        | 8/63 [00:02<00:17,  3.06it/s, loss=0.7163, acc=49.22%, img/s=97.4, eta=0.3m]
[36m(ClientAppActor pid=15853)[0m 
Epoch 1/1:  13%|█▎        | 8/63 [00:02<00:17,  3.06it/s, loss=0.7191, acc=47.92%, img/s=96.8, eta=0.3m]
Epoch 1/1:  14%|█▍        | 9/63 [00:02<00:18,  3.00it/s, loss=0.7191, acc=47.92%, img/s=96.8, eta=0.3m]
[36m(ClientAppActor pid=15853)[0m 
Epoch 1/1:  14%|█▍        | 9/63 [00:03<00:18,  3.00it/s, loss=0.6822, acc=48.12%, img/s=96.9, eta=0.3m]
Epoch 1/1:  16%|█▌        | 10/63 [00:03<00:17,  3.01it/s, loss=0.6822, acc=48.12%, img/s=96.9, eta=0.3m]
[36m(ClientAppActor pid=15853)[0m 
Epoch 1/1:  16%|█▌        | 10/63 [00:03<00:17,  3.01it/s, loss=0.6637, acc=50.00%, img/s=97.0, eta=0.3m]
Epoch 1/1:  17%|█▋        | 11/63 [00:03<00:17,  3.03it/s, loss=0.6637, acc=50.00%, img/s=97.0, eta=0.3m]
[36m(ClientAppActor pid=15853)[0m 
Epoch 1/1:  17%|█▋        | 11/63 [00:03<00:17,  3.03it/s, loss=0.6862, acc=51.04%, img/s=96.7, eta=0.3m]
Epoch 1/1:  19%|█▉        | 12/63 [00:03<00:17,  3.00it/s, loss=0.6862, acc=51.04%, img/s=96.7, eta=0.3m]
[36m(ClientAppActor pid=15853)[0m 
Epoch 1/1:  19%|█▉        | 12/63 [00:04<00:17,  3.00it/s, loss=0.6982, acc=51.44%, img/s=96.8, eta=0.3m]
Epoch 1/1:  21%|██        | 13/63 [00:04<00:16,  3.01it/s, loss=0.6982, acc=51.44%, img/s=96.8, eta=0.3m]
[36m(ClientAppActor pid=15853)[0m 
Epoch 1/1:  21%|██        | 13/63 [00:04<00:16,  3.01it/s, loss=0.7177, acc=51.56%, img/s=96.3, eta=0.3m]
Epoch 1/1:  22%|██▏       | 14/63 [00:04<00:16,  2.95it/s, loss=0.7177, acc=51.56%, img/s=96.3, eta=0.3m]
[36m(ClientAppActor pid=15853)[0m 
Epoch 1/1:  22%|██▏       | 14/63 [00:05<00:16,  2.95it/s, loss=0.6658, acc=52.29%, img/s=95.8, eta=0.3m]
Epoch 1/1:  24%|██▍       | 15/63 [00:05<00:16,  2.90it/s, loss=0.6658, acc=52.29%, img/s=95.8, eta=0.3m]
[36m(ClientAppActor pid=15853)[0m 
Epoch 1/1:  24%|██▍       | 15/63 [00:05<00:16,  2.90it/s, loss=0.6791, acc=52.73%, img/s=95.9, eta=0.3m]
Epoch 1/1:  25%|██▌       | 16/63 [00:05<00:15,  2.95it/s, loss=0.6791, acc=52.73%, img/s=95.9, eta=0.3m]
[36m(ClientAppActor pid=15853)[0m 
Epoch 1/1:  25%|██▌       | 16/63 [00:05<00:15,  2.95it/s, loss=0.7144, acc=52.39%, img/s=95.9, eta=0.3m]
Epoch 1/1:  27%|██▋       | 17/63 [00:05<00:15,  2.96it/s, loss=0.7144, acc=52.39%, img/s=95.9, eta=0.3m]
[36m(ClientAppActor pid=15853)[0m 
Epoch 1/1:  27%|██▋       | 17/63 [00:06<00:15,  2.96it/s, loss=0.6800, acc=52.43%, img/s=95.6, eta=0.3m]
Epoch 1/1:  29%|██▊       | 18/63 [00:06<00:15,  2.93it/s, loss=0.6800, acc=52.43%, img/s=95.6, eta=0.3m]
[36m(ClientAppActor pid=15853)[0m 
Epoch 1/1:  29%|██▊       | 18/63 [00:06<00:15,  2.93it/s, loss=0.7339, acc=51.48%, img/s=95.4, eta=0.2m]
Epoch 1/1:  30%|███       | 19/63 [00:06<00:15,  2.91it/s, loss=0.7339, acc=51.48%, img/s=95.4, eta=0.2m]
[36m(ClientAppActor pid=15853)[0m 
Epoch 1/1:  30%|███       | 19/63 [00:06<00:15,  2.91it/s, loss=0.7181, acc=50.78%, img/s=95.3, eta=0.2m]
Epoch 1/1:  32%|███▏      | 20/63 [00:06<00:14,  2.90it/s, loss=0.7181, acc=50.78%, img/s=95.3, eta=0.2m]
[36m(ClientAppActor pid=15853)[0m 
Epoch 1/1:  32%|███▏      | 20/63 [00:07<00:14,  2.90it/s, loss=0.6983, acc=51.19%, img/s=95.1, eta=0.2m]
Epoch 1/1:  33%|███▎      | 21/63 [00:07<00:14,  2.90it/s, loss=0.6983, acc=51.19%, img/s=95.1, eta=0.2m]
[36m(ClientAppActor pid=15853)[0m 
Epoch 1/1:  33%|███▎      | 21/63 [00:07<00:14,  2.90it/s, loss=0.7181, acc=51.28%, img/s=95.0, eta=0.2m]
Epoch 1/1:  35%|███▍      | 22/63 [00:07<00:14,  2.90it/s, loss=0.7181, acc=51.28%, img/s=95.0, eta=0.2m]
[36m(ClientAppActor pid=15853)[0m 
Epoch 1/1:  35%|███▍      | 22/63 [00:07<00:14,  2.90it/s, loss=0.7777, acc=50.82%, img/s=95.0, eta=0.2m]
Epoch 1/1:  37%|███▋      | 23/63 [00:07<00:13,  2.91it/s, loss=0.7777, acc=50.82%, img/s=95.0, eta=0.2m]
[36m(ClientAppActor pid=15853)[0m 
Epoch 1/1:  37%|███▋      | 23/63 [00:08<00:13,  2.91it/s, loss=0.6552, acc=51.17%, img/s=95.0, eta=0.2m]
Epoch 1/1:  38%|███▊      | 24/63 [00:08<00:13,  2.94it/s, loss=0.6552, acc=51.17%, img/s=95.0, eta=0.2m]
[36m(ClientAppActor pid=15853)[0m 
Epoch 1/1:  38%|███▊      | 24/63 [00:08<00:13,  2.94it/s, loss=0.6933, acc=51.25%, img/s=95.1, eta=0.2m]
Epoch 1/1:  40%|███▉      | 25/63 [00:08<00:12,  2.97it/s, loss=0.6933, acc=51.25%, img/s=95.1, eta=0.2m]
[36m(ClientAppActor pid=15853)[0m 
Epoch 1/1:  40%|███▉      | 25/63 [00:08<00:12,  2.97it/s, loss=0.7040, acc=51.08%, img/s=95.2, eta=0.2m]
Epoch 1/1:  41%|████▏     | 26/63 [00:08<00:12,  3.00it/s, loss=0.7040, acc=51.08%, img/s=95.2, eta=0.2m]
[36m(ClientAppActor pid=15853)[0m 
Epoch 1/1:  41%|████▏     | 26/63 [00:09<00:12,  3.00it/s, loss=0.7370, acc=50.58%, img/s=95.1, eta=0.2m]
Epoch 1/1:  43%|████▎     | 27/63 [00:09<00:12,  2.97it/s, loss=0.7370, acc=50.58%, img/s=95.1, eta=0.2m]
[36m(ClientAppActor pid=15853)[0m 
Epoch 1/1:  43%|████▎     | 27/63 [00:09<00:12,  2.97it/s, loss=0.7054, acc=50.22%, img/s=95.2, eta=0.2m]
Epoch 1/1:  44%|████▍     | 28/63 [00:09<00:11,  2.99it/s, loss=0.7054, acc=50.22%, img/s=95.2, eta=0.2m]
[36m(ClientAppActor pid=15853)[0m 
Epoch 1/1:  44%|████▍     | 28/63 [00:09<00:11,  2.99it/s, loss=0.6942, acc=50.32%, img/s=95.3, eta=0.2m]
Epoch 1/1:  46%|████▌     | 29/63 [00:09<00:11,  3.01it/s, loss=0.6942, acc=50.32%, img/s=95.3, eta=0.2m]
[36m(ClientAppActor pid=15853)[0m 
Epoch 1/1:  46%|████▌     | 29/63 [00:10<00:11,  3.01it/s, loss=0.7270, acc=50.00%, img/s=95.4, eta=0.2m]
Epoch 1/1:  48%|████▊     | 30/63 [00:10<00:10,  3.02it/s, loss=0.7270, acc=50.00%, img/s=95.4, eta=0.2m]
[36m(ClientAppActor pid=15853)[0m 
Epoch 1/1:  48%|████▊     | 30/63 [00:10<00:10,  3.02it/s, loss=0.7218, acc=49.40%, img/s=95.4, eta=0.2m]
Epoch 1/1:  49%|████▉     | 31/63 [00:10<00:10,  3.03it/s, loss=0.7218, acc=49.40%, img/s=95.4, eta=0.2m]
[36m(ClientAppActor pid=15853)[0m 
Epoch 1/1:  49%|████▉     | 31/63 [00:10<00:10,  3.03it/s, loss=0.7092, acc=49.32%, img/s=95.5, eta=0.2m]
Epoch 1/1:  51%|█████     | 32/63 [00:10<00:10,  3.04it/s, loss=0.7092, acc=49.32%, img/s=95.5, eta=0.2m]
[36m(ClientAppActor pid=15853)[0m 
Epoch 1/1:  51%|█████     | 32/63 [00:11<00:10,  3.04it/s, loss=0.6918, acc=49.43%, img/s=95.6, eta=0.2m]
Epoch 1/1:  52%|█████▏    | 33/63 [00:11<00:09,  3.04it/s, loss=0.6918, acc=49.43%, img/s=95.6, eta=0.2m]
[36m(ClientAppActor pid=15853)[0m 
Epoch 1/1:  52%|█████▏    | 33/63 [00:11<00:09,  3.04it/s, loss=0.7033, acc=49.36%, img/s=95.7, eta=0.2m]
Epoch 1/1:  54%|█████▍    | 34/63 [00:11<00:09,  3.05it/s, loss=0.7033, acc=49.36%, img/s=95.7, eta=0.2m]
[36m(ClientAppActor pid=15853)[0m 
Epoch 1/1:  54%|█████▍    | 34/63 [00:11<00:09,  3.05it/s, loss=0.6868, acc=49.29%, img/s=95.7, eta=0.2m]
Epoch 1/1:  56%|█████▌    | 35/63 [00:11<00:09,  3.05it/s, loss=0.6868, acc=49.29%, img/s=95.7, eta=0.2m]
[36m(ClientAppActor pid=15853)[0m 
Epoch 1/1:  56%|█████▌    | 35/63 [00:12<00:09,  3.05it/s, loss=0.6710, acc=49.57%, img/s=95.8, eta=0.2m]
Epoch 1/1:  57%|█████▋    | 36/63 [00:12<00:08,  3.06it/s, loss=0.6710, acc=49.57%, img/s=95.8, eta=0.2m]
[36m(ClientAppActor pid=15853)[0m 
Epoch 1/1:  57%|█████▋    | 36/63 [00:12<00:08,  3.06it/s, loss=0.7429, acc=49.16%, img/s=95.8, eta=0.1m]
Epoch 1/1:  59%|█████▊    | 37/63 [00:12<00:08,  3.06it/s, loss=0.7429, acc=49.16%, img/s=95.8, eta=0.1m]
[36m(ClientAppActor pid=15853)[0m 
Epoch 1/1:  59%|█████▊    | 37/63 [00:12<00:08,  3.06it/s, loss=0.7130, acc=49.01%, img/s=95.9, eta=0.1m]
Epoch 1/1:  60%|██████    | 38/63 [00:12<00:08,  3.05it/s, loss=0.7130, acc=49.01%, img/s=95.9, eta=0.1m]
[36m(ClientAppActor pid=15853)[0m 
Epoch 1/1:  60%|██████    | 38/63 [00:13<00:08,  3.05it/s, loss=0.6646, acc=49.44%, img/s=95.9, eta=0.1m]
Epoch 1/1:  62%|██████▏   | 39/63 [00:13<00:07,  3.06it/s, loss=0.6646, acc=49.44%, img/s=95.9, eta=0.1m]
[36m(ClientAppActor pid=15853)[0m 
Epoch 1/1:  62%|██████▏   | 39/63 [00:13<00:07,  3.06it/s, loss=0.7446, acc=49.14%, img/s=96.0, eta=0.1m]
Epoch 1/1:  63%|██████▎   | 40/63 [00:13<00:07,  3.06it/s, loss=0.7446, acc=49.14%, img/s=96.0, eta=0.1m]
[36m(ClientAppActor pid=15853)[0m 
Epoch 1/1:  63%|██████▎   | 40/63 [00:13<00:07,  3.06it/s, loss=0.6851, acc=49.39%, img/s=96.0, eta=0.1m]
Epoch 1/1:  65%|██████▌   | 41/63 [00:13<00:07,  3.06it/s, loss=0.6851, acc=49.39%, img/s=96.0, eta=0.1m]
[36m(ClientAppActor pid=15853)[0m 
Epoch 1/1:  65%|██████▌   | 41/63 [00:13<00:07,  3.06it/s, loss=0.6835, acc=49.55%, img/s=96.1, eta=0.1m]
Epoch 1/1:  67%|██████▋   | 42/63 [00:13<00:06,  3.06it/s, loss=0.6835, acc=49.55%, img/s=96.1, eta=0.1m]
[36m(ClientAppActor pid=15853)[0m 
Epoch 1/1:  67%|██████▋   | 42/63 [00:14<00:06,  3.06it/s, loss=0.6808, acc=49.85%, img/s=96.1, eta=0.1m]
Epoch 1/1:  68%|██████▊   | 43/63 [00:14<00:06,  3.04it/s, loss=0.6808, acc=49.85%, img/s=96.1, eta=0.1m]
[36m(ClientAppActor pid=15853)[0m 
Epoch 1/1:  68%|██████▊   | 43/63 [00:14<00:06,  3.04it/s, loss=0.7059, acc=49.64%, img/s=96.0, eta=0.1m]
Epoch 1/1:  70%|██████▉   | 44/63 [00:14<00:06,  3.01it/s, loss=0.7059, acc=49.64%, img/s=96.0, eta=0.1m]
[36m(ClientAppActor pid=15853)[0m 
Epoch 1/1:  70%|██████▉   | 44/63 [00:15<00:06,  3.01it/s, loss=0.7191, acc=49.65%, img/s=95.9, eta=0.1m]
Epoch 1/1:  71%|███████▏  | 45/63 [00:15<00:06,  2.97it/s, loss=0.7191, acc=49.65%, img/s=95.9, eta=0.1m]
[36m(ClientAppActor pid=15853)[0m 
Epoch 1/1:  71%|███████▏  | 45/63 [00:15<00:06,  2.97it/s, loss=0.6995, acc=49.59%, img/s=95.9, eta=0.1m]
Epoch 1/1:  73%|███████▎  | 46/63 [00:15<00:05,  2.97it/s, loss=0.6995, acc=49.59%, img/s=95.9, eta=0.1m]
[36m(ClientAppActor pid=15853)[0m 
Epoch 1/1:  73%|███████▎  | 46/63 [00:15<00:05,  2.97it/s, loss=0.6998, acc=49.47%, img/s=96.0, eta=0.1m]
Epoch 1/1:  75%|███████▍  | 47/63 [00:15<00:05,  3.01it/s, loss=0.6998, acc=49.47%, img/s=96.0, eta=0.1m]
[36m(ClientAppActor pid=15853)[0m 
Epoch 1/1:  75%|███████▍  | 47/63 [00:15<00:05,  3.01it/s, loss=0.6984, acc=49.48%, img/s=96.0, eta=0.1m]
Epoch 1/1:  76%|███████▌  | 48/63 [00:15<00:04,  3.03it/s, loss=0.6984, acc=49.48%, img/s=96.0, eta=0.1m]
[36m(ClientAppActor pid=15853)[0m 
Epoch 1/1:  76%|███████▌  | 48/63 [00:16<00:04,  3.03it/s, loss=0.6892, acc=49.62%, img/s=96.1, eta=0.1m]
Epoch 1/1:  78%|███████▊  | 49/63 [00:16<00:04,  3.04it/s, loss=0.6892, acc=49.62%, img/s=96.1, eta=0.1m]
[36m(ClientAppActor pid=15853)[0m 
Epoch 1/1:  78%|███████▊  | 49/63 [00:16<00:04,  3.04it/s, loss=0.6790, acc=49.88%, img/s=96.1, eta=0.1m]
Epoch 1/1:  79%|███████▉  | 50/63 [00:16<00:04,  3.06it/s, loss=0.6790, acc=49.88%, img/s=96.1, eta=0.1m]
[36m(ClientAppActor pid=15853)[0m 
Epoch 1/1:  79%|███████▉  | 50/63 [00:16<00:04,  3.06it/s, loss=0.6918, acc=50.00%, img/s=96.2, eta=0.1m]
Epoch 1/1:  81%|████████  | 51/63 [00:16<00:03,  3.07it/s, loss=0.6918, acc=50.00%, img/s=96.2, eta=0.1m]
[36m(ClientAppActor pid=15853)[0m 
Epoch 1/1:  81%|████████  | 51/63 [00:17<00:03,  3.07it/s, loss=0.6871, acc=50.12%, img/s=96.2, eta=0.1m]
Epoch 1/1:  83%|████████▎ | 52/63 [00:17<00:03,  3.07it/s, loss=0.6871, acc=50.12%, img/s=96.2, eta=0.1m]
[36m(ClientAppActor pid=15853)[0m 
Epoch 1/1:  83%|████████▎ | 52/63 [00:17<00:03,  3.07it/s, loss=0.6819, acc=50.29%, img/s=96.3, eta=0.1m]
Epoch 1/1:  84%|████████▍ | 53/63 [00:17<00:03,  3.08it/s, loss=0.6819, acc=50.29%, img/s=96.3, eta=0.1m]
[36m(ClientAppActor pid=15853)[0m 
Epoch 1/1:  84%|████████▍ | 53/63 [00:17<00:03,  3.08it/s, loss=0.6888, acc=50.46%, img/s=96.3, eta=0.0m]
Epoch 1/1:  86%|████████▌ | 54/63 [00:17<00:02,  3.08it/s, loss=0.6888, acc=50.46%, img/s=96.3, eta=0.0m]
[36m(ClientAppActor pid=15853)[0m 
Epoch 1/1:  86%|████████▌ | 54/63 [00:18<00:02,  3.08it/s, loss=0.7124, acc=50.51%, img/s=96.4, eta=0.0m]
Epoch 1/1:  87%|████████▋ | 55/63 [00:18<00:02,  3.08it/s, loss=0.7124, acc=50.51%, img/s=96.4, eta=0.0m]
[36m(ClientAppActor pid=15853)[0m 
Epoch 1/1:  87%|████████▋ | 55/63 [00:18<00:02,  3.08it/s, loss=0.6834, acc=50.61%, img/s=96.4, eta=0.0m]
Epoch 1/1:  89%|████████▉ | 56/63 [00:18<00:02,  3.08it/s, loss=0.6834, acc=50.61%, img/s=96.4, eta=0.0m]
[36m(ClientAppActor pid=15853)[0m 
Epoch 1/1:  89%|████████▉ | 56/63 [00:18<00:02,  3.08it/s, loss=0.7022, acc=50.60%, img/s=96.5, eta=0.0m]
Epoch 1/1:  90%|█████████ | 57/63 [00:18<00:01,  3.09it/s, loss=0.7022, acc=50.60%, img/s=96.5, eta=0.0m]
[36m(ClientAppActor pid=15853)[0m 
Epoch 1/1:  90%|█████████ | 57/63 [00:19<00:01,  3.09it/s, loss=0.7404, acc=50.27%, img/s=96.5, eta=0.0m]
Epoch 1/1:  92%|█████████▏| 58/63 [00:19<00:01,  3.09it/s, loss=0.7404, acc=50.27%, img/s=96.5, eta=0.0m]
[36m(ClientAppActor pid=15853)[0m 
Epoch 1/1:  92%|█████████▏| 58/63 [00:19<00:01,  3.09it/s, loss=0.6925, acc=50.37%, img/s=96.5, eta=0.0m]
Epoch 1/1:  94%|█████████▎| 59/63 [00:19<00:01,  3.09it/s, loss=0.6925, acc=50.37%, img/s=96.5, eta=0.0m]
[36m(ClientAppActor pid=15853)[0m 
Epoch 1/1:  94%|█████████▎| 59/63 [00:19<00:01,  3.09it/s, loss=0.7254, acc=50.21%, img/s=96.6, eta=0.0m]
Epoch 1/1:  95%|█████████▌| 60/63 [00:19<00:00,  3.09it/s, loss=0.7254, acc=50.21%, img/s=96.6, eta=0.0m]
[36m(ClientAppActor pid=15853)[0m 
Epoch 1/1:  95%|█████████▌| 60/63 [00:20<00:00,  3.09it/s, loss=0.6825, acc=50.46%, img/s=96.6, eta=0.0m]
Epoch 1/1:  97%|█████████▋| 61/63 [00:20<00:00,  3.09it/s, loss=0.6825, acc=50.46%, img/s=96.6, eta=0.0m]
[36m(ClientAppActor pid=15853)[0m 
Epoch 1/1:  97%|█████████▋| 61/63 [00:20<00:00,  3.09it/s, loss=0.6991, acc=50.40%, img/s=96.7, eta=0.0m]
Epoch 1/1:  98%|█████████▊| 62/63 [00:20<00:00,  3.09it/s, loss=0.6991, acc=50.40%, img/s=96.7, eta=0.0m]
[36m(ClientAppActor pid=15853)[0m 
Epoch 1/1:  98%|█████████▊| 62/63 [00:20<00:00,  3.09it/s, loss=0.6940, acc=50.40%, img/s=48.6, eta=0.0m]
Epoch 1/1: 100%|██████████| 63/63 [00:20<00:00,  3.51it/s, loss=0.6940, acc=50.40%, img/s=48.6, eta=0.0m]
Epoch 1/1: 100%|██████████| 63/63 [00:20<00:00,  3.04it/s, loss=0.6940, acc=50.40%, img/s=48.6, eta=0.0m]
[36m(ClientAppActor pid=15853)[0m 
Epoch 1/1:   0%|          | 0/63 [00:00<?, ?it/s]
[36m(ClientAppActor pid=15853)[0m 
Epoch 1/1:   0%|          | 0/63 [00:00<?, ?it/s, loss=0.7020, acc=46.88%, img/s=95.3, eta=0.3m]
Epoch 1/1:   2%|▏         | 1/63 [00:00<00:20,  2.98it/s, loss=0.7020, acc=46.88%, img/s=95.3, eta=0.3m]
[36m(ClientAppActor pid=15853)[0m 
Epoch 1/1:   2%|▏         | 1/63 [00:00<00:20,  2.98it/s, loss=0.6948, acc=46.88%, img/s=97.1, eta=0.3m]
Epoch 1/1:   3%|▎         | 2/63 [00:00<00:20,  3.04it/s, loss=0.6948, acc=46.88%, img/s=97.1, eta=0.3m]
[36m(ClientAppActor pid=15853)[0m 
Epoch 1/1:   3%|▎         | 2/63 [00:00<00:20,  3.04it/s, loss=0.6981, acc=48.96%, img/s=97.7, eta=0.3m]
Epoch 1/1:   5%|▍         | 3/63 [00:00<00:19,  3.07it/s, loss=0.6981, acc=48.96%, img/s=97.7, eta=0.3m]
[36m(ClientAppActor pid=15853)[0m 
Epoch 1/1:   5%|▍         | 3/63 [00:01<00:19,  3.07it/s, loss=0.7109, acc=47.66%, img/s=97.9, eta=0.3m]
Epoch 1/1:   6%|▋         | 4/63 [00:01<00:19,  3.07it/s, loss=0.7109, acc=47.66%, img/s=97.9, eta=0.3m]
[36m(ClientAppActor pid=15853)[0m 
Epoch 1/1:   6%|▋         | 4/63 [00:01<00:19,  3.07it/s, loss=0.6952, acc=46.88%, img/s=98.1, eta=0.3m]
Epoch 1/1:   8%|▊         | 5/63 [00:01<00:18,  3.08it/s, loss=0.6952, acc=46.88%, img/s=98.1, eta=0.3m]
[36m(ClientAppActor pid=15853)[0m 
Epoch 1/1:   8%|▊         | 5/63 [00:01<00:18,  3.08it/s, loss=0.6980, acc=47.40%, img/s=98.2, eta=0.3m]
Epoch 1/1:  10%|▉         | 6/63 [00:01<00:18,  3.08it/s, loss=0.6980, acc=47.40%, img/s=98.2, eta=0.3m]
[36m(ClientAppActor pid=15853)[0m 
Epoch 1/1:  10%|▉         | 6/63 [00:02<00:18,  3.08it/s, loss=0.7177, acc=45.98%, img/s=98.2, eta=0.3m]
Epoch 1/1:  11%|█         | 7/63 [00:02<00:18,  3.08it/s, loss=0.7177, acc=45.98%, img/s=98.2, eta=0.3m]
[36m(ClientAppActor pid=15853)[0m 
Epoch 1/1:  11%|█         | 7/63 [00:02<00:18,  3.08it/s, loss=0.7030, acc=47.27%, img/s=98.3, eta=0.3m]
Epoch 1/1:  13%|█▎        | 8/63 [00:02<00:17,  3.08it/s, loss=0.7030, acc=47.27%, img/s=98.3, eta=0.3m]
[36m(ClientAppActor pid=15853)[0m 
Epoch 1/1:  13%|█▎        | 8/63 [00:02<00:17,  3.08it/s, loss=0.7173, acc=46.18%, img/s=98.4, eta=0.3m]
Epoch 1/1:  14%|█▍        | 9/63 [00:02<00:17,  3.08it/s, loss=0.7173, acc=46.18%, img/s=98.4, eta=0.3m]
[36m(ClientAppActor pid=15853)[0m 
Epoch 1/1:  14%|█▍        | 9/63 [00:03<00:17,  3.08it/s, loss=0.7073, acc=46.25%, img/s=98.4, eta=0.3m]
Epoch 1/1:  16%|█▌        | 10/63 [00:03<00:17,  3.09it/s, loss=0.7073, acc=46.25%, img/s=98.4, eta=0.3m]
[36m(ClientAppActor pid=15853)[0m 
Epoch 1/1:  16%|█▌        | 10/63 [00:03<00:17,  3.09it/s, loss=0.6934, acc=46.88%, img/s=98.4, eta=0.3m]
Epoch 1/1:  17%|█▋        | 11/63 [00:03<00:16,  3.08it/s, loss=0.6934, acc=46.88%, img/s=98.4, eta=0.3m]
[36m(ClientAppActor pid=15853)[0m 
Epoch 1/1:  17%|█▋        | 11/63 [00:03<00:16,  3.08it/s, loss=0.7075, acc=46.61%, img/s=98.4, eta=0.3m]
Epoch 1/1:  19%|█▉        | 12/63 [00:03<00:16,  3.08it/s, loss=0.7075, acc=46.61%, img/s=98.4, eta=0.3m]
[36m(ClientAppActor pid=15853)[0m 
Epoch 1/1:  19%|█▉        | 12/63 [00:04<00:16,  3.08it/s, loss=0.7084, acc=46.63%, img/s=98.5, eta=0.3m]
Epoch 1/1:  21%|██        | 13/63 [00:04<00:16,  3.09it/s, loss=0.7084, acc=46.63%, img/s=98.5, eta=0.3m]
[36m(ClientAppActor pid=15853)[0m 
Epoch 1/1:  21%|██        | 13/63 [00:04<00:16,  3.09it/s, loss=0.6837, acc=47.10%, img/s=98.5, eta=0.3m]
Epoch 1/1:  22%|██▏       | 14/63 [00:04<00:15,  3.08it/s, loss=0.6837, acc=47.10%, img/s=98.5, eta=0.3m]
[36m(ClientAppActor pid=15853)[0m 
Epoch 1/1:  22%|██▏       | 14/63 [00:04<00:15,  3.08it/s, loss=0.7137, acc=46.88%, img/s=98.5, eta=0.3m]
Epoch 1/1:  24%|██▍       | 15/63 [00:04<00:15,  3.08it/s, loss=0.7137, acc=46.88%, img/s=98.5, eta=0.3m]
[36m(ClientAppActor pid=15853)[0m 
Epoch 1/1:  24%|██▍       | 15/63 [00:05<00:15,  3.08it/s, loss=0.6984, acc=46.68%, img/s=98.5, eta=0.3m]
Epoch 1/1:  25%|██▌       | 16/63 [00:05<00:15,  3.09it/s, loss=0.6984, acc=46.68%, img/s=98.5, eta=0.3m]
[36m(ClientAppActor pid=15853)[0m 
Epoch 1/1:  25%|██▌       | 16/63 [00:05<00:15,  3.09it/s, loss=0.6901, acc=46.88%, img/s=98.5, eta=0.2m]
Epoch 1/1:  27%|██▋       | 17/63 [00:05<00:14,  3.09it/s, loss=0.6901, acc=46.88%, img/s=98.5, eta=0.2m]
[36m(ClientAppActor pid=15853)[0m 
Epoch 1/1:  27%|██▋       | 17/63 [00:05<00:14,  3.09it/s, loss=0.6931, acc=46.70%, img/s=98.6, eta=0.2m]
Epoch 1/1:  29%|██▊       | 18/63 [00:05<00:14,  3.09it/s, loss=0.6931, acc=46.70%, img/s=98.6, eta=0.2m]
[36m(ClientAppActor pid=15853)[0m 
Epoch 1/1:  29%|██▊       | 18/63 [00:06<00:14,  3.09it/s, loss=0.6924, acc=47.53%, img/s=98.6, eta=0.2m]
Epoch 1/1:  30%|███       | 19/63 [00:06<00:14,  3.08it/s, loss=0.6924, acc=47.53%, img/s=98.6, eta=0.2m]
[36m(ClientAppActor pid=15853)[0m 
Epoch 1/1:  30%|███       | 19/63 [00:06<00:14,  3.08it/s, loss=0.6819, acc=48.59%, img/s=98.6, eta=0.2m]
Epoch 1/1:  32%|███▏      | 20/63 [00:06<00:13,  3.09it/s, loss=0.6819, acc=48.59%, img/s=98.6, eta=0.2m]
[36m(ClientAppActor pid=15853)[0m 
Epoch 1/1:  32%|███▏      | 20/63 [00:06<00:13,  3.09it/s, loss=0.7014, acc=48.51%, img/s=98.6, eta=0.2m]
Epoch 1/1:  33%|███▎      | 21/63 [00:06<00:13,  3.08it/s, loss=0.7014, acc=48.51%, img/s=98.6, eta=0.2m]
[36m(ClientAppActor pid=15853)[0m 
Epoch 1/1:  33%|███▎      | 21/63 [00:07<00:13,  3.08it/s, loss=0.6977, acc=48.58%, img/s=98.6, eta=0.2m]
Epoch 1/1:  35%|███▍      | 22/63 [00:07<00:13,  3.09it/s, loss=0.6977, acc=48.58%, img/s=98.6, eta=0.2m]
[36m(ClientAppActor pid=15853)[0m 
Epoch 1/1:  35%|███▍      | 22/63 [00:07<00:13,  3.09it/s, loss=0.6794, acc=49.18%, img/s=98.5, eta=0.2m]
Epoch 1/1:  37%|███▋      | 23/63 [00:07<00:12,  3.08it/s, loss=0.6794, acc=49.18%, img/s=98.5, eta=0.2m]
[36m(ClientAppActor pid=15853)[0m 
Epoch 1/1:  37%|███▋      | 23/63 [00:07<00:12,  3.08it/s, loss=0.6944, acc=49.09%, img/s=98.5, eta=0.2m]
Epoch 1/1:  38%|███▊      | 24/63 [00:07<00:12,  3.08it/s, loss=0.6944, acc=49.09%, img/s=98.5, eta=0.2m]
[36m(ClientAppActor pid=15853)[0m 
Epoch 1/1:  38%|███▊      | 24/63 [00:08<00:12,  3.08it/s, loss=0.7148, acc=48.50%, img/s=98.5, eta=0.2m]
Epoch 1/1:  40%|███▉      | 25/63 [00:08<00:12,  3.07it/s, loss=0.7148, acc=48.50%, img/s=98.5, eta=0.2m]
[36m(ClientAppActor pid=15853)[0m 
Epoch 1/1:  40%|███▉      | 25/63 [00:08<00:12,  3.07it/s, loss=0.7114, acc=48.20%, img/s=98.5, eta=0.2m]
Epoch 1/1:  41%|████▏     | 26/63 [00:08<00:12,  3.08it/s, loss=0.7114, acc=48.20%, img/s=98.5, eta=0.2m]
[36m(ClientAppActor pid=15853)[0m 
Epoch 1/1:  41%|████▏     | 26/63 [00:08<00:12,  3.08it/s, loss=0.7015, acc=48.26%, img/s=98.6, eta=0.2m]
Epoch 1/1:  43%|████▎     | 27/63 [00:08<00:11,  3.08it/s, loss=0.7015, acc=48.26%, img/s=98.6, eta=0.2m]
[36m(ClientAppActor pid=15853)[0m 
Epoch 1/1:  43%|████▎     | 27/63 [00:09<00:11,  3.08it/s, loss=0.6900, acc=48.44%, img/s=98.6, eta=0.2m]
Epoch 1/1:  44%|████▍     | 28/63 [00:09<00:11,  3.09it/s, loss=0.6900, acc=48.44%, img/s=98.6, eta=0.2m]
[36m(ClientAppActor pid=15853)[0m 
Epoch 1/1:  44%|████▍     | 28/63 [00:09<00:11,  3.09it/s, loss=0.7114, acc=48.17%, img/s=98.6, eta=0.2m]
Epoch 1/1:  46%|████▌     | 29/63 [00:09<00:11,  3.08it/s, loss=0.7114, acc=48.17%, img/s=98.6, eta=0.2m]
[36m(ClientAppActor pid=15853)[0m 
Epoch 1/1:  46%|████▌     | 29/63 [00:09<00:11,  3.08it/s, loss=0.6837, acc=48.23%, img/s=98.6, eta=0.2m]
Epoch 1/1:  48%|████▊     | 30/63 [00:09<00:10,  3.08it/s, loss=0.6837, acc=48.23%, img/s=98.6, eta=0.2m]
[36m(ClientAppActor pid=15853)[0m 
Epoch 1/1:  48%|████▊     | 30/63 [00:10<00:10,  3.08it/s, loss=0.6783, acc=48.69%, img/s=98.6, eta=0.2m]
Epoch 1/1:  49%|████▉     | 31/63 [00:10<00:10,  3.08it/s, loss=0.6783, acc=48.69%, img/s=98.6, eta=0.2m]
[36m(ClientAppActor pid=15853)[0m 
Epoch 1/1:  49%|████▉     | 31/63 [00:10<00:10,  3.08it/s, loss=0.7495, acc=48.24%, img/s=98.6, eta=0.2m]
Epoch 1/1:  51%|█████     | 32/63 [00:10<00:10,  3.08it/s, loss=0.7495, acc=48.24%, img/s=98.6, eta=0.2m]
[36m(ClientAppActor pid=15853)[0m 
Epoch 1/1:  51%|█████     | 32/63 [00:10<00:10,  3.08it/s, loss=0.7131, acc=48.20%, img/s=98.6, eta=0.2m]
Epoch 1/1:  52%|█████▏    | 33/63 [00:10<00:09,  3.08it/s, loss=0.7131, acc=48.20%, img/s=98.6, eta=0.2m]
[36m(ClientAppActor pid=15853)[0m 
Epoch 1/1:  52%|█████▏    | 33/63 [00:11<00:09,  3.08it/s, loss=0.6705, acc=48.44%, img/s=98.6, eta=0.2m]
Epoch 1/1:  54%|█████▍    | 34/63 [00:11<00:09,  3.08it/s, loss=0.6705, acc=48.44%, img/s=98.6, eta=0.2m]
[36m(ClientAppActor pid=15853)[0m 
Epoch 1/1:  54%|█████▍    | 34/63 [00:11<00:09,  3.08it/s, loss=0.6833, acc=48.75%, img/s=98.6, eta=0.2m]
Epoch 1/1:  56%|█████▌    | 35/63 [00:11<00:09,  3.08it/s, loss=0.6833, acc=48.75%, img/s=98.6, eta=0.2m]
[36m(ClientAppActor pid=15853)[0m 
Epoch 1/1:  56%|█████▌    | 35/63 [00:11<00:09,  3.08it/s, loss=0.7202, acc=48.52%, img/s=98.6, eta=0.1m]
Epoch 1/1:  57%|█████▋    | 36/63 [00:11<00:08,  3.08it/s, loss=0.7202, acc=48.52%, img/s=98.6, eta=0.1m]
[36m(ClientAppActor pid=15853)[0m 
Epoch 1/1:  57%|█████▋    | 36/63 [00:12<00:08,  3.08it/s, loss=0.6769, acc=49.07%, img/s=98.6, eta=0.1m]
Epoch 1/1:  59%|█████▊    | 37/63 [00:12<00:08,  3.09it/s, loss=0.6769, acc=49.07%, img/s=98.6, eta=0.1m]
[36m(ClientAppActor pid=15853)[0m 
Epoch 1/1:  59%|█████▊    | 37/63 [00:12<00:08,  3.09it/s, loss=0.6900, acc=49.26%, img/s=98.6, eta=0.1m]
Epoch 1/1:  60%|██████    | 38/63 [00:12<00:08,  3.08it/s, loss=0.6900, acc=49.26%, img/s=98.6, eta=0.1m]
[36m(ClientAppActor pid=15853)[0m 
Epoch 1/1:  60%|██████    | 38/63 [00:12<00:08,  3.08it/s, loss=0.6803, acc=49.68%, img/s=98.6, eta=0.1m]
Epoch 1/1:  62%|██████▏   | 39/63 [00:12<00:07,  3.08it/s, loss=0.6803, acc=49.68%, img/s=98.6, eta=0.1m]
[36m(ClientAppActor pid=15853)[0m 
Epoch 1/1:  62%|██████▏   | 39/63 [00:12<00:07,  3.08it/s, loss=0.6833, acc=49.92%, img/s=98.6, eta=0.1m]
Epoch 1/1:  63%|██████▎   | 40/63 [00:12<00:07,  3.08it/s, loss=0.6833, acc=49.92%, img/s=98.6, eta=0.1m]
[36m(ClientAppActor pid=15853)[0m 
Epoch 1/1:  63%|██████▎   | 40/63 [00:13<00:07,  3.08it/s, loss=0.6936, acc=49.92%, img/s=98.6, eta=0.1m]
Epoch 1/1:  65%|██████▌   | 41/63 [00:13<00:07,  3.08it/s, loss=0.6936, acc=49.92%, img/s=98.6, eta=0.1m]
[36m(ClientAppActor pid=15853)[0m 
Epoch 1/1:  65%|██████▌   | 41/63 [00:13<00:07,  3.08it/s, loss=0.6860, acc=49.93%, img/s=98.6, eta=0.1m]
Epoch 1/1:  67%|██████▋   | 42/63 [00:13<00:06,  3.08it/s, loss=0.6860, acc=49.93%, img/s=98.6, eta=0.1m]
[36m(ClientAppActor pid=15853)[0m 
Epoch 1/1:  67%|██████▋   | 42/63 [00:13<00:06,  3.08it/s, loss=0.6837, acc=50.00%, img/s=98.6, eta=0.1m]
Epoch 1/1:  68%|██████▊   | 43/63 [00:13<00:06,  3.08it/s, loss=0.6837, acc=50.00%, img/s=98.6, eta=0.1m]
[36m(ClientAppActor pid=15853)[0m 
Epoch 1/1:  68%|██████▊   | 43/63 [00:14<00:06,  3.08it/s, loss=0.7068, acc=49.93%, img/s=98.6, eta=0.1m]
Epoch 1/1:  70%|██████▉   | 44/63 [00:14<00:06,  3.08it/s, loss=0.7068, acc=49.93%, img/s=98.6, eta=0.1m]
[36m(ClientAppActor pid=15853)[0m 
Epoch 1/1:  70%|██████▉   | 44/63 [00:14<00:06,  3.08it/s, loss=0.6846, acc=49.93%, img/s=98.6, eta=0.1m]
Epoch 1/1:  71%|███████▏  | 45/63 [00:14<00:05,  3.08it/s, loss=0.6846, acc=49.93%, img/s=98.6, eta=0.1m]
[36m(ClientAppActor pid=15853)[0m 
Epoch 1/1:  71%|███████▏  | 45/63 [00:14<00:05,  3.08it/s, loss=0.7174, acc=49.73%, img/s=98.6, eta=0.1m]
Epoch 1/1:  73%|███████▎  | 46/63 [00:14<00:05,  3.08it/s, loss=0.7174, acc=49.73%, img/s=98.6, eta=0.1m]
[36m(ClientAppActor pid=15853)[0m 
Epoch 1/1:  73%|███████▎  | 46/63 [00:15<00:05,  3.08it/s, loss=0.7135, acc=49.47%, img/s=98.6, eta=0.1m]
Epoch 1/1:  75%|███████▍  | 47/63 [00:15<00:05,  3.08it/s, loss=0.7135, acc=49.47%, img/s=98.6, eta=0.1m]
[36m(ClientAppActor pid=15853)[0m 
Epoch 1/1:  75%|███████▍  | 47/63 [00:15<00:05,  3.08it/s, loss=0.6823, acc=49.67%, img/s=98.6, eta=0.1m]
Epoch 1/1:  76%|███████▌  | 48/63 [00:15<00:04,  3.08it/s, loss=0.6823, acc=49.67%, img/s=98.6, eta=0.1m]
[36m(ClientAppActor pid=15853)[0m 
Epoch 1/1:  76%|███████▌  | 48/63 [00:15<00:04,  3.08it/s, loss=0.6956, acc=49.62%, img/s=98.6, eta=0.1m]
Epoch 1/1:  78%|███████▊  | 49/63 [00:15<00:04,  3.08it/s, loss=0.6956, acc=49.62%, img/s=98.6, eta=0.1m]
[36m(ClientAppActor pid=15853)[0m 
Epoch 1/1:  78%|███████▊  | 49/63 [00:16<00:04,  3.08it/s, loss=0.6871, acc=49.94%, img/s=98.6, eta=0.1m]
Epoch 1/1:  79%|███████▉  | 50/63 [00:16<00:04,  3.08it/s, loss=0.6871, acc=49.94%, img/s=98.6, eta=0.1m]
[36m(ClientAppActor pid=15853)[0m 
Epoch 1/1:  79%|███████▉  | 50/63 [00:16<00:04,  3.08it/s, loss=0.6915, acc=49.94%, img/s=98.6, eta=0.1m]
Epoch 1/1:  81%|████████  | 51/63 [00:16<00:03,  3.08it/s, loss=0.6915, acc=49.94%, img/s=98.6, eta=0.1m]
[36m(ClientAppActor pid=15853)[0m 
Epoch 1/1:  81%|████████  | 51/63 [00:16<00:03,  3.08it/s, loss=0.7090, acc=50.00%, img/s=98.6, eta=0.1m]
Epoch 1/1:  83%|████████▎ | 52/63 [00:16<00:03,  3.08it/s, loss=0.7090, acc=50.00%, img/s=98.6, eta=0.1m]
[36m(ClientAppActor pid=15853)[0m 
Epoch 1/1:  83%|████████▎ | 52/63 [00:17<00:03,  3.08it/s, loss=0.7289, acc=49.94%, img/s=98.6, eta=0.1m]
Epoch 1/1:  84%|████████▍ | 53/63 [00:17<00:03,  3.08it/s, loss=0.7289, acc=49.94%, img/s=98.6, eta=0.1m]
[36m(ClientAppActor pid=15853)[0m 
Epoch 1/1:  84%|████████▍ | 53/63 [00:17<00:03,  3.08it/s, loss=0.7140, acc=49.94%, img/s=98.6, eta=0.0m]
Epoch 1/1:  86%|████████▌ | 54/63 [00:17<00:02,  3.08it/s, loss=0.7140, acc=49.94%, img/s=98.6, eta=0.0m]
[36m(ClientAppActor pid=15853)[0m 
Epoch 1/1:  86%|████████▌ | 54/63 [00:17<00:02,  3.08it/s, loss=0.6677, acc=50.11%, img/s=98.6, eta=0.0m]
Epoch 1/1:  87%|████████▋ | 55/63 [00:17<00:02,  3.08it/s, loss=0.6677, acc=50.11%, img/s=98.6, eta=0.0m]
[36m(ClientAppActor pid=15853)[0m 
Epoch 1/1:  87%|████████▋ | 55/63 [00:18<00:02,  3.08it/s, loss=0.6687, acc=50.17%, img/s=98.6, eta=0.0m]
Epoch 1/1:  89%|████████▉ | 56/63 [00:18<00:02,  3.08it/s, loss=0.6687, acc=50.17%, img/s=98.6, eta=0.0m]
[36m(ClientAppActor pid=15853)[0m 
Epoch 1/1:  89%|████████▉ | 56/63 [00:18<00:02,  3.08it/s, loss=0.6908, acc=50.27%, img/s=98.6, eta=0.0m]
Epoch 1/1:  90%|█████████ | 57/63 [00:18<00:01,  3.08it/s, loss=0.6908, acc=50.27%, img/s=98.6, eta=0.0m]
[36m(ClientAppActor pid=15853)[0m 
Epoch 1/1:  90%|█████████ | 57/63 [00:18<00:01,  3.08it/s, loss=0.7173, acc=50.00%, img/s=98.6, eta=0.0m]
Epoch 1/1:  92%|█████████▏| 58/63 [00:18<00:01,  3.08it/s, loss=0.7173, acc=50.00%, img/s=98.6, eta=0.0m]
[36m(ClientAppActor pid=15853)[0m 
Epoch 1/1:  92%|█████████▏| 58/63 [00:19<00:01,  3.08it/s, loss=0.7178, acc=49.89%, img/s=98.6, eta=0.0m]
Epoch 1/1:  94%|█████████▎| 59/63 [00:19<00:01,  3.08it/s, loss=0.7178, acc=49.89%, img/s=98.6, eta=0.0m]
[36m(ClientAppActor pid=15853)[0m 
Epoch 1/1:  94%|█████████▎| 59/63 [00:19<00:01,  3.08it/s, loss=0.6797, acc=50.05%, img/s=98.6, eta=0.0m]
Epoch 1/1:  95%|█████████▌| 60/63 [00:19<00:00,  3.08it/s, loss=0.6797, acc=50.05%, img/s=98.6, eta=0.0m]
[36m(ClientAppActor pid=15853)[0m 
Epoch 1/1:  95%|█████████▌| 60/63 [00:19<00:00,  3.08it/s, loss=0.6748, acc=50.20%, img/s=98.6, eta=0.0m]
Epoch 1/1:  97%|█████████▋| 61/63 [00:19<00:00,  3.08it/s, loss=0.6748, acc=50.20%, img/s=98.6, eta=0.0m]
[36m(ClientAppActor pid=15853)[0m 
Epoch 1/1:  97%|█████████▋| 61/63 [00:20<00:00,  3.08it/s, loss=0.6950, acc=50.30%, img/s=98.6, eta=0.0m]
Epoch 1/1:  98%|█████████▊| 62/63 [00:20<00:00,  3.08it/s, loss=0.6950, acc=50.30%, img/s=98.6, eta=0.0m]
[36m(ClientAppActor pid=15853)[0m 
Epoch 1/1:  98%|█████████▊| 62/63 [00:20<00:00,  3.08it/s, loss=0.7079, acc=50.35%, img/s=49.6, eta=0.0m]
Epoch 1/1: 100%|██████████| 63/63 [00:20<00:00,  3.51it/s, loss=0.7079, acc=50.35%, img/s=49.6, eta=0.0m]
Epoch 1/1: 100%|██████████| 63/63 [00:20<00:00,  3.10it/s, loss=0.7079, acc=50.35%, img/s=49.6, eta=0.0m]
[36m(ClientAppActor pid=15853)[0m 
Epoch 1/1:   0%|          | 0/63 [00:00<?, ?it/s]
[36m(ClientAppActor pid=15853)[0m 
Epoch 1/1:   0%|          | 0/63 [00:00<?, ?it/s, loss=0.6939, acc=50.00%, img/s=97.1, eta=0.3m]
Epoch 1/1:   2%|▏         | 1/63 [00:00<00:20,  3.03it/s, loss=0.6939, acc=50.00%, img/s=97.1, eta=0.3m]
[36m(ClientAppActor pid=15853)[0m Client 3 Class Distribution
[36m(ClientAppActor pid=15853)[0m Train: Counter({1: 1024, 0: 976})
[36m(ClientAppActor pid=15853)[0m Val  : Counter({1: 54, 0: 46})
[36m(ClientAppActor pid=15853)[0m Test : Counter({1: 50, 0: 50})
[36m(ClientAppActor pid=15853)[0m Client 3
[36m(ClientAppActor pid=15853)[0m Train Images: 2000
[36m(ClientAppActor pid=15853)[0m Test Images : 100
[36m(ClientAppActor pid=15853)[0m Validate Images : 100
[36m(ClientAppActor pid=15853)[0m Client 3 starting fit...
[36m(ClientAppActor pid=15853)[0m Client 3 received class memories
[36m(ClientAppActor pid=15853)[0m Real memory norm=0.9006
[36m(ClientAppActor pid=15853)[0m Fake memory norm=0.8975
[36m(ClientAppActor pid=15853)[0m Client 3 starting training...
[36m(ClientAppActor pid=15853)[0m START classifier norm: 13.067695617675781
[36m(ClientAppActor pid=15853)[0m Artifact bias shape: torch.Size([32, 8, 197, 197])
[36m(ClientAppActor pid=15853)[0m 
[36m(ClientAppActor pid=15853)[0m Batch 0/63
[36m(ClientAppActor pid=15853)[0m GPU Allocated: 2.25 GB
[36m(ClientAppActor pid=15853)[0m GPU Reserved : 5.42 GB
[36m(ClientAppActor pid=15853)[0m 
[36m(ClientAppActor pid=15853)[0m ==================================================
[36m(ClientAppActor pid=15853)[0m Epoch 1 Complete
[36m(ClientAppActor pid=15853)[0m Average Loss : 0.6982
[36m(ClientAppActor pid=15853)[0m Accuracy     : 50.95%
[36m(ClientAppActor pid=15853)[0m Time         : 20.58s
[36m(ClientAppActor pid=15853)[0m Images       : 2000
[36m(ClientAppActor pid=15853)[0m Images/sec   : 97.19
[36m(ClientAppActor pid=15853)[0m GPU Allocated: 2.25 GB
[36m(ClientAppActor pid=15853)[0m GPU Reserved : 5.42 GB
[36m(ClientAppActor pid=15853)[0m ==================================================
[36m(ClientAppActor pid=15853)[0m END classifier norm: 13.067137718200684
[36m(ClientAppActor pid=15853)[0m Client 3 finished training
[36m(ClientAppActor pid=15853)[0m Client 3 extracting parameters...
[36m(ClientAppActor pid=15853)[0m Client 3 parameter extraction complete
[36m(ClientAppActor pid=15853)[0m Client 3 returning results
[36m(ClientAppActor pid=15853)[0m Client 4 using cuda
[36m(ClientAppActor pid=15853)[0m {'fake': 0, 'real': 1}
[36m(ClientAppActor pid=15853)[0m [DEBUG MODE] Train=2000, Val=100, Test=100
[36m(ClientAppActor pid=15853)[0m 
[36m(ClientAppActor pid=15853)[0m Client 4 Class Distribution
[36m(ClientAppActor pid=15853)[0m Train: Counter({0: 1013, 1: 987})
[36m(ClientAppActor pid=15853)[0m Val  : Counter({0: 56, 1: 44})
[36m(ClientAppActor pid=15853)[0m Test : Counter({1: 53, 0: 47})
[36m(ClientAppActor pid=15853)[0m Client 4
[36m(ClientAppActor pid=15853)[0m Train Images: 2000
[36m(ClientAppActor pid=15853)[0m Test Images : 100
[36m(ClientAppActor pid=15853)[0m Validate Images : 100
[36m(ClientAppActor pid=15853)[0m Client 4 starting fit...
[36m(ClientAppActor pid=15853)[0m Client 4 received class memories
[36m(ClientAppActor pid=15853)[0m Real memory norm=0.9006
[36m(ClientAppActor pid=15853)[0m Fake memory norm=0.8975
[36m(ClientAppActor pid=15853)[0m Client 4 starting training...
[36m(ClientAppActor pid=15853)[0m START classifier norm: 13.067695617675781
[36m(ClientAppActor pid=15853)[0m Artifact bias shape: torch.Size([32, 8, 197, 197])
[36m(ClientAppActor pid=15853)[0m 
[36m(ClientAppActor pid=15853)[0m Batch 0/63
[36m(ClientAppActor pid=15853)[0m GPU Allocated: 2.25 GB
[36m(ClientAppActor pid=15853)[0m GPU Reserved : 5.42 GB
[36m(ClientAppActor pid=15853)[0m 
[36m(ClientAppActor pid=15853)[0m ==================================================
[36m(ClientAppActor pid=15853)[0m Epoch 1 Complete
[36m(ClientAppActor pid=15853)[0m Average Loss : 0.7002
[36m(ClientAppActor pid=15853)[0m Accuracy     : 50.40%
[36m(ClientAppActor pid=15853)[0m Time         : 20.72s
[36m(ClientAppActor pid=15853)[0m Images       : 2000
[36m(ClientAppActor pid=15853)[0m Images/sec   : 96.52
[36m(ClientAppActor pid=15853)[0m GPU Allocated: 2.25 GB
[36m(ClientAppActor pid=15853)[0m GPU Reserved : 5.42 GB
[36m(ClientAppActor pid=15853)[0m ==================================================
[36m(ClientAppActor pid=15853)[0m END classifier norm: 13.06685733795166
[36m(ClientAppActor pid=15853)[0m Client 4 finished training
[36m(ClientAppActor pid=15853)[0m Client 4 extracting parameters...
[36m(ClientAppActor pid=15853)[0m Client 4 parameter extraction complete
[36m(ClientAppActor pid=15853)[0m Client 4 returning results
[36m(ClientAppActor pid=15853)[0m Client 5 using cuda
[36m(ClientAppActor pid=15853)[0m {'fake': 0, 'real': 1}
[36m(ClientAppActor pid=15853)[0m [DEBUG MODE] Train=2000, Val=100, Test=100
[36m(ClientAppActor pid=15853)[0m 
[36m(ClientAppActor pid=15853)[0m Client 5 Class Distribution
[36m(ClientAppActor pid=15853)[0m Train: Counter({0: 1014, 1: 986})
[36m(ClientAppActor pid=15853)[0m Val  : Counter({0: 56, 1: 44})
[36m(ClientAppActor pid=15853)[0m Test : Counter({0: 51, 1: 49})
[36m(ClientAppActor pid=15853)[0m Client 5
[36m(ClientAppActor pid=15853)[0m Train Images: 2000
[36m(ClientAppActor pid=15853)[0m Test Images : 100
[36m(ClientAppActor pid=15853)[0m Validate Images : 100
[36m(ClientAppActor pid=15853)[0m Client 5 starting fit...
[36m(ClientAppActor pid=15853)[0m Client 5 received class memories
[36m(ClientAppActor pid=15853)[0m Real memory norm=0.9006
[36m(ClientAppActor pid=15853)[0m Fake memory norm=0.8975
[36m(ClientAppActor pid=15853)[0m Client 5 starting training...
[36m(ClientAppActor pid=15853)[0m START classifier norm: 13.067695617675781
[36m(ClientAppActor pid=15853)[0m Artifact bias shape: torch.Size([32, 8, 197, 197])
[36m(ClientAppActor pid=15853)[0m 
[36m(ClientAppActor pid=15853)[0m Batch 0/63
[36m(ClientAppActor pid=15853)[0m GPU Allocated: 2.25 GB
[36m(ClientAppActor pid=15853)[0m GPU Reserved : 5.42 GB
[36m(ClientAppActor pid=15853)[0m 
[36m(ClientAppActor pid=15853)[0m ==================================================
[36m(ClientAppActor pid=15853)[0m Epoch 1 Complete
[36m(ClientAppActor pid=15853)[0m Average Loss : 0.6976
[36m(ClientAppActor pid=15853)[0m Accuracy     : 50.35%
[36m(ClientAppActor pid=15853)[0m Time         : 20.32s
[36m(ClientAppActor pid=15853)[0m Images       : 2000
[36m(ClientAppActor pid=15853)[0m Images/sec   : 98.44
[36m(ClientAppActor pid=15853)[0m GPU Allocated: 2.25 GB
[36m(ClientAppActor pid=15853)[0m GPU Reserved : 5.42 GB
[36m(ClientAppActor pid=15853)[0m ==================================================
[36m(ClientAppActor pid=15853)[0m END classifier norm: 13.067490577697754
[36m(ClientAppActor pid=15853)[0m Client 5 finished training
[36m(ClientAppActor pid=15853)[0m Client 5 extracting parameters...
[36m(ClientAppActor pid=15853)[0m Client 5 parameter extraction complete
[36m(ClientAppActor pid=15853)[0m Client 5 returning results
[36m(ClientAppActor pid=15853)[0m Client 2 using cuda
[36m(ClientAppActor pid=15853)[0m {'fake': 0, 'real': 1}
[36m(ClientAppActor pid=15853)[0m [DEBUG MODE] Train=2000, Val=100, Test=100
[36m(ClientAppActor pid=15853)[0m 
[36m(ClientAppActor pid=15853)[0m Client 2 Class Distribution
[36m(ClientAppActor pid=15853)[0m Train: Counter({0: 1012, 1: 988})
[36m(ClientAppActor pid=15853)[0m Val  : Counter({0: 60, 1: 40})
[36m(ClientAppActor pid=15853)[0m Test : Counter({0: 51, 1: 49})
[36m(ClientAppActor pid=15853)[0m Client 2
[36m(ClientAppActor pid=15853)[0m Train Images: 2000
[36m(ClientAppActor pid=15853)[0m Test Images : 100
[36m(ClientAppActor pid=15853)[0m Validate Images : 100
[36m(ClientAppActor pid=15853)[0m Client 2 starting fit...
[36m(ClientAppActor pid=15853)[0m Client 2 received class memories
[36m(ClientAppActor pid=15853)[0m Real memory norm=0.9006
[36m(ClientAppActor pid=15853)[0m Fake memory norm=0.8975
[36m(ClientAppActor pid=15853)[0m Client 2 starting training...
[36m(ClientAppActor pid=15853)[0m START classifier norm: 13.067695617675781
[36m(ClientAppActor pid=15853)[0m Artifact bias shape: torch.Size([32, 8, 197, 197])
[36m(ClientAppActor pid=15853)[0m 
Epoch 1/1:   2%|▏         | 1/63 [00:00<00:20,  3.03it/s, loss=0.6886, acc=53.12%, img/s=97.8, eta=0.3m]
Epoch 1/1:   3%|▎         | 2/63 [00:00<00:19,  3.06it/s, loss=0.6886, acc=53.12%, img/s=97.8, eta=0.3m]
[36m(ClientAppActor pid=15853)[0m 
Epoch 1/1:   3%|▎         | 2/63 [00:00<00:19,  3.06it/s, loss=0.7041, acc=51.04%, img/s=98.0, eta=0.3m]
Epoch 1/1:   5%|▍         | 3/63 [00:00<00:19,  3.07it/s, loss=0.7041, acc=51.04%, img/s=98.0, eta=0.3m]
[36m(ClientAppActor pid=15853)[0m 
Epoch 1/1:   5%|▍         | 3/63 [00:01<00:19,  3.07it/s, loss=0.6845, acc=52.34%, img/s=98.2, eta=0.3m]
Epoch 1/1:   6%|▋         | 4/63 [00:01<00:19,  3.07it/s, loss=0.6845, acc=52.34%, img/s=98.2, eta=0.3m]
[36m(ClientAppActor pid=15853)[0m 
Epoch 1/1:   6%|▋         | 4/63 [00:01<00:19,  3.07it/s, loss=0.7017, acc=51.25%, img/s=98.3, eta=0.3m]
Epoch 1/1:   8%|▊         | 5/63 [00:01<00:18,  3.08it/s, loss=0.7017, acc=51.25%, img/s=98.3, eta=0.3m]
[36m(ClientAppActor pid=15853)[0m 
Epoch 1/1:   8%|▊         | 5/63 [00:01<00:18,  3.08it/s, loss=0.6778, acc=52.08%, img/s=98.3, eta=0.3m]
Epoch 1/1:  10%|▉         | 6/63 [00:01<00:18,  3.08it/s, loss=0.6778, acc=52.08%, img/s=98.3, eta=0.3m]
[36m(ClientAppActor pid=15853)[0m 
Epoch 1/1:  10%|▉         | 6/63 [00:02<00:18,  3.08it/s, loss=0.6783, acc=52.23%, img/s=98.4, eta=0.3m]
Epoch 1/1:  11%|█         | 7/63 [00:02<00:18,  3.08it/s, loss=0.6783, acc=52.23%, img/s=98.4, eta=0.3m]
[36m(ClientAppActor pid=15853)[0m 
Epoch 1/1:  11%|█         | 7/63 [00:02<00:18,  3.08it/s, loss=0.6834, acc=51.56%, img/s=98.4, eta=0.3m]
Epoch 1/1:  13%|█▎        | 8/63 [00:02<00:17,  3.08it/s, loss=0.6834, acc=51.56%, img/s=98.4, eta=0.3m]
[36m(ClientAppActor pid=15853)[0m 
Epoch 1/1:  13%|█▎        | 8/63 [00:02<00:17,  3.08it/s, loss=0.6847, acc=52.08%, img/s=98.1, eta=0.3m]
Epoch 1/1:  14%|█▍        | 9/63 [00:02<00:17,  3.05it/s, loss=0.6847, acc=52.08%, img/s=98.1, eta=0.3m]
[36m(ClientAppActor pid=15853)[0m 
Epoch 1/1:  14%|█▍        | 9/63 [00:03<00:17,  3.05it/s, loss=0.6893, acc=52.50%, img/s=98.1, eta=0.3m]
Epoch 1/1:  16%|█▌        | 10/63 [00:03<00:17,  3.06it/s, loss=0.6893, acc=52.50%, img/s=98.1, eta=0.3m]
[36m(ClientAppActor pid=15853)[0m 
Epoch 1/1:  16%|█▌        | 10/63 [00:03<00:17,  3.06it/s, loss=0.7246, acc=51.99%, img/s=98.1, eta=0.3m]
Epoch 1/1:  17%|█▋        | 11/63 [00:03<00:16,  3.06it/s, loss=0.7246, acc=51.99%, img/s=98.1, eta=0.3m]
[36m(ClientAppActor pid=15853)[0m 
Epoch 1/1:  17%|█▋        | 11/63 [00:03<00:16,  3.06it/s, loss=0.6852, acc=52.08%, img/s=98.2, eta=0.3m]
Epoch 1/1:  19%|█▉        | 12/63 [00:03<00:16,  3.07it/s, loss=0.6852, acc=52.08%, img/s=98.2, eta=0.3m]
[36m(ClientAppActor pid=15853)[0m 
Epoch 1/1:  19%|█▉        | 12/63 [00:04<00:16,  3.07it/s, loss=0.7036, acc=52.40%, img/s=98.3, eta=0.3m]
Epoch 1/1:  21%|██        | 13/63 [00:04<00:16,  3.08it/s, loss=0.7036, acc=52.40%, img/s=98.3, eta=0.3m]
[36m(ClientAppActor pid=15853)[0m 
Epoch 1/1:  21%|██        | 13/63 [00:04<00:16,  3.08it/s, loss=0.7159, acc=52.46%, img/s=98.3, eta=0.3m]
Epoch 1/1:  22%|██▏       | 14/63 [00:04<00:15,  3.08it/s, loss=0.7159, acc=52.46%, img/s=98.3, eta=0.3m]
[36m(ClientAppActor pid=15853)[0m 
Epoch 1/1:  22%|██▏       | 14/63 [00:04<00:15,  3.08it/s, loss=0.6774, acc=52.71%, img/s=98.3, eta=0.3m]
Epoch 1/1:  24%|██▍       | 15/63 [00:04<00:15,  3.08it/s, loss=0.6774, acc=52.71%, img/s=98.3, eta=0.3m]
[36m(ClientAppActor pid=15853)[0m 
Epoch 1/1:  24%|██▍       | 15/63 [00:05<00:15,  3.08it/s, loss=0.6743, acc=52.93%, img/s=98.4, eta=0.3m]
Epoch 1/1:  25%|██▌       | 16/63 [00:05<00:15,  3.08it/s, loss=0.6743, acc=52.93%, img/s=98.4, eta=0.3m]
[36m(ClientAppActor pid=15853)[0m 
Epoch 1/1:  25%|██▌       | 16/63 [00:05<00:15,  3.08it/s, loss=0.6870, acc=52.76%, img/s=98.4, eta=0.2m]
Epoch 1/1:  27%|██▋       | 17/63 [00:05<00:14,  3.09it/s, loss=0.6870, acc=52.76%, img/s=98.4, eta=0.2m]
[36m(ClientAppActor pid=15853)[0m 
Epoch 1/1:  27%|██▋       | 17/63 [00:05<00:14,  3.09it/s, loss=0.7101, acc=51.74%, img/s=99.0, eta=0.2m]
Epoch 1/1:  29%|██▊       | 18/63 [00:05<00:14,  3.19it/s, loss=0.7101, acc=51.74%, img/s=99.0, eta=0.2m]
[36m(ClientAppActor pid=15853)[0m 
Epoch 1/1:  29%|██▊       | 18/63 [00:06<00:14,  3.19it/s, loss=0.7244, acc=51.15%, img/s=99.0, eta=0.2m]
Epoch 1/1:  30%|███       | 19/63 [00:06<00:13,  3.16it/s, loss=0.7244, acc=51.15%, img/s=99.0, eta=0.2m]
[36m(ClientAppActor pid=15853)[0m 
Epoch 1/1:  30%|███       | 19/63 [00:06<00:13,  3.16it/s, loss=0.6772, acc=51.72%, img/s=99.0, eta=0.2m]
Epoch 1/1:  32%|███▏      | 20/63 [00:06<00:13,  3.14it/s, loss=0.6772, acc=51.72%, img/s=99.0, eta=0.2m]
[36m(ClientAppActor pid=15853)[0m 
Epoch 1/1:  32%|███▏      | 20/63 [00:06<00:13,  3.14it/s, loss=0.7284, acc=51.19%, img/s=99.0, eta=0.2m]
Epoch 1/1:  33%|███▎      | 21/63 [00:06<00:13,  3.12it/s, loss=0.7284, acc=51.19%, img/s=99.0, eta=0.2m]
[36m(ClientAppActor pid=15853)[0m 
Epoch 1/1:  33%|███▎      | 21/63 [00:07<00:13,  3.12it/s, loss=0.6777, acc=51.42%, img/s=99.0, eta=0.2m]
Epoch 1/1:  35%|███▍      | 22/63 [00:07<00:13,  3.11it/s, loss=0.6777, acc=51.42%, img/s=99.0, eta=0.2m]
[36m(ClientAppActor pid=15853)[0m 
Epoch 1/1:  35%|███▍      | 22/63 [00:07<00:13,  3.11it/s, loss=0.6824, acc=51.63%, img/s=99.0, eta=0.2m]
Epoch 1/1:  37%|███▋      | 23/63 [00:07<00:12,  3.10it/s, loss=0.6824, acc=51.63%, img/s=99.0, eta=0.2m]
[36m(ClientAppActor pid=15853)[0m 
Epoch 1/1:  37%|███▋      | 23/63 [00:07<00:12,  3.10it/s, loss=0.7105, acc=51.82%, img/s=99.0, eta=0.2m]
Epoch 1/1:  38%|███▊      | 24/63 [00:07<00:12,  3.10it/s, loss=0.7105, acc=51.82%, img/s=99.0, eta=0.2m]
[36m(ClientAppActor pid=15853)[0m 
Epoch 1/1:  38%|███▊      | 24/63 [00:08<00:12,  3.10it/s, loss=0.6452, acc=51.88%, img/s=98.9, eta=0.2m]
Epoch 1/1:  40%|███▉      | 25/63 [00:08<00:12,  3.09it/s, loss=0.6452, acc=51.88%, img/s=98.9, eta=0.2m]
[36m(ClientAppActor pid=15853)[0m 
Epoch 1/1:  40%|███▉      | 25/63 [00:08<00:12,  3.09it/s, loss=0.7051, acc=51.80%, img/s=98.9, eta=0.2m]
Epoch 1/1:  41%|████▏     | 26/63 [00:08<00:11,  3.09it/s, loss=0.7051, acc=51.80%, img/s=98.9, eta=0.2m]
[36m(ClientAppActor pid=15853)[0m 
Epoch 1/1:  41%|████▏     | 26/63 [00:08<00:11,  3.09it/s, loss=0.7250, acc=51.74%, img/s=98.9, eta=0.2m]
Epoch 1/1:  43%|████▎     | 27/63 [00:08<00:11,  3.08it/s, loss=0.7250, acc=51.74%, img/s=98.9, eta=0.2m]
[36m(ClientAppActor pid=15853)[0m 
Epoch 1/1:  43%|████▎     | 27/63 [00:09<00:11,  3.08it/s, loss=0.7061, acc=51.23%, img/s=98.9, eta=0.2m]
Epoch 1/1:  44%|████▍     | 28/63 [00:09<00:11,  3.09it/s, loss=0.7061, acc=51.23%, img/s=98.9, eta=0.2m]
[36m(ClientAppActor pid=15853)[0m 
Epoch 1/1:  44%|████▍     | 28/63 [00:09<00:11,  3.09it/s, loss=0.6971, acc=51.29%, img/s=98.9, eta=0.2m]
Epoch 1/1:  46%|████▌     | 29/63 [00:09<00:11,  3.09it/s, loss=0.6971, acc=51.29%, img/s=98.9, eta=0.2m]
[36m(ClientAppActor pid=15853)[0m 
Epoch 1/1:  46%|████▌     | 29/63 [00:09<00:11,  3.09it/s, loss=0.6539, acc=51.67%, img/s=98.9, eta=0.2m]
Epoch 1/1:  48%|████▊     | 30/63 [00:09<00:10,  3.08it/s, loss=0.6539, acc=51.67%, img/s=98.9, eta=0.2m]
[36m(ClientAppActor pid=15853)[0m 
Epoch 1/1:  48%|████▊     | 30/63 [00:10<00:10,  3.08it/s, loss=0.6926, acc=51.71%, img/s=98.9, eta=0.2m]
Epoch 1/1:  49%|████▉     | 31/63 [00:10<00:10,  3.08it/s, loss=0.6926, acc=51.71%, img/s=98.9, eta=0.2m]
[36m(ClientAppActor pid=15853)[0m 
Epoch 1/1:  49%|████▉     | 31/63 [00:10<00:10,  3.08it/s, loss=0.6758, acc=52.05%, img/s=98.9, eta=0.2m]
Epoch 1/1:  51%|█████     | 32/63 [00:10<00:10,  3.08it/s, loss=0.6758, acc=52.05%, img/s=98.9, eta=0.2m]
[36m(ClientAppActor pid=15853)[0m 
Epoch 1/1:  51%|█████     | 32/63 [00:10<00:10,  3.08it/s, loss=0.6972, acc=52.27%, img/s=98.9, eta=0.2m]
Epoch 1/1:  52%|█████▏    | 33/63 [00:10<00:09,  3.08it/s, loss=0.6972, acc=52.27%, img/s=98.9, eta=0.2m]
[36m(ClientAppActor pid=15853)[0m 
Epoch 1/1:  52%|█████▏    | 33/63 [00:11<00:09,  3.08it/s, loss=0.6929, acc=52.11%, img/s=98.9, eta=0.2m]
Epoch 1/1:  54%|█████▍    | 34/63 [00:11<00:09,  3.08it/s, loss=0.6929, acc=52.11%, img/s=98.9, eta=0.2m]
[36m(ClientAppActor pid=15853)[0m 
Epoch 1/1:  54%|█████▍    | 34/63 [00:11<00:09,  3.08it/s, loss=0.7416, acc=51.61%, img/s=98.9, eta=0.2m]
Epoch 1/1:  56%|█████▌    | 35/63 [00:11<00:09,  3.09it/s, loss=0.7416, acc=51.61%, img/s=98.9, eta=0.2m]
[36m(ClientAppActor pid=15853)[0m 
Epoch 1/1:  56%|█████▌    | 35/63 [00:11<00:09,  3.09it/s, loss=0.7141, acc=51.56%, img/s=98.9, eta=0.1m]
Epoch 1/1:  57%|█████▋    | 36/63 [00:11<00:08,  3.08it/s, loss=0.7141, acc=51.56%, img/s=98.9, eta=0.1m]
[36m(ClientAppActor pid=15853)[0m 
Epoch 1/1:  57%|█████▋    | 36/63 [00:11<00:08,  3.08it/s, loss=0.6771, acc=51.77%, img/s=98.8, eta=0.1m]
Epoch 1/1:  59%|█████▊    | 37/63 [00:11<00:08,  3.08it/s, loss=0.6771, acc=51.77%, img/s=98.8, eta=0.1m]
[36m(ClientAppActor pid=15853)[0m 
Epoch 1/1:  59%|█████▊    | 37/63 [00:12<00:08,  3.08it/s, loss=0.7168, acc=51.64%, img/s=98.8, eta=0.1m]
Epoch 1/1:  60%|██████    | 38/63 [00:12<00:08,  3.09it/s, loss=0.7168, acc=51.64%, img/s=98.8, eta=0.1m]
[36m(ClientAppActor pid=15853)[0m 
Epoch 1/1:  60%|██████    | 38/63 [00:12<00:08,  3.09it/s, loss=0.7125, acc=51.20%, img/s=98.8, eta=0.1m]
Epoch 1/1:  62%|██████▏   | 39/63 [00:12<00:07,  3.08it/s, loss=0.7125, acc=51.20%, img/s=98.8, eta=0.1m]
[36m(ClientAppActor pid=15853)[0m 
Epoch 1/1:  62%|██████▏   | 39/63 [00:12<00:07,  3.08it/s, loss=0.6843, acc=51.25%, img/s=98.8, eta=0.1m]
Epoch 1/1:  63%|██████▎   | 40/63 [00:12<00:07,  3.08it/s, loss=0.6843, acc=51.25%, img/s=98.8, eta=0.1m]
[36m(ClientAppActor pid=15853)[0m 
Epoch 1/1:  63%|██████▎   | 40/63 [00:13<00:07,  3.08it/s, loss=0.7431, acc=51.22%, img/s=98.8, eta=0.1m]
Epoch 1/1:  65%|██████▌   | 41/63 [00:13<00:07,  3.09it/s, loss=0.7431, acc=51.22%, img/s=98.8, eta=0.1m]
[36m(ClientAppActor pid=15853)[0m 
Epoch 1/1:  65%|██████▌   | 41/63 [00:13<00:07,  3.09it/s, loss=0.6847, acc=51.19%, img/s=98.8, eta=0.1m]
Epoch 1/1:  67%|██████▋   | 42/63 [00:13<00:06,  3.09it/s, loss=0.6847, acc=51.19%, img/s=98.8, eta=0.1m]
[36m(ClientAppActor pid=15853)[0m 
Epoch 1/1:  67%|██████▋   | 42/63 [00:13<00:06,  3.09it/s, loss=0.6357, acc=51.60%, img/s=98.8, eta=0.1m]
Epoch 1/1:  68%|██████▊   | 43/63 [00:13<00:06,  3.09it/s, loss=0.6357, acc=51.60%, img/s=98.8, eta=0.1m]
[36m(ClientAppActor pid=15853)[0m 
Epoch 1/1:  68%|██████▊   | 43/63 [00:14<00:06,  3.09it/s, loss=0.6651, acc=51.85%, img/s=98.8, eta=0.1m]
Epoch 1/1:  70%|██████▉   | 44/63 [00:14<00:06,  3.09it/s, loss=0.6651, acc=51.85%, img/s=98.8, eta=0.1m]
[36m(ClientAppActor pid=15853)[0m 
Epoch 1/1:  70%|██████▉   | 44/63 [00:14<00:06,  3.09it/s, loss=0.6891, acc=51.94%, img/s=98.8, eta=0.1m]
Epoch 1/1:  71%|███████▏  | 45/63 [00:14<00:05,  3.09it/s, loss=0.6891, acc=51.94%, img/s=98.8, eta=0.1m]
[36m(ClientAppActor pid=15853)[0m 
Epoch 1/1:  71%|███████▏  | 45/63 [00:14<00:05,  3.09it/s, loss=0.6934, acc=51.90%, img/s=98.8, eta=0.1m]
Epoch 1/1:  73%|███████▎  | 46/63 [00:14<00:05,  3.09it/s, loss=0.6934, acc=51.90%, img/s=98.8, eta=0.1m]
[36m(ClientAppActor pid=15853)[0m 
Epoch 1/1:  73%|███████▎  | 46/63 [00:15<00:05,  3.09it/s, loss=0.7089, acc=51.73%, img/s=98.8, eta=0.1m]
Epoch 1/1:  75%|███████▍  | 47/63 [00:15<00:05,  3.08it/s, loss=0.7089, acc=51.73%, img/s=98.8, eta=0.1m]
[36m(ClientAppActor pid=15853)[0m 
Epoch 1/1:  75%|███████▍  | 47/63 [00:15<00:05,  3.08it/s, loss=0.7190, acc=51.69%, img/s=98.8, eta=0.1m]
Epoch 1/1:  76%|███████▌  | 48/63 [00:15<00:04,  3.08it/s, loss=0.7190, acc=51.69%, img/s=98.8, eta=0.1m]
[36m(ClientAppActor pid=15853)[0m 
Epoch 1/1:  76%|███████▌  | 48/63 [00:15<00:04,  3.08it/s, loss=0.7756, acc=51.47%, img/s=98.8, eta=0.1m]
Epoch 1/1:  78%|███████▊  | 49/63 [00:15<00:04,  3.08it/s, loss=0.7756, acc=51.47%, img/s=98.8, eta=0.1m]
[36m(ClientAppActor pid=15853)[0m 
Epoch 1/1:  78%|███████▊  | 49/63 [00:16<00:04,  3.08it/s, loss=0.7059, acc=51.19%, img/s=98.8, eta=0.1m]
Epoch 1/1:  79%|███████▉  | 50/63 [00:16<00:04,  3.08it/s, loss=0.7059, acc=51.19%, img/s=98.8, eta=0.1m]
[36m(ClientAppActor pid=15853)[0m 
Epoch 1/1:  79%|███████▉  | 50/63 [00:16<00:04,  3.08it/s, loss=0.7057, acc=51.16%, img/s=98.8, eta=0.1m]
Epoch 1/1:  81%|████████  | 51/63 [00:16<00:03,  3.09it/s, loss=0.7057, acc=51.16%, img/s=98.8, eta=0.1m]
[36m(ClientAppActor pid=15853)[0m 
Epoch 1/1:  81%|████████  | 51/63 [00:16<00:03,  3.09it/s, loss=0.7112, acc=51.26%, img/s=98.8, eta=0.1m]
Epoch 1/1:  83%|████████▎ | 52/63 [00:16<00:03,  3.09it/s, loss=0.7112, acc=51.26%, img/s=98.8, eta=0.1m]
[36m(ClientAppActor pid=15853)[0m 
Epoch 1/1:  83%|████████▎ | 52/63 [00:17<00:03,  3.09it/s, loss=0.6505, acc=51.47%, img/s=98.8, eta=0.1m]
Epoch 1/1:  84%|████████▍ | 53/63 [00:17<00:03,  3.08it/s, loss=0.6505, acc=51.47%, img/s=98.8, eta=0.1m]
[36m(ClientAppActor pid=15853)[0m 
Epoch 1/1:  84%|████████▍ | 53/63 [00:17<00:03,  3.08it/s, loss=0.6301, acc=51.68%, img/s=98.8, eta=0.0m]
Epoch 1/1:  86%|████████▌ | 54/63 [00:17<00:02,  3.09it/s, loss=0.6301, acc=51.68%, img/s=98.8, eta=0.0m]
[36m(ClientAppActor pid=15853)[0m 
Epoch 1/1:  86%|████████▌ | 54/63 [00:17<00:02,  3.09it/s, loss=0.7269, acc=51.88%, img/s=98.8, eta=0.0m]
Epoch 1/1:  87%|████████▋ | 55/63 [00:17<00:02,  3.08it/s, loss=0.7269, acc=51.88%, img/s=98.8, eta=0.0m]
[36m(ClientAppActor pid=15853)[0m 
Epoch 1/1:  87%|████████▋ | 55/63 [00:18<00:02,  3.08it/s, loss=0.7994, acc=51.62%, img/s=98.8, eta=0.0m]
Epoch 1/1:  89%|████████▉ | 56/63 [00:18<00:02,  3.09it/s, loss=0.7994, acc=51.62%, img/s=98.8, eta=0.0m]
[36m(ClientAppActor pid=15853)[0m 
Epoch 1/1:  89%|████████▉ | 56/63 [00:18<00:02,  3.09it/s, loss=0.7093, acc=51.54%, img/s=98.8, eta=0.0m]
Epoch 1/1:  90%|█████████ | 57/63 [00:18<00:01,  3.09it/s, loss=0.7093, acc=51.54%, img/s=98.8, eta=0.0m]
[36m(ClientAppActor pid=15853)[0m 
Epoch 1/1:  90%|█████████ | 57/63 [00:18<00:01,  3.09it/s, loss=0.7127, acc=51.67%, img/s=98.8, eta=0.0m]
Epoch 1/1:  92%|█████████▏| 58/63 [00:18<00:01,  3.09it/s, loss=0.7127, acc=51.67%, img/s=98.8, eta=0.0m]
[36m(ClientAppActor pid=15853)[0m 
Epoch 1/1:  92%|█████████▏| 58/63 [00:19<00:01,  3.09it/s, loss=0.6850, acc=51.80%, img/s=98.8, eta=0.0m]
Epoch 1/1:  94%|█████████▎| 59/63 [00:19<00:01,  3.09it/s, loss=0.6850, acc=51.80%, img/s=98.8, eta=0.0m]
[36m(ClientAppActor pid=15853)[0m 
Epoch 1/1:  94%|█████████▎| 59/63 [00:19<00:01,  3.09it/s, loss=0.7491, acc=51.46%, img/s=98.8, eta=0.0m]
Epoch 1/1:  95%|█████████▌| 60/63 [00:19<00:00,  3.08it/s, loss=0.7491, acc=51.46%, img/s=98.8, eta=0.0m]
[36m(ClientAppActor pid=15853)[0m 
Epoch 1/1:  95%|█████████▌| 60/63 [00:19<00:00,  3.08it/s, loss=0.6933, acc=51.33%, img/s=98.8, eta=0.0m]
Epoch 1/1:  97%|█████████▋| 61/63 [00:19<00:00,  3.08it/s, loss=0.6933, acc=51.33%, img/s=98.8, eta=0.0m]
[36m(ClientAppActor pid=15853)[0m 
Epoch 1/1:  97%|█████████▋| 61/63 [00:20<00:00,  3.08it/s, loss=0.6671, acc=51.41%, img/s=98.8, eta=0.0m]
Epoch 1/1:  98%|█████████▊| 62/63 [00:20<00:00,  3.08it/s, loss=0.6671, acc=51.41%, img/s=98.8, eta=0.0m]
[36m(ClientAppActor pid=15853)[0m 
Epoch 1/1:  98%|█████████▊| 62/63 [00:20<00:00,  3.08it/s, loss=0.7162, acc=51.35%, img/s=49.7, eta=0.0m]
Epoch 1/1: 100%|██████████| 63/63 [00:20<00:00,  3.50it/s, loss=0.7162, acc=51.35%, img/s=49.7, eta=0.0m]
Epoch 1/1: 100%|██████████| 63/63 [00:20<00:00,  3.11it/s, loss=0.7162, acc=51.35%, img/s=49.7, eta=0.0m]
[92mINFO [0m:      aggregate_fit: received 5 results and 0 failures
[92mINFO [0m:      configure_evaluate: strategy sampled 5 clients (out of 5)
[36m(ClientAppActor pid=15853)[0m 
Testing:   0%|          | 0/4 [00:00<?, ?it/s]
[36m(ClientAppActor pid=15853)[0m 
Testing:  25%|██▌       | 1/4 [00:00<00:00,  4.95it/s]
[36m(ClientAppActor pid=15853)[0m 
Testing:  50%|█████     | 2/4 [00:00<00:00,  4.67it/s]
[36m(ClientAppActor pid=15853)[0m 
Testing:  75%|███████▌  | 3/4 [00:00<00:00,  4.68it/s]
Testing: 100%|██████████| 4/4 [00:00<00:00,  5.96it/s]
[36m(ClientAppActor pid=15853)[0m 
Testing:   0%|          | 0/4 [00:00<?, ?it/s]
[36m(ClientAppActor pid=15853)[0m 
Testing:  25%|██▌       | 1/4 [00:00<00:00,  4.90it/s]
[36m(ClientAppActor pid=15853)[0m 
Testing:  50%|█████     | 2/4 [00:00<00:00,  4.73it/s]
[36m(ClientAppActor pid=15853)[0m 
Testing:  75%|███████▌  | 3/4 [00:00<00:00,  4.71it/s]
Testing: 100%|██████████| 4/4 [00:00<00:00,  6.00it/s]
[36m(ClientAppActor pid=15853)[0m 
Testing:   0%|          | 0/4 [00:00<?, ?it/s]
[36m(ClientAppActor pid=15853)[0m 
Testing:  25%|██▌       | 1/4 [00:00<00:00,  4.73it/s]
[36m(ClientAppActor pid=15853)[0m 
Testing:  50%|█████     | 2/4 [00:00<00:00,  4.72it/s]
[36m(ClientAppActor pid=15853)[0m 
Testing:  75%|███████▌  | 3/4 [00:00<00:00,  4.74it/s]
Testing: 100%|██████████| 4/4 [00:00<00:00,  6.02it/s]
[36m(ClientAppActor pid=15853)[0m 
Testing:   0%|          | 0/4 [00:00<?, ?it/s]
[36m(ClientAppActor pid=15853)[0m 
Testing:  25%|██▌       | 1/4 [00:00<00:00,  5.02it/s]
[36m(ClientAppActor pid=15853)[0m 
Testing:  50%|█████     | 2/4 [00:00<00:00,  5.01it/s]
[36m(ClientAppActor pid=15853)[0m 
Testing:  75%|███████▌  | 3/4 [00:00<00:00,  5.00it/s]
Testing: 100%|██████████| 4/4 [00:00<00:00,  6.35it/s]
[36m(ClientAppActor pid=15853)[0m 
Testing:   0%|          | 0/4 [00:00<?, ?it/s]
[36m(ClientAppActor pid=15853)[0m 
Testing:  25%|██▌       | 1/4 [00:00<00:00,  4.97it/s]
[36m(ClientAppActor pid=15853)[0m 
Testing:  50%|█████     | 2/4 [00:00<00:00,  4.96it/s]
[92mINFO [0m:      aggregate_evaluate: received 5 results and 0 failures
[92mINFO [0m:      
[92mINFO [0m:      [ROUND 4]
[92mINFO [0m:      configure_fit: strategy sampled 5 clients (out of 5)
[36m(ClientAppActor pid=15853)[0m 
Testing:  75%|███████▌  | 3/4 [00:00<00:00,  4.96it/s]
Testing: 100%|██████████| 4/4 [00:00<00:00,  6.29it/s]
[36m(ClientAppActor pid=15853)[0m 
[36m(ClientAppActor pid=15853)[0m Batch 0/63
[36m(ClientAppActor pid=15853)[0m GPU Allocated: 2.25 GB
[36m(ClientAppActor pid=15853)[0m GPU Reserved : 5.42 GB
[36m(ClientAppActor pid=15853)[0m 
[36m(ClientAppActor pid=15853)[0m ==================================================
[36m(ClientAppActor pid=15853)[0m Epoch 1 Complete
[36m(ClientAppActor pid=15853)[0m Average Loss : 0.6981
[36m(ClientAppActor pid=15853)[0m Accuracy     : 51.35%
[36m(ClientAppActor pid=15853)[0m Time         : 20.28s
[36m(ClientAppActor pid=15853)[0m Images       : 2000
[36m(ClientAppActor pid=15853)[0m Images/sec   : 98.62
[36m(ClientAppActor pid=15853)[0m GPU Allocated: 2.25 GB
[36m(ClientAppActor pid=15853)[0m GPU Reserved : 5.42 GB
[36m(ClientAppActor pid=15853)[0m ==================================================
[36m(ClientAppActor pid=15853)[0m END classifier norm: 13.066743850708008
[36m(ClientAppActor pid=15853)[0m Client 2 finished training
[36m(ClientAppActor pid=15853)[0m Client 2 extracting parameters...
[36m(ClientAppActor pid=15853)[0m Client 2 parameter extraction complete
[36m(ClientAppActor pid=15853)[0m Client 2 returning results

FAFT Round 3: results=5, failures=0

Round 3 Prototype Aggregated

Real memory norm = 0.8985
Fake memory norm = 0.8965
Saved: saved_models/global_model_round_3.pth
Round 3: model saved successfully
Broadcasting 253 tensors (251 weights + memory)
[36m(ClientAppActor pid=15853)[0m Client 4 using cuda
[36m(ClientAppActor pid=15853)[0m {'fake': 0, 'real': 1}
[36m(ClientAppActor pid=15853)[0m [DEBUG MODE] Train=2000, Val=100, Test=100
[36m(ClientAppActor pid=15853)[0m 
[36m(ClientAppActor pid=15853)[0m Client 4 Class Distribution
[36m(ClientAppActor pid=15853)[0m Train: Counter({0: 1013, 1: 987})
[36m(ClientAppActor pid=15853)[0m Val  : Counter({0: 56, 1: 44})
[36m(ClientAppActor pid=15853)[0m Test : Counter({1: 53, 0: 47})
[36m(ClientAppActor pid=15853)[0m Client 4
[36m(ClientAppActor pid=15853)[0m Train Images: 2000
[36m(ClientAppActor pid=15853)[0m Test Images : 100
[36m(ClientAppActor pid=15853)[0m Validate Images : 100
[36m(ClientAppActor pid=15853)[0m 
[36m(ClientAppActor pid=15853)[0m CLIENT 4 STARTING EVALUATION
[36m(ClientAppActor pid=15853)[0m Client 4 received class memories
[36m(ClientAppActor pid=15853)[0m Real memory norm=0.8985
[36m(ClientAppActor pid=15853)[0m Fake memory norm=0.8965
[36m(ClientAppActor pid=15853)[0m Artifact bias shape: torch.Size([32, 8, 197, 197])
[36m(ClientAppActor pid=15853)[0m Accuracy: 0.5300
[36m(ClientAppActor pid=15853)[0m 
[36m(ClientAppActor pid=15853)[0m CLIENT 4 EVALUATION COMPLETE
[36m(ClientAppActor pid=15853)[0m Client 2 using cuda
[36m(ClientAppActor pid=15853)[0m {'fake': 0, 'real': 1}
[36m(ClientAppActor pid=15853)[0m [DEBUG MODE] Train=2000, Val=100, Test=100
[36m(ClientAppActor pid=15853)[0m 
[36m(ClientAppActor pid=15853)[0m Client 2 Class Distribution
[36m(ClientAppActor pid=15853)[0m Train: Counter({0: 1012, 1: 988})
[36m(ClientAppActor pid=15853)[0m Val  : Counter({0: 60, 1: 40})
[36m(ClientAppActor pid=15853)[0m Test : Counter({0: 51, 1: 49})
[36m(ClientAppActor pid=15853)[0m Client 2
[36m(ClientAppActor pid=15853)[0m Train Images: 2000
[36m(ClientAppActor pid=15853)[0m Test Images : 100
[36m(ClientAppActor pid=15853)[0m Validate Images : 100
[36m(ClientAppActor pid=15853)[0m 
[36m(ClientAppActor pid=15853)[0m CLIENT 2 STARTING EVALUATION
[36m(ClientAppActor pid=15853)[0m Client 2 received class memories
[36m(ClientAppActor pid=15853)[0m Real memory norm=0.8985
[36m(ClientAppActor pid=15853)[0m Fake memory norm=0.8965
[36m(ClientAppActor pid=15853)[0m Artifact bias shape: torch.Size([32, 8, 197, 197])
[36m(ClientAppActor pid=15853)[0m Accuracy: 0.4900
[36m(ClientAppActor pid=15853)[0m 
[36m(ClientAppActor pid=15853)[0m CLIENT 2 EVALUATION COMPLETE
[36m(ClientAppActor pid=15853)[0m Client 3 using cuda
[36m(ClientAppActor pid=15853)[0m {'fake': 0, 'real': 1}
[36m(ClientAppActor pid=15853)[0m [DEBUG MODE] Train=2000, Val=100, Test=100
[36m(ClientAppActor pid=15853)[0m 
[36m(ClientAppActor pid=15853)[0m Client 3 Class Distribution
[36m(ClientAppActor pid=15853)[0m Train: Counter({1: 1024, 0: 976})
[36m(ClientAppActor pid=15853)[0m Val  : Counter({1: 54, 0: 46})
[36m(ClientAppActor pid=15853)[0m Test : Counter({1: 50, 0: 50})
[36m(ClientAppActor pid=15853)[0m Client 3
[36m(ClientAppActor pid=15853)[0m Train Images: 2000
[36m(ClientAppActor pid=15853)[0m Test Images : 100
[36m(ClientAppActor pid=15853)[0m Validate Images : 100
[36m(ClientAppActor pid=15853)[0m 
[36m(ClientAppActor pid=15853)[0m CLIENT 3 STARTING EVALUATION
[36m(ClientAppActor pid=15853)[0m Client 3 received class memories
[36m(ClientAppActor pid=15853)[0m Real memory norm=0.8985
[36m(ClientAppActor pid=15853)[0m Fake memory norm=0.8965
[36m(ClientAppActor pid=15853)[0m Artifact bias shape: torch.Size([32, 8, 197, 197])
[36m(ClientAppActor pid=15853)[0m Accuracy: 0.5000
[36m(ClientAppActor pid=15853)[0m 
[36m(ClientAppActor pid=15853)[0m CLIENT 3 EVALUATION COMPLETE
[36m(ClientAppActor pid=15853)[0m Client 5 using cuda
[36m(ClientAppActor pid=15853)[0m {'fake': 0, 'real': 1}
[36m(ClientAppActor pid=15853)[0m [DEBUG MODE] Train=2000, Val=100, Test=100
[36m(ClientAppActor pid=15853)[0m 
[36m(ClientAppActor pid=15853)[0m Client 5 Class Distribution
[36m(ClientAppActor pid=15853)[0m Train: Counter({0: 1014, 1: 986})
[36m(ClientAppActor pid=15853)[0m Val  : Counter({0: 56, 1: 44})
[36m(ClientAppActor pid=15853)[0m Test : Counter({0: 51, 1: 49})
[36m(ClientAppActor pid=15853)[0m Client 5
[36m(ClientAppActor pid=15853)[0m Train Images: 2000
[36m(ClientAppActor pid=15853)[0m Test Images : 100
[36m(ClientAppActor pid=15853)[0m Validate Images : 100
[36m(ClientAppActor pid=15853)[0m 
[36m(ClientAppActor pid=15853)[0m CLIENT 5 STARTING EVALUATION
[36m(ClientAppActor pid=15853)[0m Client 5 received class memories
[36m(ClientAppActor pid=15853)[0m Real memory norm=0.8985
[36m(ClientAppActor pid=15853)[0m Fake memory norm=0.8965
[36m(ClientAppActor pid=15853)[0m Artifact bias shape: torch.Size([32, 8, 197, 197])
[36m(ClientAppActor pid=15853)[0m Accuracy: 0.4900
[36m(ClientAppActor pid=15853)[0m 
[36m(ClientAppActor pid=15853)[0m CLIENT 5 EVALUATION COMPLETE
[36m(ClientAppActor pid=15853)[0m Client 1 using cuda
[36m(ClientAppActor pid=15853)[0m {'fake': 0, 'real': 1}
[36m(ClientAppActor pid=15853)[0m [DEBUG MODE] Train=2000, Val=100, Test=100
[36m(ClientAppActor pid=15853)[0m 
[36m(ClientAppActor pid=15853)[0m Client 1 Class Distribution
[36m(ClientAppActor pid=15853)[0m Train: Counter({1: 1011, 0: 989})
[36m(ClientAppActor pid=15853)[0m Val  : Counter({0: 55, 1: 45})
[36m(ClientAppActor pid=15853)[0m Test : Counter({0: 53, 1: 47})
[36m(ClientAppActor pid=15853)[0m Client 1
[36m(ClientAppActor pid=15853)[0m Train Images: 2000
[36m(ClientAppActor pid=15853)[0m Test Images : 100
[36m(ClientAppActor pid=15853)[0m Validate Images : 100
[36m(ClientAppActor pid=15853)[0m 
[36m(ClientAppActor pid=15853)[0m CLIENT 1 STARTING EVALUATION
[36m(ClientAppActor pid=15853)[0m Client 1 received class memories
[36m(ClientAppActor pid=15853)[0m Real memory norm=0.8985
[36m(ClientAppActor pid=15853)[0m Fake memory norm=0.8965
[36m(ClientAppActor pid=15853)[0m Artifact bias shape: torch.Size([32, 8, 197, 197])
[36m(ClientAppActor pid=15853)[0m Accuracy: 0.4700
[36m(ClientAppActor pid=15853)[0m 
[36m(ClientAppActor pid=15853)[0m CLIENT 1 EVALUATION COMPLETE
[36m(ClientAppActor pid=15853)[0m Client 2 using cuda
[36m(ClientAppActor pid=15853)[0m {'fake': 0, 'real': 1}
[36m(ClientAppActor pid=15853)[0m [DEBUG MODE] Train=2000, Val=100, Test=100
[36m(ClientAppActor pid=15853)[0m 
[36m(ClientAppActor pid=15853)[0m Client 2 Class Distribution
[36m(ClientAppActor pid=15853)[0m Train: Counter({0: 1012, 1: 988})
[36m(ClientAppActor pid=15853)[0m Val  : Counter({0: 60, 1: 40})
[36m(ClientAppActor pid=15853)[0m Test : Counter({0: 51, 1: 49})
[36m(ClientAppActor pid=15853)[0m 
Epoch 1/1:   0%|          | 0/63 [00:00<?, ?it/s]
[36m(ClientAppActor pid=15853)[0m 
Epoch 1/1:   0%|          | 0/63 [00:00<?, ?it/s, loss=0.7008, acc=31.25%, img/s=94.3, eta=0.4m]
Epoch 1/1:   2%|▏         | 1/63 [00:00<00:21,  2.95it/s, loss=0.7008, acc=31.25%, img/s=94.3, eta=0.4m]
[36m(ClientAppActor pid=15853)[0m 
Epoch 1/1:   2%|▏         | 1/63 [00:00<00:21,  2.95it/s, loss=0.7055, acc=37.50%, img/s=96.5, eta=0.3m]
Epoch 1/1:   3%|▎         | 2/63 [00:00<00:20,  3.03it/s, loss=0.7055, acc=37.50%, img/s=96.5, eta=0.3m]
[36m(ClientAppActor pid=15853)[0m 
Epoch 1/1:   3%|▎         | 2/63 [00:00<00:20,  3.03it/s, loss=0.6683, acc=46.88%, img/s=97.2, eta=0.3m]
Epoch 1/1:   5%|▍         | 3/63 [00:00<00:19,  3.05it/s, loss=0.6683, acc=46.88%, img/s=97.2, eta=0.3m]
[36m(ClientAppActor pid=15853)[0m 
Epoch 1/1:   5%|▍         | 3/63 [00:01<00:19,  3.05it/s, loss=0.7028, acc=47.66%, img/s=97.5, eta=0.3m]
Epoch 1/1:   6%|▋         | 4/63 [00:01<00:19,  3.06it/s, loss=0.7028, acc=47.66%, img/s=97.5, eta=0.3m]
[36m(ClientAppActor pid=15853)[0m 
Epoch 1/1:   6%|▋         | 4/63 [00:01<00:19,  3.06it/s, loss=0.6581, acc=51.25%, img/s=97.2, eta=0.3m]
Epoch 1/1:   8%|▊         | 5/63 [00:01<00:19,  3.04it/s, loss=0.6581, acc=51.25%, img/s=97.2, eta=0.3m]
[36m(ClientAppActor pid=15853)[0m 
Epoch 1/1:   8%|▊         | 5/63 [00:01<00:19,  3.04it/s, loss=0.6910, acc=52.08%, img/s=96.7, eta=0.3m]
Epoch 1/1:  10%|▉         | 6/63 [00:01<00:18,  3.01it/s, loss=0.6910, acc=52.08%, img/s=96.7, eta=0.3m]
[36m(ClientAppActor pid=15853)[0m 
Epoch 1/1:  10%|▉         | 6/63 [00:02<00:18,  3.01it/s, loss=0.7772, acc=50.00%, img/s=97.0, eta=0.3m]
Epoch 1/1:  11%|█         | 7/63 [00:02<00:18,  3.03it/s, loss=0.7772, acc=50.00%, img/s=97.0, eta=0.3m]
[36m(ClientAppActor pid=15853)[0m 
Epoch 1/1:  11%|█         | 7/63 [00:02<00:18,  3.03it/s, loss=0.6823, acc=51.17%, img/s=96.9, eta=0.3m]
Epoch 1/1:  13%|█▎        | 8/63 [00:02<00:18,  3.02it/s, loss=0.6823, acc=51.17%, img/s=96.9, eta=0.3m]
[36m(ClientAppActor pid=15853)[0m 
Epoch 1/1:  13%|█▎        | 8/63 [00:02<00:18,  3.02it/s, loss=0.7145, acc=50.69%, img/s=97.0, eta=0.3m]
Epoch 1/1:  14%|█▍        | 9/63 [00:02<00:17,  3.04it/s, loss=0.7145, acc=50.69%, img/s=97.0, eta=0.3m]
[36m(ClientAppActor pid=15853)[0m 
Epoch 1/1:  14%|█▍        | 9/63 [00:03<00:17,  3.04it/s, loss=0.7038, acc=50.62%, img/s=97.2, eta=0.3m]
Epoch 1/1:  16%|█▌        | 10/63 [00:03<00:17,  3.05it/s, loss=0.7038, acc=50.62%, img/s=97.2, eta=0.3m]
[36m(ClientAppActor pid=15853)[0m 
Epoch 1/1:  16%|█▌        | 10/63 [00:03<00:17,  3.05it/s, loss=0.6892, acc=51.42%, img/s=97.4, eta=0.3m]
Epoch 1/1:  17%|█▋        | 11/63 [00:03<00:16,  3.06it/s, loss=0.6892, acc=51.42%, img/s=97.4, eta=0.3m]
[36m(ClientAppActor pid=15853)[0m 
Epoch 1/1:  17%|█▋        | 11/63 [00:03<00:16,  3.06it/s, loss=0.6985, acc=52.08%, img/s=97.5, eta=0.3m]
Epoch 1/1:  19%|█▉        | 12/63 [00:03<00:16,  3.07it/s, loss=0.6985, acc=52.08%, img/s=97.5, eta=0.3m]
[36m(ClientAppActor pid=15853)[0m 
Epoch 1/1:  19%|█▉        | 12/63 [00:04<00:16,  3.07it/s, loss=0.6976, acc=51.44%, img/s=97.5, eta=0.3m]
Epoch 1/1:  21%|██        | 13/63 [00:04<00:16,  3.07it/s, loss=0.6976, acc=51.44%, img/s=97.5, eta=0.3m]
[36m(ClientAppActor pid=15853)[0m 
Epoch 1/1:  21%|██        | 13/63 [00:04<00:16,  3.07it/s, loss=0.6980, acc=50.89%, img/s=97.6, eta=0.3m]
Epoch 1/1:  22%|██▏       | 14/63 [00:04<00:15,  3.07it/s, loss=0.6980, acc=50.89%, img/s=97.6, eta=0.3m]
[36m(ClientAppActor pid=15853)[0m 
Epoch 1/1:  22%|██▏       | 14/63 [00:04<00:15,  3.07it/s, loss=0.6986, acc=51.04%, img/s=97.4, eta=0.3m]
Epoch 1/1:  24%|██▍       | 15/63 [00:04<00:15,  3.03it/s, loss=0.6986, acc=51.04%, img/s=97.4, eta=0.3m]
[36m(ClientAppActor pid=15853)[0m 
Epoch 1/1:  24%|██▍       | 15/63 [00:05<00:15,  3.03it/s, loss=0.6948, acc=50.78%, img/s=97.2, eta=0.3m]
Epoch 1/1:  25%|██▌       | 16/63 [00:05<00:15,  3.01it/s, loss=0.6948, acc=50.78%, img/s=97.2, eta=0.3m]
[36m(ClientAppActor pid=15853)[0m 
Epoch 1/1:  25%|██▌       | 16/63 [00:05<00:15,  3.01it/s, loss=0.6866, acc=50.92%, img/s=97.1, eta=0.3m]
Epoch 1/1:  27%|██▋       | 17/63 [00:05<00:15,  3.00it/s, loss=0.6866, acc=50.92%, img/s=97.1, eta=0.3m]
[36m(ClientAppActor pid=15853)[0m 
Epoch 1/1:  27%|██▋       | 17/63 [00:05<00:15,  3.00it/s, loss=0.6915, acc=50.69%, img/s=97.1, eta=0.2m]
Epoch 1/1:  29%|██▊       | 18/63 [00:05<00:14,  3.01it/s, loss=0.6915, acc=50.69%, img/s=97.1, eta=0.2m]
[36m(ClientAppActor pid=15853)[0m 
Epoch 1/1:  29%|██▊       | 18/63 [00:06<00:14,  3.01it/s, loss=0.6941, acc=50.66%, img/s=96.8, eta=0.2m]
Epoch 1/1:  30%|███       | 19/63 [00:06<00:14,  2.97it/s, loss=0.6941, acc=50.66%, img/s=96.8, eta=0.2m]
[36m(ClientAppActor pid=15853)[0m 
Epoch 1/1:  30%|███       | 19/63 [00:06<00:14,  2.97it/s, loss=0.6965, acc=50.47%, img/s=96.6, eta=0.2m]
Epoch 1/1:  32%|███▏      | 20/63 [00:06<00:14,  2.95it/s, loss=0.6965, acc=50.47%, img/s=96.6, eta=0.2m]
[36m(ClientAppActor pid=15853)[0m 
Epoch 1/1:  32%|███▏      | 20/63 [00:06<00:14,  2.95it/s, loss=0.6904, acc=50.60%, img/s=96.7, eta=0.2m]
Epoch 1/1:  33%|███▎      | 21/63 [00:06<00:14,  2.98it/s, loss=0.6904, acc=50.60%, img/s=96.7, eta=0.2m]
[36m(ClientAppActor pid=15853)[0m 
Epoch 1/1:  33%|███▎      | 21/63 [00:07<00:14,  2.98it/s, loss=0.6890, acc=50.99%, img/s=96.7, eta=0.2m]
Epoch 1/1:  35%|███▍      | 22/63 [00:07<00:13,  3.01it/s, loss=0.6890, acc=50.99%, img/s=96.7, eta=0.2m]
[36m(ClientAppActor pid=15853)[0m 
Epoch 1/1:  35%|███▍      | 22/63 [00:07<00:13,  3.01it/s, loss=0.6912, acc=51.09%, img/s=96.8, eta=0.2m]
Epoch 1/1:  37%|███▋      | 23/63 [00:07<00:13,  3.02it/s, loss=0.6912, acc=51.09%, img/s=96.8, eta=0.2m]
[36m(ClientAppActor pid=15853)[0m 
Epoch 1/1:  37%|███▋      | 23/63 [00:07<00:13,  3.02it/s, loss=0.6912, acc=51.43%, img/s=96.9, eta=0.2m]
Epoch 1/1:  38%|███▊      | 24/63 [00:07<00:12,  3.04it/s, loss=0.6912, acc=51.43%, img/s=96.9, eta=0.2m]
[36m(ClientAppActor pid=15853)[0m 
Epoch 1/1:  38%|███▊      | 24/63 [00:08<00:12,  3.04it/s, loss=0.6942, acc=51.25%, img/s=96.9, eta=0.2m]
Epoch 1/1:  40%|███▉      | 25/63 [00:08<00:12,  3.05it/s, loss=0.6942, acc=51.25%, img/s=96.9, eta=0.2m]
[36m(ClientAppActor pid=15853)[0m 
Epoch 1/1:  40%|███▉      | 25/63 [00:08<00:12,  3.05it/s, loss=0.6912, acc=51.32%, img/s=97.0, eta=0.2m]
Epoch 1/1:  41%|████▏     | 26/63 [00:08<00:12,  3.06it/s, loss=0.6912, acc=51.32%, img/s=97.0, eta=0.2m]
[36m(ClientAppActor pid=15853)[0m 
Epoch 1/1:  41%|████▏     | 26/63 [00:08<00:12,  3.06it/s, loss=0.6856, acc=51.27%, img/s=97.1, eta=0.2m]
Epoch 1/1:  43%|████▎     | 27/63 [00:08<00:11,  3.07it/s, loss=0.6856, acc=51.27%, img/s=97.1, eta=0.2m]
[36m(ClientAppActor pid=15853)[0m 
Epoch 1/1:  43%|████▎     | 27/63 [00:09<00:11,  3.07it/s, loss=0.6939, acc=51.34%, img/s=97.1, eta=0.2m]
Epoch 1/1:  44%|████▍     | 28/63 [00:09<00:11,  3.08it/s, loss=0.6939, acc=51.34%, img/s=97.1, eta=0.2m]
[36m(ClientAppActor pid=15853)[0m 
Epoch 1/1:  44%|████▍     | 28/63 [00:09<00:11,  3.08it/s, loss=0.6882, acc=51.51%, img/s=97.2, eta=0.2m]
Epoch 1/1:  46%|████▌     | 29/63 [00:09<00:11,  3.08it/s, loss=0.6882, acc=51.51%, img/s=97.2, eta=0.2m]
[36m(ClientAppActor pid=15853)[0m 
Epoch 1/1:  46%|████▌     | 29/63 [00:09<00:11,  3.08it/s, loss=0.7091, acc=50.94%, img/s=97.2, eta=0.2m]
Epoch 1/1:  48%|████▊     | 30/63 [00:09<00:10,  3.08it/s, loss=0.7091, acc=50.94%, img/s=97.2, eta=0.2m]
[36m(ClientAppActor pid=15853)[0m 
Epoch 1/1:  48%|████▊     | 30/63 [00:10<00:10,  3.08it/s, loss=0.6906, acc=50.81%, img/s=97.3, eta=0.2m]
Epoch 1/1:  49%|████▉     | 31/63 [00:10<00:10,  3.08it/s, loss=0.6906, acc=50.81%, img/s=97.3, eta=0.2m]
[36m(ClientAppActor pid=15853)[0m 
Epoch 1/1:  49%|████▉     | 31/63 [00:10<00:10,  3.08it/s, loss=0.6938, acc=50.98%, img/s=97.3, eta=0.2m]
Epoch 1/1:  51%|█████     | 32/63 [00:10<00:10,  3.08it/s, loss=0.6938, acc=50.98%, img/s=97.3, eta=0.2m]
[36m(ClientAppActor pid=15853)[0m 
Epoch 1/1:  51%|█████     | 32/63 [00:10<00:10,  3.08it/s, loss=0.6984, acc=50.47%, img/s=97.4, eta=0.2m]
Epoch 1/1:  52%|█████▏    | 33/63 [00:10<00:09,  3.09it/s, loss=0.6984, acc=50.47%, img/s=97.4, eta=0.2m]
[36m(ClientAppActor pid=15853)[0m 
Epoch 1/1:  52%|█████▏    | 33/63 [00:11<00:09,  3.09it/s, loss=0.6864, acc=50.74%, img/s=97.4, eta=0.2m]
Epoch 1/1:  54%|█████▍    | 34/63 [00:11<00:09,  3.08it/s, loss=0.6864, acc=50.74%, img/s=97.4, eta=0.2m]
[36m(ClientAppActor pid=15853)[0m 
Epoch 1/1:  54%|█████▍    | 34/63 [00:11<00:09,  3.08it/s, loss=0.6796, acc=50.98%, img/s=97.4, eta=0.2m]
Epoch 1/1:  56%|█████▌    | 35/63 [00:11<00:09,  3.08it/s, loss=0.6796, acc=50.98%, img/s=97.4, eta=0.2m]
[36m(ClientAppActor pid=15853)[0m 
Epoch 1/1:  56%|█████▌    | 35/63 [00:11<00:09,  3.08it/s, loss=0.6898, acc=51.22%, img/s=97.5, eta=0.1m]
Epoch 1/1:  57%|█████▋    | 36/63 [00:11<00:08,  3.08it/s, loss=0.6898, acc=51.22%, img/s=97.5, eta=0.1m]
[36m(ClientAppActor pid=15853)[0m 
Epoch 1/1:  57%|█████▋    | 36/63 [00:12<00:08,  3.08it/s, loss=0.6930, acc=51.18%, img/s=97.5, eta=0.1m]
Epoch 1/1:  59%|█████▊    | 37/63 [00:12<00:08,  3.09it/s, loss=0.6930, acc=51.18%, img/s=97.5, eta=0.1m]
[36m(ClientAppActor pid=15853)[0m 
Epoch 1/1:  59%|█████▊    | 37/63 [00:12<00:08,  3.09it/s, loss=0.6826, acc=51.40%, img/s=97.5, eta=0.1m]
Epoch 1/1:  60%|██████    | 38/63 [00:12<00:08,  3.08it/s, loss=0.6826, acc=51.40%, img/s=97.5, eta=0.1m]
[36m(ClientAppActor pid=15853)[0m 
Epoch 1/1:  60%|██████    | 38/63 [00:12<00:08,  3.08it/s, loss=0.7101, acc=51.20%, img/s=97.6, eta=0.1m]
Epoch 1/1:  62%|██████▏   | 39/63 [00:12<00:07,  3.09it/s, loss=0.7101, acc=51.20%, img/s=97.6, eta=0.1m]
[36m(ClientAppActor pid=15853)[0m 
Epoch 1/1:  62%|██████▏   | 39/63 [00:13<00:07,  3.09it/s, loss=0.6831, acc=51.25%, img/s=97.6, eta=0.1m]
Epoch 1/1:  63%|██████▎   | 40/63 [00:13<00:07,  3.08it/s, loss=0.6831, acc=51.25%, img/s=97.6, eta=0.1m]
[36m(ClientAppActor pid=15853)[0m 
Epoch 1/1:  63%|██████▎   | 40/63 [00:13<00:07,  3.08it/s, loss=0.6854, acc=51.45%, img/s=97.6, eta=0.1m]
Epoch 1/1:  65%|██████▌   | 41/63 [00:13<00:07,  3.08it/s, loss=0.6854, acc=51.45%, img/s=97.6, eta=0.1m]
[36m(ClientAppActor pid=15853)[0m 
Epoch 1/1:  65%|██████▌   | 41/63 [00:13<00:07,  3.08it/s, loss=0.6854, acc=51.49%, img/s=97.6, eta=0.1m]
Epoch 1/1:  67%|██████▋   | 42/63 [00:13<00:06,  3.08it/s, loss=0.6854, acc=51.49%, img/s=97.6, eta=0.1m]
[36m(ClientAppActor pid=15853)[0m 
Epoch 1/1:  67%|██████▋   | 42/63 [00:14<00:06,  3.08it/s, loss=0.6897, acc=51.60%, img/s=97.7, eta=0.1m]
Epoch 1/1:  68%|██████▊   | 43/63 [00:14<00:06,  3.08it/s, loss=0.6897, acc=51.60%, img/s=97.7, eta=0.1m]
[36m(ClientAppActor pid=15853)[0m 
Epoch 1/1:  68%|██████▊   | 43/63 [00:14<00:06,  3.08it/s, loss=0.6780, acc=51.70%, img/s=97.7, eta=0.1m]
Epoch 1/1:  70%|██████▉   | 44/63 [00:14<00:06,  3.08it/s, loss=0.6780, acc=51.70%, img/s=97.7, eta=0.1m]
[36m(ClientAppActor pid=15853)[0m 
Epoch 1/1:  70%|██████▉   | 44/63 [00:14<00:06,  3.08it/s, loss=0.6663, acc=51.94%, img/s=97.7, eta=0.1m]
Epoch 1/1:  71%|███████▏  | 45/63 [00:14<00:05,  3.08it/s, loss=0.6663, acc=51.94%, img/s=97.7, eta=0.1m]
[36m(ClientAppActor pid=15853)[0m 
Epoch 1/1:  71%|███████▏  | 45/63 [00:15<00:05,  3.08it/s, loss=0.6521, acc=52.17%, img/s=97.7, eta=0.1m]
Epoch 1/1:  73%|███████▎  | 46/63 [00:15<00:05,  3.08it/s, loss=0.6521, acc=52.17%, img/s=97.7, eta=0.1m]
[36m(ClientAppActor pid=15853)[0m 
Epoch 1/1:  73%|███████▎  | 46/63 [00:15<00:05,  3.08it/s, loss=0.7201, acc=52.13%, img/s=97.7, eta=0.1m]
Epoch 1/1:  75%|███████▍  | 47/63 [00:15<00:05,  3.08it/s, loss=0.7201, acc=52.13%, img/s=97.7, eta=0.1m]
[36m(ClientAppActor pid=15853)[0m 
Epoch 1/1:  75%|███████▍  | 47/63 [00:15<00:05,  3.08it/s, loss=0.7133, acc=51.95%, img/s=97.7, eta=0.1m]
Epoch 1/1:  76%|███████▌  | 48/63 [00:15<00:04,  3.07it/s, loss=0.7133, acc=51.95%, img/s=97.7, eta=0.1m]
[36m(ClientAppActor pid=15853)[0m 
Epoch 1/1:  76%|███████▌  | 48/63 [00:16<00:04,  3.07it/s, loss=0.6716, acc=51.85%, img/s=97.7, eta=0.1m]
Epoch 1/1:  78%|███████▊  | 49/63 [00:16<00:04,  3.07it/s, loss=0.6716, acc=51.85%, img/s=97.7, eta=0.1m]
[36m(ClientAppActor pid=15853)[0m 
Epoch 1/1:  78%|███████▊  | 49/63 [00:16<00:04,  3.07it/s, loss=0.6592, acc=52.12%, img/s=97.7, eta=0.1m]
Epoch 1/1:  79%|███████▉  | 50/63 [00:16<00:04,  3.07it/s, loss=0.6592, acc=52.12%, img/s=97.7, eta=0.1m]
[36m(ClientAppActor pid=15853)[0m 
Epoch 1/1:  79%|███████▉  | 50/63 [00:16<00:04,  3.07it/s, loss=0.6880, acc=52.14%, img/s=97.7, eta=0.1m]
Epoch 1/1:  81%|████████  | 51/63 [00:16<00:03,  3.07it/s, loss=0.6880, acc=52.14%, img/s=97.7, eta=0.1m]
[36m(ClientAppActor pid=15853)[0m 
Epoch 1/1:  81%|████████  | 51/63 [00:17<00:03,  3.07it/s, loss=0.6250, acc=52.64%, img/s=97.8, eta=0.1m]
Epoch 1/1:  83%|████████▎ | 52/63 [00:17<00:03,  3.07it/s, loss=0.6250, acc=52.64%, img/s=97.8, eta=0.1m]
[36m(ClientAppActor pid=15853)[0m 
Epoch 1/1:  83%|████████▎ | 52/63 [00:17<00:03,  3.07it/s, loss=0.7329, acc=52.59%, img/s=97.8, eta=0.1m]
Epoch 1/1:  84%|████████▍ | 53/63 [00:17<00:03,  3.07it/s, loss=0.7329, acc=52.59%, img/s=97.8, eta=0.1m]
[36m(ClientAppActor pid=15853)[0m 
Epoch 1/1:  84%|████████▍ | 53/63 [00:17<00:03,  3.07it/s, loss=0.6407, acc=52.72%, img/s=97.8, eta=0.0m]
Epoch 1/1:  86%|████████▌ | 54/63 [00:17<00:02,  3.07it/s, loss=0.6407, acc=52.72%, img/s=97.8, eta=0.0m]
[36m(ClientAppActor pid=15853)[0m 
Epoch 1/1:  86%|████████▌ | 54/63 [00:17<00:02,  3.07it/s, loss=0.6990, acc=52.73%, img/s=97.8, eta=0.0m]
Epoch 1/1:  87%|████████▋ | 55/63 [00:17<00:02,  3.08it/s, loss=0.6990, acc=52.73%, img/s=97.8, eta=0.0m]
[36m(ClientAppActor pid=15853)[0m 
Epoch 1/1:  87%|████████▋ | 55/63 [00:18<00:02,  3.08it/s, loss=0.6557, acc=52.96%, img/s=97.8, eta=0.0m]
Epoch 1/1:  89%|████████▉ | 56/63 [00:18<00:02,  3.08it/s, loss=0.6557, acc=52.96%, img/s=97.8, eta=0.0m]
[36m(ClientAppActor pid=15853)[0m 
Epoch 1/1:  89%|████████▉ | 56/63 [00:18<00:02,  3.08it/s, loss=0.6598, acc=53.23%, img/s=97.8, eta=0.0m]
Epoch 1/1:  90%|█████████ | 57/63 [00:18<00:01,  3.07it/s, loss=0.6598, acc=53.23%, img/s=97.8, eta=0.0m]
[36m(ClientAppActor pid=15853)[0m 
Epoch 1/1:  90%|█████████ | 57/63 [00:18<00:01,  3.07it/s, loss=0.6839, acc=53.18%, img/s=97.8, eta=0.0m]
Epoch 1/1:  92%|█████████▏| 58/63 [00:18<00:01,  3.07it/s, loss=0.6839, acc=53.18%, img/s=97.8, eta=0.0m]
[36m(ClientAppActor pid=15853)[0m 
Epoch 1/1:  92%|█████████▏| 58/63 [00:19<00:01,  3.07it/s, loss=0.6839, acc=53.28%, img/s=97.8, eta=0.0m]
Epoch 1/1:  94%|█████████▎| 59/63 [00:19<00:01,  3.07it/s, loss=0.6839, acc=53.28%, img/s=97.8, eta=0.0m]
[36m(ClientAppActor pid=15853)[0m 
Epoch 1/1:  94%|█████████▎| 59/63 [00:19<00:01,  3.07it/s, loss=0.7106, acc=53.12%, img/s=97.8, eta=0.0m]
Epoch 1/1:  95%|█████████▌| 60/63 [00:19<00:00,  3.07it/s, loss=0.7106, acc=53.12%, img/s=97.8, eta=0.0m]
[36m(ClientAppActor pid=15853)[0m 
Epoch 1/1:  95%|█████████▌| 60/63 [00:19<00:00,  3.07it/s, loss=0.6226, acc=53.38%, img/s=97.8, eta=0.0m]
Epoch 1/1:  97%|█████████▋| 61/63 [00:19<00:00,  3.07it/s, loss=0.6226, acc=53.38%, img/s=97.8, eta=0.0m]
[36m(ClientAppActor pid=15853)[0m 
Epoch 1/1:  97%|█████████▋| 61/63 [00:20<00:00,  3.07it/s, loss=0.6756, acc=53.48%, img/s=97.9, eta=0.0m]
Epoch 1/1:  98%|█████████▊| 62/63 [00:20<00:00,  3.07it/s, loss=0.6756, acc=53.48%, img/s=97.9, eta=0.0m]
[36m(ClientAppActor pid=15853)[0m 
Epoch 1/1:  98%|█████████▊| 62/63 [00:20<00:00,  3.07it/s, loss=0.6204, acc=53.65%, img/s=49.2, eta=0.0m]
Epoch 1/1: 100%|██████████| 63/63 [00:20<00:00,  3.50it/s, loss=0.6204, acc=53.65%, img/s=49.2, eta=0.0m]
Epoch 1/1: 100%|██████████| 63/63 [00:20<00:00,  3.08it/s, loss=0.6204, acc=53.65%, img/s=49.2, eta=0.0m]
[36m(ClientAppActor pid=15853)[0m 
Epoch 1/1:   0%|          | 0/63 [00:00<?, ?it/s]
[36m(ClientAppActor pid=15853)[0m 
Epoch 1/1:   0%|          | 0/63 [00:00<?, ?it/s, loss=0.6826, acc=62.50%, img/s=95.1, eta=0.3m]
Epoch 1/1:   2%|▏         | 1/63 [00:00<00:20,  2.97it/s, loss=0.6826, acc=62.50%, img/s=95.1, eta=0.3m]
[36m(ClientAppActor pid=15853)[0m 
Epoch 1/1:   2%|▏         | 1/63 [00:00<00:20,  2.97it/s, loss=0.6916, acc=57.81%, img/s=96.9, eta=0.3m]
Epoch 1/1:   3%|▎         | 2/63 [00:00<00:20,  3.04it/s, loss=0.6916, acc=57.81%, img/s=96.9, eta=0.3m]
[36m(ClientAppActor pid=15853)[0m 
Epoch 1/1:   3%|▎         | 2/63 [00:00<00:20,  3.04it/s, loss=0.7732, acc=50.00%, img/s=97.5, eta=0.3m]
Epoch 1/1:   5%|▍         | 3/63 [00:00<00:19,  3.06it/s, loss=0.7732, acc=50.00%, img/s=97.5, eta=0.3m]
[36m(ClientAppActor pid=15853)[0m 
Epoch 1/1:   5%|▍         | 3/63 [00:01<00:19,  3.06it/s, loss=0.6487, acc=55.47%, img/s=97.6, eta=0.3m]
Epoch 1/1:   6%|▋         | 4/63 [00:01<00:19,  3.06it/s, loss=0.6487, acc=55.47%, img/s=97.6, eta=0.3m]
[36m(ClientAppActor pid=15853)[0m 
Epoch 1/1:   6%|▋         | 4/63 [00:01<00:19,  3.06it/s, loss=0.6803, acc=55.62%, img/s=97.8, eta=0.3m]
Epoch 1/1:   8%|▊         | 5/63 [00:01<00:18,  3.07it/s, loss=0.6803, acc=55.62%, img/s=97.8, eta=0.3m]
[36m(ClientAppActor pid=15853)[0m 
Epoch 1/1:   8%|▊         | 5/63 [00:01<00:18,  3.07it/s, loss=0.6992, acc=55.21%, img/s=97.9, eta=0.3m]
Epoch 1/1:  10%|▉         | 6/63 [00:01<00:18,  3.07it/s, loss=0.6992, acc=55.21%, img/s=97.9, eta=0.3m]
[36m(ClientAppActor pid=15853)[0m 
Epoch 1/1:  10%|▉         | 6/63 [00:02<00:18,  3.07it/s, loss=0.6991, acc=54.46%, img/s=98.1, eta=0.3m]
Epoch 1/1:  11%|█         | 7/63 [00:02<00:18,  3.08it/s, loss=0.6991, acc=54.46%, img/s=98.1, eta=0.3m]
[36m(ClientAppActor pid=15853)[0m 
Epoch 1/1:  11%|█         | 7/63 [00:02<00:18,  3.08it/s, loss=0.6682, acc=55.08%, img/s=98.1, eta=0.3m]
Epoch 1/1:  13%|█▎        | 8/63 [00:02<00:17,  3.08it/s, loss=0.6682, acc=55.08%, img/s=98.1, eta=0.3m]
[36m(ClientAppActor pid=15853)[0m 
Epoch 1/1:  13%|█▎        | 8/63 [00:02<00:17,  3.08it/s, loss=0.7033, acc=54.86%, img/s=98.2, eta=0.3m]
Epoch 1/1:  14%|█▍        | 9/63 [00:02<00:17,  3.08it/s, loss=0.7033, acc=54.86%, img/s=98.2, eta=0.3m]
[36m(ClientAppActor pid=15853)[0m 
Epoch 1/1:  14%|█▍        | 9/63 [00:03<00:17,  3.08it/s, loss=0.7004, acc=54.38%, img/s=98.1, eta=0.3m]
Epoch 1/1:  16%|█▌        | 10/63 [00:03<00:17,  3.07it/s, loss=0.7004, acc=54.38%, img/s=98.1, eta=0.3m]
[36m(ClientAppActor pid=15853)[0m 
Epoch 1/1:  16%|█▌        | 10/63 [00:03<00:17,  3.07it/s, loss=0.7028, acc=53.12%, img/s=98.2, eta=0.3m]
Epoch 1/1:  17%|█▋        | 11/63 [00:03<00:16,  3.07it/s, loss=0.7028, acc=53.12%, img/s=98.2, eta=0.3m]
[36m(ClientAppActor pid=15853)[0m 
Epoch 1/1:  17%|█▋        | 11/63 [00:03<00:16,  3.07it/s, loss=0.6826, acc=53.65%, img/s=98.2, eta=0.3m]
Epoch 1/1:  19%|█▉        | 12/63 [00:03<00:16,  3.07it/s, loss=0.6826, acc=53.65%, img/s=98.2, eta=0.3m]
[36m(ClientAppActor pid=15853)[0m 
Epoch 1/1:  19%|█▉        | 12/63 [00:04<00:16,  3.07it/s, loss=0.7164, acc=52.64%, img/s=98.2, eta=0.3m]
Epoch 1/1:  21%|██        | 13/63 [00:04<00:16,  3.08it/s, loss=0.7164, acc=52.64%, img/s=98.2, eta=0.3m]
[36m(ClientAppActor pid=15853)[0m 
Epoch 1/1:  21%|██        | 13/63 [00:04<00:16,  3.08it/s, loss=0.6976, acc=51.79%, img/s=98.2, eta=0.3m]
Epoch 1/1:  22%|██▏       | 14/63 [00:04<00:15,  3.08it/s, loss=0.6976, acc=51.79%, img/s=98.2, eta=0.3m]
[36m(ClientAppActor pid=15853)[0m 
Epoch 1/1:  22%|██▏       | 14/63 [00:04<00:15,  3.08it/s, loss=0.7037, acc=51.25%, img/s=98.2, eta=0.3m]
Epoch 1/1:  24%|██▍       | 15/63 [00:04<00:15,  3.07it/s, loss=0.7037, acc=51.25%, img/s=98.2, eta=0.3m]
[36m(ClientAppActor pid=15853)[0m 
Epoch 1/1:  24%|██▍       | 15/63 [00:05<00:15,  3.07it/s, loss=0.7059, acc=51.17%, img/s=98.2, eta=0.3m]
Epoch 1/1:  25%|██▌       | 16/63 [00:05<00:15,  3.07it/s, loss=0.7059, acc=51.17%, img/s=98.2, eta=0.3m]
[36m(ClientAppActor pid=15853)[0m 
Epoch 1/1:  25%|██▌       | 16/63 [00:05<00:15,  3.07it/s, loss=0.6888, acc=50.74%, img/s=98.2, eta=0.2m]
Epoch 1/1:  27%|██▋       | 17/63 [00:05<00:14,  3.07it/s, loss=0.6888, acc=50.74%, img/s=98.2, eta=0.2m]
[36m(ClientAppActor pid=15853)[0m 
Epoch 1/1:  27%|██▋       | 17/63 [00:05<00:14,  3.07it/s, loss=0.6900, acc=50.52%, img/s=98.3, eta=0.2m]
Epoch 1/1:  29%|██▊       | 18/63 [00:05<00:14,  3.08it/s, loss=0.6900, acc=50.52%, img/s=98.3, eta=0.2m]
[36m(ClientAppActor pid=15853)[0m 
Epoch 1/1:  29%|██▊       | 18/63 [00:06<00:14,  3.08it/s, loss=0.6835, acc=51.32%, img/s=98.3, eta=0.2m]
Epoch 1/1:  30%|███       | 19/63 [00:06<00:14,  3.08it/s, loss=0.6835, acc=51.32%, img/s=98.3, eta=0.2m]
[36m(ClientAppActor pid=15853)[0m 
Epoch 1/1:  30%|███       | 19/63 [00:06<00:14,  3.08it/s, loss=0.6927, acc=51.56%, img/s=98.3, eta=0.2m]
Epoch 1/1:  32%|███▏      | 20/63 [00:06<00:13,  3.08it/s, loss=0.6927, acc=51.56%, img/s=98.3, eta=0.2m]
[36m(ClientAppActor pid=15853)[0m 
Epoch 1/1:  32%|███▏      | 20/63 [00:06<00:13,  3.08it/s, loss=0.6900, acc=51.49%, img/s=98.3, eta=0.2m]
Epoch 1/1:  33%|███▎      | 21/63 [00:06<00:13,  3.08it/s, loss=0.6900, acc=51.49%, img/s=98.3, eta=0.2m]
[36m(ClientAppActor pid=15853)[0m 
Epoch 1/1:  33%|███▎      | 21/63 [00:07<00:13,  3.08it/s, loss=0.6750, acc=51.99%, img/s=98.3, eta=0.2m]
Epoch 1/1:  35%|███▍      | 22/63 [00:07<00:13,  3.08it/s, loss=0.6750, acc=51.99%, img/s=98.3, eta=0.2m]
[36m(ClientAppActor pid=15853)[0m 
Epoch 1/1:  35%|███▍      | 22/63 [00:07<00:13,  3.08it/s, loss=0.6924, acc=52.04%, img/s=98.3, eta=0.2m]
Epoch 1/1:  37%|███▋      | 23/63 [00:07<00:12,  3.08it/s, loss=0.6924, acc=52.04%, img/s=98.3, eta=0.2m]
[36m(ClientAppActor pid=15853)[0m 
Epoch 1/1:  37%|███▋      | 23/63 [00:07<00:12,  3.08it/s, loss=0.7076, acc=51.82%, img/s=98.3, eta=0.2m]
Epoch 1/1:  38%|███▊      | 24/63 [00:07<00:12,  3.08it/s, loss=0.7076, acc=51.82%, img/s=98.3, eta=0.2m]
[36m(ClientAppActor pid=15853)[0m 
Epoch 1/1:  38%|███▊      | 24/63 [00:08<00:12,  3.08it/s, loss=0.6788, acc=51.75%, img/s=98.3, eta=0.2m]
Epoch 1/1:  40%|███▉      | 25/63 [00:08<00:12,  3.07it/s, loss=0.6788, acc=51.75%, img/s=98.3, eta=0.2m]
[36m(ClientAppActor pid=15853)[0m 
Epoch 1/1:  40%|███▉      | 25/63 [00:08<00:12,  3.07it/s, loss=0.7307, acc=51.32%, img/s=98.3, eta=0.2m]
Epoch 1/1:  41%|████▏     | 26/63 [00:08<00:12,  3.08it/s, loss=0.7307, acc=51.32%, img/s=98.3, eta=0.2m]
[36m(ClientAppActor pid=15853)[0m 
Epoch 1/1:  41%|████▏     | 26/63 [00:08<00:12,  3.08it/s, loss=0.7083, acc=50.81%, img/s=98.4, eta=0.2m]
Epoch 1/1:  43%|████▎     | 27/63 [00:08<00:11,  3.08it/s, loss=0.7083, acc=50.81%, img/s=98.4, eta=0.2m]
[36m(ClientAppActor pid=15853)[0m 
Epoch 1/1:  43%|████▎     | 27/63 [00:09<00:11,  3.08it/s, loss=0.6992, acc=50.67%, img/s=98.4, eta=0.2m]
Epoch 1/1:  44%|████▍     | 28/63 [00:09<00:11,  3.08it/s, loss=0.6992, acc=50.67%, img/s=98.4, eta=0.2m]
[36m(ClientAppActor pid=15853)[0m 
Epoch 1/1:  44%|████▍     | 28/63 [00:09<00:11,  3.08it/s, loss=0.7023, acc=50.54%, img/s=98.4, eta=0.2m]
Epoch 1/1:  46%|████▌     | 29/63 [00:09<00:11,  3.08it/s, loss=0.7023, acc=50.54%, img/s=98.4, eta=0.2m]
[36m(ClientAppActor pid=15853)[0m 
Epoch 1/1:  46%|████▌     | 29/63 [00:09<00:11,  3.08it/s, loss=0.7122, acc=50.10%, img/s=98.4, eta=0.2m]
Epoch 1/1:  48%|████▊     | 30/63 [00:09<00:10,  3.07it/s, loss=0.7122, acc=50.10%, img/s=98.4, eta=0.2m]
[36m(ClientAppActor pid=15853)[0m 
Epoch 1/1:  48%|████▊     | 30/63 [00:10<00:10,  3.07it/s, loss=0.6909, acc=50.00%, img/s=98.4, eta=0.2m]
Epoch 1/1:  49%|████▉     | 31/63 [00:10<00:10,  3.08it/s, loss=0.6909, acc=50.00%, img/s=98.4, eta=0.2m]
[36m(ClientAppActor pid=15853)[0m 
Epoch 1/1:  49%|████▉     | 31/63 [00:10<00:10,  3.08it/s, loss=0.6944, acc=50.20%, img/s=98.4, eta=0.2m]
Epoch 1/1:  51%|█████     | 32/63 [00:10<00:10,  3.07it/s, loss=0.6944, acc=50.20%, img/s=98.4, eta=0.2m]
[36m(ClientAppActor pid=15853)[0m 
Epoch 1/1:  51%|█████     | 32/63 [00:10<00:10,  3.07it/s, loss=0.7449, acc=49.72%, img/s=98.4, eta=0.2m]
Epoch 1/1:  52%|█████▏    | 33/63 [00:10<00:09,  3.08it/s, loss=0.7449, acc=49.72%, img/s=98.4, eta=0.2m]
[36m(ClientAppActor pid=15853)[0m 
Epoch 1/1:  52%|█████▏    | 33/63 [00:11<00:09,  3.08it/s, loss=0.7334, acc=49.17%, img/s=98.4, eta=0.2m]
Epoch 1/1:  54%|█████▍    | 34/63 [00:11<00:09,  3.08it/s, loss=0.7334, acc=49.17%, img/s=98.4, eta=0.2m]
[36m(ClientAppActor pid=15853)[0m 
Epoch 1/1:  54%|█████▍    | 34/63 [00:11<00:09,  3.08it/s, loss=0.6844, acc=49.64%, img/s=98.4, eta=0.2m]
Epoch 1/1:  56%|█████▌    | 35/63 [00:11<00:09,  3.08it/s, loss=0.6844, acc=49.64%, img/s=98.4, eta=0.2m]
[36m(ClientAppActor pid=15853)[0m 
Epoch 1/1:  56%|█████▌    | 35/63 [00:11<00:09,  3.08it/s, loss=0.7043, acc=49.57%, img/s=98.4, eta=0.1m]
Epoch 1/1:  57%|█████▋    | 36/63 [00:11<00:08,  3.07it/s, loss=0.7043, acc=49.57%, img/s=98.4, eta=0.1m]
[36m(ClientAppActor pid=15853)[0m 
Epoch 1/1:  57%|█████▋    | 36/63 [00:12<00:08,  3.07it/s, loss=0.7103, acc=49.58%, img/s=98.4, eta=0.1m]
Epoch 1/1:  59%|█████▊    | 37/63 [00:12<00:08,  3.08it/s, loss=0.7103, acc=49.58%, img/s=98.4, eta=0.1m]
[36m(ClientAppActor pid=15853)[0m 
Epoch 1/1:  59%|█████▊    | 37/63 [00:12<00:08,  3.08it/s, loss=0.7014, acc=49.34%, img/s=98.4, eta=0.1m]
Epoch 1/1:  60%|██████    | 38/63 [00:12<00:08,  3.07it/s, loss=0.7014, acc=49.34%, img/s=98.4, eta=0.1m]
[36m(ClientAppActor pid=15853)[0m 
Epoch 1/1:  60%|██████    | 38/63 [00:12<00:08,  3.07it/s, loss=0.6917, acc=49.52%, img/s=98.4, eta=0.1m]
Epoch 1/1:  62%|██████▏   | 39/63 [00:12<00:07,  3.08it/s, loss=0.6917, acc=49.52%, img/s=98.4, eta=0.1m]
[36m(ClientAppActor pid=15853)[0m 
Epoch 1/1:  62%|██████▏   | 39/63 [00:13<00:07,  3.08it/s, loss=0.6843, acc=49.84%, img/s=98.4, eta=0.1m]
Epoch 1/1:  63%|██████▎   | 40/63 [00:13<00:07,  3.08it/s, loss=0.6843, acc=49.84%, img/s=98.4, eta=0.1m]
[36m(ClientAppActor pid=15853)[0m 
Epoch 1/1:  63%|██████▎   | 40/63 [00:13<00:07,  3.08it/s, loss=0.7030, acc=49.85%, img/s=98.4, eta=0.1m]
Epoch 1/1:  65%|██████▌   | 41/63 [00:13<00:07,  3.08it/s, loss=0.7030, acc=49.85%, img/s=98.4, eta=0.1m]
[36m(ClientAppActor pid=15853)[0m 
Epoch 1/1:  65%|██████▌   | 41/63 [00:13<00:07,  3.08it/s, loss=0.6865, acc=49.78%, img/s=98.4, eta=0.1m]
Epoch 1/1:  67%|██████▋   | 42/63 [00:13<00:06,  3.08it/s, loss=0.6865, acc=49.78%, img/s=98.4, eta=0.1m]
[36m(ClientAppActor pid=15853)[0m 
Epoch 1/1:  67%|██████▋   | 42/63 [00:13<00:06,  3.08it/s, loss=0.6880, acc=49.85%, img/s=98.4, eta=0.1m]
Epoch 1/1:  68%|██████▊   | 43/63 [00:13<00:06,  3.08it/s, loss=0.6880, acc=49.85%, img/s=98.4, eta=0.1m]
[36m(ClientAppActor pid=15853)[0m 
Epoch 1/1:  68%|██████▊   | 43/63 [00:14<00:06,  3.08it/s, loss=0.7189, acc=49.64%, img/s=98.4, eta=0.1m]
Epoch 1/1:  70%|██████▉   | 44/63 [00:14<00:06,  3.08it/s, loss=0.7189, acc=49.64%, img/s=98.4, eta=0.1m]
[36m(ClientAppActor pid=15853)[0m 
Epoch 1/1:  70%|██████▉   | 44/63 [00:14<00:06,  3.08it/s, loss=0.6650, acc=50.00%, img/s=98.4, eta=0.1m]
Epoch 1/1:  71%|███████▏  | 45/63 [00:14<00:05,  3.08it/s, loss=0.6650, acc=50.00%, img/s=98.4, eta=0.1m]
[36m(ClientAppActor pid=15853)[0m 
Epoch 1/1:  71%|███████▏  | 45/63 [00:14<00:05,  3.08it/s, loss=0.6997, acc=50.07%, img/s=98.4, eta=0.1m]
Epoch 1/1:  73%|███████▎  | 46/63 [00:14<00:05,  3.08it/s, loss=0.6997, acc=50.07%, img/s=98.4, eta=0.1m]
[36m(ClientAppActor pid=15853)[0m 
Epoch 1/1:  73%|███████▎  | 46/63 [00:15<00:05,  3.08it/s, loss=0.7206, acc=49.80%, img/s=98.4, eta=0.1m]
Epoch 1/1:  75%|███████▍  | 47/63 [00:15<00:05,  3.08it/s, loss=0.7206, acc=49.80%, img/s=98.4, eta=0.1m]
[36m(ClientAppActor pid=15853)[0m 
Epoch 1/1:  75%|███████▍  | 47/63 [00:15<00:05,  3.08it/s, loss=0.7063, acc=49.61%, img/s=98.4, eta=0.1m]
Epoch 1/1:  76%|███████▌  | 48/63 [00:15<00:04,  3.08it/s, loss=0.7063, acc=49.61%, img/s=98.4, eta=0.1m]
[36m(ClientAppActor pid=15853)[0m 
Epoch 1/1:  76%|███████▌  | 48/63 [00:15<00:04,  3.08it/s, loss=0.6862, acc=49.81%, img/s=98.4, eta=0.1m]
Epoch 1/1:  78%|███████▊  | 49/63 [00:15<00:04,  3.08it/s, loss=0.6862, acc=49.81%, img/s=98.4, eta=0.1m]
[36m(ClientAppActor pid=15853)[0m 
Epoch 1/1:  78%|███████▊  | 49/63 [00:16<00:04,  3.08it/s, loss=0.6703, acc=50.25%, img/s=98.4, eta=0.1m]
Epoch 1/1:  79%|███████▉  | 50/63 [00:16<00:04,  3.08it/s, loss=0.6703, acc=50.25%, img/s=98.4, eta=0.1m]
[36m(ClientAppActor pid=15853)[0m 
Epoch 1/1:  79%|███████▉  | 50/63 [00:16<00:04,  3.08it/s, loss=0.6979, acc=50.31%, img/s=98.4, eta=0.1m]
Epoch 1/1:  81%|████████  | 51/63 [00:16<00:03,  3.07it/s, loss=0.6979, acc=50.31%, img/s=98.4, eta=0.1m]
[36m(ClientAppActor pid=15853)[0m 
Epoch 1/1:  81%|████████  | 51/63 [00:16<00:03,  3.07it/s, loss=0.7022, acc=50.18%, img/s=98.4, eta=0.1m]
Epoch 1/1:  83%|████████▎ | 52/63 [00:16<00:03,  3.07it/s, loss=0.7022, acc=50.18%, img/s=98.4, eta=0.1m]
[36m(ClientAppActor pid=15853)[0m 
Epoch 1/1:  83%|████████▎ | 52/63 [00:17<00:03,  3.07it/s, loss=0.6903, acc=50.12%, img/s=98.4, eta=0.1m]
Epoch 1/1:  84%|████████▍ | 53/63 [00:17<00:03,  3.07it/s, loss=0.6903, acc=50.12%, img/s=98.4, eta=0.1m]
[36m(ClientAppActor pid=15853)[0m 
Epoch 1/1:  84%|████████▍ | 53/63 [00:17<00:03,  3.07it/s, loss=0.6644, acc=50.35%, img/s=98.4, eta=0.0m]
Epoch 1/1:  86%|████████▌ | 54/63 [00:17<00:02,  3.07it/s, loss=0.6644, acc=50.35%, img/s=98.4, eta=0.0m]
[36m(ClientAppActor pid=15853)[0m 
Epoch 1/1:  86%|████████▌ | 54/63 [00:17<00:02,  3.07it/s, loss=0.7585, acc=50.00%, img/s=98.4, eta=0.0m]
Epoch 1/1:  87%|████████▋ | 55/63 [00:17<00:02,  3.07it/s, loss=0.7585, acc=50.00%, img/s=98.4, eta=0.0m]
[36m(ClientAppActor pid=15853)[0m 
Epoch 1/1:  87%|████████▋ | 55/63 [00:18<00:02,  3.07it/s, loss=0.7456, acc=49.94%, img/s=98.4, eta=0.0m]
Epoch 1/1:  89%|████████▉ | 56/63 [00:18<00:02,  3.07it/s, loss=0.7456, acc=49.94%, img/s=98.4, eta=0.0m]
[36m(ClientAppActor pid=15853)[0m 
Epoch 1/1:  89%|████████▉ | 56/63 [00:18<00:02,  3.07it/s, loss=0.7066, acc=49.95%, img/s=98.4, eta=0.0m]
Epoch 1/1:  90%|█████████ | 57/63 [00:18<00:01,  3.06it/s, loss=0.7066, acc=49.95%, img/s=98.4, eta=0.0m]
[36m(ClientAppActor pid=15853)[0m 
Epoch 1/1:  90%|█████████ | 57/63 [00:18<00:01,  3.06it/s, loss=0.6587, acc=50.11%, img/s=98.4, eta=0.0m]
Epoch 1/1:  92%|█████████▏| 58/63 [00:18<00:01,  3.07it/s, loss=0.6587, acc=50.11%, img/s=98.4, eta=0.0m]
[36m(ClientAppActor pid=15853)[0m 
Epoch 1/1:  92%|█████████▏| 58/63 [00:19<00:01,  3.07it/s, loss=0.6895, acc=50.32%, img/s=98.4, eta=0.0m]
Epoch 1/1:  94%|█████████▎| 59/63 [00:19<00:01,  3.07it/s, loss=0.6895, acc=50.32%, img/s=98.4, eta=0.0m]
[36m(ClientAppActor pid=15853)[0m 
Epoch 1/1:  94%|█████████▎| 59/63 [00:19<00:01,  3.07it/s, loss=0.6844, acc=50.36%, img/s=98.4, eta=0.0m]
Epoch 1/1:  95%|█████████▌| 60/63 [00:19<00:00,  3.07it/s, loss=0.6844, acc=50.36%, img/s=98.4, eta=0.0m]
[36m(ClientAppActor pid=15853)[0m 
Epoch 1/1:  95%|█████████▌| 60/63 [00:19<00:00,  3.07it/s, loss=0.6836, acc=50.56%, img/s=98.4, eta=0.0m]
Epoch 1/1:  97%|█████████▋| 61/63 [00:19<00:00,  3.07it/s, loss=0.6836, acc=50.56%, img/s=98.4, eta=0.0m]
[36m(ClientAppActor pid=15853)[0m 
Epoch 1/1:  97%|█████████▋| 61/63 [00:20<00:00,  3.07it/s, loss=0.6869, acc=50.71%, img/s=98.4, eta=0.0m]
Epoch 1/1:  98%|█████████▊| 62/63 [00:20<00:00,  3.07it/s, loss=0.6869, acc=50.71%, img/s=98.4, eta=0.0m]
[36m(ClientAppActor pid=15853)[0m 
Epoch 1/1:  98%|█████████▊| 62/63 [00:20<00:00,  3.07it/s, loss=0.6989, acc=50.70%, img/s=49.5, eta=0.0m]
Epoch 1/1: 100%|██████████| 63/63 [00:20<00:00,  3.50it/s, loss=0.6989, acc=50.70%, img/s=49.5, eta=0.0m]
Epoch 1/1: 100%|██████████| 63/63 [00:20<00:00,  3.09it/s, loss=0.6989, acc=50.70%, img/s=49.5, eta=0.0m]
[36m(ClientAppActor pid=15853)[0m 
Epoch 1/1:   0%|          | 0/63 [00:00<?, ?it/s]
[36m(ClientAppActor pid=15853)[0m 
Epoch 1/1:   0%|          | 0/63 [00:00<?, ?it/s, loss=0.6949, acc=43.75%, img/s=95.0, eta=0.3m]
Epoch 1/1:   2%|▏         | 1/63 [00:00<00:20,  2.97it/s, loss=0.6949, acc=43.75%, img/s=95.0, eta=0.3m]
[36m(ClientAppActor pid=15853)[0m 
Epoch 1/1:   2%|▏         | 1/63 [00:00<00:20,  2.97it/s, loss=0.6821, acc=50.00%, img/s=96.9, eta=0.3m]
Epoch 1/1:   3%|▎         | 2/63 [00:00<00:20,  3.04it/s, loss=0.6821, acc=50.00%, img/s=96.9, eta=0.3m]
[36m(ClientAppActor pid=15853)[0m 
Epoch 1/1:   3%|▎         | 2/63 [00:00<00:20,  3.04it/s, loss=0.6797, acc=52.08%, img/s=97.3, eta=0.3m]
Epoch 1/1:   5%|▍         | 3/63 [00:00<00:19,  3.05it/s, loss=0.6797, acc=52.08%, img/s=97.3, eta=0.3m]
[36m(ClientAppActor pid=15853)[0m 
Epoch 1/1:   5%|▍         | 3/63 [00:01<00:19,  3.05it/s, loss=0.6726, acc=53.91%, img/s=97.6, eta=0.3m]
Epoch 1/1:   6%|▋         | 4/63 [00:01<00:19,  3.06it/s, loss=0.6726, acc=53.91%, img/s=97.6, eta=0.3m]
[36m(ClientAppActor pid=15853)[0m 
Epoch 1/1:   6%|▋         | 4/63 [00:01<00:19,  3.06it/s, loss=0.7562, acc=51.25%, img/s=97.8, eta=0.3m]
Epoch 1/1:   8%|▊         | 5/63 [00:01<00:18,  3.07it/s, loss=0.7562, acc=51.25%, img/s=97.8, eta=0.3m]
[36m(ClientAppActor pid=15853)[0m 
Epoch 1/1:   8%|▊         | 5/63 [00:01<00:18,  3.07it/s, loss=0.6741, acc=53.12%, img/s=97.9, eta=0.3m]
Epoch 1/1:  10%|▉         | 6/63 [00:01<00:18,  3.07it/s, loss=0.6741, acc=53.12%, img/s=97.9, eta=0.3m]
[36m(ClientAppActor pid=15853)[0m 
Epoch 1/1:  10%|▉         | 6/63 [00:02<00:18,  3.07it/s, loss=0.7223, acc=52.23%, img/s=97.9, eta=0.3m]
Epoch 1/1:  11%|█         | 7/63 [00:02<00:18,  3.07it/s, loss=0.7223, acc=52.23%, img/s=97.9, eta=0.3m]
[36m(ClientAppActor pid=15853)[0m 
Epoch 1/1:  11%|█         | 7/63 [00:02<00:18,  3.07it/s, loss=0.6748, acc=52.73%, img/s=98.0, eta=0.3m]
Epoch 1/1:  13%|█▎        | 8/63 [00:02<00:17,  3.07it/s, loss=0.6748, acc=52.73%, img/s=98.0, eta=0.3m]
[36m(ClientAppActor pid=15853)[0m 
Epoch 1/1:  13%|█▎        | 8/63 [00:02<00:17,  3.07it/s, loss=0.6659, acc=54.51%, img/s=98.1, eta=0.3m]
Epoch 1/1:  14%|█▍        | 9/63 [00:02<00:17,  3.08it/s, loss=0.6659, acc=54.51%, img/s=98.1, eta=0.3m]
[36m(ClientAppActor pid=15853)[0m 
Epoch 1/1:  14%|█▍        | 9/63 [00:03<00:17,  3.08it/s, loss=0.6835, acc=54.38%, img/s=98.1, eta=0.3m]
Epoch 1/1:  16%|█▌        | 10/63 [00:03<00:17,  3.07it/s, loss=0.6835, acc=54.38%, img/s=98.1, eta=0.3m]
[36m(ClientAppActor pid=15853)[0m 
Epoch 1/1:  16%|█▌        | 10/63 [00:03<00:17,  3.07it/s, loss=0.7301, acc=52.84%, img/s=98.2, eta=0.3m]
Epoch 1/1:  17%|█▋        | 11/63 [00:03<00:16,  3.08it/s, loss=0.7301, acc=52.84%, img/s=98.2, eta=0.3m]
[36m(ClientAppActor pid=15853)[0m 
Epoch 1/1:  17%|█▋        | 11/63 [00:03<00:16,  3.08it/s, loss=0.7174, acc=51.30%, img/s=98.1, eta=0.3m]
Epoch 1/1:  19%|█▉        | 12/63 [00:03<00:16,  3.07it/s, loss=0.7174, acc=51.30%, img/s=98.1, eta=0.3m]
[36m(ClientAppActor pid=15853)[0m 
Epoch 1/1:  19%|█▉        | 12/63 [00:04<00:16,  3.07it/s, loss=0.7050, acc=50.24%, img/s=98.2, eta=0.3m]
Epoch 1/1:  21%|██        | 13/63 [00:04<00:16,  3.07it/s, loss=0.7050, acc=50.24%, img/s=98.2, eta=0.3m]
[36m(ClientAppActor pid=15853)[0m 
Epoch 1/1:  21%|██        | 13/63 [00:04<00:16,  3.07it/s, loss=0.6986, acc=49.55%, img/s=98.1, eta=0.3m]
Epoch 1/1:  22%|██▏       | 14/63 [00:04<00:15,  3.07it/s, loss=0.6986, acc=49.55%, img/s=98.1, eta=0.3m]
[36m(ClientAppActor pid=15853)[0m 
Epoch 1/1:  22%|██▏       | 14/63 [00:04<00:15,  3.07it/s, loss=0.6924, acc=49.38%, img/s=98.2, eta=0.3m]
Epoch 1/1:  24%|██▍       | 15/63 [00:04<00:15,  3.08it/s, loss=0.6924, acc=49.38%, img/s=98.2, eta=0.3m]
[36m(ClientAppActor pid=15853)[0m 
Epoch 1/1:  24%|██▍       | 15/63 [00:05<00:15,  3.08it/s, loss=0.6947, acc=49.22%, img/s=98.2, eta=0.3m]
Epoch 1/1:  25%|██▌       | 16/63 [00:05<00:15,  3.08it/s, loss=0.6947, acc=49.22%, img/s=98.2, eta=0.3m]
[36m(ClientAppActor pid=15853)[0m 
Epoch 1/1:  25%|██▌       | 16/63 [00:05<00:15,  3.08it/s, loss=0.6917, acc=49.45%, img/s=98.2, eta=0.2m]
Epoch 1/1:  27%|██▋       | 17/63 [00:05<00:14,  3.08it/s, loss=0.6917, acc=49.45%, img/s=98.2, eta=0.2m]
[36m(ClientAppActor pid=15853)[0m 
Epoch 1/1:  27%|██▋       | 17/63 [00:05<00:14,  3.08it/s, loss=0.7087, acc=49.31%, img/s=98.2, eta=0.2m]
Epoch 1/1:  29%|██▊       | 18/63 [00:05<00:14,  3.08it/s, loss=0.7087, acc=49.31%, img/s=98.2, eta=0.2m]
[36m(ClientAppActor pid=15853)[0m 
Epoch 1/1:  29%|██▊       | 18/63 [00:06<00:14,  3.08it/s, loss=0.6994, acc=49.51%, img/s=98.3, eta=0.2m]
Epoch 1/1:  30%|███       | 19/63 [00:06<00:14,  3.08it/s, loss=0.6994, acc=49.51%, img/s=98.3, eta=0.2m]
[36m(ClientAppActor pid=15853)[0m 
Epoch 1/1:  30%|███       | 19/63 [00:06<00:14,  3.08it/s, loss=0.7117, acc=48.91%, img/s=98.3, eta=0.2m]
Epoch 1/1:  32%|███▏      | 20/63 [00:06<00:13,  3.08it/s, loss=0.7117, acc=48.91%, img/s=98.3, eta=0.2m]
[36m(ClientAppActor pid=15853)[0m 
Epoch 1/1:  32%|███▏      | 20/63 [00:06<00:13,  3.08it/s, loss=0.6839, acc=49.26%, img/s=98.3, eta=0.2m]
Epoch 1/1:  33%|███▎      | 21/63 [00:06<00:13,  3.08it/s, loss=0.6839, acc=49.26%, img/s=98.3, eta=0.2m]
[36m(ClientAppActor pid=15853)[0m 
Epoch 1/1:  33%|███▎      | 21/63 [00:07<00:13,  3.08it/s, loss=0.7040, acc=48.30%, img/s=98.3, eta=0.2m]
Epoch 1/1:  35%|███▍      | 22/63 [00:07<00:13,  3.08it/s, loss=0.7040, acc=48.30%, img/s=98.3, eta=0.2m]
[36m(ClientAppActor pid=15853)[0m 
Epoch 1/1:  35%|███▍      | 22/63 [00:07<00:13,  3.08it/s, loss=0.6890, acc=48.64%, img/s=98.3, eta=0.2m]
Epoch 1/1:  37%|███▋      | 23/63 [00:07<00:12,  3.08it/s, loss=0.6890, acc=48.64%, img/s=98.3, eta=0.2m]
[36m(ClientAppActor pid=15853)[0m 
Epoch 1/1:  37%|███▋      | 23/63 [00:07<00:12,  3.08it/s, loss=0.7004, acc=48.83%, img/s=98.3, eta=0.2m]
Epoch 1/1:  38%|███▊      | 24/63 [00:07<00:12,  3.08it/s, loss=0.7004, acc=48.83%, img/s=98.3, eta=0.2m]
[36m(ClientAppActor pid=15853)[0m 
Epoch 1/1:  38%|███▊      | 24/63 [00:08<00:12,  3.08it/s, loss=0.6961, acc=48.88%, img/s=98.4, eta=0.2m]
Epoch 1/1:  40%|███▉      | 25/63 [00:08<00:12,  3.08it/s, loss=0.6961, acc=48.88%, img/s=98.4, eta=0.2m]
[36m(ClientAppActor pid=15853)[0m 
Epoch 1/1:  40%|███▉      | 25/63 [00:08<00:12,  3.08it/s, loss=0.6921, acc=49.04%, img/s=98.1, eta=0.2m]
Epoch 1/1:  41%|████▏     | 26/63 [00:08<00:12,  3.03it/s, loss=0.6921, acc=49.04%, img/s=98.1, eta=0.2m]
[36m(ClientAppActor pid=15853)[0m 
Epoch 1/1:  41%|████▏     | 26/63 [00:08<00:12,  3.03it/s, loss=0.7014, acc=48.96%, img/s=98.0, eta=0.2m]
Epoch 1/1:  43%|████▎     | 27/63 [00:08<00:11,  3.02it/s, loss=0.7014, acc=48.96%, img/s=98.0, eta=0.2m]
[36m(ClientAppActor pid=15853)[0m 
Epoch 1/1:  43%|████▎     | 27/63 [00:09<00:11,  3.02it/s, loss=0.7038, acc=48.77%, img/s=98.0, eta=0.2m]
Epoch 1/1:  44%|████▍     | 28/63 [00:09<00:11,  3.03it/s, loss=0.7038, acc=48.77%, img/s=98.0, eta=0.2m]
[36m(ClientAppActor pid=15853)[0m 
Epoch 1/1:  44%|████▍     | 28/63 [00:09<00:11,  3.03it/s, loss=0.7051, acc=48.38%, img/s=98.1, eta=0.2m]
Epoch 1/1:  46%|████▌     | 29/63 [00:09<00:11,  3.04it/s, loss=0.7051, acc=48.38%, img/s=98.1, eta=0.2m]
[36m(ClientAppActor pid=15853)[0m 
Epoch 1/1:  46%|████▌     | 29/63 [00:09<00:11,  3.04it/s, loss=0.6977, acc=48.23%, img/s=98.1, eta=0.2m]
Epoch 1/1:  48%|████▊     | 30/63 [00:09<00:10,  3.05it/s, loss=0.6977, acc=48.23%, img/s=98.1, eta=0.2m]
[36m(ClientAppActor pid=15853)[0m 
Epoch 1/1:  48%|████▊     | 30/63 [00:10<00:10,  3.05it/s, loss=0.6854, acc=48.59%, img/s=98.1, eta=0.2m]
Epoch 1/1:  49%|████▉     | 31/63 [00:10<00:10,  3.05it/s, loss=0.6854, acc=48.59%, img/s=98.1, eta=0.2m]
[36m(ClientAppActor pid=15853)[0m 
Epoch 1/1:  49%|████▉     | 31/63 [00:10<00:10,  3.05it/s, loss=0.6827, acc=48.83%, img/s=98.1, eta=0.2m]
Epoch 1/1:  51%|█████     | 32/63 [00:10<00:10,  3.06it/s, loss=0.6827, acc=48.83%, img/s=98.1, eta=0.2m]
[36m(ClientAppActor pid=15853)[0m 
Epoch 1/1:  51%|█████     | 32/63 [00:10<00:10,  3.06it/s, loss=0.6925, acc=48.96%, img/s=98.1, eta=0.2m]
Epoch 1/1:  52%|█████▏    | 33/63 [00:10<00:09,  3.06it/s, loss=0.6925, acc=48.96%, img/s=98.1, eta=0.2m]
[36m(ClientAppActor pid=15853)[0m 
Epoch 1/1:  52%|█████▏    | 33/63 [00:11<00:09,  3.06it/s, loss=0.6823, acc=49.08%, img/s=98.1, eta=0.2m]
Epoch 1/1:  54%|█████▍    | 34/63 [00:11<00:09,  3.07it/s, loss=0.6823, acc=49.08%, img/s=98.1, eta=0.2m]
[36m(ClientAppActor pid=15853)[0m 
Epoch 1/1:  54%|█████▍    | 34/63 [00:11<00:09,  3.07it/s, loss=0.7027, acc=49.11%, img/s=98.1, eta=0.2m]
Epoch 1/1:  56%|█████▌    | 35/63 [00:11<00:09,  3.07it/s, loss=0.7027, acc=49.11%, img/s=98.1, eta=0.2m]
[36m(ClientAppActor pid=15853)[0m 
Epoch 1/1:  56%|█████▌    | 35/63 [00:11<00:09,  3.07it/s, loss=0.7066, acc=49.05%, img/s=98.1, eta=0.1m]
Epoch 1/1:  57%|█████▋    | 36/63 [00:11<00:08,  3.07it/s, loss=0.7066, acc=49.05%, img/s=98.1, eta=0.1m]
[36m(ClientAppActor pid=15853)[0m 
Epoch 1/1:  57%|█████▋    | 36/63 [00:12<00:08,  3.07it/s, loss=0.6881, acc=49.24%, img/s=98.0, eta=0.1m]
Epoch 1/1:  59%|█████▊    | 37/63 [00:12<00:08,  3.05it/s, loss=0.6881, acc=49.24%, img/s=98.0, eta=0.1m]
[36m(ClientAppActor pid=15853)[0m 
Epoch 1/1:  59%|█████▊    | 37/63 [00:12<00:08,  3.05it/s, loss=0.6883, acc=49.26%, img/s=98.0, eta=0.1m]
Epoch 1/1:  60%|██████    | 38/63 [00:12<00:08,  3.05it/s, loss=0.6883, acc=49.26%, img/s=98.0, eta=0.1m]
[36m(ClientAppActor pid=15853)[0m 
Epoch 1/1:  60%|██████    | 38/63 [00:12<00:08,  3.05it/s, loss=0.6995, acc=49.28%, img/s=98.0, eta=0.1m]
Epoch 1/1:  62%|██████▏   | 39/63 [00:12<00:07,  3.06it/s, loss=0.6995, acc=49.28%, img/s=98.0, eta=0.1m]
[36m(ClientAppActor pid=15853)[0m 
Epoch 1/1:  62%|██████▏   | 39/63 [00:13<00:07,  3.06it/s, loss=0.6818, acc=49.61%, img/s=98.0, eta=0.1m]
Epoch 1/1:  63%|██████▎   | 40/63 [00:13<00:07,  3.06it/s, loss=0.6818, acc=49.61%, img/s=98.0, eta=0.1m]
[36m(ClientAppActor pid=15853)[0m 
Epoch 1/1:  63%|██████▎   | 40/63 [00:13<00:07,  3.06it/s, loss=0.6872, acc=49.77%, img/s=98.0, eta=0.1m]
Epoch 1/1:  65%|██████▌   | 41/63 [00:13<00:07,  3.06it/s, loss=0.6872, acc=49.77%, img/s=98.0, eta=0.1m]
[36m(ClientAppActor pid=15853)[0m 
Epoch 1/1:  65%|██████▌   | 41/63 [00:13<00:07,  3.06it/s, loss=0.6752, acc=50.07%, img/s=98.0, eta=0.1m]
Epoch 1/1:  67%|██████▋   | 42/63 [00:13<00:06,  3.05it/s, loss=0.6752, acc=50.07%, img/s=98.0, eta=0.1m]
[36m(ClientAppActor pid=15853)[0m 
Epoch 1/1:  67%|██████▋   | 42/63 [00:14<00:06,  3.05it/s, loss=0.6924, acc=49.93%, img/s=98.0, eta=0.1m]
Epoch 1/1:  68%|██████▊   | 43/63 [00:14<00:06,  3.05it/s, loss=0.6924, acc=49.93%, img/s=98.0, eta=0.1m]
[36m(ClientAppActor pid=15853)[0m 
Epoch 1/1:  68%|██████▊   | 43/63 [00:14<00:06,  3.05it/s, loss=0.6736, acc=50.36%, img/s=98.0, eta=0.1m]
Epoch 1/1:  70%|██████▉   | 44/63 [00:14<00:06,  3.06it/s, loss=0.6736, acc=50.36%, img/s=98.0, eta=0.1m]
[36m(ClientAppActor pid=15853)[0m 
Epoch 1/1:  70%|██████▉   | 44/63 [00:14<00:06,  3.06it/s, loss=0.6789, acc=50.35%, img/s=98.0, eta=0.1m]
Epoch 1/1:  71%|███████▏  | 45/63 [00:14<00:05,  3.06it/s, loss=0.6789, acc=50.35%, img/s=98.0, eta=0.1m]
[36m(ClientAppActor pid=15853)[0m 
Epoch 1/1:  71%|███████▏  | 45/63 [00:15<00:05,  3.06it/s, loss=0.7040, acc=50.20%, img/s=98.0, eta=0.1m]
Epoch 1/1:  73%|███████▎  | 46/63 [00:15<00:05,  3.06it/s, loss=0.7040, acc=50.20%, img/s=98.0, eta=0.1m]
[36m(ClientAppActor pid=15853)[0m 
Epoch 1/1:  73%|███████▎  | 46/63 [00:15<00:05,  3.06it/s, loss=0.6852, acc=50.27%, img/s=98.0, eta=0.1m]
Epoch 1/1:  75%|███████▍  | 47/63 [00:15<00:05,  3.06it/s, loss=0.6852, acc=50.27%, img/s=98.0, eta=0.1m]
[36m(ClientAppActor pid=15853)[0m 
Epoch 1/1:  75%|███████▍  | 47/63 [00:15<00:05,  3.06it/s, loss=0.7062, acc=50.07%, img/s=98.0, eta=0.1m]
Epoch 1/1:  76%|███████▌  | 48/63 [00:15<00:04,  3.07it/s, loss=0.7062, acc=50.07%, img/s=98.0, eta=0.1m]
[36m(ClientAppActor pid=15853)[0m 
Epoch 1/1:  76%|███████▌  | 48/63 [00:15<00:04,  3.07it/s, loss=0.6799, acc=50.26%, img/s=98.0, eta=0.1m]
Epoch 1/1:  78%|███████▊  | 49/63 [00:15<00:04,  3.07it/s, loss=0.6799, acc=50.26%, img/s=98.0, eta=0.1m]
[36m(ClientAppActor pid=15853)[0m 
Epoch 1/1:  78%|███████▊  | 49/63 [00:16<00:04,  3.07it/s, loss=0.6946, acc=50.31%, img/s=98.0, eta=0.1m]
Epoch 1/1:  79%|███████▉  | 50/63 [00:16<00:04,  3.07it/s, loss=0.6946, acc=50.31%, img/s=98.0, eta=0.1m]
[36m(ClientAppActor pid=15853)[0m 
Epoch 1/1:  79%|███████▉  | 50/63 [00:16<00:04,  3.07it/s, loss=0.6660, acc=50.61%, img/s=98.0, eta=0.1m]
Epoch 1/1:  81%|████████  | 51/63 [00:16<00:03,  3.07it/s, loss=0.6660, acc=50.61%, img/s=98.0, eta=0.1m]
[36m(ClientAppActor pid=15853)[0m 
Epoch 1/1:  81%|████████  | 51/63 [00:16<00:03,  3.07it/s, loss=0.6676, acc=50.78%, img/s=98.1, eta=0.1m]
Epoch 1/1:  83%|████████▎ | 52/63 [00:16<00:03,  3.07it/s, loss=0.6676, acc=50.78%, img/s=98.1, eta=0.1m]
[36m(ClientAppActor pid=15853)[0m 
Epoch 1/1:  83%|████████▎ | 52/63 [00:17<00:03,  3.07it/s, loss=0.6863, acc=50.88%, img/s=98.1, eta=0.1m]
Epoch 1/1:  84%|████████▍ | 53/63 [00:17<00:03,  3.07it/s, loss=0.6863, acc=50.88%, img/s=98.1, eta=0.1m]
[36m(ClientAppActor pid=15853)[0m 
Epoch 1/1:  84%|████████▍ | 53/63 [00:17<00:03,  3.07it/s, loss=0.6841, acc=50.98%, img/s=98.1, eta=0.0m]
Epoch 1/1:  86%|████████▌ | 54/63 [00:17<00:02,  3.07it/s, loss=0.6841, acc=50.98%, img/s=98.1, eta=0.0m]
[36m(ClientAppActor pid=15853)[0m 
Epoch 1/1:  86%|████████▌ | 54/63 [00:17<00:02,  3.07it/s, loss=0.6303, acc=51.19%, img/s=98.1, eta=0.0m]
Epoch 1/1:  87%|████████▋ | 55/63 [00:17<00:02,  3.07it/s, loss=0.6303, acc=51.19%, img/s=98.1, eta=0.0m]
[36m(ClientAppActor pid=15853)[0m 
Epoch 1/1:  87%|████████▋ | 55/63 [00:18<00:02,  3.07it/s, loss=0.8143, acc=50.95%, img/s=98.2, eta=0.0m]
Epoch 1/1:  89%|████████▉ | 56/63 [00:18<00:02,  3.16it/s, loss=0.8143, acc=50.95%, img/s=98.2, eta=0.0m]
[36m(ClientAppActor pid=15853)[0m 
Epoch 1/1:  89%|████████▉ | 56/63 [00:18<00:02,  3.16it/s, loss=0.7264, acc=50.93%, img/s=98.2, eta=0.0m]
Epoch 1/1:  90%|█████████ | 57/63 [00:18<00:01,  3.13it/s, loss=0.7264, acc=50.93%, img/s=98.2, eta=0.0m]
[36m(ClientAppActor pid=15853)[0m 
Epoch 1/1:  90%|█████████ | 57/63 [00:18<00:01,  3.13it/s, loss=0.7520, acc=50.81%, img/s=98.2, eta=0.0m]
Epoch 1/1:  92%|█████████▏| 58/63 [00:18<00:01,  3.12it/s, loss=0.7520, acc=50.81%, img/s=98.2, eta=0.0m]
[36m(ClientAppActor pid=15853)[0m 
Epoch 1/1:  92%|█████████▏| 58/63 [00:19<00:01,  3.12it/s, loss=0.7020, acc=50.90%, img/s=98.2, eta=0.0m]
Epoch 1/1:  94%|█████████▎| 59/63 [00:19<00:01,  3.11it/s, loss=0.7020, acc=50.90%, img/s=98.2, eta=0.0m]
[36m(ClientAppActor pid=15853)[0m 
Epoch 1/1:  94%|█████████▎| 59/63 [00:19<00:01,  3.11it/s, loss=0.6625, acc=50.94%, img/s=98.2, eta=0.0m]
Epoch 1/1:  95%|█████████▌| 60/63 [00:19<00:00,  3.09it/s, loss=0.6625, acc=50.94%, img/s=98.2, eta=0.0m]
[36m(ClientAppActor pid=15853)[0m 
Epoch 1/1:  95%|█████████▌| 60/63 [00:19<00:00,  3.09it/s, loss=0.7038, acc=50.97%, img/s=98.2, eta=0.0m]
Epoch 1/1:  97%|█████████▋| 61/63 [00:19<00:00,  3.08it/s, loss=0.7038, acc=50.97%, img/s=98.2, eta=0.0m]
[36m(ClientAppActor pid=15853)[0m 
Epoch 1/1:  97%|█████████▋| 61/63 [00:20<00:00,  3.08it/s, loss=0.6848, acc=51.06%, img/s=98.2, eta=0.0m]
Epoch 1/1:  98%|█████████▊| 62/63 [00:20<00:00,  3.08it/s, loss=0.6848, acc=51.06%, img/s=98.2, eta=0.0m]
[36m(ClientAppActor pid=15853)[0m 
Epoch 1/1:  98%|█████████▊| 62/63 [00:20<00:00,  3.08it/s, loss=0.6715, acc=51.30%, img/s=49.4, eta=0.0m]
Epoch 1/1: 100%|██████████| 63/63 [00:20<00:00,  3.50it/s, loss=0.6715, acc=51.30%, img/s=49.4, eta=0.0m]
Epoch 1/1: 100%|██████████| 63/63 [00:20<00:00,  3.09it/s, loss=0.6715, acc=51.30%, img/s=49.4, eta=0.0m]
[36m(ClientAppActor pid=15853)[0m 
Epoch 1/1:   0%|          | 0/63 [00:00<?, ?it/s]
[36m(ClientAppActor pid=15853)[0m 
Epoch 1/1:   0%|          | 0/63 [00:00<?, ?it/s, loss=0.7029, acc=34.38%, img/s=95.4, eta=0.3m]
Epoch 1/1:   2%|▏         | 1/63 [00:00<00:20,  2.98it/s, loss=0.7029, acc=34.38%, img/s=95.4, eta=0.3m]
[36m(ClientAppActor pid=15853)[0m 
Epoch 1/1:   2%|▏         | 1/63 [00:00<00:20,  2.98it/s, loss=0.6739, acc=46.88%, img/s=96.9, eta=0.3m]
Epoch 1/1:   3%|▎         | 2/63 [00:00<00:20,  3.04it/s, loss=0.6739, acc=46.88%, img/s=96.9, eta=0.3m]
[36m(ClientAppActor pid=15853)[0m 
Epoch 1/1:   3%|▎         | 2/63 [00:00<00:20,  3.04it/s, loss=0.6931, acc=50.00%, img/s=97.2, eta=0.3m]
Epoch 1/1:   5%|▍         | 3/63 [00:00<00:19,  3.05it/s, loss=0.6931, acc=50.00%, img/s=97.2, eta=0.3m]
[36m(ClientAppActor pid=15853)[0m 
Epoch 1/1:   5%|▍         | 3/63 [00:01<00:19,  3.05it/s, loss=0.7341, acc=49.22%, img/s=97.4, eta=0.3m]
Epoch 1/1:   6%|▋         | 4/63 [00:01<00:19,  3.05it/s, loss=0.7341, acc=49.22%, img/s=97.4, eta=0.3m]
[36m(ClientAppActor pid=15853)[0m 
Epoch 1/1:   6%|▋         | 4/63 [00:01<00:19,  3.05it/s, loss=0.7345, acc=49.38%, img/s=97.6, eta=0.3m]
Epoch 1/1:   8%|▊         | 5/63 [00:01<00:18,  3.06it/s, loss=0.7345, acc=49.38%, img/s=97.6, eta=0.3m]
[36m(ClientAppActor pid=15853)[0m 
Epoch 1/1:   8%|▊         | 5/63 [00:01<00:18,  3.06it/s, loss=0.7002, acc=49.48%, img/s=97.7, eta=0.3m]
Epoch 1/1:  10%|▉         | 6/63 [00:01<00:18,  3.06it/s, loss=0.7002, acc=49.48%, img/s=97.7, eta=0.3m]
[36m(ClientAppActor pid=15853)[0m 
Epoch 1/1:  10%|▉         | 6/63 [00:02<00:18,  3.06it/s, loss=0.6755, acc=51.34%, img/s=97.8, eta=0.3m]
Epoch 1/1:  11%|█         | 7/63 [00:02<00:18,  3.06it/s, loss=0.6755, acc=51.34%, img/s=97.8, eta=0.3m]
[36m(ClientAppActor pid=15853)[0m 
Epoch 1/1:  11%|█         | 7/63 [00:02<00:18,  3.06it/s, loss=0.6709, acc=52.34%, img/s=97.9, eta=0.3m]
Epoch 1/1:  13%|█▎        | 8/63 [00:02<00:17,  3.08it/s, loss=0.6709, acc=52.34%, img/s=97.9, eta=0.3m]
[36m(ClientAppActor pid=15853)[0m 
Epoch 1/1:  13%|█▎        | 8/63 [00:02<00:17,  3.08it/s, loss=0.7340, acc=49.31%, img/s=98.0, eta=0.3m]
Epoch 1/1:  14%|█▍        | 9/63 [00:02<00:17,  3.08it/s, loss=0.7340, acc=49.31%, img/s=98.0, eta=0.3m]
[36m(ClientAppActor pid=15853)[0m 
Epoch 1/1:  14%|█▍        | 9/63 [00:03<00:17,  3.08it/s, loss=0.6814, acc=50.62%, img/s=98.0, eta=0.3m]
Epoch 1/1:  16%|█▌        | 10/63 [00:03<00:17,  3.08it/s, loss=0.6814, acc=50.62%, img/s=98.0, eta=0.3m]
[36m(ClientAppActor pid=15853)[0m 
Epoch 1/1:  16%|█▌        | 10/63 [00:03<00:17,  3.08it/s, loss=0.6984, acc=49.72%, img/s=98.0, eta=0.3m]
Epoch 1/1:  17%|█▋        | 11/63 [00:03<00:16,  3.07it/s, loss=0.6984, acc=49.72%, img/s=98.0, eta=0.3m]
[36m(ClientAppActor pid=15853)[0m 
Epoch 1/1:  17%|█▋        | 11/63 [00:03<00:16,  3.07it/s, loss=0.6863, acc=50.00%, img/s=98.1, eta=0.3m]
Epoch 1/1:  19%|█▉        | 12/63 [00:03<00:16,  3.08it/s, loss=0.6863, acc=50.00%, img/s=98.1, eta=0.3m]
[36m(ClientAppActor pid=15853)[0m 
Epoch 1/1:  19%|█▉        | 12/63 [00:04<00:16,  3.08it/s, loss=0.6953, acc=49.52%, img/s=98.1, eta=0.3m]
Epoch 1/1:  21%|██        | 13/63 [00:04<00:16,  3.07it/s, loss=0.6953, acc=49.52%, img/s=98.1, eta=0.3m]
[36m(ClientAppActor pid=15853)[0m 
Epoch 1/1:  21%|██        | 13/63 [00:04<00:16,  3.07it/s, loss=0.6811, acc=49.78%, img/s=98.1, eta=0.3m]
Epoch 1/1:  22%|██▏       | 14/63 [00:04<00:15,  3.08it/s, loss=0.6811, acc=49.78%, img/s=98.1, eta=0.3m]
[36m(ClientAppActor pid=15853)[0m 
Epoch 1/1:  22%|██▏       | 14/63 [00:04<00:15,  3.08it/s, loss=0.6846, acc=50.21%, img/s=98.2, eta=0.3m]
Epoch 1/1:  24%|██▍       | 15/63 [00:04<00:15,  3.08it/s, loss=0.6846, acc=50.21%, img/s=98.2, eta=0.3m]
[36m(ClientAppActor pid=15853)[0m 
Epoch 1/1:  24%|██▍       | 15/63 [00:05<00:15,  3.08it/s, loss=0.7416, acc=48.83%, img/s=98.2, eta=0.3m]
Epoch 1/1:  25%|██▌       | 16/63 [00:05<00:15,  3.08it/s, loss=0.7416, acc=48.83%, img/s=98.2, eta=0.3m]
[36m(ClientAppActor pid=15853)[0m 
Epoch 1/1:  25%|██▌       | 16/63 [00:05<00:15,  3.08it/s, loss=0.7191, acc=47.98%, img/s=98.2, eta=0.2m]
Epoch 1/1:  27%|██▋       | 17/63 [00:05<00:14,  3.08it/s, loss=0.7191, acc=47.98%, img/s=98.2, eta=0.2m]
[36m(ClientAppActor pid=15853)[0m 
Epoch 1/1:  27%|██▋       | 17/63 [00:05<00:14,  3.08it/s, loss=0.6828, acc=48.61%, img/s=98.2, eta=0.2m]
Epoch 1/1:  29%|██▊       | 18/63 [00:05<00:14,  3.08it/s, loss=0.6828, acc=48.61%, img/s=98.2, eta=0.2m]
[36m(ClientAppActor pid=15853)[0m 
Epoch 1/1:  29%|██▊       | 18/63 [00:06<00:14,  3.08it/s, loss=0.6843, acc=48.68%, img/s=98.2, eta=0.2m]
Epoch 1/1:  30%|███       | 19/63 [00:06<00:14,  3.07it/s, loss=0.6843, acc=48.68%, img/s=98.2, eta=0.2m]
[36m(ClientAppActor pid=15853)[0m 
Epoch 1/1:  30%|███       | 19/63 [00:06<00:14,  3.07it/s, loss=0.6947, acc=49.22%, img/s=98.2, eta=0.2m]
Epoch 1/1:  32%|███▏      | 20/63 [00:06<00:13,  3.07it/s, loss=0.6947, acc=49.22%, img/s=98.2, eta=0.2m]
[36m(ClientAppActor pid=15853)[0m 
Epoch 1/1:  32%|███▏      | 20/63 [00:06<00:13,  3.07it/s, loss=0.6944, acc=48.96%, img/s=98.2, eta=0.2m]
Epoch 1/1:  33%|███▎      | 21/63 [00:06<00:13,  3.08it/s, loss=0.6944, acc=48.96%, img/s=98.2, eta=0.2m]
[36m(ClientAppActor pid=15853)[0m 
Epoch 1/1:  33%|███▎      | 21/63 [00:07<00:13,  3.08it/s, loss=0.6953, acc=49.15%, img/s=98.2, eta=0.2m]
Epoch 1/1:  35%|███▍      | 22/63 [00:07<00:13,  3.08it/s, loss=0.6953, acc=49.15%, img/s=98.2, eta=0.2m]
[36m(ClientAppActor pid=15853)[0m 
Epoch 1/1:  35%|███▍      | 22/63 [00:07<00:13,  3.08it/s, loss=0.6832, acc=49.46%, img/s=98.2, eta=0.2m]
Epoch 1/1:  37%|███▋      | 23/63 [00:07<00:13,  3.07it/s, loss=0.6832, acc=49.46%, img/s=98.2, eta=0.2m]
[36m(ClientAppActor pid=15853)[0m 
Epoch 1/1:  37%|███▋      | 23/63 [00:07<00:13,  3.07it/s, loss=0.6954, acc=49.74%, img/s=98.2, eta=0.2m]
Epoch 1/1:  38%|███▊      | 24/63 [00:07<00:12,  3.07it/s, loss=0.6954, acc=49.74%, img/s=98.2, eta=0.2m]
[36m(ClientAppActor pid=15853)[0m 
Epoch 1/1:  38%|███▊      | 24/63 [00:08<00:12,  3.07it/s, loss=0.7033, acc=49.62%, img/s=98.2, eta=0.2m]
Epoch 1/1:  40%|███▉      | 25/63 [00:08<00:12,  3.07it/s, loss=0.7033, acc=49.62%, img/s=98.2, eta=0.2m]
[36m(ClientAppActor pid=15853)[0m 
Epoch 1/1:  40%|███▉      | 25/63 [00:08<00:12,  3.07it/s, loss=0.6780, acc=50.24%, img/s=98.2, eta=0.2m]
Epoch 1/1:  41%|████▏     | 26/63 [00:08<00:12,  3.07it/s, loss=0.6780, acc=50.24%, img/s=98.2, eta=0.2m]
[36m(ClientAppActor pid=15853)[0m 
Epoch 1/1:  41%|████▏     | 26/63 [00:08<00:12,  3.07it/s, loss=0.7093, acc=49.54%, img/s=98.2, eta=0.2m]
Epoch 1/1:  43%|████▎     | 27/63 [00:08<00:11,  3.07it/s, loss=0.7093, acc=49.54%, img/s=98.2, eta=0.2m]
[36m(ClientAppActor pid=15853)[0m 
Epoch 1/1:  43%|████▎     | 27/63 [00:09<00:11,  3.07it/s, loss=0.6955, acc=49.00%, img/s=98.2, eta=0.2m]
Epoch 1/1:  44%|████▍     | 28/63 [00:09<00:11,  3.07it/s, loss=0.6955, acc=49.00%, img/s=98.2, eta=0.2m]
[36m(ClientAppActor pid=15853)[0m 
Epoch 1/1:  44%|████▍     | 28/63 [00:09<00:11,  3.07it/s, loss=0.6912, acc=49.03%, img/s=98.2, eta=0.2m]
Epoch 1/1:  46%|████▌     | 29/63 [00:09<00:11,  3.07it/s, loss=0.6912, acc=49.03%, img/s=98.2, eta=0.2m]
[36m(ClientAppActor pid=15853)[0m 
Epoch 1/1:  46%|████▌     | 29/63 [00:09<00:11,  3.07it/s, loss=0.6951, acc=49.17%, img/s=98.2, eta=0.2m]
Epoch 1/1:  48%|████▊     | 30/63 [00:09<00:10,  3.07it/s, loss=0.6951, acc=49.17%, img/s=98.2, eta=0.2m]
[36m(ClientAppActor pid=15853)[0m 
Epoch 1/1:  48%|████▊     | 30/63 [00:10<00:10,  3.07it/s, loss=0.6972, acc=49.19%, img/s=98.2, eta=0.2m]
Epoch 1/1:  49%|████▉     | 31/63 [00:10<00:10,  3.07it/s, loss=0.6972, acc=49.19%, img/s=98.2, eta=0.2m]
[36m(ClientAppActor pid=15853)[0m 
Epoch 1/1:  49%|████▉     | 31/63 [00:10<00:10,  3.07it/s, loss=0.7054, acc=48.93%, img/s=98.2, eta=0.2m]
Epoch 1/1:  51%|█████     | 32/63 [00:10<00:10,  3.07it/s, loss=0.7054, acc=48.93%, img/s=98.2, eta=0.2m]
[36m(ClientAppActor pid=15853)[0m 
Epoch 1/1:  51%|█████     | 32/63 [00:10<00:10,  3.07it/s, loss=0.6762, acc=49.43%, img/s=98.2, eta=0.2m]
Epoch 1/1:  52%|█████▏    | 33/63 [00:10<00:09,  3.07it/s, loss=0.6762, acc=49.43%, img/s=98.2, eta=0.2m]
[36m(ClientAppActor pid=15853)[0m 
Epoch 1/1:  52%|█████▏    | 33/63 [00:11<00:09,  3.07it/s, loss=0.6876, acc=49.45%, img/s=98.2, eta=0.2m]
Epoch 1/1:  54%|█████▍    | 34/63 [00:11<00:09,  3.07it/s, loss=0.6876, acc=49.45%, img/s=98.2, eta=0.2m]
[36m(ClientAppActor pid=15853)[0m 
Epoch 1/1:  54%|█████▍    | 34/63 [00:11<00:09,  3.07it/s, loss=0.6943, acc=49.55%, img/s=98.2, eta=0.2m]
Epoch 1/1:  56%|█████▌    | 35/63 [00:11<00:09,  3.07it/s, loss=0.6943, acc=49.55%, img/s=98.2, eta=0.2m]
[36m(ClientAppActor pid=15853)[0m 
Epoch 1/1:  56%|█████▌    | 35/63 [00:11<00:09,  3.07it/s, loss=0.6727, acc=49.83%, img/s=98.2, eta=0.1m]
Epoch 1/1:  57%|█████▋    | 36/63 [00:11<00:08,  3.07it/s, loss=0.6727, acc=49.83%, img/s=98.2, eta=0.1m]
[36m(ClientAppActor pid=15853)[0m 
Epoch 1/1:  57%|█████▋    | 36/63 [00:12<00:08,  3.07it/s, loss=0.6797, acc=49.92%, img/s=98.2, eta=0.1m]
Epoch 1/1:  59%|█████▊    | 37/63 [00:12<00:08,  3.07it/s, loss=0.6797, acc=49.92%, img/s=98.2, eta=0.1m]
[36m(ClientAppActor pid=15853)[0m 
Epoch 1/1:  59%|█████▊    | 37/63 [00:12<00:08,  3.07it/s, loss=0.6809, acc=50.08%, img/s=98.2, eta=0.1m]
Epoch 1/1:  60%|██████    | 38/63 [00:12<00:08,  3.07it/s, loss=0.6809, acc=50.08%, img/s=98.2, eta=0.1m]
[36m(ClientAppActor pid=15853)[0m 
Epoch 1/1:  60%|██████    | 38/63 [00:12<00:08,  3.07it/s, loss=0.6740, acc=50.32%, img/s=98.2, eta=0.1m]
Epoch 1/1:  62%|██████▏   | 39/63 [00:12<00:07,  3.07it/s, loss=0.6740, acc=50.32%, img/s=98.2, eta=0.1m]
[36m(ClientAppActor pid=15853)[0m 
Epoch 1/1:  62%|██████▏   | 39/63 [00:13<00:07,  3.07it/s, loss=0.7097, acc=50.16%, img/s=98.2, eta=0.1m]
Epoch 1/1:  63%|██████▎   | 40/63 [00:13<00:07,  3.08it/s, loss=0.7097, acc=50.16%, img/s=98.2, eta=0.1m]
[36m(ClientAppActor pid=15853)[0m 
Epoch 1/1:  63%|██████▎   | 40/63 [00:13<00:07,  3.08it/s, loss=0.6954, acc=50.23%, img/s=98.2, eta=0.1m]
Epoch 1/1:  65%|██████▌   | 41/63 [00:13<00:07,  3.07it/s, loss=0.6954, acc=50.23%, img/s=98.2, eta=0.1m]
[36m(ClientAppActor pid=15853)[0m 
Epoch 1/1:  65%|██████▌   | 41/63 [00:13<00:07,  3.07it/s, loss=0.6725, acc=50.52%, img/s=98.2, eta=0.1m]
Epoch 1/1:  67%|██████▋   | 42/63 [00:13<00:06,  3.07it/s, loss=0.6725, acc=50.52%, img/s=98.2, eta=0.1m]
[36m(ClientAppActor pid=15853)[0m 
Epoch 1/1:  67%|██████▋   | 42/63 [00:14<00:06,  3.07it/s, loss=0.6652, acc=50.73%, img/s=98.3, eta=0.1m]
Epoch 1/1:  68%|██████▊   | 43/63 [00:14<00:06,  3.08it/s, loss=0.6652, acc=50.73%, img/s=98.3, eta=0.1m]
[36m(ClientAppActor pid=15853)[0m 
Epoch 1/1:  68%|██████▊   | 43/63 [00:14<00:06,  3.08it/s, loss=0.7003, acc=50.64%, img/s=98.3, eta=0.1m]
Epoch 1/1:  70%|██████▉   | 44/63 [00:14<00:06,  3.07it/s, loss=0.7003, acc=50.64%, img/s=98.3, eta=0.1m]
[36m(ClientAppActor pid=15853)[0m 
Epoch 1/1:  70%|██████▉   | 44/63 [00:14<00:06,  3.07it/s, loss=0.6683, acc=50.83%, img/s=98.2, eta=0.1m]
Epoch 1/1:  71%|███████▏  | 45/63 [00:14<00:05,  3.07it/s, loss=0.6683, acc=50.83%, img/s=98.2, eta=0.1m]
[36m(ClientAppActor pid=15853)[0m 
Epoch 1/1:  71%|███████▏  | 45/63 [00:14<00:05,  3.07it/s, loss=0.6493, acc=51.09%, img/s=98.2, eta=0.1m]
Epoch 1/1:  73%|███████▎  | 46/63 [00:14<00:05,  3.07it/s, loss=0.6493, acc=51.09%, img/s=98.2, eta=0.1m]
[36m(ClientAppActor pid=15853)[0m 
Epoch 1/1:  73%|███████▎  | 46/63 [00:15<00:05,  3.07it/s, loss=0.7258, acc=51.06%, img/s=98.3, eta=0.1m]
Epoch 1/1:  75%|███████▍  | 47/63 [00:15<00:05,  3.08it/s, loss=0.7258, acc=51.06%, img/s=98.3, eta=0.1m]
[36m(ClientAppActor pid=15853)[0m 
Epoch 1/1:  75%|███████▍  | 47/63 [00:15<00:05,  3.08it/s, loss=0.7373, acc=50.91%, img/s=98.3, eta=0.1m]
Epoch 1/1:  76%|███████▌  | 48/63 [00:15<00:04,  3.07it/s, loss=0.7373, acc=50.91%, img/s=98.3, eta=0.1m]
[36m(ClientAppActor pid=15853)[0m 
Epoch 1/1:  76%|███████▌  | 48/63 [00:15<00:04,  3.07it/s, loss=0.7358, acc=50.83%, img/s=98.3, eta=0.1m]
Epoch 1/1:  78%|███████▊  | 49/63 [00:15<00:04,  3.07it/s, loss=0.7358, acc=50.83%, img/s=98.3, eta=0.1m]
[36m(ClientAppActor pid=15853)[0m 
Epoch 1/1:  78%|███████▊  | 49/63 [00:16<00:04,  3.07it/s, loss=0.6812, acc=50.81%, img/s=98.2, eta=0.1m]
Epoch 1/1:  79%|███████▉  | 50/63 [00:16<00:04,  3.07it/s, loss=0.6812, acc=50.81%, img/s=98.2, eta=0.1m]
[36m(ClientAppActor pid=15853)[0m 
Epoch 1/1:  79%|███████▉  | 50/63 [00:16<00:04,  3.07it/s, loss=0.7005, acc=50.86%, img/s=98.3, eta=0.1m]
Epoch 1/1:  81%|████████  | 51/63 [00:16<00:03,  3.07it/s, loss=0.7005, acc=50.86%, img/s=98.3, eta=0.1m]
[36m(ClientAppActor pid=15853)[0m 
Epoch 1/1:  81%|████████  | 51/63 [00:16<00:03,  3.07it/s, loss=0.6987, acc=50.72%, img/s=98.3, eta=0.1m]
Epoch 1/1:  83%|████████▎ | 52/63 [00:16<00:03,  3.08it/s, loss=0.6987, acc=50.72%, img/s=98.3, eta=0.1m]
[36m(ClientAppActor pid=15853)[0m 
Epoch 1/1:  83%|████████▎ | 52/63 [00:17<00:03,  3.08it/s, loss=0.7011, acc=50.59%, img/s=98.3, eta=0.1m]
Epoch 1/1:  84%|████████▍ | 53/63 [00:17<00:03,  3.08it/s, loss=0.7011, acc=50.59%, img/s=98.3, eta=0.1m]
[36m(ClientAppActor pid=15853)[0m 
Epoch 1/1:  84%|████████▍ | 53/63 [00:17<00:03,  3.08it/s, loss=0.6738, acc=50.81%, img/s=98.3, eta=0.0m]
Epoch 1/1:  86%|████████▌ | 54/63 [00:17<00:02,  3.08it/s, loss=0.6738, acc=50.81%, img/s=98.3, eta=0.0m]
[36m(ClientAppActor pid=15853)[0m 
Epoch 1/1:  86%|████████▌ | 54/63 [00:17<00:02,  3.08it/s, loss=0.6707, acc=51.02%, img/s=98.3, eta=0.0m]
Epoch 1/1:  87%|████████▋ | 55/63 [00:17<00:02,  3.07it/s, loss=0.6707, acc=51.02%, img/s=98.3, eta=0.0m]
[36m(ClientAppActor pid=15853)[0m 
Epoch 1/1:  87%|████████▋ | 55/63 [00:18<00:02,  3.07it/s, loss=0.7049, acc=51.06%, img/s=98.3, eta=0.0m]
Epoch 1/1:  89%|████████▉ | 56/63 [00:18<00:02,  3.08it/s, loss=0.7049, acc=51.06%, img/s=98.3, eta=0.0m]
[36m(ClientAppActor pid=15853)[0m 
Epoch 1/1:  89%|████████▉ | 56/63 [00:18<00:02,  3.08it/s, loss=0.6239, acc=51.26%, img/s=98.3, eta=0.0m]
Epoch 1/1:  90%|█████████ | 57/63 [00:18<00:01,  3.07it/s, loss=0.6239, acc=51.26%, img/s=98.3, eta=0.0m]
[36m(ClientAppActor pid=15853)[0m 
Epoch 1/1:  90%|█████████ | 57/63 [00:18<00:01,  3.07it/s, loss=0.6734, acc=51.35%, img/s=98.3, eta=0.0m]
Epoch 1/1:  92%|█████████▏| 58/63 [00:18<00:01,  3.07it/s, loss=0.6734, acc=51.35%, img/s=98.3, eta=0.0m]
[36m(ClientAppActor pid=15853)[0m 
Epoch 1/1:  92%|█████████▏| 58/63 [00:19<00:01,  3.07it/s, loss=0.6837, acc=51.43%, img/s=98.3, eta=0.0m]
Epoch 1/1:  94%|█████████▎| 59/63 [00:19<00:01,  3.07it/s, loss=0.6837, acc=51.43%, img/s=98.3, eta=0.0m]
[36m(ClientAppActor pid=15853)[0m 
Epoch 1/1:  94%|█████████▎| 59/63 [00:19<00:01,  3.07it/s, loss=0.7490, acc=51.30%, img/s=98.3, eta=0.0m]
Epoch 1/1:  95%|█████████▌| 60/63 [00:19<00:00,  3.07it/s, loss=0.7490, acc=51.30%, img/s=98.3, eta=0.0m]
[36m(ClientAppActor pid=15853)[0m 
Epoch 1/1:  95%|█████████▌| 60/63 [00:19<00:00,  3.07it/s, loss=0.6776, acc=51.28%, img/s=98.3, eta=0.0m]
Epoch 1/1:  97%|█████████▋| 61/63 [00:19<00:00,  3.07it/s, loss=0.6776, acc=51.28%, img/s=98.3, eta=0.0m]
[36m(ClientAppActor pid=15853)[0m 
Epoch 1/1:  97%|█████████▋| 61/63 [00:20<00:00,  3.07it/s, loss=0.6716, acc=51.36%, img/s=98.3, eta=0.0m]
Epoch 1/1:  98%|█████████▊| 62/63 [00:20<00:00,  3.07it/s, loss=0.6716, acc=51.36%, img/s=98.3, eta=0.0m]
[36m(ClientAppActor pid=15853)[0m 
Epoch 1/1:  98%|█████████▊| 62/63 [00:20<00:00,  3.07it/s, loss=0.6917, acc=51.40%, img/s=49.5, eta=0.0m]
Epoch 1/1: 100%|██████████| 63/63 [00:20<00:00,  3.49it/s, loss=0.6917, acc=51.40%, img/s=49.5, eta=0.0m]
Epoch 1/1: 100%|██████████| 63/63 [00:20<00:00,  3.09it/s, loss=0.6917, acc=51.40%, img/s=49.5, eta=0.0m]
[36m(ClientAppActor pid=15853)[0m Client 2
[36m(ClientAppActor pid=15853)[0m Train Images: 2000
[36m(ClientAppActor pid=15853)[0m Test Images : 100
[36m(ClientAppActor pid=15853)[0m Validate Images : 100
[36m(ClientAppActor pid=15853)[0m Client 2 starting fit...
[36m(ClientAppActor pid=15853)[0m Client 2 received class memories
[36m(ClientAppActor pid=15853)[0m Real memory norm=0.8985
[36m(ClientAppActor pid=15853)[0m Fake memory norm=0.8965
[36m(ClientAppActor pid=15853)[0m Client 2 starting training...
[36m(ClientAppActor pid=15853)[0m START classifier norm: 13.065027236938477
[36m(ClientAppActor pid=15853)[0m Artifact bias shape: torch.Size([32, 8, 197, 197])
[36m(ClientAppActor pid=15853)[0m 
[36m(ClientAppActor pid=15853)[0m Batch 0/63
[36m(ClientAppActor pid=15853)[0m GPU Allocated: 2.25 GB
[36m(ClientAppActor pid=15853)[0m GPU Reserved : 5.42 GB
[36m(ClientAppActor pid=15853)[0m 
[36m(ClientAppActor pid=15853)[0m ==================================================
[36m(ClientAppActor pid=15853)[0m Epoch 1 Complete
[36m(ClientAppActor pid=15853)[0m Average Loss : 0.6873
[36m(ClientAppActor pid=15853)[0m Accuracy     : 53.65%
[36m(ClientAppActor pid=15853)[0m Time         : 20.47s
[36m(ClientAppActor pid=15853)[0m Images       : 2000
[36m(ClientAppActor pid=15853)[0m Images/sec   : 97.71
[36m(ClientAppActor pid=15853)[0m GPU Allocated: 2.25 GB
[36m(ClientAppActor pid=15853)[0m GPU Reserved : 5.42 GB
[36m(ClientAppActor pid=15853)[0m ==================================================
[36m(ClientAppActor pid=15853)[0m END classifier norm: 13.066305160522461
[36m(ClientAppActor pid=15853)[0m Client 2 finished training
[36m(ClientAppActor pid=15853)[0m Client 2 extracting parameters...
[36m(ClientAppActor pid=15853)[0m Client 2 parameter extraction complete
[36m(ClientAppActor pid=15853)[0m Client 2 returning results
[36m(ClientAppActor pid=15853)[0m Client 3 using cuda
[36m(ClientAppActor pid=15853)[0m {'fake': 0, 'real': 1}
[36m(ClientAppActor pid=15853)[0m [DEBUG MODE] Train=2000, Val=100, Test=100
[36m(ClientAppActor pid=15853)[0m 
[36m(ClientAppActor pid=15853)[0m Client 3 Class Distribution
[36m(ClientAppActor pid=15853)[0m Train: Counter({1: 1024, 0: 976})
[36m(ClientAppActor pid=15853)[0m Val  : Counter({1: 54, 0: 46})
[36m(ClientAppActor pid=15853)[0m Test : Counter({1: 50, 0: 50})
[36m(ClientAppActor pid=15853)[0m Client 3
[36m(ClientAppActor pid=15853)[0m Train Images: 2000
[36m(ClientAppActor pid=15853)[0m Test Images : 100
[36m(ClientAppActor pid=15853)[0m Validate Images : 100
[36m(ClientAppActor pid=15853)[0m Client 3 starting fit...
[36m(ClientAppActor pid=15853)[0m Client 3 received class memories
[36m(ClientAppActor pid=15853)[0m Real memory norm=0.8985
[36m(ClientAppActor pid=15853)[0m Fake memory norm=0.8965
[36m(ClientAppActor pid=15853)[0m Client 3 starting training...
[36m(ClientAppActor pid=15853)[0m START classifier norm: 13.065027236938477
[36m(ClientAppActor pid=15853)[0m Artifact bias shape: torch.Size([32, 8, 197, 197])
[36m(ClientAppActor pid=15853)[0m 
[36m(ClientAppActor pid=15853)[0m Batch 0/63
[36m(ClientAppActor pid=15853)[0m GPU Allocated: 2.25 GB
[36m(ClientAppActor pid=15853)[0m GPU Reserved : 5.42 GB
[36m(ClientAppActor pid=15853)[0m 
[36m(ClientAppActor pid=15853)[0m ==================================================
[36m(ClientAppActor pid=15853)[0m Epoch 1 Complete
[36m(ClientAppActor pid=15853)[0m Average Loss : 0.6978
[36m(ClientAppActor pid=15853)[0m Accuracy     : 50.70%
[36m(ClientAppActor pid=15853)[0m Time         : 20.36s
[36m(ClientAppActor pid=15853)[0m Images       : 2000
[36m(ClientAppActor pid=15853)[0m Images/sec   : 98.22
[36m(ClientAppActor pid=15853)[0m GPU Allocated: 2.25 GB
[36m(ClientAppActor pid=15853)[0m GPU Reserved : 5.42 GB
[36m(ClientAppActor pid=15853)[0m ==================================================
[36m(ClientAppActor pid=15853)[0m END classifier norm: 13.06423282623291
[36m(ClientAppActor pid=15853)[0m Client 3 finished training
[36m(ClientAppActor pid=15853)[0m Client 3 extracting parameters...
[36m(ClientAppActor pid=15853)[0m Client 3 parameter extraction complete
[36m(ClientAppActor pid=15853)[0m Client 3 returning results
[36m(ClientAppActor pid=15853)[0m Client 4 using cuda
[36m(ClientAppActor pid=15853)[0m {'fake': 0, 'real': 1}
[36m(ClientAppActor pid=15853)[0m [DEBUG MODE] Train=2000, Val=100, Test=100
[36m(ClientAppActor pid=15853)[0m 
[36m(ClientAppActor pid=15853)[0m Client 4 Class Distribution
[36m(ClientAppActor pid=15853)[0m Train: Counter({0: 1013, 1: 987})
[36m(ClientAppActor pid=15853)[0m Val  : Counter({0: 56, 1: 44})
[36m(ClientAppActor pid=15853)[0m Test : Counter({1: 53, 0: 47})
[36m(ClientAppActor pid=15853)[0m Client 4
[36m(ClientAppActor pid=15853)[0m Train Images: 2000
[36m(ClientAppActor pid=15853)[0m Test Images : 100
[36m(ClientAppActor pid=15853)[0m Validate Images : 100
[36m(ClientAppActor pid=15853)[0m Client 4 starting fit...
[36m(ClientAppActor pid=15853)[0m Client 4 received class memories
[36m(ClientAppActor pid=15853)[0m Real memory norm=0.8985
[36m(ClientAppActor pid=15853)[0m Fake memory norm=0.8965
[36m(ClientAppActor pid=15853)[0m Client 4 starting training...
[36m(ClientAppActor pid=15853)[0m START classifier norm: 13.065027236938477
[36m(ClientAppActor pid=15853)[0m Artifact bias shape: torch.Size([32, 8, 197, 197])
[36m(ClientAppActor pid=15853)[0m 
[36m(ClientAppActor pid=15853)[0m Batch 0/63
[36m(ClientAppActor pid=15853)[0m GPU Allocated: 2.25 GB
[36m(ClientAppActor pid=15853)[0m GPU Reserved : 5.42 GB
[36m(ClientAppActor pid=15853)[0m 
[36m(ClientAppActor pid=15853)[0m ==================================================
[36m(ClientAppActor pid=15853)[0m Epoch 1 Complete
[36m(ClientAppActor pid=15853)[0m Average Loss : 0.6947
[36m(ClientAppActor pid=15853)[0m Accuracy     : 51.30%
[36m(ClientAppActor pid=15853)[0m Time         : 20.39s
[36m(ClientAppActor pid=15853)[0m Images       : 2000
[36m(ClientAppActor pid=15853)[0m Images/sec   : 98.08
[36m(ClientAppActor pid=15853)[0m GPU Allocated: 2.25 GB
[36m(ClientAppActor pid=15853)[0m GPU Reserved : 5.42 GB
[36m(ClientAppActor pid=15853)[0m ==================================================
[36m(ClientAppActor pid=15853)[0m END classifier norm: 13.065359115600586
[36m(ClientAppActor pid=15853)[0m Client 4 finished training
[36m(ClientAppActor pid=15853)[0m Client 4 extracting parameters...
[36m(ClientAppActor pid=15853)[0m Client 4 parameter extraction complete
[36m(ClientAppActor pid=15853)[0m Client 4 returning results
[36m(ClientAppActor pid=15853)[0m Client 5 using cuda
[36m(ClientAppActor pid=15853)[0m {'fake': 0, 'real': 1}
[36m(ClientAppActor pid=15853)[0m [DEBUG MODE] Train=2000, Val=100, Test=100
[36m(ClientAppActor pid=15853)[0m 
[36m(ClientAppActor pid=15853)[0m Client 5 Class Distribution
[36m(ClientAppActor pid=15853)[0m Train: Counter({0: 1014, 1: 986})
[36m(ClientAppActor pid=15853)[0m Val  : Counter({0: 56, 1: 44})
[36m(ClientAppActor pid=15853)[0m Test : Counter({0: 51, 1: 49})
[36m(ClientAppActor pid=15853)[0m Client 5
[36m(ClientAppActor pid=15853)[0m Train Images: 2000
[36m(ClientAppActor pid=15853)[0m Test Images : 100
[36m(ClientAppActor pid=15853)[0m Validate Images : 100
[36m(ClientAppActor pid=15853)[0m Client 5 starting fit...
[36m(ClientAppActor pid=15853)[0m Client 5 received class memories
[36m(ClientAppActor pid=15853)[0m Real memory norm=0.8985
[36m(ClientAppActor pid=15853)[0m Fake memory norm=0.8965
[36m(ClientAppActor pid=15853)[0m Client 5 starting training...
[36m(ClientAppActor pid=15853)[0m START classifier norm: 13.065027236938477
[36m(ClientAppActor pid=15853)[0m Artifact bias shape: torch.Size([32, 8, 197, 197])
[36m(ClientAppActor pid=15853)[0m 
[36m(ClientAppActor pid=15853)[0m Batch 0/63
[36m(ClientAppActor pid=15853)[0m GPU Allocated: 2.25 GB
[36m(ClientAppActor pid=15853)[0m GPU Reserved : 5.42 GB
[36m(ClientAppActor pid=15853)[0m 
[36m(ClientAppActor pid=15853)[0m 
Epoch 1/1:   0%|          | 0/63 [00:00<?, ?it/s]
[36m(ClientAppActor pid=15853)[0m 
Epoch 1/1:   0%|          | 0/63 [00:00<?, ?it/s, loss=0.6919, acc=62.50%, img/s=95.7, eta=0.3m]
Epoch 1/1:   2%|▏         | 1/63 [00:00<00:20,  2.99it/s, loss=0.6919, acc=62.50%, img/s=95.7, eta=0.3m]
[36m(ClientAppActor pid=15853)[0m 
Epoch 1/1:   2%|▏         | 1/63 [00:00<00:20,  2.99it/s, loss=0.6889, acc=57.81%, img/s=96.8, eta=0.3m]
Epoch 1/1:   3%|▎         | 2/63 [00:00<00:20,  3.03it/s, loss=0.6889, acc=57.81%, img/s=96.8, eta=0.3m]
[36m(ClientAppActor pid=15853)[0m 
Epoch 1/1:   3%|▎         | 2/63 [00:00<00:20,  3.03it/s, loss=0.6957, acc=54.17%, img/s=97.5, eta=0.3m]
Epoch 1/1:   5%|▍         | 3/63 [00:00<00:19,  3.06it/s, loss=0.6957, acc=54.17%, img/s=97.5, eta=0.3m]
[36m(ClientAppActor pid=15853)[0m 
Epoch 1/1:   5%|▍         | 3/63 [00:01<00:19,  3.06it/s, loss=0.7021, acc=50.00%, img/s=97.7, eta=0.3m]
Epoch 1/1:   6%|▋         | 4/63 [00:01<00:19,  3.06it/s, loss=0.7021, acc=50.00%, img/s=97.7, eta=0.3m]
[36m(ClientAppActor pid=15853)[0m 
Epoch 1/1:   6%|▋         | 4/63 [00:01<00:19,  3.06it/s, loss=0.6752, acc=54.38%, img/s=97.8, eta=0.3m]
Epoch 1/1:   8%|▊         | 5/63 [00:01<00:18,  3.07it/s, loss=0.6752, acc=54.38%, img/s=97.8, eta=0.3m]
[36m(ClientAppActor pid=15853)[0m 
Epoch 1/1:   8%|▊         | 5/63 [00:01<00:18,  3.07it/s, loss=0.7028, acc=55.21%, img/s=97.8, eta=0.3m]
Epoch 1/1:  10%|▉         | 6/63 [00:01<00:18,  3.06it/s, loss=0.7028, acc=55.21%, img/s=97.8, eta=0.3m]
[36m(ClientAppActor pid=15853)[0m 
Epoch 1/1:  10%|▉         | 6/63 [00:02<00:18,  3.06it/s, loss=0.7005, acc=54.02%, img/s=97.9, eta=0.3m]
Epoch 1/1:  11%|█         | 7/63 [00:02<00:18,  3.07it/s, loss=0.7005, acc=54.02%, img/s=97.9, eta=0.3m]
[36m(ClientAppActor pid=15853)[0m 
Epoch 1/1:  11%|█         | 7/63 [00:02<00:18,  3.07it/s, loss=0.7069, acc=51.95%, img/s=98.0, eta=0.3m]
Epoch 1/1:  13%|█▎        | 8/63 [00:02<00:17,  3.07it/s, loss=0.7069, acc=51.95%, img/s=98.0, eta=0.3m]
[36m(ClientAppActor pid=15853)[0m 
Epoch 1/1:  13%|█▎        | 8/63 [00:02<00:17,  3.07it/s, loss=0.6972, acc=51.39%, img/s=98.0, eta=0.3m]
Epoch 1/1:  14%|█▍        | 9/63 [00:02<00:17,  3.07it/s, loss=0.6972, acc=51.39%, img/s=98.0, eta=0.3m]
[36m(ClientAppActor pid=15853)[0m 
Epoch 1/1:  14%|█▍        | 9/63 [00:03<00:17,  3.07it/s, loss=0.6930, acc=51.56%, img/s=98.0, eta=0.3m]
Epoch 1/1:  16%|█▌        | 10/63 [00:03<00:17,  3.06it/s, loss=0.6930, acc=51.56%, img/s=98.0, eta=0.3m]
[36m(ClientAppActor pid=15853)[0m 
Epoch 1/1:  16%|█▌        | 10/63 [00:03<00:17,  3.06it/s, loss=0.7065, acc=50.85%, img/s=98.0, eta=0.3m]
Epoch 1/1:  17%|█▋        | 11/63 [00:03<00:16,  3.06it/s, loss=0.7065, acc=50.85%, img/s=98.0, eta=0.3m]
[36m(ClientAppActor pid=15853)[0m 
Epoch 1/1:  17%|█▋        | 11/63 [00:03<00:16,  3.06it/s, loss=0.7129, acc=50.78%, img/s=98.0, eta=0.3m]
Epoch 1/1:  19%|█▉        | 12/63 [00:03<00:16,  3.07it/s, loss=0.7129, acc=50.78%, img/s=98.0, eta=0.3m]
[36m(ClientAppActor pid=15853)[0m 
Epoch 1/1:  19%|█▉        | 12/63 [00:04<00:16,  3.07it/s, loss=0.6765, acc=51.44%, img/s=98.0, eta=0.3m]
Epoch 1/1:  21%|██        | 13/63 [00:04<00:16,  3.07it/s, loss=0.6765, acc=51.44%, img/s=98.0, eta=0.3m]
[36m(ClientAppActor pid=15853)[0m 
Epoch 1/1:  21%|██        | 13/63 [00:04<00:16,  3.07it/s, loss=0.7024, acc=51.56%, img/s=98.0, eta=0.3m]
Epoch 1/1:  22%|██▏       | 14/63 [00:04<00:15,  3.07it/s, loss=0.7024, acc=51.56%, img/s=98.0, eta=0.3m]
[36m(ClientAppActor pid=15853)[0m 
Epoch 1/1:  22%|██▏       | 14/63 [00:04<00:15,  3.07it/s, loss=0.7002, acc=51.46%, img/s=97.9, eta=0.3m]
Epoch 1/1:  24%|██▍       | 15/63 [00:04<00:15,  3.05it/s, loss=0.7002, acc=51.46%, img/s=97.9, eta=0.3m]
[36m(ClientAppActor pid=15853)[0m 
Epoch 1/1:  24%|██▍       | 15/63 [00:05<00:15,  3.05it/s, loss=0.6657, acc=52.15%, img/s=97.6, eta=0.3m]
Epoch 1/1:  25%|██▌       | 16/63 [00:05<00:15,  3.01it/s, loss=0.6657, acc=52.15%, img/s=97.6, eta=0.3m]
[36m(ClientAppActor pid=15853)[0m 
Epoch 1/1:  25%|██▌       | 16/63 [00:05<00:15,  3.01it/s, loss=0.7561, acc=51.10%, img/s=97.5, eta=0.3m]
Epoch 1/1:  27%|██▋       | 17/63 [00:05<00:15,  3.00it/s, loss=0.7561, acc=51.10%, img/s=97.5, eta=0.3m]
[36m(ClientAppActor pid=15853)[0m 
Epoch 1/1:  27%|██▋       | 17/63 [00:05<00:15,  3.00it/s, loss=0.7069, acc=51.04%, img/s=97.4, eta=0.2m]
Epoch 1/1:  29%|██▊       | 18/63 [00:05<00:14,  3.01it/s, loss=0.7069, acc=51.04%, img/s=97.4, eta=0.2m]
[36m(ClientAppActor pid=15853)[0m 
Epoch 1/1:  29%|██▊       | 18/63 [00:06<00:14,  3.01it/s, loss=0.7110, acc=50.99%, img/s=97.5, eta=0.2m]
Epoch 1/1:  30%|███       | 19/63 [00:06<00:14,  3.03it/s, loss=0.7110, acc=50.99%, img/s=97.5, eta=0.2m]
[36m(ClientAppActor pid=15853)[0m 
Epoch 1/1:  30%|███       | 19/63 [00:06<00:14,  3.03it/s, loss=0.7087, acc=50.16%, img/s=97.5, eta=0.2m]
Epoch 1/1:  32%|███▏      | 20/63 [00:06<00:14,  3.04it/s, loss=0.7087, acc=50.16%, img/s=97.5, eta=0.2m]
[36m(ClientAppActor pid=15853)[0m 
Epoch 1/1:  32%|███▏      | 20/63 [00:06<00:14,  3.04it/s, loss=0.6986, acc=50.60%, img/s=97.5, eta=0.2m]
Epoch 1/1:  33%|███▎      | 21/63 [00:06<00:13,  3.04it/s, loss=0.6986, acc=50.60%, img/s=97.5, eta=0.2m]
[36m(ClientAppActor pid=15853)[0m 
Epoch 1/1:  33%|███▎      | 21/63 [00:07<00:13,  3.04it/s, loss=0.6706, acc=50.85%, img/s=97.6, eta=0.2m]
Epoch 1/1:  35%|███▍      | 22/63 [00:07<00:13,  3.05it/s, loss=0.6706, acc=50.85%, img/s=97.6, eta=0.2m]
[36m(ClientAppActor pid=15853)[0m 
Epoch 1/1:  35%|███▍      | 22/63 [00:07<00:13,  3.05it/s, loss=0.6799, acc=50.95%, img/s=97.6, eta=0.2m]
Epoch 1/1:  37%|███▋      | 23/63 [00:07<00:13,  3.06it/s, loss=0.6799, acc=50.95%, img/s=97.6, eta=0.2m]
[36m(ClientAppActor pid=15853)[0m 
Epoch 1/1:  37%|███▋      | 23/63 [00:07<00:13,  3.06it/s, loss=0.7139, acc=50.52%, img/s=97.6, eta=0.2m]
Epoch 1/1:  38%|███▊      | 24/63 [00:07<00:12,  3.06it/s, loss=0.7139, acc=50.52%, img/s=97.6, eta=0.2m]
[36m(ClientAppActor pid=15853)[0m 
Epoch 1/1:  38%|███▊      | 24/63 [00:08<00:12,  3.06it/s, loss=0.7160, acc=50.25%, img/s=97.6, eta=0.2m]
Epoch 1/1:  40%|███▉      | 25/63 [00:08<00:12,  3.06it/s, loss=0.7160, acc=50.25%, img/s=97.6, eta=0.2m]
[36m(ClientAppActor pid=15853)[0m 
Epoch 1/1:  40%|███▉      | 25/63 [00:08<00:12,  3.06it/s, loss=0.6989, acc=50.24%, img/s=97.7, eta=0.2m]
Epoch 1/1:  41%|████▏     | 26/63 [00:08<00:12,  3.07it/s, loss=0.6989, acc=50.24%, img/s=97.7, eta=0.2m]
[36m(ClientAppActor pid=15853)[0m 
Epoch 1/1:  41%|████▏     | 26/63 [00:08<00:12,  3.07it/s, loss=0.6708, acc=50.46%, img/s=97.7, eta=0.2m]
Epoch 1/1:  43%|████▎     | 27/63 [00:08<00:11,  3.06it/s, loss=0.6708, acc=50.46%, img/s=97.7, eta=0.2m]
[36m(ClientAppActor pid=15853)[0m 
Epoch 1/1:  43%|████▎     | 27/63 [00:09<00:11,  3.06it/s, loss=0.6795, acc=50.78%, img/s=97.7, eta=0.2m]
Epoch 1/1:  44%|████▍     | 28/63 [00:09<00:11,  3.06it/s, loss=0.6795, acc=50.78%, img/s=97.7, eta=0.2m]
[36m(ClientAppActor pid=15853)[0m 
Epoch 1/1:  44%|████▍     | 28/63 [00:09<00:11,  3.06it/s, loss=0.7164, acc=50.54%, img/s=97.7, eta=0.2m]
Epoch 1/1:  46%|████▌     | 29/63 [00:09<00:11,  3.06it/s, loss=0.7164, acc=50.54%, img/s=97.7, eta=0.2m]
[36m(ClientAppActor pid=15853)[0m 
Epoch 1/1:  46%|████▌     | 29/63 [00:09<00:11,  3.06it/s, loss=0.6982, acc=50.73%, img/s=97.7, eta=0.2m]
Epoch 1/1:  48%|████▊     | 30/63 [00:09<00:10,  3.07it/s, loss=0.6982, acc=50.73%, img/s=97.7, eta=0.2m]
[36m(ClientAppActor pid=15853)[0m 
Epoch 1/1:  48%|████▊     | 30/63 [00:10<00:10,  3.07it/s, loss=0.6968, acc=50.71%, img/s=97.8, eta=0.2m]
Epoch 1/1:  49%|████▉     | 31/63 [00:10<00:10,  3.07it/s, loss=0.6968, acc=50.71%, img/s=97.8, eta=0.2m]
[36m(ClientAppActor pid=15853)[0m 
Epoch 1/1:  49%|████▉     | 31/63 [00:10<00:10,  3.07it/s, loss=0.6926, acc=50.59%, img/s=97.8, eta=0.2m]
Epoch 1/1:  51%|█████     | 32/63 [00:10<00:10,  3.07it/s, loss=0.6926, acc=50.59%, img/s=97.8, eta=0.2m]
[36m(ClientAppActor pid=15853)[0m 
Epoch 1/1:  51%|█████     | 32/63 [00:10<00:10,  3.07it/s, loss=0.6964, acc=50.57%, img/s=97.8, eta=0.2m]
Epoch 1/1:  52%|█████▏    | 33/63 [00:10<00:09,  3.08it/s, loss=0.6964, acc=50.57%, img/s=97.8, eta=0.2m]
[36m(ClientAppActor pid=15853)[0m 
Epoch 1/1:  52%|█████▏    | 33/63 [00:11<00:09,  3.08it/s, loss=0.6848, acc=50.55%, img/s=97.8, eta=0.2m]
Epoch 1/1:  54%|█████▍    | 34/63 [00:11<00:09,  3.08it/s, loss=0.6848, acc=50.55%, img/s=97.8, eta=0.2m]
[36m(ClientAppActor pid=15853)[0m 
Epoch 1/1:  54%|█████▍    | 34/63 [00:11<00:09,  3.08it/s, loss=0.6835, acc=50.62%, img/s=97.8, eta=0.2m]
Epoch 1/1:  56%|█████▌    | 35/63 [00:11<00:09,  3.08it/s, loss=0.6835, acc=50.62%, img/s=97.8, eta=0.2m]
[36m(ClientAppActor pid=15853)[0m 
Epoch 1/1:  56%|█████▌    | 35/63 [00:11<00:09,  3.08it/s, loss=0.7022, acc=50.43%, img/s=97.9, eta=0.1m]
Epoch 1/1:  57%|█████▋    | 36/63 [00:11<00:08,  3.07it/s, loss=0.7022, acc=50.43%, img/s=97.9, eta=0.1m]
[36m(ClientAppActor pid=15853)[0m 
Epoch 1/1:  57%|█████▋    | 36/63 [00:12<00:08,  3.07it/s, loss=0.6858, acc=50.68%, img/s=97.9, eta=0.1m]
Epoch 1/1:  59%|█████▊    | 37/63 [00:12<00:08,  3.08it/s, loss=0.6858, acc=50.68%, img/s=97.9, eta=0.1m]
[36m(ClientAppActor pid=15853)[0m 
Epoch 1/1:  59%|█████▊    | 37/63 [00:12<00:08,  3.08it/s, loss=0.6751, acc=50.90%, img/s=97.9, eta=0.1m]
Epoch 1/1:  60%|██████    | 38/63 [00:12<00:08,  3.07it/s, loss=0.6751, acc=50.90%, img/s=97.9, eta=0.1m]
[36m(ClientAppActor pid=15853)[0m 
Epoch 1/1:  60%|██████    | 38/63 [00:12<00:08,  3.07it/s, loss=0.6815, acc=51.12%, img/s=97.9, eta=0.1m]
Epoch 1/1:  62%|██████▏   | 39/63 [00:12<00:07,  3.07it/s, loss=0.6815, acc=51.12%, img/s=97.9, eta=0.1m]
[36m(ClientAppActor pid=15853)[0m 
Epoch 1/1:  62%|██████▏   | 39/63 [00:13<00:07,  3.07it/s, loss=0.6476, acc=51.64%, img/s=97.9, eta=0.1m]
Epoch 1/1:  63%|██████▎   | 40/63 [00:13<00:07,  3.08it/s, loss=0.6476, acc=51.64%, img/s=97.9, eta=0.1m]
[36m(ClientAppActor pid=15853)[0m 
Epoch 1/1:  63%|██████▎   | 40/63 [00:13<00:07,  3.08it/s, loss=0.7178, acc=51.45%, img/s=97.9, eta=0.1m]
Epoch 1/1:  65%|██████▌   | 41/63 [00:13<00:07,  3.08it/s, loss=0.7178, acc=51.45%, img/s=97.9, eta=0.1m]
[36m(ClientAppActor pid=15853)[0m 
Epoch 1/1:  65%|██████▌   | 41/63 [00:13<00:07,  3.08it/s, loss=0.7424, acc=51.19%, img/s=97.9, eta=0.1m]
Epoch 1/1:  67%|██████▋   | 42/63 [00:13<00:06,  3.08it/s, loss=0.7424, acc=51.19%, img/s=97.9, eta=0.1m]
[36m(ClientAppActor pid=15853)[0m 
Epoch 1/1:  67%|██████▋   | 42/63 [00:14<00:06,  3.08it/s, loss=0.6976, acc=51.24%, img/s=97.9, eta=0.1m]
Epoch 1/1:  68%|██████▊   | 43/63 [00:14<00:06,  3.07it/s, loss=0.6976, acc=51.24%, img/s=97.9, eta=0.1m]
[36m(ClientAppActor pid=15853)[0m 
Epoch 1/1:  68%|██████▊   | 43/63 [00:14<00:06,  3.07it/s, loss=0.7291, acc=51.14%, img/s=97.9, eta=0.1m]
Epoch 1/1:  70%|██████▉   | 44/63 [00:14<00:06,  3.07it/s, loss=0.7291, acc=51.14%, img/s=97.9, eta=0.1m]
[36m(ClientAppActor pid=15853)[0m 
Epoch 1/1:  70%|██████▉   | 44/63 [00:14<00:06,  3.07it/s, loss=0.7329, acc=50.97%, img/s=98.0, eta=0.1m]
Epoch 1/1:  71%|███████▏  | 45/63 [00:14<00:05,  3.07it/s, loss=0.7329, acc=50.97%, img/s=98.0, eta=0.1m]
[36m(ClientAppActor pid=15853)[0m 
Epoch 1/1:  71%|███████▏  | 45/63 [00:15<00:05,  3.07it/s, loss=0.6727, acc=51.15%, img/s=98.0, eta=0.1m]
Epoch 1/1:  73%|███████▎  | 46/63 [00:15<00:05,  3.07it/s, loss=0.6727, acc=51.15%, img/s=98.0, eta=0.1m]
[36m(ClientAppActor pid=15853)[0m 
Epoch 1/1:  73%|███████▎  | 46/63 [00:15<00:05,  3.07it/s, loss=0.7005, acc=51.26%, img/s=97.9, eta=0.1m]
Epoch 1/1:  75%|███████▍  | 47/63 [00:15<00:05,  3.06it/s, loss=0.7005, acc=51.26%, img/s=97.9, eta=0.1m]
[36m(ClientAppActor pid=15853)[0m 
Epoch 1/1:  75%|███████▍  | 47/63 [00:15<00:05,  3.06it/s, loss=0.6722, acc=51.63%, img/s=97.9, eta=0.1m]
Epoch 1/1:  76%|███████▌  | 48/63 [00:15<00:04,  3.04it/s, loss=0.6722, acc=51.63%, img/s=97.9, eta=0.1m]
[36m(ClientAppActor pid=15853)[0m 
Epoch 1/1:  76%|███████▌  | 48/63 [00:16<00:04,  3.04it/s, loss=0.6890, acc=51.66%, img/s=97.9, eta=0.1m]
Epoch 1/1:  78%|███████▊  | 49/63 [00:16<00:04,  3.05it/s, loss=0.6890, acc=51.66%, img/s=97.9, eta=0.1m]
[36m(ClientAppActor pid=15853)[0m 
Epoch 1/1:  78%|███████▊  | 49/63 [00:16<00:04,  3.05it/s, loss=0.7165, acc=51.56%, img/s=97.9, eta=0.1m]
Epoch 1/1:  79%|███████▉  | 50/63 [00:16<00:04,  3.06it/s, loss=0.7165, acc=51.56%, img/s=97.9, eta=0.1m]
[36m(ClientAppActor pid=15853)[0m 
Epoch 1/1:  79%|███████▉  | 50/63 [00:16<00:04,  3.06it/s, loss=0.6833, acc=51.65%, img/s=97.9, eta=0.1m]
Epoch 1/1:  81%|████████  | 51/63 [00:16<00:03,  3.07it/s, loss=0.6833, acc=51.65%, img/s=97.9, eta=0.1m]
[36m(ClientAppActor pid=15853)[0m 
Epoch 1/1:  81%|████████  | 51/63 [00:16<00:03,  3.07it/s, loss=0.7125, acc=51.38%, img/s=97.9, eta=0.1m]
Epoch 1/1:  83%|████████▎ | 52/63 [00:16<00:03,  3.06it/s, loss=0.7125, acc=51.38%, img/s=97.9, eta=0.1m]
[36m(ClientAppActor pid=15853)[0m 
Epoch 1/1:  83%|████████▎ | 52/63 [00:17<00:03,  3.06it/s, loss=0.6824, acc=51.53%, img/s=98.0, eta=0.1m]
Epoch 1/1:  84%|████████▍ | 53/63 [00:17<00:03,  3.07it/s, loss=0.6824, acc=51.53%, img/s=98.0, eta=0.1m]
[36m(ClientAppActor pid=15853)[0m 
Epoch 1/1:  84%|████████▍ | 53/63 [00:17<00:03,  3.07it/s, loss=0.6686, acc=51.74%, img/s=98.0, eta=0.0m]
Epoch 1/1:  86%|████████▌ | 54/63 [00:17<00:02,  3.07it/s, loss=0.6686, acc=51.74%, img/s=98.0, eta=0.0m]
[36m(ClientAppActor pid=15853)[0m 
Epoch 1/1:  86%|████████▌ | 54/63 [00:17<00:02,  3.07it/s, loss=0.6755, acc=51.93%, img/s=98.0, eta=0.0m]
Epoch 1/1:  87%|████████▋ | 55/63 [00:17<00:02,  3.07it/s, loss=0.6755, acc=51.93%, img/s=98.0, eta=0.0m]
[36m(ClientAppActor pid=15853)[0m 
Epoch 1/1:  87%|████████▋ | 55/63 [00:18<00:02,  3.07it/s, loss=0.6841, acc=51.84%, img/s=97.9, eta=0.0m]
Epoch 1/1:  89%|████████▉ | 56/63 [00:18<00:02,  3.06it/s, loss=0.6841, acc=51.84%, img/s=97.9, eta=0.0m]
[36m(ClientAppActor pid=15853)[0m 
Epoch 1/1:  89%|████████▉ | 56/63 [00:18<00:02,  3.06it/s, loss=0.6820, acc=52.14%, img/s=97.9, eta=0.0m]
Epoch 1/1:  90%|█████████ | 57/63 [00:18<00:01,  3.06it/s, loss=0.6820, acc=52.14%, img/s=97.9, eta=0.0m]
[36m(ClientAppActor pid=15853)[0m 
Epoch 1/1:  90%|█████████ | 57/63 [00:18<00:01,  3.06it/s, loss=0.6773, acc=52.21%, img/s=97.9, eta=0.0m]
Epoch 1/1:  92%|█████████▏| 58/63 [00:18<00:01,  3.06it/s, loss=0.6773, acc=52.21%, img/s=97.9, eta=0.0m]
[36m(ClientAppActor pid=15853)[0m 
Epoch 1/1:  92%|█████████▏| 58/63 [00:19<00:01,  3.06it/s, loss=0.6875, acc=52.33%, img/s=97.9, eta=0.0m]
Epoch 1/1:  94%|█████████▎| 59/63 [00:19<00:01,  3.06it/s, loss=0.6875, acc=52.33%, img/s=97.9, eta=0.0m]
[36m(ClientAppActor pid=15853)[0m 
Epoch 1/1:  94%|█████████▎| 59/63 [00:19<00:01,  3.06it/s, loss=0.7099, acc=52.19%, img/s=98.0, eta=0.0m]
Epoch 1/1:  95%|█████████▌| 60/63 [00:19<00:00,  3.07it/s, loss=0.7099, acc=52.19%, img/s=98.0, eta=0.0m]
[36m(ClientAppActor pid=15853)[0m 
Epoch 1/1:  95%|█████████▌| 60/63 [00:19<00:00,  3.07it/s, loss=0.6905, acc=52.10%, img/s=98.0, eta=0.0m]
Epoch 1/1:  97%|█████████▋| 61/63 [00:19<00:00,  3.07it/s, loss=0.6905, acc=52.10%, img/s=98.0, eta=0.0m]
[36m(ClientAppActor pid=15853)[0m 
Epoch 1/1:  97%|█████████▋| 61/63 [00:20<00:00,  3.07it/s, loss=0.7035, acc=52.07%, img/s=98.0, eta=0.0m]
Epoch 1/1:  98%|█████████▊| 62/63 [00:20<00:00,  3.07it/s, loss=0.7035, acc=52.07%, img/s=98.0, eta=0.0m]
[36m(ClientAppActor pid=15853)[0m 
Epoch 1/1:  98%|█████████▊| 62/63 [00:20<00:00,  3.07it/s, loss=0.6350, acc=52.25%, img/s=49.3, eta=0.0m]
Epoch 1/1: 100%|██████████| 63/63 [00:20<00:00,  3.50it/s, loss=0.6350, acc=52.25%, img/s=49.3, eta=0.0m]
Epoch 1/1: 100%|██████████| 63/63 [00:20<00:00,  3.08it/s, loss=0.6350, acc=52.25%, img/s=49.3, eta=0.0m]
[92mINFO [0m:      aggregate_fit: received 5 results and 0 failures
[92mINFO [0m:      configure_evaluate: strategy sampled 5 clients (out of 5)
[36m(ClientAppActor pid=15853)[0m 
Testing:   0%|          | 0/4 [00:00<?, ?it/s]
[36m(ClientAppActor pid=15853)[0m 
Testing:  25%|██▌       | 1/4 [00:00<00:00,  4.96it/s]
[36m(ClientAppActor pid=15853)[0m 
Testing:  50%|█████     | 2/4 [00:00<00:00,  4.96it/s]
[36m(ClientAppActor pid=15853)[0m 
Testing:  75%|███████▌  | 3/4 [00:00<00:00,  4.97it/s]
Testing: 100%|██████████| 4/4 [00:00<00:00,  6.30it/s]
[36m(ClientAppActor pid=15853)[0m 
Testing:   0%|          | 0/4 [00:00<?, ?it/s]
[36m(ClientAppActor pid=15853)[0m 
Testing:  25%|██▌       | 1/4 [00:00<00:00,  5.01it/s]
[36m(ClientAppActor pid=15853)[0m 
Testing:  50%|█████     | 2/4 [00:00<00:00,  4.99it/s]
[36m(ClientAppActor pid=15853)[0m 
Testing:  75%|███████▌  | 3/4 [00:00<00:00,  4.99it/s]
[36m(ClientAppActor pid=15853)[0m 
Testing: 100%|██████████| 4/4 [00:00<00:00,  6.32it/s]
[36m(ClientAppActor pid=15853)[0m 
Testing:   0%|          | 0/4 [00:00<?, ?it/s]
[36m(ClientAppActor pid=15853)[0m 
Testing:  25%|██▌       | 1/4 [00:00<00:00,  5.00it/s]
[36m(ClientAppActor pid=15853)[0m 
Testing:  50%|█████     | 2/4 [00:00<00:00,  4.98it/s]
[36m(ClientAppActor pid=15853)[0m 
Testing:  75%|███████▌  | 3/4 [00:00<00:00,  4.98it/s]
Testing: 100%|██████████| 4/4 [00:00<00:00,  6.32it/s]
[36m(ClientAppActor pid=15853)[0m 
Testing:   0%|          | 0/4 [00:00<?, ?it/s]
[36m(ClientAppActor pid=15853)[0m ==================================================
[36m(ClientAppActor pid=15853)[0m Epoch 1 Complete
[36m(ClientAppActor pid=15853)[0m Average Loss : 0.6927
[36m(ClientAppActor pid=15853)[0m Accuracy     : 51.40%
[36m(ClientAppActor pid=15853)[0m Time         : 20.38s
[36m(ClientAppActor pid=15853)[0m Images       : 2000
[36m(ClientAppActor pid=15853)[0m Images/sec   : 98.12
[36m(ClientAppActor pid=15853)[0m GPU Allocated: 2.25 GB
[36m(ClientAppActor pid=15853)[0m GPU Reserved : 5.42 GB
[36m(ClientAppActor pid=15853)[0m ==================================================
[36m(ClientAppActor pid=15853)[0m END classifier norm: 13.06470775604248
[36m(ClientAppActor pid=15853)[0m Client 5 finished training
[36m(ClientAppActor pid=15853)[0m Client 5 extracting parameters...
[36m(ClientAppActor pid=15853)[0m Client 5 parameter extraction complete
[36m(ClientAppActor pid=15853)[0m Client 5 returning results
[36m(ClientAppActor pid=15853)[0m Client 1 using cuda
[36m(ClientAppActor pid=15853)[0m {'fake': 0, 'real': 1}
[36m(ClientAppActor pid=15853)[0m [DEBUG MODE] Train=2000, Val=100, Test=100
[36m(ClientAppActor pid=15853)[0m 
[36m(ClientAppActor pid=15853)[0m Client 1 Class Distribution
[36m(ClientAppActor pid=15853)[0m Train: Counter({1: 1011, 0: 989})
[36m(ClientAppActor pid=15853)[0m Val  : Counter({0: 55, 1: 45})
[36m(ClientAppActor pid=15853)[0m Test : Counter({0: 53, 1: 47})
[36m(ClientAppActor pid=15853)[0m Client 1
[36m(ClientAppActor pid=15853)[0m Train Images: 2000
[36m(ClientAppActor pid=15853)[0m Test Images : 100
[36m(ClientAppActor pid=15853)[0m Validate Images : 100
[36m(ClientAppActor pid=15853)[0m Client 1 starting fit...
[36m(ClientAppActor pid=15853)[0m Client 1 received class memories
[36m(ClientAppActor pid=15853)[0m Real memory norm=0.8985
[36m(ClientAppActor pid=15853)[0m Fake memory norm=0.8965
[36m(ClientAppActor pid=15853)[0m Client 1 starting training...
[36m(ClientAppActor pid=15853)[0m START classifier norm: 13.065027236938477
[36m(ClientAppActor pid=15853)[0m Artifact bias shape: torch.Size([32, 8, 197, 197])
[36m(ClientAppActor pid=15853)[0m 
[36m(ClientAppActor pid=15853)[0m Batch 0/63
[36m(ClientAppActor pid=15853)[0m GPU Allocated: 2.25 GB
[36m(ClientAppActor pid=15853)[0m GPU Reserved : 5.42 GB
[36m(ClientAppActor pid=15853)[0m 
[36m(ClientAppActor pid=15853)[0m ==================================================
[36m(ClientAppActor pid=15853)[0m Epoch 1 Complete
[36m(ClientAppActor pid=15853)[0m Average Loss : 0.6945
[36m(ClientAppActor pid=15853)[0m Accuracy     : 52.25%
[36m(ClientAppActor pid=15853)[0m Time         : 20.44s
[36m(ClientAppActor pid=15853)[0m Images       : 2000
[36m(ClientAppActor pid=15853)[0m Images/sec   : 97.83
[36m(ClientAppActor pid=15853)[0m GPU Allocated: 2.25 GB
[36m(ClientAppActor pid=15853)[0m GPU Reserved : 5.42 GB
[36m(ClientAppActor pid=15853)[0m ==================================================
[36m(ClientAppActor pid=15853)[0m END classifier norm: 13.065351486206055
[36m(ClientAppActor pid=15853)[0m Client 1 finished training
[36m(ClientAppActor pid=15853)[0m Client 1 extracting parameters...
[36m(ClientAppActor pid=15853)[0m Client 1 parameter extraction complete
[36m(ClientAppActor pid=15853)[0m Client 1 returning results

FAFT Round 4: results=5, failures=0

Round 4 Prototype Aggregated

Real memory norm = 0.8943
Fake memory norm = 0.8936
Saved: saved_models/global_model_round_4.pth
Round 4: model saved successfully
Broadcasting 253 tensors (251 weights + memory)
[36m(ClientAppActor pid=15853)[0m Client 1 using cuda
[36m(ClientAppActor pid=15853)[0m {'fake': 0, 'real': 1}
[36m(ClientAppActor pid=15853)[0m [DEBUG MODE] Train=2000, Val=100, Test=100
[36m(ClientAppActor pid=15853)[0m 
[36m(ClientAppActor pid=15853)[0m Client 1 Class Distribution
[36m(ClientAppActor pid=15853)[0m Train: Counter({1: 1011, 0: 989})
[36m(ClientAppActor pid=15853)[0m Val  : Counter({0: 55, 1: 45})
[36m(ClientAppActor pid=15853)[0m Test : Counter({0: 53, 1: 47})
[36m(ClientAppActor pid=15853)[0m Client 1
[36m(ClientAppActor pid=15853)[0m Train Images: 2000
[36m(ClientAppActor pid=15853)[0m Test Images : 100
[36m(ClientAppActor pid=15853)[0m Validate Images : 100
[36m(ClientAppActor pid=15853)[0m 
[36m(ClientAppActor pid=15853)[0m CLIENT 1 STARTING EVALUATION
[36m(ClientAppActor pid=15853)[0m Client 1 received class memories
[36m(ClientAppActor pid=15853)[0m Real memory norm=0.8943
[36m(ClientAppActor pid=15853)[0m Fake memory norm=0.8936
[36m(ClientAppActor pid=15853)[0m Artifact bias shape: torch.Size([32, 8, 197, 197])
[36m(ClientAppActor pid=15853)[0m Accuracy: 0.5600
[36m(ClientAppActor pid=15853)[0m 
[36m(ClientAppActor pid=15853)[0m CLIENT 1 EVALUATION COMPLETE
[36m(ClientAppActor pid=15853)[0m Client 4 using cuda
[36m(ClientAppActor pid=15853)[0m {'fake': 0, 'real': 1}
[36m(ClientAppActor pid=15853)[0m [DEBUG MODE] Train=2000, Val=100, Test=100
[36m(ClientAppActor pid=15853)[0m 
[36m(ClientAppActor pid=15853)[0m Client 4 Class Distribution
[36m(ClientAppActor pid=15853)[0m Train: Counter({0: 1013, 1: 987})
[36m(ClientAppActor pid=15853)[0m Val  : Counter({0: 56, 1: 44})
[36m(ClientAppActor pid=15853)[0m Test : Counter({1: 53, 0: 47})
[36m(ClientAppActor pid=15853)[0m Client 4
[36m(ClientAppActor pid=15853)[0m Train Images: 2000
[36m(ClientAppActor pid=15853)[0m Test Images : 100
[36m(ClientAppActor pid=15853)[0m Validate Images : 100
[36m(ClientAppActor pid=15853)[0m 
[36m(ClientAppActor pid=15853)[0m CLIENT 4 STARTING EVALUATION
[36m(ClientAppActor pid=15853)[0m Client 4 received class memories
[36m(ClientAppActor pid=15853)[0m Real memory norm=0.8943
[36m(ClientAppActor pid=15853)[0m Fake memory norm=0.8936
[36m(ClientAppActor pid=15853)[0m Artifact bias shape: torch.Size([32, 8, 197, 197])
[36m(ClientAppActor pid=15853)[0m Accuracy: 0.6500
[36m(ClientAppActor pid=15853)[0m 
[36m(ClientAppActor pid=15853)[0m CLIENT 4 EVALUATION COMPLETE
[36m(ClientAppActor pid=15853)[0m Client 2 using cuda
[36m(ClientAppActor pid=15853)[0m {'fake': 0, 'real': 1}
[36m(ClientAppActor pid=15853)[0m [DEBUG MODE] Train=2000, Val=100, Test=100
[36m(ClientAppActor pid=15853)[0m 
[36m(ClientAppActor pid=15853)[0m Client 2 Class Distribution
[36m(ClientAppActor pid=15853)[0m Train: Counter({0: 1012, 1: 988})
[36m(ClientAppActor pid=15853)[0m Val  : Counter({0: 60, 1: 40})
[36m(ClientAppActor pid=15853)[0m Test : Counter({0: 51, 1: 49})
[36m(ClientAppActor pid=15853)[0m Client 2
[36m(ClientAppActor pid=15853)[0m Train Images: 2000
[36m(ClientAppActor pid=15853)[0m Test Images : 100
[36m(ClientAppActor pid=15853)[0m Validate Images : 100
[36m(ClientAppActor pid=15853)[0m 
[36m(ClientAppActor pid=15853)[0m CLIENT 2 STARTING EVALUATION
[36m(ClientAppActor pid=15853)[0m Client 2 received class memories
[36m(ClientAppActor pid=15853)[0m Real memory norm=0.8943
[36m(ClientAppActor pid=15853)[0m Fake memory norm=0.8936
[36m(ClientAppActor pid=15853)[0m Artifact bias shape: torch.Size([32, 8, 197, 197])
[36m(ClientAppActor pid=15853)[0m Accuracy: 0.6000
[36m(ClientAppActor pid=15853)[0m 
[36m(ClientAppActor pid=15853)[0m CLIENT 2 EVALUATION COMPLETE
[36m(ClientAppActor pid=15853)[0m Client 3 using cuda
[36m(ClientAppActor pid=15853)[0m {'fake': 0, 'real': 1}
[36m(ClientAppActor pid=15853)[0m [DEBUG MODE] Train=2000, Val=100, Test=100
[36m(ClientAppActor pid=15853)[0m 
[36m(ClientAppActor pid=15853)[0m Client 3 Class Distribution
[36m(ClientAppActor pid=15853)[0m Train: Counter({1: 1024, 0: 976})
[36m(ClientAppActor pid=15853)[0m Val  : Counter({1: 54, 0: 46})
[36m(ClientAppActor pid=15853)[0m Test : Counter({1: 50, 0: 50})
[36m(ClientAppActor pid=15853)[0m Client 3
[36m(ClientAppActor pid=15853)[0m Train Images: 2000
[36m(ClientAppActor pid=15853)[0m Test Images : 100
[36m(ClientAppActor pid=15853)[0m Validate Images : 100
[36m(ClientAppActor pid=15853)[0m 
[36m(ClientAppActor pid=15853)[0m CLIENT 3 STARTING EVALUATION
[36m(ClientAppActor pid=15853)[0m 
Testing:  25%|██▌       | 1/4 [00:00<00:00,  5.01it/s]
[36m(ClientAppActor pid=15853)[0m 
Testing:  50%|█████     | 2/4 [00:00<00:00,  4.98it/s]
[36m(ClientAppActor pid=15853)[0m 
Testing:  75%|███████▌  | 3/4 [00:00<00:00,  4.98it/s]
[36m(ClientAppActor pid=15853)[0m 
Testing: 100%|██████████| 4/4 [00:00<00:00,  6.31it/s]
[36m(ClientAppActor pid=15853)[0m 
Testing:   0%|          | 0/4 [00:00<?, ?it/s]
[36m(ClientAppActor pid=15853)[0m 
Testing:  25%|██▌       | 1/4 [00:00<00:00,  5.02it/s]
[36m(ClientAppActor pid=15853)[0m 
Testing:  50%|█████     | 2/4 [00:00<00:00,  5.00it/s]
[36m(ClientAppActor pid=15853)[0m 
Testing:  75%|███████▌  | 3/4 [00:00<00:00,  4.99it/s]
Testing: 100%|██████████| 4/4 [00:00<00:00,  6.34it/s]
[92mINFO [0m:      aggregate_evaluate: received 5 results and 0 failures
[92mINFO [0m:      
[92mINFO [0m:      [ROUND 5]
[92mINFO [0m:      configure_fit: strategy sampled 5 clients (out of 5)
[36m(ClientAppActor pid=15853)[0m 
Epoch 1/1:   0%|          | 0/63 [00:00<?, ?it/s]
[36m(ClientAppActor pid=15853)[0m 
Epoch 1/1:   0%|          | 0/63 [00:00<?, ?it/s, loss=0.6894, acc=62.50%, img/s=95.0, eta=0.3m]
Epoch 1/1:   2%|▏         | 1/63 [00:00<00:20,  2.97it/s, loss=0.6894, acc=62.50%, img/s=95.0, eta=0.3m]
[36m(ClientAppActor pid=15853)[0m 
Epoch 1/1:   2%|▏         | 1/63 [00:00<00:20,  2.97it/s, loss=0.6841, acc=59.38%, img/s=96.7, eta=0.3m]
Epoch 1/1:   3%|▎         | 2/63 [00:00<00:20,  3.03it/s, loss=0.6841, acc=59.38%, img/s=96.7, eta=0.3m]
[36m(ClientAppActor pid=15853)[0m 
Epoch 1/1:   3%|▎         | 2/63 [00:00<00:20,  3.03it/s, loss=0.6765, acc=58.33%, img/s=97.4, eta=0.3m]
Epoch 1/1:   5%|▍         | 3/63 [00:00<00:19,  3.06it/s, loss=0.6765, acc=58.33%, img/s=97.4, eta=0.3m]
[36m(ClientAppActor pid=15853)[0m 
Epoch 1/1:   5%|▍         | 3/63 [00:01<00:19,  3.06it/s, loss=0.6931, acc=55.47%, img/s=97.6, eta=0.3m]
Epoch 1/1:   6%|▋         | 4/63 [00:01<00:19,  3.06it/s, loss=0.6931, acc=55.47%, img/s=97.6, eta=0.3m]
[36m(ClientAppActor pid=15853)[0m 
Epoch 1/1:   6%|▋         | 4/63 [00:01<00:19,  3.06it/s, loss=0.6864, acc=55.62%, img/s=97.8, eta=0.3m]
Epoch 1/1:   8%|▊         | 5/63 [00:01<00:18,  3.07it/s, loss=0.6864, acc=55.62%, img/s=97.8, eta=0.3m]
[36m(ClientAppActor pid=15853)[0m 
Epoch 1/1:   8%|▊         | 5/63 [00:01<00:18,  3.07it/s, loss=0.6805, acc=55.73%, img/s=98.0, eta=0.3m]
Epoch 1/1:  10%|▉         | 6/63 [00:01<00:18,  3.08it/s, loss=0.6805, acc=55.73%, img/s=98.0, eta=0.3m]
[36m(ClientAppActor pid=15853)[0m 
Epoch 1/1:  10%|▉         | 6/63 [00:02<00:18,  3.08it/s, loss=0.6675, acc=56.70%, img/s=98.1, eta=0.3m]
Epoch 1/1:  11%|█         | 7/63 [00:02<00:18,  3.08it/s, loss=0.6675, acc=56.70%, img/s=98.1, eta=0.3m]
[36m(ClientAppActor pid=15853)[0m 
Epoch 1/1:  11%|█         | 7/63 [00:02<00:18,  3.08it/s, loss=0.6655, acc=57.42%, img/s=98.2, eta=0.3m]
Epoch 1/1:  13%|█▎        | 8/63 [00:02<00:17,  3.08it/s, loss=0.6655, acc=57.42%, img/s=98.2, eta=0.3m]
[36m(ClientAppActor pid=15853)[0m 
Epoch 1/1:  13%|█▎        | 8/63 [00:02<00:17,  3.08it/s, loss=0.6711, acc=57.99%, img/s=98.3, eta=0.3m]
Epoch 1/1:  14%|█▍        | 9/63 [00:02<00:17,  3.09it/s, loss=0.6711, acc=57.99%, img/s=98.3, eta=0.3m]
[36m(ClientAppActor pid=15853)[0m 
Epoch 1/1:  14%|█▍        | 9/63 [00:03<00:17,  3.09it/s, loss=0.6644, acc=58.75%, img/s=98.3, eta=0.3m]
Epoch 1/1:  16%|█▌        | 10/63 [00:03<00:17,  3.09it/s, loss=0.6644, acc=58.75%, img/s=98.3, eta=0.3m]
[36m(ClientAppActor pid=15853)[0m 
Epoch 1/1:  16%|█▌        | 10/63 [00:03<00:17,  3.09it/s, loss=0.6675, acc=59.09%, img/s=98.4, eta=0.3m]
Epoch 1/1:  17%|█▋        | 11/63 [00:03<00:16,  3.09it/s, loss=0.6675, acc=59.09%, img/s=98.4, eta=0.3m]
[36m(ClientAppActor pid=15853)[0m 
Epoch 1/1:  17%|█▋        | 11/63 [00:03<00:16,  3.09it/s, loss=0.7219, acc=57.55%, img/s=98.4, eta=0.3m]
Epoch 1/1:  19%|█▉        | 12/63 [00:03<00:16,  3.09it/s, loss=0.7219, acc=57.55%, img/s=98.4, eta=0.3m]
[36m(ClientAppActor pid=15853)[0m 
Epoch 1/1:  19%|█▉        | 12/63 [00:04<00:16,  3.09it/s, loss=0.6232, acc=58.65%, img/s=98.5, eta=0.3m]
Epoch 1/1:  21%|██        | 13/63 [00:04<00:16,  3.09it/s, loss=0.6232, acc=58.65%, img/s=98.5, eta=0.3m]
[36m(ClientAppActor pid=15853)[0m 
Epoch 1/1:  21%|██        | 13/63 [00:04<00:16,  3.09it/s, loss=0.6457, acc=59.15%, img/s=98.5, eta=0.3m]
Epoch 1/1:  22%|██▏       | 14/63 [00:04<00:15,  3.09it/s, loss=0.6457, acc=59.15%, img/s=98.5, eta=0.3m]
[36m(ClientAppActor pid=15853)[0m 
Epoch 1/1:  22%|██▏       | 14/63 [00:04<00:15,  3.09it/s, loss=0.5873, acc=60.00%, img/s=98.5, eta=0.3m]
Epoch 1/1:  24%|██▍       | 15/63 [00:04<00:15,  3.09it/s, loss=0.5873, acc=60.00%, img/s=98.5, eta=0.3m]
[36m(ClientAppActor pid=15853)[0m 
Epoch 1/1:  24%|██▍       | 15/63 [00:05<00:15,  3.09it/s, loss=0.6373, acc=60.55%, img/s=98.5, eta=0.3m]
Epoch 1/1:  25%|██▌       | 16/63 [00:05<00:15,  3.09it/s, loss=0.6373, acc=60.55%, img/s=98.5, eta=0.3m]
[36m(ClientAppActor pid=15853)[0m 
Epoch 1/1:  25%|██▌       | 16/63 [00:05<00:15,  3.09it/s, loss=0.6193, acc=61.40%, img/s=98.5, eta=0.2m]
Epoch 1/1:  27%|██▋       | 17/63 [00:05<00:14,  3.08it/s, loss=0.6193, acc=61.40%, img/s=98.5, eta=0.2m]
[36m(ClientAppActor pid=15853)[0m 
Epoch 1/1:  27%|██▋       | 17/63 [00:05<00:14,  3.08it/s, loss=0.6825, acc=61.28%, img/s=98.5, eta=0.2m]
Epoch 1/1:  29%|██▊       | 18/63 [00:05<00:14,  3.08it/s, loss=0.6825, acc=61.28%, img/s=98.5, eta=0.2m]
[36m(ClientAppActor pid=15853)[0m 
Epoch 1/1:  29%|██▊       | 18/63 [00:06<00:14,  3.08it/s, loss=0.6340, acc=61.68%, img/s=98.5, eta=0.2m]
Epoch 1/1:  30%|███       | 19/63 [00:06<00:14,  3.08it/s, loss=0.6340, acc=61.68%, img/s=98.5, eta=0.2m]
[36m(ClientAppActor pid=15853)[0m 
Epoch 1/1:  30%|███       | 19/63 [00:06<00:14,  3.08it/s, loss=0.5676, acc=62.50%, img/s=98.5, eta=0.2m]
Epoch 1/1:  32%|███▏      | 20/63 [00:06<00:13,  3.08it/s, loss=0.5676, acc=62.50%, img/s=98.5, eta=0.2m]
[36m(ClientAppActor pid=15853)[0m 
Epoch 1/1:  32%|███▏      | 20/63 [00:06<00:13,  3.08it/s, loss=0.6436, acc=62.50%, img/s=98.5, eta=0.2m]
Epoch 1/1:  33%|███▎      | 21/63 [00:06<00:13,  3.08it/s, loss=0.6436, acc=62.50%, img/s=98.5, eta=0.2m]
[36m(ClientAppActor pid=15853)[0m 
Epoch 1/1:  33%|███▎      | 21/63 [00:07<00:13,  3.08it/s, loss=0.5964, acc=63.07%, img/s=98.5, eta=0.2m]
Epoch 1/1:  35%|███▍      | 22/63 [00:07<00:13,  3.08it/s, loss=0.5964, acc=63.07%, img/s=98.5, eta=0.2m]
[36m(ClientAppActor pid=15853)[0m 
Epoch 1/1:  35%|███▍      | 22/63 [00:07<00:13,  3.08it/s, loss=0.7247, acc=62.91%, img/s=98.5, eta=0.2m]
[36m(ClientAppActor pid=15853)[0m 
Epoch 1/1:  37%|███▋      | 23/63 [00:07<00:13,  3.07it/s, loss=0.7247, acc=62.91%, img/s=98.5, eta=0.2m]
[36m(ClientAppActor pid=15853)[0m 
Epoch 1/1:  37%|███▋      | 23/63 [00:07<00:13,  3.07it/s, loss=0.6911, acc=62.63%, img/s=98.5, eta=0.2m]
Epoch 1/1:  38%|███▊      | 24/63 [00:07<00:12,  3.08it/s, loss=0.6911, acc=62.63%, img/s=98.5, eta=0.2m]
[36m(ClientAppActor pid=15853)[0m 
Epoch 1/1:  38%|███▊      | 24/63 [00:08<00:12,  3.08it/s, loss=0.5396, acc=63.38%, img/s=98.5, eta=0.2m]
Epoch 1/1:  40%|███▉      | 25/63 [00:08<00:12,  3.08it/s, loss=0.5396, acc=63.38%, img/s=98.5, eta=0.2m]
[36m(ClientAppActor pid=15853)[0m 
Epoch 1/1:  40%|███▉      | 25/63 [00:08<00:12,  3.08it/s, loss=0.6914, acc=63.22%, img/s=98.5, eta=0.2m]
Epoch 1/1:  41%|████▏     | 26/63 [00:08<00:12,  3.08it/s, loss=0.6914, acc=63.22%, img/s=98.5, eta=0.2m]
[36m(ClientAppActor pid=15853)[0m 
Epoch 1/1:  41%|████▏     | 26/63 [00:08<00:12,  3.08it/s, loss=0.7027, acc=63.19%, img/s=98.5, eta=0.2m]
Epoch 1/1:  43%|████▎     | 27/63 [00:08<00:11,  3.08it/s, loss=0.7027, acc=63.19%, img/s=98.5, eta=0.2m]
[36m(ClientAppActor pid=15853)[0m 
Epoch 1/1:  43%|████▎     | 27/63 [00:09<00:11,  3.08it/s, loss=0.6283, acc=63.06%, img/s=98.6, eta=0.2m]
Epoch 1/1:  44%|████▍     | 28/63 [00:09<00:11,  3.08it/s, loss=0.6283, acc=63.06%, img/s=98.6, eta=0.2m]
[36m(ClientAppActor pid=15853)[0m 
Epoch 1/1:  44%|████▍     | 28/63 [00:09<00:11,  3.08it/s, loss=0.6315, acc=62.82%, img/s=98.9, eta=0.2m]
Epoch 1/1:  46%|████▌     | 29/63 [00:09<00:10,  3.18it/s, loss=0.6315, acc=62.82%, img/s=98.9, eta=0.2m]
[36m(ClientAppActor pid=15853)[0m 
Epoch 1/1:  46%|████▌     | 29/63 [00:09<00:10,  3.18it/s, loss=0.7005, acc=62.60%, img/s=98.9, eta=0.2m]
Epoch 1/1:  48%|████▊     | 30/63 [00:09<00:10,  3.16it/s, loss=0.7005, acc=62.60%, img/s=98.9, eta=0.2m]
[36m(ClientAppActor pid=15853)[0m 
Epoch 1/1:  48%|████▊     | 30/63 [00:10<00:10,  3.16it/s, loss=0.5138, acc=63.41%, img/s=98.9, eta=0.2m]
Epoch 1/1:  49%|████▉     | 31/63 [00:10<00:10,  3.13it/s, loss=0.5138, acc=63.41%, img/s=98.9, eta=0.2m]
[36m(ClientAppActor pid=15853)[0m 
Epoch 1/1:  49%|████▉     | 31/63 [00:10<00:10,  3.13it/s, loss=0.7080, acc=63.38%, img/s=98.9, eta=0.2m]
Epoch 1/1:  51%|█████     | 32/63 [00:10<00:09,  3.12it/s, loss=0.7080, acc=63.38%, img/s=98.9, eta=0.2m]
[36m(ClientAppActor pid=15853)[0m 
Epoch 1/1:  51%|█████     | 32/63 [00:10<00:09,  3.12it/s, loss=0.6771, acc=63.35%, img/s=98.9, eta=0.2m]
Epoch 1/1:  52%|█████▏    | 33/63 [00:10<00:09,  3.11it/s, loss=0.6771, acc=63.35%, img/s=98.9, eta=0.2m]
[36m(ClientAppActor pid=15853)[0m 
Epoch 1/1:  52%|█████▏    | 33/63 [00:11<00:09,  3.11it/s, loss=0.5817, acc=63.42%, img/s=98.9, eta=0.2m]
Epoch 1/1:  54%|█████▍    | 34/63 [00:11<00:09,  3.11it/s, loss=0.5817, acc=63.42%, img/s=98.9, eta=0.2m]
[36m(ClientAppActor pid=15853)[0m 
Epoch 1/1:  54%|█████▍    | 34/63 [00:11<00:09,  3.11it/s, loss=0.6063, acc=63.66%, img/s=98.9, eta=0.2m]
Epoch 1/1:  56%|█████▌    | 35/63 [00:11<00:09,  3.10it/s, loss=0.6063, acc=63.66%, img/s=98.9, eta=0.2m]
[36m(ClientAppActor pid=15853)[0m 
Epoch 1/1:  56%|█████▌    | 35/63 [00:11<00:09,  3.10it/s, loss=0.4850, acc=64.06%, img/s=98.9, eta=0.1m]
Epoch 1/1:  57%|█████▋    | 36/63 [00:11<00:08,  3.09it/s, loss=0.4850, acc=64.06%, img/s=98.9, eta=0.1m]
[36m(ClientAppActor pid=15853)[0m 
Epoch 1/1:  57%|█████▋    | 36/63 [00:11<00:08,  3.09it/s, loss=0.4560, acc=64.44%, img/s=98.9, eta=0.1m]
Epoch 1/1:  59%|█████▊    | 37/63 [00:11<00:08,  3.09it/s, loss=0.4560, acc=64.44%, img/s=98.9, eta=0.1m]
[36m(ClientAppActor pid=15853)[0m 
Epoch 1/1:  59%|█████▊    | 37/63 [00:12<00:08,  3.09it/s, loss=0.7172, acc=64.23%, img/s=98.9, eta=0.1m]
Epoch 1/1:  60%|██████    | 38/63 [00:12<00:08,  3.08it/s, loss=0.7172, acc=64.23%, img/s=98.9, eta=0.1m]
[36m(ClientAppActor pid=15853)[0m 
Epoch 1/1:  60%|██████    | 38/63 [00:12<00:08,  3.08it/s, loss=0.8045, acc=63.94%, img/s=98.9, eta=0.1m]
Epoch 1/1:  62%|██████▏   | 39/63 [00:12<00:07,  3.09it/s, loss=0.8045, acc=63.94%, img/s=98.9, eta=0.1m]
[36m(ClientAppActor pid=15853)[0m 
Epoch 1/1:  62%|██████▏   | 39/63 [00:12<00:07,  3.09it/s, loss=0.6953, acc=63.91%, img/s=98.8, eta=0.1m]
Epoch 1/1:  63%|██████▎   | 40/63 [00:12<00:07,  3.08it/s, loss=0.6953, acc=63.91%, img/s=98.8, eta=0.1m]
[36m(ClientAppActor pid=15853)[0m 
Epoch 1/1:  63%|██████▎   | 40/63 [00:13<00:07,  3.08it/s, loss=0.5674, acc=64.18%, img/s=98.8, eta=0.1m]
Epoch 1/1:  65%|██████▌   | 41/63 [00:13<00:07,  3.08it/s, loss=0.5674, acc=64.18%, img/s=98.8, eta=0.1m]
[36m(ClientAppActor pid=15853)[0m 
Epoch 1/1:  65%|██████▌   | 41/63 [00:13<00:07,  3.08it/s, loss=0.5038, acc=64.58%, img/s=98.8, eta=0.1m]
Epoch 1/1:  67%|██████▋   | 42/63 [00:13<00:06,  3.09it/s, loss=0.5038, acc=64.58%, img/s=98.8, eta=0.1m]
[36m(ClientAppActor pid=15853)[0m 
Epoch 1/1:  67%|██████▋   | 42/63 [00:13<00:06,  3.09it/s, loss=0.6323, acc=64.53%, img/s=98.8, eta=0.1m]
Epoch 1/1:  68%|██████▊   | 43/63 [00:13<00:06,  3.08it/s, loss=0.6323, acc=64.53%, img/s=98.8, eta=0.1m]
[36m(ClientAppActor pid=15853)[0m 
Epoch 1/1:  68%|██████▊   | 43/63 [00:14<00:06,  3.08it/s, loss=0.5863, acc=64.63%, img/s=98.8, eta=0.1m]
Epoch 1/1:  70%|██████▉   | 44/63 [00:14<00:06,  3.08it/s, loss=0.5863, acc=64.63%, img/s=98.8, eta=0.1m]
[36m(ClientAppActor pid=15853)[0m 
Epoch 1/1:  70%|██████▉   | 44/63 [00:14<00:06,  3.08it/s, loss=0.6623, acc=64.51%, img/s=98.8, eta=0.1m]
Epoch 1/1:  71%|███████▏  | 45/63 [00:14<00:05,  3.08it/s, loss=0.6623, acc=64.51%, img/s=98.8, eta=0.1m]
[36m(ClientAppActor pid=15853)[0m 
Epoch 1/1:  71%|███████▏  | 45/63 [00:14<00:05,  3.08it/s, loss=0.5527, acc=64.61%, img/s=98.8, eta=0.1m]
Epoch 1/1:  73%|███████▎  | 46/63 [00:14<00:05,  3.08it/s, loss=0.5527, acc=64.61%, img/s=98.8, eta=0.1m]
[36m(ClientAppActor pid=15853)[0m 
Epoch 1/1:  73%|███████▎  | 46/63 [00:15<00:05,  3.08it/s, loss=0.6578, acc=64.43%, img/s=98.8, eta=0.1m]
Epoch 1/1:  75%|███████▍  | 47/63 [00:15<00:05,  3.08it/s, loss=0.6578, acc=64.43%, img/s=98.8, eta=0.1m]
[36m(ClientAppActor pid=15853)[0m 
Epoch 1/1:  75%|███████▍  | 47/63 [00:15<00:05,  3.08it/s, loss=0.6614, acc=64.32%, img/s=98.8, eta=0.1m]
Epoch 1/1:  76%|███████▌  | 48/63 [00:15<00:04,  3.08it/s, loss=0.6614, acc=64.32%, img/s=98.8, eta=0.1m]
[36m(ClientAppActor pid=15853)[0m 
Epoch 1/1:  76%|███████▌  | 48/63 [00:15<00:04,  3.08it/s, loss=0.7367, acc=64.09%, img/s=98.8, eta=0.1m]
Epoch 1/1:  78%|███████▊  | 49/63 [00:15<00:04,  3.08it/s, loss=0.7367, acc=64.09%, img/s=98.8, eta=0.1m]
[36m(ClientAppActor pid=15853)[0m 
Epoch 1/1:  78%|███████▊  | 49/63 [00:16<00:04,  3.08it/s, loss=0.6940, acc=64.06%, img/s=98.8, eta=0.1m]
Epoch 1/1:  79%|███████▉  | 50/63 [00:16<00:04,  3.08it/s, loss=0.6940, acc=64.06%, img/s=98.8, eta=0.1m]
[36m(ClientAppActor pid=15853)[0m 
Epoch 1/1:  79%|███████▉  | 50/63 [00:16<00:04,  3.08it/s, loss=0.4780, acc=64.52%, img/s=98.8, eta=0.1m]
Epoch 1/1:  81%|████████  | 51/63 [00:16<00:03,  3.08it/s, loss=0.4780, acc=64.52%, img/s=98.8, eta=0.1m]
[36m(ClientAppActor pid=15853)[0m 
Epoch 1/1:  81%|████████  | 51/63 [00:16<00:03,  3.08it/s, loss=0.5312, acc=64.78%, img/s=98.8, eta=0.1m]
Epoch 1/1:  83%|████████▎ | 52/63 [00:16<00:03,  3.08it/s, loss=0.5312, acc=64.78%, img/s=98.8, eta=0.1m]
[36m(ClientAppActor pid=15853)[0m 
Epoch 1/1:  83%|████████▎ | 52/63 [00:17<00:03,  3.08it/s, loss=0.7168, acc=64.62%, img/s=98.8, eta=0.1m]
Epoch 1/1:  84%|████████▍ | 53/63 [00:17<00:03,  3.08it/s, loss=0.7168, acc=64.62%, img/s=98.8, eta=0.1m]
[36m(ClientAppActor pid=15853)[0m 
Epoch 1/1:  84%|████████▍ | 53/63 [00:17<00:03,  3.08it/s, loss=0.4752, acc=64.81%, img/s=98.8, eta=0.0m]
Epoch 1/1:  86%|████████▌ | 54/63 [00:17<00:02,  3.09it/s, loss=0.4752, acc=64.81%, img/s=98.8, eta=0.0m]
[36m(ClientAppActor pid=15853)[0m 
Epoch 1/1:  86%|████████▌ | 54/63 [00:17<00:02,  3.09it/s, loss=0.5294, acc=65.06%, img/s=98.8, eta=0.0m]
Epoch 1/1:  87%|████████▋ | 55/63 [00:17<00:02,  3.08it/s, loss=0.5294, acc=65.06%, img/s=98.8, eta=0.0m]
[36m(ClientAppActor pid=15853)[0m 
Epoch 1/1:  87%|████████▋ | 55/63 [00:18<00:02,  3.08it/s, loss=0.6341, acc=65.18%, img/s=98.8, eta=0.0m]
Epoch 1/1:  89%|████████▉ | 56/63 [00:18<00:02,  3.09it/s, loss=0.6341, acc=65.18%, img/s=98.8, eta=0.0m]
[36m(ClientAppActor pid=15853)[0m 
Epoch 1/1:  89%|████████▉ | 56/63 [00:18<00:02,  3.09it/s, loss=0.4385, acc=65.46%, img/s=98.8, eta=0.0m]
Epoch 1/1:  90%|█████████ | 57/63 [00:18<00:01,  3.08it/s, loss=0.4385, acc=65.46%, img/s=98.8, eta=0.0m]
[36m(ClientAppActor pid=15853)[0m 
Epoch 1/1:  90%|█████████ | 57/63 [00:18<00:01,  3.08it/s, loss=0.6113, acc=65.36%, img/s=98.8, eta=0.0m]
Epoch 1/1:  92%|█████████▏| 58/63 [00:18<00:01,  3.09it/s, loss=0.6113, acc=65.36%, img/s=98.8, eta=0.0m]
[36m(ClientAppActor pid=15853)[0m 
Epoch 1/1:  92%|█████████▏| 58/63 [00:19<00:01,  3.09it/s, loss=0.5715, acc=65.41%, img/s=98.8, eta=0.0m]
Epoch 1/1:  94%|█████████▎| 59/63 [00:19<00:01,  3.08it/s, loss=0.5715, acc=65.41%, img/s=98.8, eta=0.0m]
[36m(ClientAppActor pid=15853)[0m 
Epoch 1/1:  94%|█████████▎| 59/63 [00:19<00:01,  3.08it/s, loss=0.8008, acc=65.36%, img/s=98.8, eta=0.0m]
Epoch 1/1:  95%|█████████▌| 60/63 [00:19<00:00,  3.08it/s, loss=0.8008, acc=65.36%, img/s=98.8, eta=0.0m]
[36m(ClientAppActor pid=15853)[0m 
Epoch 1/1:  95%|█████████▌| 60/63 [00:19<00:00,  3.08it/s, loss=0.6546, acc=65.32%, img/s=98.8, eta=0.0m]
Epoch 1/1:  97%|█████████▋| 61/63 [00:19<00:00,  3.08it/s, loss=0.6546, acc=65.32%, img/s=98.8, eta=0.0m]
[36m(ClientAppActor pid=15853)[0m 
Epoch 1/1:  97%|█████████▋| 61/63 [00:20<00:00,  3.08it/s, loss=0.5765, acc=65.37%, img/s=98.8, eta=0.0m]
Epoch 1/1:  98%|█████████▊| 62/63 [00:20<00:00,  3.07it/s, loss=0.5765, acc=65.37%, img/s=98.8, eta=0.0m]
[36m(ClientAppActor pid=15853)[0m 
Epoch 1/1:  98%|█████████▊| 62/63 [00:20<00:00,  3.07it/s, loss=0.6242, acc=65.25%, img/s=49.7, eta=0.0m]
Epoch 1/1: 100%|██████████| 63/63 [00:20<00:00,  3.49it/s, loss=0.6242, acc=65.25%, img/s=49.7, eta=0.0m]
Epoch 1/1: 100%|██████████| 63/63 [00:20<00:00,  3.11it/s, loss=0.6242, acc=65.25%, img/s=49.7, eta=0.0m]
[36m(ClientAppActor pid=15853)[0m 
Epoch 1/1:   0%|          | 0/63 [00:00<?, ?it/s]
[36m(ClientAppActor pid=15853)[0m 
Epoch 1/1:   0%|          | 0/63 [00:00<?, ?it/s, loss=0.6918, acc=62.50%, img/s=95.5, eta=0.3m]
Epoch 1/1:   2%|▏         | 1/63 [00:00<00:20,  2.98it/s, loss=0.6918, acc=62.50%, img/s=95.5, eta=0.3m]
[36m(ClientAppActor pid=15853)[0m 
Epoch 1/1:   2%|▏         | 1/63 [00:00<00:20,  2.98it/s, loss=0.6923, acc=57.81%, img/s=97.0, eta=0.3m]
Epoch 1/1:   3%|▎         | 2/63 [00:00<00:20,  3.04it/s, loss=0.6923, acc=57.81%, img/s=97.0, eta=0.3m]
[36m(ClientAppActor pid=15853)[0m 
Epoch 1/1:   3%|▎         | 2/63 [00:00<00:20,  3.04it/s, loss=0.6780, acc=57.29%, img/s=97.5, eta=0.3m]
Epoch 1/1:   5%|▍         | 3/63 [00:00<00:19,  3.06it/s, loss=0.6780, acc=57.29%, img/s=97.5, eta=0.3m]
[36m(ClientAppActor pid=15853)[0m 
Epoch 1/1:   5%|▍         | 3/63 [00:01<00:19,  3.06it/s, loss=0.6661, acc=58.59%, img/s=97.6, eta=0.3m]
Epoch 1/1:   6%|▋         | 4/63 [00:01<00:19,  3.06it/s, loss=0.6661, acc=58.59%, img/s=97.6, eta=0.3m]
[36m(ClientAppActor pid=15853)[0m 
Epoch 1/1:   6%|▋         | 4/63 [00:01<00:19,  3.06it/s, loss=0.7309, acc=55.62%, img/s=97.9, eta=0.3m]
Epoch 1/1:   8%|▊         | 5/63 [00:01<00:18,  3.07it/s, loss=0.7309, acc=55.62%, img/s=97.9, eta=0.3m]
[36m(ClientAppActor pid=15853)[0m 
Epoch 1/1:   8%|▊         | 5/63 [00:01<00:18,  3.07it/s, loss=0.6580, acc=56.25%, img/s=98.0, eta=0.3m]
Epoch 1/1:  10%|▉         | 6/63 [00:01<00:18,  3.07it/s, loss=0.6580, acc=56.25%, img/s=98.0, eta=0.3m]
[36m(ClientAppActor pid=15853)[0m 
Epoch 1/1:  10%|▉         | 6/63 [00:02<00:18,  3.07it/s, loss=0.6756, acc=55.80%, img/s=98.0, eta=0.3m]
Epoch 1/1:  11%|█         | 7/63 [00:02<00:18,  3.07it/s, loss=0.6756, acc=55.80%, img/s=98.0, eta=0.3m]
[36m(ClientAppActor pid=15853)[0m 
Epoch 1/1:  11%|█         | 7/63 [00:02<00:18,  3.07it/s, loss=0.6817, acc=54.69%, img/s=98.1, eta=0.3m]
Epoch 1/1:  13%|█▎        | 8/63 [00:02<00:17,  3.08it/s, loss=0.6817, acc=54.69%, img/s=98.1, eta=0.3m]
[36m(ClientAppActor pid=15853)[0m 
Epoch 1/1:  13%|█▎        | 8/63 [00:02<00:17,  3.08it/s, loss=0.6764, acc=54.51%, img/s=98.1, eta=0.3m]
Epoch 1/1:  14%|█▍        | 9/63 [00:02<00:17,  3.08it/s, loss=0.6764, acc=54.51%, img/s=98.1, eta=0.3m]
[36m(ClientAppActor pid=15853)[0m 
Epoch 1/1:  14%|█▍        | 9/63 [00:03<00:17,  3.08it/s, loss=0.6591, acc=55.94%, img/s=98.2, eta=0.3m]
Epoch 1/1:  16%|█▌        | 10/63 [00:03<00:17,  3.08it/s, loss=0.6591, acc=55.94%, img/s=98.2, eta=0.3m]
[36m(ClientAppActor pid=15853)[0m 
Epoch 1/1:  16%|█▌        | 10/63 [00:03<00:17,  3.08it/s, loss=0.6910, acc=56.53%, img/s=98.2, eta=0.3m]
Epoch 1/1:  17%|█▋        | 11/63 [00:03<00:16,  3.08it/s, loss=0.6910, acc=56.53%, img/s=98.2, eta=0.3m]
[36m(ClientAppActor pid=15853)[0m 
Epoch 1/1:  17%|█▋        | 11/63 [00:03<00:16,  3.08it/s, loss=0.6491, acc=57.29%, img/s=98.3, eta=0.3m]
Epoch 1/1:  19%|█▉        | 12/63 [00:03<00:16,  3.08it/s, loss=0.6491, acc=57.29%, img/s=98.3, eta=0.3m]
[36m(ClientAppActor pid=15853)[0m 
Epoch 1/1:  19%|█▉        | 12/63 [00:04<00:16,  3.08it/s, loss=0.6648, acc=57.45%, img/s=98.3, eta=0.3m]
Epoch 1/1:  21%|██        | 13/63 [00:04<00:16,  3.08it/s, loss=0.6648, acc=57.45%, img/s=98.3, eta=0.3m]
[36m(ClientAppActor pid=15853)[0m 
Epoch 1/1:  21%|██        | 13/63 [00:04<00:16,  3.08it/s, loss=0.6019, acc=58.48%, img/s=98.3, eta=0.3m]
Epoch 1/1:  22%|██▏       | 14/63 [00:04<00:15,  3.08it/s, loss=0.6019, acc=58.48%, img/s=98.3, eta=0.3m]
[36m(ClientAppActor pid=15853)[0m 
Epoch 1/1:  22%|██▏       | 14/63 [00:04<00:15,  3.08it/s, loss=0.7208, acc=57.50%, img/s=98.3, eta=0.3m]
Epoch 1/1:  24%|██▍       | 15/63 [00:04<00:15,  3.08it/s, loss=0.7208, acc=57.50%, img/s=98.3, eta=0.3m]
[36m(ClientAppActor pid=15853)[0m 
Epoch 1/1:  24%|██▍       | 15/63 [00:05<00:15,  3.08it/s, loss=0.6301, acc=58.01%, img/s=98.3, eta=0.3m]
Epoch 1/1:  25%|██▌       | 16/63 [00:05<00:15,  3.08it/s, loss=0.6301, acc=58.01%, img/s=98.3, eta=0.3m]
[36m(ClientAppActor pid=15853)[0m 
Epoch 1/1:  25%|██▌       | 16/63 [00:05<00:15,  3.08it/s, loss=0.6014, acc=58.46%, img/s=98.3, eta=0.2m]
Epoch 1/1:  27%|██▋       | 17/63 [00:05<00:14,  3.07it/s, loss=0.6014, acc=58.46%, img/s=98.3, eta=0.2m]
[36m(ClientAppActor pid=15853)[0m 
Epoch 1/1:  27%|██▋       | 17/63 [00:05<00:14,  3.07it/s, loss=0.5962, acc=59.20%, img/s=98.3, eta=0.2m]
Epoch 1/1:  29%|██▊       | 18/63 [00:05<00:14,  3.07it/s, loss=0.5962, acc=59.20%, img/s=98.3, eta=0.2m]
[36m(ClientAppActor pid=15853)[0m 
Epoch 1/1:  29%|██▊       | 18/63 [00:06<00:14,  3.07it/s, loss=0.6773, acc=59.05%, img/s=98.3, eta=0.2m]
Epoch 1/1:  30%|███       | 19/63 [00:06<00:14,  3.07it/s, loss=0.6773, acc=59.05%, img/s=98.3, eta=0.2m]
[36m(ClientAppActor pid=15853)[0m 
Epoch 1/1:  30%|███       | 19/63 [00:06<00:14,  3.07it/s, loss=0.5945, acc=59.53%, img/s=98.3, eta=0.2m]
Epoch 1/1:  32%|███▏      | 20/63 [00:06<00:13,  3.08it/s, loss=0.5945, acc=59.53%, img/s=98.3, eta=0.2m]
[36m(ClientAppActor pid=15853)[0m 
Epoch 1/1:  32%|███▏      | 20/63 [00:06<00:13,  3.08it/s, loss=0.5597, acc=60.12%, img/s=98.3, eta=0.2m]
Epoch 1/1:  33%|███▎      | 21/63 [00:06<00:13,  3.07it/s, loss=0.5597, acc=60.12%, img/s=98.3, eta=0.2m]
[36m(ClientAppActor pid=15853)[0m 
Epoch 1/1:  33%|███▎      | 21/63 [00:07<00:13,  3.07it/s, loss=0.7390, acc=59.94%, img/s=98.3, eta=0.2m]
Epoch 1/1:  35%|███▍      | 22/63 [00:07<00:13,  3.07it/s, loss=0.7390, acc=59.94%, img/s=98.3, eta=0.2m]
[36m(ClientAppActor pid=15853)[0m 
Epoch 1/1:  35%|███▍      | 22/63 [00:07<00:13,  3.07it/s, loss=0.6450, acc=60.46%, img/s=98.3, eta=0.2m]
Epoch 1/1:  37%|███▋      | 23/63 [00:07<00:13,  3.07it/s, loss=0.6450, acc=60.46%, img/s=98.3, eta=0.2m]
[36m(ClientAppActor pid=15853)[0m 
Epoch 1/1:  37%|███▋      | 23/63 [00:07<00:13,  3.07it/s, loss=0.6802, acc=60.68%, img/s=98.3, eta=0.2m]
Epoch 1/1:  38%|███▊      | 24/63 [00:07<00:12,  3.08it/s, loss=0.6802, acc=60.68%, img/s=98.3, eta=0.2m]
[36m(ClientAppActor pid=15853)[0m 
Epoch 1/1:  38%|███▊      | 24/63 [00:08<00:12,  3.08it/s, loss=0.5382, acc=61.38%, img/s=98.3, eta=0.2m]
Epoch 1/1:  40%|███▉      | 25/63 [00:08<00:12,  3.08it/s, loss=0.5382, acc=61.38%, img/s=98.3, eta=0.2m]
[36m(ClientAppActor pid=15853)[0m 
Epoch 1/1:  40%|███▉      | 25/63 [00:08<00:12,  3.08it/s, loss=0.6445, acc=61.54%, img/s=98.3, eta=0.2m]
Epoch 1/1:  41%|████▏     | 26/63 [00:08<00:12,  3.07it/s, loss=0.6445, acc=61.54%, img/s=98.3, eta=0.2m]
[36m(ClientAppActor pid=15853)[0m 
Epoch 1/1:  41%|████▏     | 26/63 [00:08<00:12,  3.07it/s, loss=0.4800, acc=62.04%, img/s=98.3, eta=0.2m]
Epoch 1/1:  43%|████▎     | 27/63 [00:08<00:11,  3.07it/s, loss=0.4800, acc=62.04%, img/s=98.3, eta=0.2m]
[36m(ClientAppActor pid=15853)[0m 
Epoch 1/1:  43%|████▎     | 27/63 [00:09<00:11,  3.07it/s, loss=0.5758, acc=62.61%, img/s=98.3, eta=0.2m]
Epoch 1/1:  44%|████▍     | 28/63 [00:09<00:11,  3.06it/s, loss=0.5758, acc=62.61%, img/s=98.3, eta=0.2m]
[36m(ClientAppActor pid=15853)[0m 
Epoch 1/1:  44%|████▍     | 28/63 [00:09<00:11,  3.06it/s, loss=0.5937, acc=62.82%, img/s=98.3, eta=0.2m]
Epoch 1/1:  46%|████▌     | 29/63 [00:09<00:11,  3.07it/s, loss=0.5937, acc=62.82%, img/s=98.3, eta=0.2m]
[36m(ClientAppActor pid=15853)[0m 
Epoch 1/1:  46%|████▌     | 29/63 [00:09<00:11,  3.07it/s, loss=0.5863, acc=63.12%, img/s=98.3, eta=0.2m]
Epoch 1/1:  48%|████▊     | 30/63 [00:09<00:10,  3.07it/s, loss=0.5863, acc=63.12%, img/s=98.3, eta=0.2m]
[36m(ClientAppActor pid=15853)[0m 
Epoch 1/1:  48%|████▊     | 30/63 [00:10<00:10,  3.07it/s, loss=0.5940, acc=63.00%, img/s=98.3, eta=0.2m]
Epoch 1/1:  49%|████▉     | 31/63 [00:10<00:10,  3.07it/s, loss=0.5940, acc=63.00%, img/s=98.3, eta=0.2m]
[36m(ClientAppActor pid=15853)[0m 
Epoch 1/1:  49%|████▉     | 31/63 [00:10<00:10,  3.07it/s, loss=0.6053, acc=63.18%, img/s=98.3, eta=0.2m]
Epoch 1/1:  51%|█████     | 32/63 [00:10<00:10,  3.07it/s, loss=0.6053, acc=63.18%, img/s=98.3, eta=0.2m]
[36m(ClientAppActor pid=15853)[0m 
Epoch 1/1:  51%|█████     | 32/63 [00:10<00:10,  3.07it/s, loss=0.7709, acc=62.78%, img/s=98.6, eta=0.2m]
Epoch 1/1:  52%|█████▏    | 33/63 [00:10<00:09,  3.17it/s, loss=0.7709, acc=62.78%, img/s=98.6, eta=0.2m]
[36m(ClientAppActor pid=15853)[0m 
Epoch 1/1:  52%|█████▏    | 33/63 [00:11<00:09,  3.17it/s, loss=0.6725, acc=62.78%, img/s=98.6, eta=0.2m]
Epoch 1/1:  54%|█████▍    | 34/63 [00:11<00:09,  3.14it/s, loss=0.6725, acc=62.78%, img/s=98.6, eta=0.2m]
[36m(ClientAppActor pid=15853)[0m 
Epoch 1/1:  54%|█████▍    | 34/63 [00:11<00:09,  3.14it/s, loss=0.5560, acc=63.04%, img/s=98.6, eta=0.2m]
Epoch 1/1:  56%|█████▌    | 35/63 [00:11<00:08,  3.12it/s, loss=0.5560, acc=63.04%, img/s=98.6, eta=0.2m]
[36m(ClientAppActor pid=15853)[0m 
Epoch 1/1:  56%|█████▌    | 35/63 [00:11<00:08,  3.12it/s, loss=0.6036, acc=63.19%, img/s=98.5, eta=0.1m]
Epoch 1/1:  57%|█████▋    | 36/63 [00:11<00:08,  3.10it/s, loss=0.6036, acc=63.19%, img/s=98.5, eta=0.1m]
[36m(ClientAppActor pid=15853)[0m 
Epoch 1/1:  57%|█████▋    | 36/63 [00:12<00:08,  3.10it/s, loss=0.5900, acc=63.26%, img/s=98.5, eta=0.1m]
Epoch 1/1:  59%|█████▊    | 37/63 [00:12<00:08,  3.09it/s, loss=0.5900, acc=63.26%, img/s=98.5, eta=0.1m]
[36m(ClientAppActor pid=15853)[0m 
Epoch 1/1:  59%|█████▊    | 37/63 [00:12<00:08,  3.09it/s, loss=0.6135, acc=63.40%, img/s=98.5, eta=0.1m]
Epoch 1/1:  60%|██████    | 38/63 [00:12<00:08,  3.08it/s, loss=0.6135, acc=63.40%, img/s=98.5, eta=0.1m]
[36m(ClientAppActor pid=15853)[0m 
Epoch 1/1:  60%|██████    | 38/63 [00:12<00:08,  3.08it/s, loss=0.5395, acc=63.54%, img/s=98.5, eta=0.1m]
Epoch 1/1:  62%|██████▏   | 39/63 [00:12<00:07,  3.07it/s, loss=0.5395, acc=63.54%, img/s=98.5, eta=0.1m]
[36m(ClientAppActor pid=15853)[0m 
Epoch 1/1:  62%|██████▏   | 39/63 [00:12<00:07,  3.07it/s, loss=0.5439, acc=63.67%, img/s=98.5, eta=0.1m]
Epoch 1/1:  63%|██████▎   | 40/63 [00:12<00:07,  3.07it/s, loss=0.5439, acc=63.67%, img/s=98.5, eta=0.1m]
[36m(ClientAppActor pid=15853)[0m 
Epoch 1/1:  63%|██████▎   | 40/63 [00:13<00:07,  3.07it/s, loss=0.6582, acc=63.64%, img/s=98.4, eta=0.1m]
Epoch 1/1:  65%|██████▌   | 41/63 [00:13<00:07,  3.06it/s, loss=0.6582, acc=63.64%, img/s=98.4, eta=0.1m]
[36m(ClientAppActor pid=15853)[0m 
Epoch 1/1:  65%|██████▌   | 41/63 [00:13<00:07,  3.06it/s, loss=0.6847, acc=63.62%, img/s=98.4, eta=0.1m]
Epoch 1/1:  67%|██████▋   | 42/63 [00:13<00:06,  3.06it/s, loss=0.6847, acc=63.62%, img/s=98.4, eta=0.1m]
[36m(ClientAppActor pid=15853)[0m 
Epoch 1/1:  67%|██████▋   | 42/63 [00:13<00:06,  3.06it/s, loss=0.6466, acc=63.59%, img/s=98.4, eta=0.1m]
Epoch 1/1:  68%|██████▊   | 43/63 [00:13<00:06,  3.06it/s, loss=0.6466, acc=63.59%, img/s=98.4, eta=0.1m]
[36m(ClientAppActor pid=15853)[0m 
Epoch 1/1:  68%|██████▊   | 43/63 [00:14<00:06,  3.06it/s, loss=0.5939, acc=63.71%, img/s=98.4, eta=0.1m]
Epoch 1/1:  70%|██████▉   | 44/63 [00:14<00:06,  3.06it/s, loss=0.5939, acc=63.71%, img/s=98.4, eta=0.1m]
[36m(ClientAppActor pid=15853)[0m 
Epoch 1/1:  70%|██████▉   | 44/63 [00:14<00:06,  3.06it/s, loss=0.5200, acc=64.10%, img/s=98.4, eta=0.1m]
Epoch 1/1:  71%|███████▏  | 45/63 [00:14<00:05,  3.06it/s, loss=0.5200, acc=64.10%, img/s=98.4, eta=0.1m]
[36m(ClientAppActor pid=15853)[0m 
Epoch 1/1:  71%|███████▏  | 45/63 [00:14<00:05,  3.06it/s, loss=0.6708, acc=64.20%, img/s=98.4, eta=0.1m]
Epoch 1/1:  73%|███████▎  | 46/63 [00:14<00:05,  3.07it/s, loss=0.6708, acc=64.20%, img/s=98.4, eta=0.1m]
[36m(ClientAppActor pid=15853)[0m 
Epoch 1/1:  73%|███████▎  | 46/63 [00:15<00:05,  3.07it/s, loss=0.6205, acc=64.23%, img/s=98.4, eta=0.1m]
Epoch 1/1:  75%|███████▍  | 47/63 [00:15<00:05,  3.06it/s, loss=0.6205, acc=64.23%, img/s=98.4, eta=0.1m]
[36m(ClientAppActor pid=15853)[0m 
Epoch 1/1:  75%|███████▍  | 47/63 [00:15<00:05,  3.06it/s, loss=0.5905, acc=64.19%, img/s=98.4, eta=0.1m]
Epoch 1/1:  76%|███████▌  | 48/63 [00:15<00:04,  3.07it/s, loss=0.5905, acc=64.19%, img/s=98.4, eta=0.1m]
[36m(ClientAppActor pid=15853)[0m 
Epoch 1/1:  76%|███████▌  | 48/63 [00:15<00:04,  3.07it/s, loss=0.6719, acc=64.29%, img/s=98.4, eta=0.1m]
Epoch 1/1:  78%|███████▊  | 49/63 [00:15<00:04,  3.07it/s, loss=0.6719, acc=64.29%, img/s=98.4, eta=0.1m]
[36m(ClientAppActor pid=15853)[0m 
Epoch 1/1:  78%|███████▊  | 49/63 [00:16<00:04,  3.07it/s, loss=0.6468, acc=64.06%, img/s=98.4, eta=0.1m]
Epoch 1/1:  79%|███████▉  | 50/63 [00:16<00:04,  3.07it/s, loss=0.6468, acc=64.06%, img/s=98.4, eta=0.1m]
[36m(ClientAppActor pid=15853)[0m 
Epoch 1/1:  79%|███████▉  | 50/63 [00:16<00:04,  3.07it/s, loss=0.6368, acc=64.15%, img/s=98.4, eta=0.1m]
Epoch 1/1:  81%|████████  | 51/63 [00:16<00:03,  3.07it/s, loss=0.6368, acc=64.15%, img/s=98.4, eta=0.1m]
[36m(ClientAppActor pid=15853)[0m 
Epoch 1/1:  81%|████████  | 51/63 [00:16<00:03,  3.07it/s, loss=0.6720, acc=63.94%, img/s=98.4, eta=0.1m]
Epoch 1/1:  83%|████████▎ | 52/63 [00:16<00:03,  3.07it/s, loss=0.6720, acc=63.94%, img/s=98.4, eta=0.1m]
[36m(ClientAppActor pid=15853)[0m 
Epoch 1/1:  83%|████████▎ | 52/63 [00:17<00:03,  3.07it/s, loss=0.5895, acc=64.03%, img/s=98.4, eta=0.1m]
Epoch 1/1:  84%|████████▍ | 53/63 [00:17<00:03,  3.07it/s, loss=0.5895, acc=64.03%, img/s=98.4, eta=0.1m]
[36m(ClientAppActor pid=15853)[0m 
Epoch 1/1:  84%|████████▍ | 53/63 [00:17<00:03,  3.07it/s, loss=0.6350, acc=64.06%, img/s=98.4, eta=0.0m]
Epoch 1/1:  86%|████████▌ | 54/63 [00:17<00:02,  3.06it/s, loss=0.6350, acc=64.06%, img/s=98.4, eta=0.0m]
[36m(ClientAppActor pid=15853)[0m 
Epoch 1/1:  86%|████████▌ | 54/63 [00:17<00:02,  3.06it/s, loss=0.5855, acc=64.20%, img/s=98.4, eta=0.0m]
Epoch 1/1:  87%|████████▋ | 55/63 [00:17<00:02,  3.06it/s, loss=0.5855, acc=64.20%, img/s=98.4, eta=0.0m]
[36m(ClientAppActor pid=15853)[0m 
Epoch 1/1:  87%|████████▋ | 55/63 [00:18<00:02,  3.06it/s, loss=0.7082, acc=64.12%, img/s=98.4, eta=0.0m]
Epoch 1/1:  89%|████████▉ | 56/63 [00:18<00:02,  3.07it/s, loss=0.7082, acc=64.12%, img/s=98.4, eta=0.0m]
[36m(ClientAppActor pid=15853)[0m 
Epoch 1/1:  89%|████████▉ | 56/63 [00:18<00:02,  3.07it/s, loss=0.7294, acc=63.87%, img/s=98.4, eta=0.0m]
Epoch 1/1:  90%|█████████ | 57/63 [00:18<00:01,  3.07it/s, loss=0.7294, acc=63.87%, img/s=98.4, eta=0.0m]
[36m(ClientAppActor pid=15853)[0m 
Epoch 1/1:  90%|█████████ | 57/63 [00:18<00:01,  3.07it/s, loss=0.6105, acc=63.95%, img/s=98.4, eta=0.0m]
Epoch 1/1:  92%|█████████▏| 58/63 [00:18<00:01,  3.07it/s, loss=0.6105, acc=63.95%, img/s=98.4, eta=0.0m]
[36m(ClientAppActor pid=15853)[0m 
Epoch 1/1:  92%|█████████▏| 58/63 [00:19<00:01,  3.07it/s, loss=0.6011, acc=63.88%, img/s=98.3, eta=0.0m]
Epoch 1/1:  94%|█████████▎| 59/63 [00:19<00:01,  3.06it/s, loss=0.6011, acc=63.88%, img/s=98.3, eta=0.0m]
[36m(ClientAppActor pid=15853)[0m 
Epoch 1/1:  94%|█████████▎| 59/63 [00:19<00:01,  3.06it/s, loss=0.5877, acc=64.01%, img/s=98.3, eta=0.0m]
Epoch 1/1:  95%|█████████▌| 60/63 [00:19<00:00,  3.07it/s, loss=0.5877, acc=64.01%, img/s=98.3, eta=0.0m]
[36m(ClientAppActor pid=15853)[0m 
Epoch 1/1:  95%|█████████▌| 60/63 [00:19<00:00,  3.07it/s, loss=0.6638, acc=63.93%, img/s=98.3, eta=0.0m]
Epoch 1/1:  97%|█████████▋| 61/63 [00:19<00:00,  3.06it/s, loss=0.6638, acc=63.93%, img/s=98.3, eta=0.0m]
[36m(ClientAppActor pid=15853)[0m 
Epoch 1/1:  97%|█████████▋| 61/63 [00:20<00:00,  3.06it/s, loss=0.5831, acc=64.01%, img/s=98.3, eta=0.0m]
Epoch 1/1:  98%|█████████▊| 62/63 [00:20<00:00,  3.07it/s, loss=0.5831, acc=64.01%, img/s=98.3, eta=0.0m]
[36m(ClientAppActor pid=15853)[0m 
Epoch 1/1:  98%|█████████▊| 62/63 [00:20<00:00,  3.07it/s, loss=0.4437, acc=64.20%, img/s=49.5, eta=0.0m]
Epoch 1/1: 100%|██████████| 63/63 [00:20<00:00,  3.49it/s, loss=0.4437, acc=64.20%, img/s=49.5, eta=0.0m]
Epoch 1/1: 100%|██████████| 63/63 [00:20<00:00,  3.09it/s, loss=0.4437, acc=64.20%, img/s=49.5, eta=0.0m]
[36m(ClientAppActor pid=15853)[0m 
Epoch 1/1:   0%|          | 0/63 [00:00<?, ?it/s]
[36m(ClientAppActor pid=15853)[0m 
Epoch 1/1:   0%|          | 0/63 [00:00<?, ?it/s, loss=0.6873, acc=62.50%, img/s=95.7, eta=0.3m]
Epoch 1/1:   2%|▏         | 1/63 [00:00<00:20,  2.99it/s, loss=0.6873, acc=62.50%, img/s=95.7, eta=0.3m]
[36m(ClientAppActor pid=15853)[0m 
Epoch 1/1:   2%|▏         | 1/63 [00:00<00:20,  2.99it/s, loss=0.6718, acc=62.50%, img/s=97.4, eta=0.3m]
Epoch 1/1:   3%|▎         | 2/63 [00:00<00:19,  3.05it/s, loss=0.6718, acc=62.50%, img/s=97.4, eta=0.3m]
[36m(ClientAppActor pid=15853)[0m 
Epoch 1/1:   3%|▎         | 2/63 [00:00<00:19,  3.05it/s, loss=0.7091, acc=56.25%, img/s=97.8, eta=0.3m]
Epoch 1/1:   5%|▍         | 3/63 [00:00<00:19,  3.07it/s, loss=0.7091, acc=56.25%, img/s=97.8, eta=0.3m]
[36m(ClientAppActor pid=15853)[0m 
Epoch 1/1:   5%|▍         | 3/63 [00:01<00:19,  3.07it/s, loss=0.6669, acc=56.25%, img/s=98.1, eta=0.3m]
Epoch 1/1:   6%|▋         | 4/63 [00:01<00:19,  3.08it/s, loss=0.6669, acc=56.25%, img/s=98.1, eta=0.3m]
[36m(ClientAppActor pid=15853)[0m 
Epoch 1/1:   6%|▋         | 4/63 [00:01<00:19,  3.08it/s, loss=0.7045, acc=55.00%, img/s=98.1, eta=0.3m]
Epoch 1/1:   8%|▊         | 5/63 [00:01<00:18,  3.07it/s, loss=0.7045, acc=55.00%, img/s=98.1, eta=0.3m]
[36m(ClientAppActor pid=15853)[0m 
Epoch 1/1:   8%|▊         | 5/63 [00:01<00:18,  3.07it/s, loss=0.6778, acc=55.73%, img/s=98.2, eta=0.3m]
Epoch 1/1:  10%|▉         | 6/63 [00:01<00:18,  3.08it/s, loss=0.6778, acc=55.73%, img/s=98.2, eta=0.3m]
[36m(ClientAppActor pid=15853)[0m 
Epoch 1/1:  10%|▉         | 6/63 [00:02<00:18,  3.08it/s, loss=0.6596, acc=56.25%, img/s=98.2, eta=0.3m]
Epoch 1/1:  11%|█         | 7/63 [00:02<00:18,  3.07it/s, loss=0.6596, acc=56.25%, img/s=98.2, eta=0.3m]
[36m(ClientAppActor pid=15853)[0m 
Epoch 1/1:  11%|█         | 7/63 [00:02<00:18,  3.07it/s, loss=0.6743, acc=57.42%, img/s=98.2, eta=0.3m]
Epoch 1/1:  13%|█▎        | 8/63 [00:02<00:17,  3.07it/s, loss=0.6743, acc=57.42%, img/s=98.2, eta=0.3m]
[36m(ClientAppActor pid=15853)[0m 
Epoch 1/1:  13%|█▎        | 8/63 [00:02<00:17,  3.07it/s, loss=0.6790, acc=57.99%, img/s=98.2, eta=0.3m]
Epoch 1/1:  14%|█▍        | 9/63 [00:02<00:17,  3.07it/s, loss=0.6790, acc=57.99%, img/s=98.2, eta=0.3m]
[36m(ClientAppActor pid=15853)[0m 
Epoch 1/1:  14%|█▍        | 9/63 [00:03<00:17,  3.07it/s, loss=0.6710, acc=59.06%, img/s=98.2, eta=0.3m]
Epoch 1/1:  16%|█▌        | 10/63 [00:03<00:17,  3.07it/s, loss=0.6710, acc=59.06%, img/s=98.2, eta=0.3m]
[36m(ClientAppActor pid=15853)[0m 
Epoch 1/1:  16%|█▌        | 10/63 [00:03<00:17,  3.07it/s, loss=0.6727, acc=59.09%, img/s=98.2, eta=0.3m]
Epoch 1/1:  17%|█▋        | 11/63 [00:03<00:16,  3.07it/s, loss=0.6727, acc=59.09%, img/s=98.2, eta=0.3m]
[36m(ClientAppActor pid=15853)[0m 
Epoch 1/1:  17%|█▋        | 11/63 [00:03<00:16,  3.07it/s, loss=0.6053, acc=60.94%, img/s=98.2, eta=0.3m]
Epoch 1/1:  19%|█▉        | 12/63 [00:03<00:16,  3.07it/s, loss=0.6053, acc=60.94%, img/s=98.2, eta=0.3m]
[36m(ClientAppActor pid=15853)[0m 
Epoch 1/1:  19%|█▉        | 12/63 [00:04<00:16,  3.07it/s, loss=0.6278, acc=61.06%, img/s=98.2, eta=0.3m]
Epoch 1/1:  21%|██        | 13/63 [00:04<00:16,  3.07it/s, loss=0.6278, acc=61.06%, img/s=98.2, eta=0.3m]
[36m(ClientAppActor pid=15853)[0m 
Epoch 1/1:  21%|██        | 13/63 [00:04<00:16,  3.07it/s, loss=0.6982, acc=60.49%, img/s=98.2, eta=0.3m]
Epoch 1/1:  22%|██▏       | 14/63 [00:04<00:15,  3.07it/s, loss=0.6982, acc=60.49%, img/s=98.2, eta=0.3m]
[36m(ClientAppActor pid=15853)[0m 
Epoch 1/1:  22%|██▏       | 14/63 [00:04<00:15,  3.07it/s, loss=0.5481, acc=61.67%, img/s=98.2, eta=0.3m]
Epoch 1/1:  24%|██▍       | 15/63 [00:04<00:15,  3.07it/s, loss=0.5481, acc=61.67%, img/s=98.2, eta=0.3m]
[36m(ClientAppActor pid=15853)[0m 
Epoch 1/1:  24%|██▍       | 15/63 [00:05<00:15,  3.07it/s, loss=0.7001, acc=61.52%, img/s=98.2, eta=0.3m]
Epoch 1/1:  25%|██▌       | 16/63 [00:05<00:15,  3.07it/s, loss=0.7001, acc=61.52%, img/s=98.2, eta=0.3m]
[36m(ClientAppActor pid=15853)[0m 
Epoch 1/1:  25%|██▌       | 16/63 [00:05<00:15,  3.07it/s, loss=0.5978, acc=62.13%, img/s=98.2, eta=0.2m]
Epoch 1/1:  27%|██▋       | 17/63 [00:05<00:14,  3.07it/s, loss=0.5978, acc=62.13%, img/s=98.2, eta=0.2m]
[36m(ClientAppActor pid=15853)[0m 
Epoch 1/1:  27%|██▋       | 17/63 [00:05<00:14,  3.07it/s, loss=0.6133, acc=62.67%, img/s=98.2, eta=0.2m]
Epoch 1/1:  29%|██▊       | 18/63 [00:05<00:14,  3.07it/s, loss=0.6133, acc=62.67%, img/s=98.2, eta=0.2m]
[36m(ClientAppActor pid=15853)[0m 
Epoch 1/1:  29%|██▊       | 18/63 [00:06<00:14,  3.07it/s, loss=0.5355, acc=63.32%, img/s=98.2, eta=0.2m]
Epoch 1/1:  30%|███       | 19/63 [00:06<00:14,  3.06it/s, loss=0.5355, acc=63.32%, img/s=98.2, eta=0.2m]
[36m(ClientAppActor pid=15853)[0m 
Epoch 1/1:  30%|███       | 19/63 [00:06<00:14,  3.06it/s, loss=0.6668, acc=63.28%, img/s=98.2, eta=0.2m]
Epoch 1/1:  32%|███▏      | 20/63 [00:06<00:14,  3.07it/s, loss=0.6668, acc=63.28%, img/s=98.2, eta=0.2m]
[36m(ClientAppActor pid=15853)[0m 
Epoch 1/1:  32%|███▏      | 20/63 [00:06<00:14,  3.07it/s, loss=0.5946, acc=63.84%, img/s=98.2, eta=0.2m]
Epoch 1/1:  33%|███▎      | 21/63 [00:06<00:13,  3.07it/s, loss=0.5946, acc=63.84%, img/s=98.2, eta=0.2m]
[36m(ClientAppActor pid=15853)[0m 
Epoch 1/1:  33%|███▎      | 21/63 [00:07<00:13,  3.07it/s, loss=0.5144, acc=64.49%, img/s=98.2, eta=0.2m]
Epoch 1/1:  35%|███▍      | 22/63 [00:07<00:13,  3.07it/s, loss=0.5144, acc=64.49%, img/s=98.2, eta=0.2m]
[36m(ClientAppActor pid=15853)[0m 
Epoch 1/1:  35%|███▍      | 22/63 [00:07<00:13,  3.07it/s, loss=0.5908, acc=64.67%, img/s=98.2, eta=0.2m]
Epoch 1/1:  37%|███▋      | 23/63 [00:07<00:13,  3.07it/s, loss=0.5908, acc=64.67%, img/s=98.2, eta=0.2m]
[36m(ClientAppActor pid=15853)[0m 
Epoch 1/1:  37%|███▋      | 23/63 [00:07<00:13,  3.07it/s, loss=0.5945, acc=64.58%, img/s=98.2, eta=0.2m]
Epoch 1/1:  38%|███▊      | 24/63 [00:07<00:12,  3.07it/s, loss=0.5945, acc=64.58%, img/s=98.2, eta=0.2m]
[36m(ClientAppActor pid=15853)[0m 
Epoch 1/1:  38%|███▊      | 24/63 [00:08<00:12,  3.07it/s, loss=0.6263, acc=64.50%, img/s=98.2, eta=0.2m]
Epoch 1/1:  40%|███▉      | 25/63 [00:08<00:12,  3.07it/s, loss=0.6263, acc=64.50%, img/s=98.2, eta=0.2m]
[36m(ClientAppActor pid=15853)[0m 
Epoch 1/1:  40%|███▉      | 25/63 [00:08<00:12,  3.07it/s, loss=0.6308, acc=64.42%, img/s=98.2, eta=0.2m]
Epoch 1/1:  41%|████▏     | 26/63 [00:08<00:12,  3.07it/s, loss=0.6308, acc=64.42%, img/s=98.2, eta=0.2m]
[36m(ClientAppActor pid=15853)[0m 
Epoch 1/1:  41%|████▏     | 26/63 [00:08<00:12,  3.07it/s, loss=0.6840, acc=64.24%, img/s=98.2, eta=0.2m]
Epoch 1/1:  43%|████▎     | 27/63 [00:08<00:11,  3.07it/s, loss=0.6840, acc=64.24%, img/s=98.2, eta=0.2m]
[36m(ClientAppActor pid=15853)[0m 
Epoch 1/1:  43%|████▎     | 27/63 [00:09<00:11,  3.07it/s, loss=0.5491, acc=64.96%, img/s=98.3, eta=0.2m]
Epoch 1/1:  44%|████▍     | 28/63 [00:09<00:11,  3.08it/s, loss=0.5491, acc=64.96%, img/s=98.3, eta=0.2m]
[36m(ClientAppActor pid=15853)[0m 
Epoch 1/1:  44%|████▍     | 28/63 [00:09<00:11,  3.08it/s, loss=0.6573, acc=64.76%, img/s=98.3, eta=0.2m]
Epoch 1/1:  46%|████▌     | 29/63 [00:09<00:11,  3.08it/s, loss=0.6573, acc=64.76%, img/s=98.3, eta=0.2m]
[36m(ClientAppActor pid=15853)[0m 
Epoch 1/1:  46%|████▌     | 29/63 [00:09<00:11,  3.08it/s, loss=0.5565, acc=64.90%, img/s=98.2, eta=0.2m]
Epoch 1/1:  48%|████▊     | 30/63 [00:09<00:10,  3.07it/s, loss=0.5565, acc=64.90%, img/s=98.2, eta=0.2m]
[36m(ClientAppActor pid=15853)[0m 
Epoch 1/1:  48%|████▊     | 30/63 [00:10<00:10,  3.07it/s, loss=0.4555, acc=65.52%, img/s=98.2, eta=0.2m]
Epoch 1/1:  49%|████▉     | 31/63 [00:10<00:10,  3.07it/s, loss=0.4555, acc=65.52%, img/s=98.2, eta=0.2m]
[36m(ClientAppActor pid=15853)[0m 
Epoch 1/1:  49%|████▉     | 31/63 [00:10<00:10,  3.07it/s, loss=0.5770, acc=65.62%, img/s=98.2, eta=0.2m]
Epoch 1/1:  51%|█████     | 32/63 [00:10<00:10,  3.07it/s, loss=0.5770, acc=65.62%, img/s=98.2, eta=0.2m]
[36m(ClientAppActor pid=15853)[0m 
Epoch 1/1:  51%|█████     | 32/63 [00:10<00:10,  3.07it/s, loss=0.5688, acc=65.53%, img/s=98.3, eta=0.2m]
Epoch 1/1:  52%|█████▏    | 33/63 [00:10<00:09,  3.07it/s, loss=0.5688, acc=65.53%, img/s=98.3, eta=0.2m]
[36m(ClientAppActor pid=15853)[0m 
Epoch 1/1:  52%|█████▏    | 33/63 [00:11<00:09,  3.07it/s, loss=0.7105, acc=65.53%, img/s=98.3, eta=0.2m]
Epoch 1/1:  54%|█████▍    | 34/63 [00:11<00:09,  3.07it/s, loss=0.7105, acc=65.53%, img/s=98.3, eta=0.2m]
[36m(ClientAppActor pid=15853)[0m 
Epoch 1/1:  54%|█████▍    | 34/63 [00:11<00:09,  3.07it/s, loss=0.6457, acc=65.54%, img/s=98.3, eta=0.2m]
Epoch 1/1:  56%|█████▌    | 35/63 [00:11<00:09,  3.07it/s, loss=0.6457, acc=65.54%, img/s=98.3, eta=0.2m]
[36m(ClientAppActor pid=15853)[0m 
Epoch 1/1:  56%|█████▌    | 35/63 [00:11<00:09,  3.07it/s, loss=0.5807, acc=65.71%, img/s=98.3, eta=0.1m]
Epoch 1/1:  57%|█████▋    | 36/63 [00:11<00:08,  3.07it/s, loss=0.5807, acc=65.71%, img/s=98.3, eta=0.1m]
[36m(ClientAppActor pid=15853)[0m 
Epoch 1/1:  57%|█████▋    | 36/63 [00:12<00:08,  3.07it/s, loss=0.6241, acc=65.37%, img/s=98.3, eta=0.1m]
Epoch 1/1:  59%|█████▊    | 37/63 [00:12<00:08,  3.07it/s, loss=0.6241, acc=65.37%, img/s=98.3, eta=0.1m]
[36m(ClientAppActor pid=15853)[0m 
Epoch 1/1:  59%|█████▊    | 37/63 [00:12<00:08,  3.07it/s, loss=0.5969, acc=65.54%, img/s=98.3, eta=0.1m]
Epoch 1/1:  60%|██████    | 38/63 [00:12<00:08,  3.08it/s, loss=0.5969, acc=65.54%, img/s=98.3, eta=0.1m]
[36m(ClientAppActor pid=15853)[0m 
Epoch 1/1:  60%|██████    | 38/63 [00:12<00:08,  3.08it/s, loss=0.7088, acc=65.14%, img/s=98.3, eta=0.1m]
Epoch 1/1:  62%|██████▏   | 39/63 [00:12<00:07,  3.08it/s, loss=0.7088, acc=65.14%, img/s=98.3, eta=0.1m]
[36m(ClientAppActor pid=15853)[0m 
Epoch 1/1:  62%|██████▏   | 39/63 [00:12<00:07,  3.08it/s, loss=0.7645, acc=65.08%, img/s=98.5, eta=0.1m]
Epoch 1/1:  63%|██████▎   | 40/63 [00:12<00:07,  3.17it/s, loss=0.7645, acc=65.08%, img/s=98.5, eta=0.1m]
[36m(ClientAppActor pid=15853)[0m 
Epoch 1/1:  63%|██████▎   | 40/63 [00:13<00:07,  3.17it/s, loss=0.6830, acc=65.02%, img/s=98.5, eta=0.1m]
Epoch 1/1:  65%|██████▌   | 41/63 [00:13<00:07,  3.14it/s, loss=0.6830, acc=65.02%, img/s=98.5, eta=0.1m]
[36m(ClientAppActor pid=15853)[0m 
Epoch 1/1:  65%|██████▌   | 41/63 [00:13<00:07,  3.14it/s, loss=0.5104, acc=65.18%, img/s=98.5, eta=0.1m]
Epoch 1/1:  67%|██████▋   | 42/63 [00:13<00:06,  3.11it/s, loss=0.5104, acc=65.18%, img/s=98.5, eta=0.1m]
[36m(ClientAppActor pid=15853)[0m 
Epoch 1/1:  67%|██████▋   | 42/63 [00:13<00:06,  3.11it/s, loss=0.5615, acc=65.33%, img/s=98.5, eta=0.1m]
Epoch 1/1:  68%|██████▊   | 43/63 [00:13<00:06,  3.10it/s, loss=0.5615, acc=65.33%, img/s=98.5, eta=0.1m]
[36m(ClientAppActor pid=15853)[0m 
Epoch 1/1:  68%|██████▊   | 43/63 [00:14<00:06,  3.10it/s, loss=0.5613, acc=65.41%, img/s=98.5, eta=0.1m]
Epoch 1/1:  70%|██████▉   | 44/63 [00:14<00:06,  3.09it/s, loss=0.5613, acc=65.41%, img/s=98.5, eta=0.1m]
[36m(ClientAppActor pid=15853)[0m 
Epoch 1/1:  70%|██████▉   | 44/63 [00:14<00:06,  3.09it/s, loss=0.6052, acc=65.56%, img/s=98.5, eta=0.1m]
Epoch 1/1:  71%|███████▏  | 45/63 [00:14<00:05,  3.08it/s, loss=0.6052, acc=65.56%, img/s=98.5, eta=0.1m]
[36m(ClientAppActor pid=15853)[0m 
Epoch 1/1:  71%|███████▏  | 45/63 [00:14<00:05,  3.08it/s, loss=0.5526, acc=65.56%, img/s=98.5, eta=0.1m]
Epoch 1/1:  73%|███████▎  | 46/63 [00:14<00:05,  3.08it/s, loss=0.5526, acc=65.56%, img/s=98.5, eta=0.1m]
[36m(ClientAppActor pid=15853)[0m 
Epoch 1/1:  73%|███████▎  | 46/63 [00:15<00:05,  3.08it/s, loss=0.5806, acc=65.56%, img/s=98.5, eta=0.1m]
Epoch 1/1:  75%|███████▍  | 47/63 [00:15<00:05,  3.08it/s, loss=0.5806, acc=65.56%, img/s=98.5, eta=0.1m]
[36m(ClientAppActor pid=15853)[0m 
Epoch 1/1:  75%|███████▍  | 47/63 [00:15<00:05,  3.08it/s, loss=0.6625, acc=65.17%, img/s=98.5, eta=0.1m]
Epoch 1/1:  76%|███████▌  | 48/63 [00:15<00:04,  3.08it/s, loss=0.6625, acc=65.17%, img/s=98.5, eta=0.1m]
[36m(ClientAppActor pid=15853)[0m 
Epoch 1/1:  76%|███████▌  | 48/63 [00:15<00:04,  3.08it/s, loss=0.6021, acc=65.24%, img/s=98.5, eta=0.1m]
Epoch 1/1:  78%|███████▊  | 49/63 [00:15<00:04,  3.08it/s, loss=0.6021, acc=65.24%, img/s=98.5, eta=0.1m]
[36m(ClientAppActor pid=15853)[0m 
Epoch 1/1:  78%|███████▊  | 49/63 [00:16<00:04,  3.08it/s, loss=0.5660, acc=65.25%, img/s=98.5, eta=0.1m]
Epoch 1/1:  79%|███████▉  | 50/63 [00:16<00:04,  3.08it/s, loss=0.5660, acc=65.25%, img/s=98.5, eta=0.1m]
[36m(ClientAppActor pid=15853)[0m 
Epoch 1/1:  79%|███████▉  | 50/63 [00:16<00:04,  3.08it/s, loss=0.6005, acc=65.38%, img/s=98.5, eta=0.1m]
Epoch 1/1:  81%|████████  | 51/63 [00:16<00:03,  3.07it/s, loss=0.6005, acc=65.38%, img/s=98.5, eta=0.1m]
[36m(ClientAppActor pid=15853)[0m 
Epoch 1/1:  81%|████████  | 51/63 [00:16<00:03,  3.07it/s, loss=0.6827, acc=65.26%, img/s=98.5, eta=0.1m]
Epoch 1/1:  83%|████████▎ | 52/63 [00:16<00:03,  3.07it/s, loss=0.6827, acc=65.26%, img/s=98.5, eta=0.1m]
[36m(ClientAppActor pid=15853)[0m 
Epoch 1/1:  83%|████████▎ | 52/63 [00:17<00:03,  3.07it/s, loss=0.5237, acc=65.33%, img/s=98.5, eta=0.1m]
Epoch 1/1:  84%|████████▍ | 53/63 [00:17<00:03,  3.07it/s, loss=0.5237, acc=65.33%, img/s=98.5, eta=0.1m]
[36m(ClientAppActor pid=15853)[0m 
Epoch 1/1:  84%|████████▍ | 53/63 [00:17<00:03,  3.07it/s, loss=0.4559, acc=65.68%, img/s=98.5, eta=0.0m]
Epoch 1/1:  86%|████████▌ | 54/63 [00:17<00:02,  3.08it/s, loss=0.4559, acc=65.68%, img/s=98.5, eta=0.0m]
[36m(ClientAppActor pid=15853)[0m 
Epoch 1/1:  86%|████████▌ | 54/63 [00:17<00:02,  3.08it/s, loss=0.7636, acc=65.57%, img/s=98.5, eta=0.0m]
Epoch 1/1:  87%|████████▋ | 55/63 [00:17<00:02,  3.08it/s, loss=0.7636, acc=65.57%, img/s=98.5, eta=0.0m]
[36m(ClientAppActor pid=15853)[0m 
Epoch 1/1:  87%|████████▋ | 55/63 [00:18<00:02,  3.08it/s, loss=0.6119, acc=65.57%, img/s=98.5, eta=0.0m]
Epoch 1/1:  89%|████████▉ | 56/63 [00:18<00:02,  3.08it/s, loss=0.6119, acc=65.57%, img/s=98.5, eta=0.0m]
[36m(ClientAppActor pid=15853)[0m 
Epoch 1/1:  89%|████████▉ | 56/63 [00:18<00:02,  3.08it/s, loss=0.6388, acc=65.52%, img/s=98.5, eta=0.0m]
Epoch 1/1:  90%|█████████ | 57/63 [00:18<00:01,  3.08it/s, loss=0.6388, acc=65.52%, img/s=98.5, eta=0.0m]
[36m(ClientAppActor pid=15853)[0m 
Epoch 1/1:  90%|█████████ | 57/63 [00:18<00:01,  3.08it/s, loss=0.5278, acc=65.73%, img/s=98.5, eta=0.0m]
Epoch 1/1:  92%|█████████▏| 58/63 [00:18<00:01,  3.08it/s, loss=0.5278, acc=65.73%, img/s=98.5, eta=0.0m]
[36m(ClientAppActor pid=15853)[0m 
Epoch 1/1:  92%|█████████▏| 58/63 [00:19<00:01,  3.08it/s, loss=0.6575, acc=65.68%, img/s=98.5, eta=0.0m]
Epoch 1/1:  94%|█████████▎| 59/63 [00:19<00:01,  3.08it/s, loss=0.6575, acc=65.68%, img/s=98.5, eta=0.0m]
[36m(ClientAppActor pid=15853)[0m 
Epoch 1/1:  94%|█████████▎| 59/63 [00:19<00:01,  3.08it/s, loss=0.5942, acc=65.78%, img/s=98.5, eta=0.0m]
Epoch 1/1:  95%|█████████▌| 60/63 [00:19<00:00,  3.07it/s, loss=0.5942, acc=65.78%, img/s=98.5, eta=0.0m]
[36m(ClientAppActor pid=15853)[0m 
Epoch 1/1:  95%|█████████▌| 60/63 [00:19<00:00,  3.07it/s, loss=0.6221, acc=65.73%, img/s=98.5, eta=0.0m]
Epoch 1/1:  97%|█████████▋| 61/63 [00:19<00:00,  3.07it/s, loss=0.6221, acc=65.73%, img/s=98.5, eta=0.0m]
[36m(ClientAppActor pid=15853)[0m 
Epoch 1/1:  97%|█████████▋| 61/63 [00:20<00:00,  3.07it/s, loss=0.6240, acc=65.68%, img/s=98.4, eta=0.0m]
Epoch 1/1:  98%|█████████▊| 62/63 [00:20<00:00,  3.07it/s, loss=0.6240, acc=65.68%, img/s=98.4, eta=0.0m]
[36m(ClientAppActor pid=15853)[0m 
Epoch 1/1:  98%|█████████▊| 62/63 [00:20<00:00,  3.07it/s, loss=0.6172, acc=65.70%, img/s=49.5, eta=0.0m]
Epoch 1/1: 100%|██████████| 63/63 [00:20<00:00,  3.49it/s, loss=0.6172, acc=65.70%, img/s=49.5, eta=0.0m]
Epoch 1/1: 100%|██████████| 63/63 [00:20<00:00,  3.10it/s, loss=0.6172, acc=65.70%, img/s=49.5, eta=0.0m]
[36m(ClientAppActor pid=15853)[0m Client 3 received class memories
[36m(ClientAppActor pid=15853)[0m Real memory norm=0.8943
[36m(ClientAppActor pid=15853)[0m Fake memory norm=0.8936
[36m(ClientAppActor pid=15853)[0m Artifact bias shape: torch.Size([32, 8, 197, 197])
[36m(ClientAppActor pid=15853)[0m Accuracy: 0.5300
[36m(ClientAppActor pid=15853)[0m 
[36m(ClientAppActor pid=15853)[0m CLIENT 3 EVALUATION COMPLETE
[36m(ClientAppActor pid=15853)[0m Client 5 using cuda
[36m(ClientAppActor pid=15853)[0m {'fake': 0, 'real': 1}
[36m(ClientAppActor pid=15853)[0m [DEBUG MODE] Train=2000, Val=100, Test=100
[36m(ClientAppActor pid=15853)[0m 
[36m(ClientAppActor pid=15853)[0m Client 5 Class Distribution
[36m(ClientAppActor pid=15853)[0m Train: Counter({0: 1014, 1: 986})
[36m(ClientAppActor pid=15853)[0m Val  : Counter({0: 56, 1: 44})
[36m(ClientAppActor pid=15853)[0m Test : Counter({0: 51, 1: 49})
[36m(ClientAppActor pid=15853)[0m Client 5
[36m(ClientAppActor pid=15853)[0m Train Images: 2000
[36m(ClientAppActor pid=15853)[0m Test Images : 100
[36m(ClientAppActor pid=15853)[0m Validate Images : 100
[36m(ClientAppActor pid=15853)[0m 
[36m(ClientAppActor pid=15853)[0m CLIENT 5 STARTING EVALUATION
[36m(ClientAppActor pid=15853)[0m Client 5 received class memories
[36m(ClientAppActor pid=15853)[0m Real memory norm=0.8943
[36m(ClientAppActor pid=15853)[0m Fake memory norm=0.8936
[36m(ClientAppActor pid=15853)[0m Artifact bias shape: torch.Size([32, 8, 197, 197])
[36m(ClientAppActor pid=15853)[0m Accuracy: 0.6600
[36m(ClientAppActor pid=15853)[0m 
[36m(ClientAppActor pid=15853)[0m CLIENT 5 EVALUATION COMPLETE
[36m(ClientAppActor pid=15853)[0m Client 5 using cuda
[36m(ClientAppActor pid=15853)[0m {'fake': 0, 'real': 1}
[36m(ClientAppActor pid=15853)[0m [DEBUG MODE] Train=2000, Val=100, Test=100
[36m(ClientAppActor pid=15853)[0m 
[36m(ClientAppActor pid=15853)[0m Client 5 Class Distribution
[36m(ClientAppActor pid=15853)[0m Train: Counter({0: 1014, 1: 986})
[36m(ClientAppActor pid=15853)[0m Val  : Counter({0: 56, 1: 44})
[36m(ClientAppActor pid=15853)[0m Test : Counter({0: 51, 1: 49})
[36m(ClientAppActor pid=15853)[0m Client 5
[36m(ClientAppActor pid=15853)[0m Train Images: 2000
[36m(ClientAppActor pid=15853)[0m Test Images : 100
[36m(ClientAppActor pid=15853)[0m Validate Images : 100
[36m(ClientAppActor pid=15853)[0m Client 5 starting fit...
[36m(ClientAppActor pid=15853)[0m Client 5 received class memories
[36m(ClientAppActor pid=15853)[0m Real memory norm=0.8943
[36m(ClientAppActor pid=15853)[0m Fake memory norm=0.8936
[36m(ClientAppActor pid=15853)[0m Client 5 starting training...
[36m(ClientAppActor pid=15853)[0m START classifier norm: 13.063904762268066
[36m(ClientAppActor pid=15853)[0m Artifact bias shape: torch.Size([32, 8, 197, 197])
[36m(ClientAppActor pid=15853)[0m 
[36m(ClientAppActor pid=15853)[0m Batch 0/63
[36m(ClientAppActor pid=15853)[0m GPU Allocated: 2.25 GB
[36m(ClientAppActor pid=15853)[0m GPU Reserved : 5.42 GB
[36m(ClientAppActor pid=15853)[0m 
[36m(ClientAppActor pid=15853)[0m ==================================================
[36m(ClientAppActor pid=15853)[0m Epoch 1 Complete
[36m(ClientAppActor pid=15853)[0m Average Loss : 0.6326
[36m(ClientAppActor pid=15853)[0m Accuracy     : 65.25%
[36m(ClientAppActor pid=15853)[0m Time         : 20.28s
[36m(ClientAppActor pid=15853)[0m Images       : 2000
[36m(ClientAppActor pid=15853)[0m Images/sec   : 98.60
[36m(ClientAppActor pid=15853)[0m GPU Allocated: 2.25 GB
[36m(ClientAppActor pid=15853)[0m GPU Reserved : 5.42 GB
[36m(ClientAppActor pid=15853)[0m ==================================================
[36m(ClientAppActor pid=15853)[0m END classifier norm: 13.069515228271484
[36m(ClientAppActor pid=15853)[0m Client 5 finished training
[36m(ClientAppActor pid=15853)[0m Client 5 extracting parameters...
[36m(ClientAppActor pid=15853)[0m Client 5 parameter extraction complete
[36m(ClientAppActor pid=15853)[0m Client 5 returning results
[36m(ClientAppActor pid=15853)[0m Client 2 using cuda
[36m(ClientAppActor pid=15853)[0m {'fake': 0, 'real': 1}
[36m(ClientAppActor pid=15853)[0m [DEBUG MODE] Train=2000, Val=100, Test=100
[36m(ClientAppActor pid=15853)[0m 
[36m(ClientAppActor pid=15853)[0m Client 2 Class Distribution
[36m(ClientAppActor pid=15853)[0m Train: Counter({0: 1012, 1: 988})
[36m(ClientAppActor pid=15853)[0m Val  : Counter({0: 60, 1: 40})
[36m(ClientAppActor pid=15853)[0m Test : Counter({0: 51, 1: 49})
[36m(ClientAppActor pid=15853)[0m Client 2
[36m(ClientAppActor pid=15853)[0m Train Images: 2000
[36m(ClientAppActor pid=15853)[0m Test Images : 100
[36m(ClientAppActor pid=15853)[0m Validate Images : 100
[36m(ClientAppActor pid=15853)[0m Client 2 starting fit...
[36m(ClientAppActor pid=15853)[0m Client 2 received class memories
[36m(ClientAppActor pid=15853)[0m Real memory norm=0.8943
[36m(ClientAppActor pid=15853)[0m Fake memory norm=0.8936
[36m(ClientAppActor pid=15853)[0m Client 2 starting training...
[36m(ClientAppActor pid=15853)[0m START classifier norm: 13.063904762268066
[36m(ClientAppActor pid=15853)[0m Artifact bias shape: torch.Size([32, 8, 197, 197])
[36m(ClientAppActor pid=15853)[0m 
[36m(ClientAppActor pid=15853)[0m Batch 0/63
[36m(ClientAppActor pid=15853)[0m GPU Allocated: 2.25 GB
[36m(ClientAppActor pid=15853)[0m GPU Reserved : 5.42 GB
[36m(ClientAppActor pid=15853)[0m 
[36m(ClientAppActor pid=15853)[0m ==================================================
[36m(ClientAppActor pid=15853)[0m Epoch 1 Complete
[36m(ClientAppActor pid=15853)[0m Average Loss : 0.6305
[36m(ClientAppActor pid=15853)[0m Accuracy     : 64.20%
[36m(ClientAppActor pid=15853)[0m Time         : 20.37s
[36m(ClientAppActor pid=15853)[0m Images       : 2000
[36m(ClientAppActor pid=15853)[0m Images/sec   : 98.18
[36m(ClientAppActor pid=15853)[0m GPU Allocated: 2.25 GB
[36m(ClientAppActor pid=15853)[0m GPU Reserved : 5.42 GB
[36m(ClientAppActor pid=15853)[0m ==================================================
[36m(ClientAppActor pid=15853)[0m END classifier norm: 13.069493293762207
[36m(ClientAppActor pid=15853)[0m Client 2 finished training
[36m(ClientAppActor pid=15853)[0m Client 2 extracting parameters...
[36m(ClientAppActor pid=15853)[0m Client 2 parameter extraction complete
[36m(ClientAppActor pid=15853)[0m Client 2 returning results
[36m(ClientAppActor pid=15853)[0m Client 4 using cuda
[36m(ClientAppActor pid=15853)[0m {'fake': 0, 'real': 1}
[36m(ClientAppActor pid=15853)[0m [DEBUG MODE] Train=2000, Val=100, Test=100
[36m(ClientAppActor pid=15853)[0m 
[36m(ClientAppActor pid=15853)[0m Client 4 Class Distribution
[36m(ClientAppActor pid=15853)[0m Train: Counter({0: 1013, 1: 987})
[36m(ClientAppActor pid=15853)[0m Val  : Counter({0: 56, 1: 44})
[36m(ClientAppActor pid=15853)[0m Test : Counter({1: 53, 0: 47})
[36m(ClientAppActor pid=15853)[0m Client 4
[36m(ClientAppActor pid=15853)[0m Train Images: 2000
[36m(ClientAppActor pid=15853)[0m Test Images : 100
[36m(ClientAppActor pid=15853)[0m Validate Images : 100
[36m(ClientAppActor pid=15853)[0m Client 4 starting fit...
[36m(ClientAppActor pid=15853)[0m Client 4 received class memories
[36m(ClientAppActor pid=15853)[0m Real memory norm=0.8943
[36m(ClientAppActor pid=15853)[0m Fake memory norm=0.8936
[36m(ClientAppActor pid=15853)[0m Client 4 starting training...
[36m(ClientAppActor pid=15853)[0m START classifier norm: 13.063904762268066
[36m(ClientAppActor pid=15853)[0m Artifact bias shape: torch.Size([32, 8, 197, 197])
[36m(ClientAppActor pid=15853)[0m 
[36m(ClientAppActor pid=15853)[0m Batch 0/63
[36m(ClientAppActor pid=15853)[0m GPU Allocated: 2.25 GB
[36m(ClientAppActor pid=15853)[0m GPU Reserved : 5.42 GB
[36m(ClientAppActor pid=15853)[0m 
[36m(ClientAppActor pid=15853)[0m ==================================================
[36m(ClientAppActor pid=15853)[0m Epoch 1 Complete
[36m(ClientAppActor pid=15853)[0m Average Loss : 0.6207
[36m(ClientAppActor pid=15853)[0m Accuracy     : 65.70%
[36m(ClientAppActor pid=15853)[0m 
Epoch 1/1:   0%|          | 0/63 [00:00<?, ?it/s]
[36m(ClientAppActor pid=15853)[0m 
Epoch 1/1:   0%|          | 0/63 [00:00<?, ?it/s, loss=0.6922, acc=56.25%, img/s=96.8, eta=0.3m]
Epoch 1/1:   2%|▏         | 1/63 [00:00<00:20,  3.02it/s, loss=0.6922, acc=56.25%, img/s=96.8, eta=0.3m]
[36m(ClientAppActor pid=15853)[0m 
Epoch 1/1:   2%|▏         | 1/63 [00:00<00:20,  3.02it/s, loss=0.6886, acc=57.81%, img/s=97.6, eta=0.3m]
Epoch 1/1:   3%|▎         | 2/63 [00:00<00:19,  3.05it/s, loss=0.6886, acc=57.81%, img/s=97.6, eta=0.3m]
[36m(ClientAppActor pid=15853)[0m 
Epoch 1/1:   3%|▎         | 2/63 [00:00<00:19,  3.05it/s, loss=0.6804, acc=57.29%, img/s=98.0, eta=0.3m]
Epoch 1/1:   5%|▍         | 3/63 [00:00<00:19,  3.07it/s, loss=0.6804, acc=57.29%, img/s=98.0, eta=0.3m]
[36m(ClientAppActor pid=15853)[0m 
Epoch 1/1:   5%|▍         | 3/63 [00:01<00:19,  3.07it/s, loss=0.6808, acc=57.03%, img/s=98.1, eta=0.3m]
Epoch 1/1:   6%|▋         | 4/63 [00:01<00:19,  3.07it/s, loss=0.6808, acc=57.03%, img/s=98.1, eta=0.3m]
[36m(ClientAppActor pid=15853)[0m 
Epoch 1/1:   6%|▋         | 4/63 [00:01<00:19,  3.07it/s, loss=0.6977, acc=55.00%, img/s=98.2, eta=0.3m]
Epoch 1/1:   8%|▊         | 5/63 [00:01<00:18,  3.08it/s, loss=0.6977, acc=55.00%, img/s=98.2, eta=0.3m]
[36m(ClientAppActor pid=15853)[0m 
Epoch 1/1:   8%|▊         | 5/63 [00:01<00:18,  3.08it/s, loss=0.6762, acc=56.25%, img/s=98.2, eta=0.3m]
Epoch 1/1:  10%|▉         | 6/63 [00:01<00:18,  3.07it/s, loss=0.6762, acc=56.25%, img/s=98.2, eta=0.3m]
[36m(ClientAppActor pid=15853)[0m 
Epoch 1/1:  10%|▉         | 6/63 [00:02<00:18,  3.07it/s, loss=0.6849, acc=56.25%, img/s=98.2, eta=0.3m]
Epoch 1/1:  11%|█         | 7/63 [00:02<00:18,  3.08it/s, loss=0.6849, acc=56.25%, img/s=98.2, eta=0.3m]
[36m(ClientAppActor pid=15853)[0m 
Epoch 1/1:  11%|█         | 7/63 [00:02<00:18,  3.08it/s, loss=0.6565, acc=56.25%, img/s=98.2, eta=0.3m]
Epoch 1/1:  13%|█▎        | 8/63 [00:02<00:17,  3.07it/s, loss=0.6565, acc=56.25%, img/s=98.2, eta=0.3m]
[36m(ClientAppActor pid=15853)[0m 
Epoch 1/1:  13%|█▎        | 8/63 [00:02<00:17,  3.07it/s, loss=0.7060, acc=55.56%, img/s=98.2, eta=0.3m]
Epoch 1/1:  14%|█▍        | 9/63 [00:02<00:17,  3.07it/s, loss=0.7060, acc=55.56%, img/s=98.2, eta=0.3m]
[36m(ClientAppActor pid=15853)[0m 
Epoch 1/1:  14%|█▍        | 9/63 [00:03<00:17,  3.07it/s, loss=0.7162, acc=54.38%, img/s=98.3, eta=0.3m]
Epoch 1/1:  16%|█▌        | 10/63 [00:03<00:17,  3.08it/s, loss=0.7162, acc=54.38%, img/s=98.3, eta=0.3m]
[36m(ClientAppActor pid=15853)[0m 
Epoch 1/1:  16%|█▌        | 10/63 [00:03<00:17,  3.08it/s, loss=0.7217, acc=52.56%, img/s=98.3, eta=0.3m]
Epoch 1/1:  17%|█▋        | 11/63 [00:03<00:16,  3.08it/s, loss=0.7217, acc=52.56%, img/s=98.3, eta=0.3m]
[36m(ClientAppActor pid=15853)[0m 
Epoch 1/1:  17%|█▋        | 11/63 [00:03<00:16,  3.08it/s, loss=0.6445, acc=54.43%, img/s=98.3, eta=0.3m]
Epoch 1/1:  19%|█▉        | 12/63 [00:03<00:16,  3.07it/s, loss=0.6445, acc=54.43%, img/s=98.3, eta=0.3m]
[36m(ClientAppActor pid=15853)[0m 
Epoch 1/1:  19%|█▉        | 12/63 [00:04<00:16,  3.07it/s, loss=0.6648, acc=54.57%, img/s=98.3, eta=0.3m]
Epoch 1/1:  21%|██        | 13/63 [00:04<00:16,  3.07it/s, loss=0.6648, acc=54.57%, img/s=98.3, eta=0.3m]
[36m(ClientAppActor pid=15853)[0m 
Epoch 1/1:  21%|██        | 13/63 [00:04<00:16,  3.07it/s, loss=0.7115, acc=54.02%, img/s=98.3, eta=0.3m]
Epoch 1/1:  22%|██▏       | 14/63 [00:04<00:15,  3.07it/s, loss=0.7115, acc=54.02%, img/s=98.3, eta=0.3m]
[36m(ClientAppActor pid=15853)[0m 
Epoch 1/1:  22%|██▏       | 14/63 [00:04<00:15,  3.07it/s, loss=0.6921, acc=53.75%, img/s=98.3, eta=0.3m]
Epoch 1/1:  24%|██▍       | 15/63 [00:04<00:15,  3.07it/s, loss=0.6921, acc=53.75%, img/s=98.3, eta=0.3m]
[36m(ClientAppActor pid=15853)[0m 
Epoch 1/1:  24%|██▍       | 15/63 [00:05<00:15,  3.07it/s, loss=0.6711, acc=54.10%, img/s=98.3, eta=0.3m]
Epoch 1/1:  25%|██▌       | 16/63 [00:05<00:15,  3.08it/s, loss=0.6711, acc=54.10%, img/s=98.3, eta=0.3m]
[36m(ClientAppActor pid=15853)[0m 
Epoch 1/1:  25%|██▌       | 16/63 [00:05<00:15,  3.08it/s, loss=0.6260, acc=54.78%, img/s=98.3, eta=0.2m]
Epoch 1/1:  27%|██▋       | 17/63 [00:05<00:14,  3.08it/s, loss=0.6260, acc=54.78%, img/s=98.3, eta=0.2m]
[36m(ClientAppActor pid=15853)[0m 
Epoch 1/1:  27%|██▋       | 17/63 [00:05<00:14,  3.08it/s, loss=0.6414, acc=55.56%, img/s=98.3, eta=0.2m]
Epoch 1/1:  29%|██▊       | 18/63 [00:05<00:14,  3.08it/s, loss=0.6414, acc=55.56%, img/s=98.3, eta=0.2m]
[36m(ClientAppActor pid=15853)[0m 
Epoch 1/1:  29%|██▊       | 18/63 [00:06<00:14,  3.08it/s, loss=0.6519, acc=55.59%, img/s=98.3, eta=0.2m]
Epoch 1/1:  30%|███       | 19/63 [00:06<00:14,  3.08it/s, loss=0.6519, acc=55.59%, img/s=98.3, eta=0.2m]
[36m(ClientAppActor pid=15853)[0m 
Epoch 1/1:  30%|███       | 19/63 [00:06<00:14,  3.08it/s, loss=0.6369, acc=56.09%, img/s=98.3, eta=0.2m]
Epoch 1/1:  32%|███▏      | 20/63 [00:06<00:13,  3.08it/s, loss=0.6369, acc=56.09%, img/s=98.3, eta=0.2m]
[36m(ClientAppActor pid=15853)[0m 
Epoch 1/1:  32%|███▏      | 20/63 [00:06<00:13,  3.08it/s, loss=0.7046, acc=55.95%, img/s=98.3, eta=0.2m]
Epoch 1/1:  33%|███▎      | 21/63 [00:06<00:13,  3.08it/s, loss=0.7046, acc=55.95%, img/s=98.3, eta=0.2m]
[36m(ClientAppActor pid=15853)[0m 
Epoch 1/1:  33%|███▎      | 21/63 [00:07<00:13,  3.08it/s, loss=0.6542, acc=56.39%, img/s=98.3, eta=0.2m]
Epoch 1/1:  35%|███▍      | 22/63 [00:07<00:13,  3.07it/s, loss=0.6542, acc=56.39%, img/s=98.3, eta=0.2m]
[36m(ClientAppActor pid=15853)[0m 
Epoch 1/1:  35%|███▍      | 22/63 [00:07<00:13,  3.07it/s, loss=0.5847, acc=57.61%, img/s=98.3, eta=0.2m]
Epoch 1/1:  37%|███▋      | 23/63 [00:07<00:13,  3.08it/s, loss=0.5847, acc=57.61%, img/s=98.3, eta=0.2m]
[36m(ClientAppActor pid=15853)[0m 
Epoch 1/1:  37%|███▋      | 23/63 [00:07<00:13,  3.08it/s, loss=0.5504, acc=58.46%, img/s=98.3, eta=0.2m]
Epoch 1/1:  38%|███▊      | 24/63 [00:07<00:12,  3.08it/s, loss=0.5504, acc=58.46%, img/s=98.3, eta=0.2m]
[36m(ClientAppActor pid=15853)[0m 
Epoch 1/1:  38%|███▊      | 24/63 [00:08<00:12,  3.08it/s, loss=0.5666, acc=59.12%, img/s=98.4, eta=0.2m]
Epoch 1/1:  40%|███▉      | 25/63 [00:08<00:12,  3.08it/s, loss=0.5666, acc=59.12%, img/s=98.4, eta=0.2m]
[36m(ClientAppActor pid=15853)[0m 
Epoch 1/1:  40%|███▉      | 25/63 [00:08<00:12,  3.08it/s, loss=0.5853, acc=59.50%, img/s=98.4, eta=0.2m]
Epoch 1/1:  41%|████▏     | 26/63 [00:08<00:12,  3.08it/s, loss=0.5853, acc=59.50%, img/s=98.4, eta=0.2m]
[36m(ClientAppActor pid=15853)[0m 
Epoch 1/1:  41%|████▏     | 26/63 [00:08<00:12,  3.08it/s, loss=0.7777, acc=59.61%, img/s=98.4, eta=0.2m]
Epoch 1/1:  43%|████▎     | 27/63 [00:08<00:11,  3.08it/s, loss=0.7777, acc=59.61%, img/s=98.4, eta=0.2m]
[36m(ClientAppActor pid=15853)[0m 
Epoch 1/1:  43%|████▎     | 27/63 [00:09<00:11,  3.08it/s, loss=0.5976, acc=60.04%, img/s=98.4, eta=0.2m]
Epoch 1/1:  44%|████▍     | 28/63 [00:09<00:11,  3.08it/s, loss=0.5976, acc=60.04%, img/s=98.4, eta=0.2m]
[36m(ClientAppActor pid=15853)[0m 
Epoch 1/1:  44%|████▍     | 28/63 [00:09<00:11,  3.08it/s, loss=0.6971, acc=60.13%, img/s=98.4, eta=0.2m]
Epoch 1/1:  46%|████▌     | 29/63 [00:09<00:11,  3.08it/s, loss=0.6971, acc=60.13%, img/s=98.4, eta=0.2m]
[36m(ClientAppActor pid=15853)[0m 
Epoch 1/1:  46%|████▌     | 29/63 [00:09<00:11,  3.08it/s, loss=0.6073, acc=60.31%, img/s=98.4, eta=0.2m]
Epoch 1/1:  48%|████▊     | 30/63 [00:09<00:10,  3.08it/s, loss=0.6073, acc=60.31%, img/s=98.4, eta=0.2m]
[36m(ClientAppActor pid=15853)[0m 
Epoch 1/1:  48%|████▊     | 30/63 [00:10<00:10,  3.08it/s, loss=0.6132, acc=60.48%, img/s=98.4, eta=0.2m]
Epoch 1/1:  49%|████▉     | 31/63 [00:10<00:10,  3.08it/s, loss=0.6132, acc=60.48%, img/s=98.4, eta=0.2m]
[36m(ClientAppActor pid=15853)[0m 
Epoch 1/1:  49%|████▉     | 31/63 [00:10<00:10,  3.08it/s, loss=0.5710, acc=60.45%, img/s=98.4, eta=0.2m]
Epoch 1/1:  51%|█████     | 32/63 [00:10<00:10,  3.07it/s, loss=0.5710, acc=60.45%, img/s=98.4, eta=0.2m]
[36m(ClientAppActor pid=15853)[0m 
Epoch 1/1:  51%|█████     | 32/63 [00:10<00:10,  3.07it/s, loss=0.6205, acc=60.89%, img/s=98.4, eta=0.2m]
Epoch 1/1:  52%|█████▏    | 33/63 [00:10<00:09,  3.08it/s, loss=0.6205, acc=60.89%, img/s=98.4, eta=0.2m]
[36m(ClientAppActor pid=15853)[0m 
Epoch 1/1:  52%|█████▏    | 33/63 [00:11<00:09,  3.08it/s, loss=0.6369, acc=60.66%, img/s=98.4, eta=0.2m]
Epoch 1/1:  54%|█████▍    | 34/63 [00:11<00:09,  3.07it/s, loss=0.6369, acc=60.66%, img/s=98.4, eta=0.2m]
[36m(ClientAppActor pid=15853)[0m 
Epoch 1/1:  54%|█████▍    | 34/63 [00:11<00:09,  3.07it/s, loss=0.6565, acc=60.80%, img/s=98.4, eta=0.2m]
Epoch 1/1:  56%|█████▌    | 35/63 [00:11<00:09,  3.07it/s, loss=0.6565, acc=60.80%, img/s=98.4, eta=0.2m]
[36m(ClientAppActor pid=15853)[0m 
Epoch 1/1:  56%|█████▌    | 35/63 [00:11<00:09,  3.07it/s, loss=0.5982, acc=61.20%, img/s=98.3, eta=0.1m]
Epoch 1/1:  57%|█████▋    | 36/63 [00:11<00:08,  3.07it/s, loss=0.5982, acc=61.20%, img/s=98.3, eta=0.1m]
[36m(ClientAppActor pid=15853)[0m 
Epoch 1/1:  57%|█████▋    | 36/63 [00:12<00:08,  3.07it/s, loss=0.5799, acc=61.40%, img/s=98.4, eta=0.1m]
Epoch 1/1:  59%|█████▊    | 37/63 [00:12<00:08,  3.07it/s, loss=0.5799, acc=61.40%, img/s=98.4, eta=0.1m]
[36m(ClientAppActor pid=15853)[0m 
Epoch 1/1:  59%|█████▊    | 37/63 [00:12<00:08,  3.07it/s, loss=0.5887, acc=61.43%, img/s=98.4, eta=0.1m]
Epoch 1/1:  60%|██████    | 38/63 [00:12<00:08,  3.07it/s, loss=0.5887, acc=61.43%, img/s=98.4, eta=0.1m]
[36m(ClientAppActor pid=15853)[0m 
Epoch 1/1:  60%|██████    | 38/63 [00:12<00:08,  3.07it/s, loss=0.6809, acc=61.30%, img/s=98.3, eta=0.1m]
Epoch 1/1:  62%|██████▏   | 39/63 [00:12<00:07,  3.07it/s, loss=0.6809, acc=61.30%, img/s=98.3, eta=0.1m]
[36m(ClientAppActor pid=15853)[0m 
Epoch 1/1:  62%|██████▏   | 39/63 [00:13<00:07,  3.07it/s, loss=0.6829, acc=61.33%, img/s=98.3, eta=0.1m]
Epoch 1/1:  63%|██████▎   | 40/63 [00:13<00:07,  3.07it/s, loss=0.6829, acc=61.33%, img/s=98.3, eta=0.1m]
[36m(ClientAppActor pid=15853)[0m 
Epoch 1/1:  63%|██████▎   | 40/63 [00:13<00:07,  3.07it/s, loss=0.6567, acc=61.36%, img/s=98.3, eta=0.1m]
Epoch 1/1:  65%|██████▌   | 41/63 [00:13<00:07,  3.07it/s, loss=0.6567, acc=61.36%, img/s=98.3, eta=0.1m]
[36m(ClientAppActor pid=15853)[0m 
Epoch 1/1:  65%|██████▌   | 41/63 [00:13<00:07,  3.07it/s, loss=0.6043, acc=61.61%, img/s=98.4, eta=0.1m]
Epoch 1/1:  67%|██████▋   | 42/63 [00:13<00:06,  3.07it/s, loss=0.6043, acc=61.61%, img/s=98.4, eta=0.1m]
[36m(ClientAppActor pid=15853)[0m 
Epoch 1/1:  67%|██████▋   | 42/63 [00:13<00:06,  3.07it/s, loss=0.6043, acc=61.63%, img/s=98.3, eta=0.1m]
Epoch 1/1:  68%|██████▊   | 43/63 [00:13<00:06,  3.07it/s, loss=0.6043, acc=61.63%, img/s=98.3, eta=0.1m]
[36m(ClientAppActor pid=15853)[0m 
Epoch 1/1:  68%|██████▊   | 43/63 [00:14<00:06,  3.07it/s, loss=0.6463, acc=61.65%, img/s=98.3, eta=0.1m]
Epoch 1/1:  70%|██████▉   | 44/63 [00:14<00:06,  3.07it/s, loss=0.6463, acc=61.65%, img/s=98.3, eta=0.1m]
[36m(ClientAppActor pid=15853)[0m 
Epoch 1/1:  70%|██████▉   | 44/63 [00:14<00:06,  3.07it/s, loss=0.5921, acc=61.74%, img/s=98.3, eta=0.1m]
Epoch 1/1:  71%|███████▏  | 45/63 [00:14<00:05,  3.07it/s, loss=0.5921, acc=61.74%, img/s=98.3, eta=0.1m]
[36m(ClientAppActor pid=15853)[0m 
Epoch 1/1:  71%|███████▏  | 45/63 [00:14<00:05,  3.07it/s, loss=0.5887, acc=61.89%, img/s=98.3, eta=0.1m]
Epoch 1/1:  73%|███████▎  | 46/63 [00:14<00:05,  3.07it/s, loss=0.5887, acc=61.89%, img/s=98.3, eta=0.1m]
[36m(ClientAppActor pid=15853)[0m 
Epoch 1/1:  73%|███████▎  | 46/63 [00:15<00:05,  3.07it/s, loss=0.5971, acc=62.23%, img/s=98.3, eta=0.1m]
Epoch 1/1:  75%|███████▍  | 47/63 [00:15<00:05,  3.07it/s, loss=0.5971, acc=62.23%, img/s=98.3, eta=0.1m]
[36m(ClientAppActor pid=15853)[0m 
Epoch 1/1:  75%|███████▍  | 47/63 [00:15<00:05,  3.07it/s, loss=0.6194, acc=62.30%, img/s=98.3, eta=0.1m]
Epoch 1/1:  76%|███████▌  | 48/63 [00:15<00:04,  3.07it/s, loss=0.6194, acc=62.30%, img/s=98.3, eta=0.1m]
[36m(ClientAppActor pid=15853)[0m 
Epoch 1/1:  76%|███████▌  | 48/63 [00:15<00:04,  3.07it/s, loss=0.7106, acc=62.12%, img/s=98.3, eta=0.1m]
Epoch 1/1:  78%|███████▊  | 49/63 [00:15<00:04,  3.07it/s, loss=0.7106, acc=62.12%, img/s=98.3, eta=0.1m]
[36m(ClientAppActor pid=15853)[0m 
Epoch 1/1:  78%|███████▊  | 49/63 [00:16<00:04,  3.07it/s, loss=0.5107, acc=62.44%, img/s=98.3, eta=0.1m]
Epoch 1/1:  79%|███████▉  | 50/63 [00:16<00:04,  3.07it/s, loss=0.5107, acc=62.44%, img/s=98.3, eta=0.1m]
[36m(ClientAppActor pid=15853)[0m 
Epoch 1/1:  79%|███████▉  | 50/63 [00:16<00:04,  3.07it/s, loss=0.5808, acc=62.56%, img/s=98.3, eta=0.1m]
Epoch 1/1:  81%|████████  | 51/63 [00:16<00:03,  3.07it/s, loss=0.5808, acc=62.56%, img/s=98.3, eta=0.1m]
[36m(ClientAppActor pid=15853)[0m 
Epoch 1/1:  81%|████████  | 51/63 [00:16<00:03,  3.07it/s, loss=0.5842, acc=62.62%, img/s=98.3, eta=0.1m]
Epoch 1/1:  83%|████████▎ | 52/63 [00:16<00:03,  3.07it/s, loss=0.5842, acc=62.62%, img/s=98.3, eta=0.1m]
[36m(ClientAppActor pid=15853)[0m 
Epoch 1/1:  83%|████████▎ | 52/63 [00:17<00:03,  3.07it/s, loss=0.6137, acc=62.79%, img/s=98.3, eta=0.1m]
Epoch 1/1:  84%|████████▍ | 53/63 [00:17<00:03,  3.07it/s, loss=0.6137, acc=62.79%, img/s=98.3, eta=0.1m]
[36m(ClientAppActor pid=15853)[0m 
Epoch 1/1:  84%|████████▍ | 53/63 [00:17<00:03,  3.07it/s, loss=0.6622, acc=62.73%, img/s=98.3, eta=0.0m]
Epoch 1/1:  86%|████████▌ | 54/63 [00:17<00:02,  3.07it/s, loss=0.6622, acc=62.73%, img/s=98.3, eta=0.0m]
[36m(ClientAppActor pid=15853)[0m 
Epoch 1/1:  86%|████████▌ | 54/63 [00:17<00:02,  3.07it/s, loss=0.6335, acc=62.67%, img/s=98.3, eta=0.0m]
Epoch 1/1:  87%|████████▋ | 55/63 [00:17<00:02,  3.07it/s, loss=0.6335, acc=62.67%, img/s=98.3, eta=0.0m]
[36m(ClientAppActor pid=15853)[0m 
Epoch 1/1:  87%|████████▋ | 55/63 [00:18<00:02,  3.07it/s, loss=0.5167, acc=63.06%, img/s=98.3, eta=0.0m]
Epoch 1/1:  89%|████████▉ | 56/63 [00:18<00:02,  3.02it/s, loss=0.5167, acc=63.06%, img/s=98.3, eta=0.0m]
[36m(ClientAppActor pid=15853)[0m 
Epoch 1/1:  89%|████████▉ | 56/63 [00:18<00:02,  3.02it/s, loss=0.6366, acc=63.10%, img/s=98.2, eta=0.0m]
Epoch 1/1:  90%|█████████ | 57/63 [00:18<00:01,  3.04it/s, loss=0.6366, acc=63.10%, img/s=98.2, eta=0.0m]
[36m(ClientAppActor pid=15853)[0m 
Epoch 1/1:  90%|█████████ | 57/63 [00:18<00:01,  3.04it/s, loss=0.5313, acc=63.36%, img/s=98.2, eta=0.0m]
Epoch 1/1:  92%|█████████▏| 58/63 [00:18<00:01,  3.05it/s, loss=0.5313, acc=63.36%, img/s=98.2, eta=0.0m]
[36m(ClientAppActor pid=15853)[0m 
Epoch 1/1:  92%|█████████▏| 58/63 [00:19<00:01,  3.05it/s, loss=0.5307, acc=63.45%, img/s=98.2, eta=0.0m]
Epoch 1/1:  94%|█████████▎| 59/63 [00:19<00:01,  3.05it/s, loss=0.5307, acc=63.45%, img/s=98.2, eta=0.0m]
[36m(ClientAppActor pid=15853)[0m 
Epoch 1/1:  94%|█████████▎| 59/63 [00:19<00:01,  3.05it/s, loss=0.6054, acc=63.49%, img/s=98.2, eta=0.0m]
Epoch 1/1:  95%|█████████▌| 60/63 [00:19<00:00,  3.06it/s, loss=0.6054, acc=63.49%, img/s=98.2, eta=0.0m]
[36m(ClientAppActor pid=15853)[0m 
Epoch 1/1:  95%|█████████▌| 60/63 [00:19<00:00,  3.06it/s, loss=0.5505, acc=63.63%, img/s=98.2, eta=0.0m]
Epoch 1/1:  97%|█████████▋| 61/63 [00:19<00:00,  3.06it/s, loss=0.5505, acc=63.63%, img/s=98.2, eta=0.0m]
[36m(ClientAppActor pid=15853)[0m 
Epoch 1/1:  97%|█████████▋| 61/63 [00:20<00:00,  3.06it/s, loss=0.4953, acc=63.91%, img/s=98.2, eta=0.0m]
Epoch 1/1:  98%|█████████▊| 62/63 [00:20<00:00,  3.07it/s, loss=0.4953, acc=63.91%, img/s=98.2, eta=0.0m]
[36m(ClientAppActor pid=15853)[0m 
Epoch 1/1:  98%|█████████▊| 62/63 [00:20<00:00,  3.07it/s, loss=0.4630, acc=64.05%, img/s=49.4, eta=0.0m]
Epoch 1/1: 100%|██████████| 63/63 [00:20<00:00,  3.49it/s, loss=0.4630, acc=64.05%, img/s=49.4, eta=0.0m]
Epoch 1/1: 100%|██████████| 63/63 [00:20<00:00,  3.09it/s, loss=0.4630, acc=64.05%, img/s=49.4, eta=0.0m]
[36m(ClientAppActor pid=15853)[0m 
Epoch 1/1:   0%|          | 0/63 [00:00<?, ?it/s]
[36m(ClientAppActor pid=15853)[0m 
Epoch 1/1:   0%|          | 0/63 [00:00<?, ?it/s, loss=0.6869, acc=62.50%, img/s=97.1, eta=0.3m]
Epoch 1/1:   2%|▏         | 1/63 [00:00<00:20,  3.03it/s, loss=0.6869, acc=62.50%, img/s=97.1, eta=0.3m]
[36m(ClientAppActor pid=15853)[0m 
Epoch 1/1:   2%|▏         | 1/63 [00:00<00:20,  3.03it/s, loss=0.6864, acc=57.81%, img/s=97.7, eta=0.3m]
Epoch 1/1:   3%|▎         | 2/63 [00:00<00:19,  3.06it/s, loss=0.6864, acc=57.81%, img/s=97.7, eta=0.3m]
[36m(ClientAppActor pid=15853)[0m 
Epoch 1/1:   3%|▎         | 2/63 [00:00<00:19,  3.06it/s, loss=0.6833, acc=57.29%, img/s=97.8, eta=0.3m]
Epoch 1/1:   5%|▍         | 3/63 [00:00<00:19,  3.06it/s, loss=0.6833, acc=57.29%, img/s=97.8, eta=0.3m]
[36m(ClientAppActor pid=15853)[0m 
Epoch 1/1:   5%|▍         | 3/63 [00:01<00:19,  3.06it/s, loss=0.6575, acc=61.72%, img/s=97.9, eta=0.3m]
Epoch 1/1:   6%|▋         | 4/63 [00:01<00:19,  3.06it/s, loss=0.6575, acc=61.72%, img/s=97.9, eta=0.3m]
[36m(ClientAppActor pid=15853)[0m 
Epoch 1/1:   6%|▋         | 4/63 [00:01<00:19,  3.06it/s, loss=0.7214, acc=58.12%, img/s=97.9, eta=0.3m]
Epoch 1/1:   8%|▊         | 5/63 [00:01<00:18,  3.06it/s, loss=0.7214, acc=58.12%, img/s=97.9, eta=0.3m]
[36m(ClientAppActor pid=15853)[0m 
Epoch 1/1:   8%|▊         | 5/63 [00:01<00:18,  3.06it/s, loss=0.7467, acc=55.21%, img/s=97.9, eta=0.3m]
Epoch 1/1:  10%|▉         | 6/63 [00:01<00:18,  3.06it/s, loss=0.7467, acc=55.21%, img/s=97.9, eta=0.3m]
[36m(ClientAppActor pid=15853)[0m 
Epoch 1/1:  10%|▉         | 6/63 [00:02<00:18,  3.06it/s, loss=0.6890, acc=54.46%, img/s=98.0, eta=0.3m]
Epoch 1/1:  11%|█         | 7/63 [00:02<00:18,  3.07it/s, loss=0.6890, acc=54.46%, img/s=98.0, eta=0.3m]
[36m(ClientAppActor pid=15853)[0m 
Epoch 1/1:  11%|█         | 7/63 [00:02<00:18,  3.07it/s, loss=0.6766, acc=54.69%, img/s=98.0, eta=0.3m]
Epoch 1/1:  13%|█▎        | 8/63 [00:02<00:17,  3.07it/s, loss=0.6766, acc=54.69%, img/s=98.0, eta=0.3m]
[36m(ClientAppActor pid=15853)[0m 
Epoch 1/1:  13%|█▎        | 8/63 [00:02<00:17,  3.07it/s, loss=0.6676, acc=56.25%, img/s=98.1, eta=0.3m]
Epoch 1/1:  14%|█▍        | 9/63 [00:02<00:17,  3.07it/s, loss=0.6676, acc=56.25%, img/s=98.1, eta=0.3m]
[36m(ClientAppActor pid=15853)[0m 
Epoch 1/1:  14%|█▍        | 9/63 [00:03<00:17,  3.07it/s, loss=0.6673, acc=57.50%, img/s=98.1, eta=0.3m]
Epoch 1/1:  16%|█▌        | 10/63 [00:03<00:17,  3.07it/s, loss=0.6673, acc=57.50%, img/s=98.1, eta=0.3m]
[36m(ClientAppActor pid=15853)[0m 
Epoch 1/1:  16%|█▌        | 10/63 [00:03<00:17,  3.07it/s, loss=0.7006, acc=56.82%, img/s=98.1, eta=0.3m]
Epoch 1/1:  17%|█▋        | 11/63 [00:03<00:16,  3.07it/s, loss=0.7006, acc=56.82%, img/s=98.1, eta=0.3m]
[36m(ClientAppActor pid=15853)[0m 
Epoch 1/1:  17%|█▋        | 11/63 [00:03<00:16,  3.07it/s, loss=0.6570, acc=57.81%, img/s=98.1, eta=0.3m]
Epoch 1/1:  19%|█▉        | 12/63 [00:03<00:16,  3.07it/s, loss=0.6570, acc=57.81%, img/s=98.1, eta=0.3m]
[36m(ClientAppActor pid=15853)[0m 
Epoch 1/1:  19%|█▉        | 12/63 [00:04<00:16,  3.07it/s, loss=0.7022, acc=56.97%, img/s=98.2, eta=0.3m]
Epoch 1/1:  21%|██        | 13/63 [00:04<00:16,  3.07it/s, loss=0.7022, acc=56.97%, img/s=98.2, eta=0.3m]
[36m(ClientAppActor pid=15853)[0m 
Epoch 1/1:  21%|██        | 13/63 [00:04<00:16,  3.07it/s, loss=0.6866, acc=56.25%, img/s=98.2, eta=0.3m]
Epoch 1/1:  22%|██▏       | 14/63 [00:04<00:15,  3.07it/s, loss=0.6866, acc=56.25%, img/s=98.2, eta=0.3m]
[36m(ClientAppActor pid=15853)[0m 
Epoch 1/1:  22%|██▏       | 14/63 [00:04<00:15,  3.07it/s, loss=0.6464, acc=57.08%, img/s=98.2, eta=0.3m]
Epoch 1/1:  24%|██▍       | 15/63 [00:04<00:15,  3.07it/s, loss=0.6464, acc=57.08%, img/s=98.2, eta=0.3m]
[36m(ClientAppActor pid=15853)[0m 
Epoch 1/1:  24%|██▍       | 15/63 [00:05<00:15,  3.07it/s, loss=0.6502, acc=57.81%, img/s=98.2, eta=0.3m]
Epoch 1/1:  25%|██▌       | 16/63 [00:05<00:15,  3.07it/s, loss=0.6502, acc=57.81%, img/s=98.2, eta=0.3m]
[36m(ClientAppActor pid=15853)[0m 
Epoch 1/1:  25%|██▌       | 16/63 [00:05<00:15,  3.07it/s, loss=0.6691, acc=57.90%, img/s=98.2, eta=0.2m]
Epoch 1/1:  27%|██▋       | 17/63 [00:05<00:14,  3.07it/s, loss=0.6691, acc=57.90%, img/s=98.2, eta=0.2m]
[36m(ClientAppActor pid=15853)[0m 
Epoch 1/1:  27%|██▋       | 17/63 [00:05<00:14,  3.07it/s, loss=0.6730, acc=58.33%, img/s=98.2, eta=0.2m]
Epoch 1/1:  29%|██▊       | 18/63 [00:05<00:14,  3.07it/s, loss=0.6730, acc=58.33%, img/s=98.2, eta=0.2m]
[36m(ClientAppActor pid=15853)[0m 
Epoch 1/1:  29%|██▊       | 18/63 [00:06<00:14,  3.07it/s, loss=0.6170, acc=59.05%, img/s=98.2, eta=0.2m]
Epoch 1/1:  30%|███       | 19/63 [00:06<00:14,  3.07it/s, loss=0.6170, acc=59.05%, img/s=98.2, eta=0.2m]
[36m(ClientAppActor pid=15853)[0m 
Epoch 1/1:  30%|███       | 19/63 [00:06<00:14,  3.07it/s, loss=0.6119, acc=59.38%, img/s=98.2, eta=0.2m]
Epoch 1/1:  32%|███▏      | 20/63 [00:06<00:14,  3.07it/s, loss=0.6119, acc=59.38%, img/s=98.2, eta=0.2m]
[36m(ClientAppActor pid=15853)[0m 
Epoch 1/1:  32%|███▏      | 20/63 [00:06<00:14,  3.07it/s, loss=0.6187, acc=59.97%, img/s=98.2, eta=0.2m]
Epoch 1/1:  33%|███▎      | 21/63 [00:06<00:13,  3.07it/s, loss=0.6187, acc=59.97%, img/s=98.2, eta=0.2m]
[36m(ClientAppActor pid=15853)[0m 
Epoch 1/1:  33%|███▎      | 21/63 [00:07<00:13,  3.07it/s, loss=0.6443, acc=60.23%, img/s=98.2, eta=0.2m]
Epoch 1/1:  35%|███▍      | 22/63 [00:07<00:13,  3.07it/s, loss=0.6443, acc=60.23%, img/s=98.2, eta=0.2m]
[36m(ClientAppActor pid=15853)[0m 
Epoch 1/1:  35%|███▍      | 22/63 [00:07<00:13,  3.07it/s, loss=0.6612, acc=60.33%, img/s=98.2, eta=0.2m]
Epoch 1/1:  37%|███▋      | 23/63 [00:07<00:13,  3.08it/s, loss=0.6612, acc=60.33%, img/s=98.2, eta=0.2m]
[36m(ClientAppActor pid=15853)[0m 
Epoch 1/1:  37%|███▋      | 23/63 [00:07<00:13,  3.08it/s, loss=0.6395, acc=60.42%, img/s=98.2, eta=0.2m]
Epoch 1/1:  38%|███▊      | 24/63 [00:07<00:12,  3.07it/s, loss=0.6395, acc=60.42%, img/s=98.2, eta=0.2m]
[36m(ClientAppActor pid=15853)[0m 
Epoch 1/1:  38%|███▊      | 24/63 [00:08<00:12,  3.07it/s, loss=0.6417, acc=60.38%, img/s=98.2, eta=0.2m]
Epoch 1/1:  40%|███▉      | 25/63 [00:08<00:12,  3.07it/s, loss=0.6417, acc=60.38%, img/s=98.2, eta=0.2m]
[36m(ClientAppActor pid=15853)[0m 
Epoch 1/1:  40%|███▉      | 25/63 [00:08<00:12,  3.07it/s, loss=0.5858, acc=61.06%, img/s=98.2, eta=0.2m]
Epoch 1/1:  41%|████▏     | 26/63 [00:08<00:12,  3.07it/s, loss=0.5858, acc=61.06%, img/s=98.2, eta=0.2m]
[36m(ClientAppActor pid=15853)[0m 
Epoch 1/1:  41%|████▏     | 26/63 [00:08<00:12,  3.07it/s, loss=0.5546, acc=61.81%, img/s=98.2, eta=0.2m]
Epoch 1/1:  43%|████▎     | 27/63 [00:08<00:11,  3.08it/s, loss=0.5546, acc=61.81%, img/s=98.2, eta=0.2m]
[36m(ClientAppActor pid=15853)[0m 
Epoch 1/1:  43%|████▎     | 27/63 [00:09<00:11,  3.08it/s, loss=0.7586, acc=61.27%, img/s=98.2, eta=0.2m]
Epoch 1/1:  44%|████▍     | 28/63 [00:09<00:11,  3.07it/s, loss=0.7586, acc=61.27%, img/s=98.2, eta=0.2m]
[36m(ClientAppActor pid=15853)[0m 
Epoch 1/1:  44%|████▍     | 28/63 [00:09<00:11,  3.07it/s, loss=0.5677, acc=61.64%, img/s=98.3, eta=0.2m]
Epoch 1/1:  46%|████▌     | 29/63 [00:09<00:11,  3.08it/s, loss=0.5677, acc=61.64%, img/s=98.3, eta=0.2m]
[36m(ClientAppActor pid=15853)[0m 
Epoch 1/1:  46%|████▌     | 29/63 [00:09<00:11,  3.08it/s, loss=0.6037, acc=61.88%, img/s=98.2, eta=0.2m]
Epoch 1/1:  48%|████▊     | 30/63 [00:09<00:10,  3.07it/s, loss=0.6037, acc=61.88%, img/s=98.2, eta=0.2m]
[36m(ClientAppActor pid=15853)[0m 
Epoch 1/1:  48%|████▊     | 30/63 [00:10<00:10,  3.07it/s, loss=0.8918, acc=61.69%, img/s=98.6, eta=0.2m]
Epoch 1/1:  49%|████▉     | 31/63 [00:10<00:10,  3.17it/s, loss=0.8918, acc=61.69%, img/s=98.6, eta=0.2m]
[36m(ClientAppActor pid=15853)[0m 
Epoch 1/1:  49%|████▉     | 31/63 [00:10<00:10,  3.17it/s, loss=0.6744, acc=61.62%, img/s=98.6, eta=0.2m]
Epoch 1/1:  51%|█████     | 32/63 [00:10<00:09,  3.14it/s, loss=0.6744, acc=61.62%, img/s=98.6, eta=0.2m]
[36m(ClientAppActor pid=15853)[0m 
Epoch 1/1:  51%|█████     | 32/63 [00:10<00:09,  3.14it/s, loss=0.5609, acc=61.93%, img/s=98.6, eta=0.2m]
Epoch 1/1:  52%|█████▏    | 33/63 [00:10<00:09,  3.12it/s, loss=0.5609, acc=61.93%, img/s=98.6, eta=0.2m]
[36m(ClientAppActor pid=15853)[0m 
Epoch 1/1:  52%|█████▏    | 33/63 [00:11<00:09,  3.12it/s, loss=0.6301, acc=61.86%, img/s=98.6, eta=0.2m]
Epoch 1/1:  54%|█████▍    | 34/63 [00:11<00:09,  3.11it/s, loss=0.6301, acc=61.86%, img/s=98.6, eta=0.2m]
[36m(ClientAppActor pid=15853)[0m 
Epoch 1/1:  54%|█████▍    | 34/63 [00:11<00:09,  3.11it/s, loss=0.5774, acc=62.05%, img/s=98.6, eta=0.2m]
Epoch 1/1:  56%|█████▌    | 35/63 [00:11<00:09,  3.10it/s, loss=0.5774, acc=62.05%, img/s=98.6, eta=0.2m]
[36m(ClientAppActor pid=15853)[0m 
Epoch 1/1:  56%|█████▌    | 35/63 [00:11<00:09,  3.10it/s, loss=0.7912, acc=61.63%, img/s=98.6, eta=0.1m]
Epoch 1/1:  57%|█████▋    | 36/63 [00:11<00:08,  3.09it/s, loss=0.7912, acc=61.63%, img/s=98.6, eta=0.1m]
[36m(ClientAppActor pid=15853)[0m 
Epoch 1/1:  57%|█████▋    | 36/63 [00:12<00:08,  3.09it/s, loss=0.8239, acc=61.23%, img/s=98.6, eta=0.1m]
Epoch 1/1:  59%|█████▊    | 37/63 [00:12<00:08,  3.09it/s, loss=0.8239, acc=61.23%, img/s=98.6, eta=0.1m]
[36m(ClientAppActor pid=15853)[0m 
Epoch 1/1:  59%|█████▊    | 37/63 [00:12<00:08,  3.09it/s, loss=0.7202, acc=61.18%, img/s=98.6, eta=0.1m]
Epoch 1/1:  60%|██████    | 38/63 [00:12<00:08,  3.08it/s, loss=0.7202, acc=61.18%, img/s=98.6, eta=0.1m]
[36m(ClientAppActor pid=15853)[0m 
Epoch 1/1:  60%|██████    | 38/63 [00:12<00:08,  3.08it/s, loss=0.7192, acc=60.90%, img/s=98.5, eta=0.1m]
Epoch 1/1:  62%|██████▏   | 39/63 [00:12<00:07,  3.08it/s, loss=0.7192, acc=60.90%, img/s=98.5, eta=0.1m]
[36m(ClientAppActor pid=15853)[0m 
Epoch 1/1:  62%|██████▏   | 39/63 [00:12<00:07,  3.08it/s, loss=0.7902, acc=60.39%, img/s=98.5, eta=0.1m]
Epoch 1/1:  63%|██████▎   | 40/63 [00:12<00:07,  3.08it/s, loss=0.7902, acc=60.39%, img/s=98.5, eta=0.1m]
[36m(ClientAppActor pid=15853)[0m 
Epoch 1/1:  63%|██████▎   | 40/63 [00:13<00:07,  3.08it/s, loss=0.7483, acc=59.98%, img/s=98.5, eta=0.1m]
Epoch 1/1:  65%|██████▌   | 41/63 [00:13<00:07,  3.07it/s, loss=0.7483, acc=59.98%, img/s=98.5, eta=0.1m]
[36m(ClientAppActor pid=15853)[0m 
Epoch 1/1:  65%|██████▌   | 41/63 [00:13<00:07,  3.07it/s, loss=0.6391, acc=60.19%, img/s=98.5, eta=0.1m]
Epoch 1/1:  67%|██████▋   | 42/63 [00:13<00:06,  3.07it/s, loss=0.6391, acc=60.19%, img/s=98.5, eta=0.1m]
[36m(ClientAppActor pid=15853)[0m 
Epoch 1/1:  67%|██████▋   | 42/63 [00:13<00:06,  3.07it/s, loss=0.6187, acc=60.39%, img/s=98.5, eta=0.1m]
Epoch 1/1:  68%|██████▊   | 43/63 [00:13<00:06,  3.07it/s, loss=0.6187, acc=60.39%, img/s=98.5, eta=0.1m]
[36m(ClientAppActor pid=15853)[0m 
Epoch 1/1:  68%|██████▊   | 43/63 [00:14<00:06,  3.07it/s, loss=0.6355, acc=60.51%, img/s=98.5, eta=0.1m]
Epoch 1/1:  70%|██████▉   | 44/63 [00:14<00:06,  3.07it/s, loss=0.6355, acc=60.51%, img/s=98.5, eta=0.1m]
[36m(ClientAppActor pid=15853)[0m 
Epoch 1/1:  70%|██████▉   | 44/63 [00:14<00:06,  3.07it/s, loss=0.6774, acc=60.35%, img/s=98.5, eta=0.1m]
Epoch 1/1:  71%|███████▏  | 45/63 [00:14<00:05,  3.07it/s, loss=0.6774, acc=60.35%, img/s=98.5, eta=0.1m]
[36m(ClientAppActor pid=15853)[0m 
Epoch 1/1:  71%|███████▏  | 45/63 [00:14<00:05,  3.07it/s, loss=0.5526, acc=60.67%, img/s=98.5, eta=0.1m]
Epoch 1/1:  73%|███████▎  | 46/63 [00:14<00:05,  3.07it/s, loss=0.5526, acc=60.67%, img/s=98.5, eta=0.1m]
[36m(ClientAppActor pid=15853)[0m 
Epoch 1/1:  73%|███████▎  | 46/63 [00:15<00:05,  3.07it/s, loss=0.6340, acc=60.70%, img/s=98.5, eta=0.1m]
Epoch 1/1:  75%|███████▍  | 47/63 [00:15<00:05,  3.07it/s, loss=0.6340, acc=60.70%, img/s=98.5, eta=0.1m]
[36m(ClientAppActor pid=15853)[0m 
Epoch 1/1:  75%|███████▍  | 47/63 [00:15<00:05,  3.07it/s, loss=0.6015, acc=60.74%, img/s=98.5, eta=0.1m]
Epoch 1/1:  76%|███████▌  | 48/63 [00:15<00:04,  3.07it/s, loss=0.6015, acc=60.74%, img/s=98.5, eta=0.1m]
[36m(ClientAppActor pid=15853)[0m 
Epoch 1/1:  76%|███████▌  | 48/63 [00:15<00:04,  3.07it/s, loss=0.8629, acc=60.46%, img/s=98.5, eta=0.1m]
Epoch 1/1:  78%|███████▊  | 49/63 [00:15<00:04,  3.07it/s, loss=0.8629, acc=60.46%, img/s=98.5, eta=0.1m]
[36m(ClientAppActor pid=15853)[0m 
Epoch 1/1:  78%|███████▊  | 49/63 [00:16<00:04,  3.07it/s, loss=0.5890, acc=60.38%, img/s=98.5, eta=0.1m]
Epoch 1/1:  79%|███████▉  | 50/63 [00:16<00:04,  3.07it/s, loss=0.5890, acc=60.38%, img/s=98.5, eta=0.1m]
[36m(ClientAppActor pid=15853)[0m 
Epoch 1/1:  79%|███████▉  | 50/63 [00:16<00:04,  3.07it/s, loss=0.6179, acc=60.42%, img/s=98.5, eta=0.1m]
Epoch 1/1:  81%|████████  | 51/63 [00:16<00:03,  3.07it/s, loss=0.6179, acc=60.42%, img/s=98.5, eta=0.1m]
[36m(ClientAppActor pid=15853)[0m 
Epoch 1/1:  81%|████████  | 51/63 [00:16<00:03,  3.07it/s, loss=0.6299, acc=60.64%, img/s=98.5, eta=0.1m]
Epoch 1/1:  83%|████████▎ | 52/63 [00:16<00:03,  3.07it/s, loss=0.6299, acc=60.64%, img/s=98.5, eta=0.1m]
[36m(ClientAppActor pid=15853)[0m 
Epoch 1/1:  83%|████████▎ | 52/63 [00:17<00:03,  3.07it/s, loss=0.5544, acc=61.03%, img/s=98.5, eta=0.1m]
Epoch 1/1:  84%|████████▍ | 53/63 [00:17<00:03,  3.08it/s, loss=0.5544, acc=61.03%, img/s=98.5, eta=0.1m]
[36m(ClientAppActor pid=15853)[0m 
Epoch 1/1:  84%|████████▍ | 53/63 [00:17<00:03,  3.08it/s, loss=0.6343, acc=61.11%, img/s=98.5, eta=0.0m]
Epoch 1/1:  86%|████████▌ | 54/63 [00:17<00:02,  3.07it/s, loss=0.6343, acc=61.11%, img/s=98.5, eta=0.0m]
[36m(ClientAppActor pid=15853)[0m 
Epoch 1/1:  86%|████████▌ | 54/63 [00:17<00:02,  3.07it/s, loss=0.6691, acc=60.97%, img/s=98.5, eta=0.0m]
Epoch 1/1:  87%|████████▋ | 55/63 [00:17<00:02,  3.08it/s, loss=0.6691, acc=60.97%, img/s=98.5, eta=0.0m]
[36m(ClientAppActor pid=15853)[0m 
Epoch 1/1:  87%|████████▋ | 55/63 [00:18<00:02,  3.08it/s, loss=0.5950, acc=60.99%, img/s=98.5, eta=0.0m]
Epoch 1/1:  89%|████████▉ | 56/63 [00:18<00:02,  3.08it/s, loss=0.5950, acc=60.99%, img/s=98.5, eta=0.0m]
[36m(ClientAppActor pid=15853)[0m 
Epoch 1/1:  89%|████████▉ | 56/63 [00:18<00:02,  3.08it/s, loss=0.6508, acc=61.07%, img/s=98.5, eta=0.0m]
Epoch 1/1:  90%|█████████ | 57/63 [00:18<00:01,  3.08it/s, loss=0.6508, acc=61.07%, img/s=98.5, eta=0.0m]
[36m(ClientAppActor pid=15853)[0m 
Epoch 1/1:  90%|█████████ | 57/63 [00:18<00:01,  3.08it/s, loss=0.6123, acc=61.21%, img/s=98.5, eta=0.0m]
Epoch 1/1:  92%|█████████▏| 58/63 [00:18<00:01,  3.08it/s, loss=0.6123, acc=61.21%, img/s=98.5, eta=0.0m]
[36m(ClientAppActor pid=15853)[0m 
Epoch 1/1:  92%|█████████▏| 58/63 [00:19<00:01,  3.08it/s, loss=0.5068, acc=61.49%, img/s=98.5, eta=0.0m]
Epoch 1/1:  94%|█████████▎| 59/63 [00:19<00:01,  3.08it/s, loss=0.5068, acc=61.49%, img/s=98.5, eta=0.0m]
[36m(ClientAppActor pid=15853)[0m 
Epoch 1/1:  94%|█████████▎| 59/63 [00:19<00:01,  3.08it/s, loss=0.5909, acc=61.82%, img/s=98.5, eta=0.0m]
Epoch 1/1:  95%|█████████▌| 60/63 [00:19<00:00,  3.07it/s, loss=0.5909, acc=61.82%, img/s=98.5, eta=0.0m]
[36m(ClientAppActor pid=15853)[0m 
Epoch 1/1:  95%|█████████▌| 60/63 [00:19<00:00,  3.07it/s, loss=0.5127, acc=61.99%, img/s=98.4, eta=0.0m]
Epoch 1/1:  97%|█████████▋| 61/63 [00:19<00:00,  3.01it/s, loss=0.5127, acc=61.99%, img/s=98.4, eta=0.0m]
[36m(ClientAppActor pid=15853)[0m 
Epoch 1/1:  97%|█████████▋| 61/63 [00:20<00:00,  3.01it/s, loss=0.6272, acc=62.10%, img/s=98.2, eta=0.0m]
Epoch 1/1:  98%|█████████▊| 62/63 [00:20<00:00,  2.96it/s, loss=0.6272, acc=62.10%, img/s=98.2, eta=0.0m]
[36m(ClientAppActor pid=15853)[0m 
Epoch 1/1:  98%|█████████▊| 62/63 [00:20<00:00,  2.96it/s, loss=0.4879, acc=62.30%, img/s=49.4, eta=0.0m]
Epoch 1/1: 100%|██████████| 63/63 [00:20<00:00,  3.35it/s, loss=0.4879, acc=62.30%, img/s=49.4, eta=0.0m]
Epoch 1/1: 100%|██████████| 63/63 [00:20<00:00,  3.09it/s, loss=0.4879, acc=62.30%, img/s=49.4, eta=0.0m]
[92mINFO [0m:      aggregate_fit: received 5 results and 0 failures
[92mINFO [0m:      configure_evaluate: strategy sampled 5 clients (out of 5)
[36m(ClientAppActor pid=15853)[0m 
Testing:   0%|          | 0/4 [00:00<?, ?it/s]
[36m(ClientAppActor pid=15853)[0m 
Testing:  25%|██▌       | 1/4 [00:00<00:00,  4.92it/s]
[36m(ClientAppActor pid=15853)[0m 
Testing:  50%|█████     | 2/4 [00:00<00:00,  4.94it/s]
[36m(ClientAppActor pid=15853)[0m 
Testing:  75%|███████▌  | 3/4 [00:00<00:00,  4.94it/s]
Testing: 100%|██████████| 4/4 [00:00<00:00,  6.27it/s]
[36m(ClientAppActor pid=15853)[0m 
Testing:   0%|          | 0/4 [00:00<?, ?it/s]
[36m(ClientAppActor pid=15853)[0m 
Testing:  25%|██▌       | 1/4 [00:00<00:00,  4.89it/s]
[36m(ClientAppActor pid=15853)[0m 
Testing:  50%|█████     | 2/4 [00:00<00:00,  4.93it/s]
[36m(ClientAppActor pid=15853)[0m 
Testing:  75%|███████▌  | 3/4 [00:00<00:00,  4.96it/s]
[36m(ClientAppActor pid=15853)[0m 
Testing: 100%|██████████| 4/4 [00:00<00:00,  6.27it/s]
[36m(ClientAppActor pid=15853)[0m Time         : 20.35s
[36m(ClientAppActor pid=15853)[0m Images       : 2000
[36m(ClientAppActor pid=15853)[0m Images/sec   : 98.29
[36m(ClientAppActor pid=15853)[0m GPU Allocated: 2.25 GB
[36m(ClientAppActor pid=15853)[0m GPU Reserved : 5.42 GB
[36m(ClientAppActor pid=15853)[0m ==================================================
[36m(ClientAppActor pid=15853)[0m END classifier norm: 13.070480346679688
[36m(ClientAppActor pid=15853)[0m Client 4 finished training
[36m(ClientAppActor pid=15853)[0m Client 4 extracting parameters...
[36m(ClientAppActor pid=15853)[0m Client 4 parameter extraction complete
[36m(ClientAppActor pid=15853)[0m Client 4 returning results
[36m(ClientAppActor pid=15853)[0m Client 3 using cuda
[36m(ClientAppActor pid=15853)[0m {'fake': 0, 'real': 1}
[36m(ClientAppActor pid=15853)[0m [DEBUG MODE] Train=2000, Val=100, Test=100
[36m(ClientAppActor pid=15853)[0m 
[36m(ClientAppActor pid=15853)[0m Client 3 Class Distribution
[36m(ClientAppActor pid=15853)[0m Train: Counter({1: 1024, 0: 976})
[36m(ClientAppActor pid=15853)[0m Val  : Counter({1: 54, 0: 46})
[36m(ClientAppActor pid=15853)[0m Test : Counter({1: 50, 0: 50})
[36m(ClientAppActor pid=15853)[0m Client 3
[36m(ClientAppActor pid=15853)[0m Train Images: 2000
[36m(ClientAppActor pid=15853)[0m Test Images : 100
[36m(ClientAppActor pid=15853)[0m Validate Images : 100
[36m(ClientAppActor pid=15853)[0m Client 3 starting fit...
[36m(ClientAppActor pid=15853)[0m Client 3 received class memories
[36m(ClientAppActor pid=15853)[0m Real memory norm=0.8943
[36m(ClientAppActor pid=15853)[0m Fake memory norm=0.8936
[36m(ClientAppActor pid=15853)[0m Client 3 starting training...
[36m(ClientAppActor pid=15853)[0m START classifier norm: 13.063904762268066
[36m(ClientAppActor pid=15853)[0m Artifact bias shape: torch.Size([32, 8, 197, 197])
[36m(ClientAppActor pid=15853)[0m 
[36m(ClientAppActor pid=15853)[0m Batch 0/63
[36m(ClientAppActor pid=15853)[0m GPU Allocated: 2.25 GB
[36m(ClientAppActor pid=15853)[0m GPU Reserved : 5.42 GB
[36m(ClientAppActor pid=15853)[0m 
[36m(ClientAppActor pid=15853)[0m ==================================================
[36m(ClientAppActor pid=15853)[0m Epoch 1 Complete
[36m(ClientAppActor pid=15853)[0m Average Loss : 0.6290
[36m(ClientAppActor pid=15853)[0m Accuracy     : 64.05%
[36m(ClientAppActor pid=15853)[0m Time         : 20.39s
[36m(ClientAppActor pid=15853)[0m Images       : 2000
[36m(ClientAppActor pid=15853)[0m Images/sec   : 98.09
[36m(ClientAppActor pid=15853)[0m GPU Allocated: 2.25 GB
[36m(ClientAppActor pid=15853)[0m GPU Reserved : 5.42 GB
[36m(ClientAppActor pid=15853)[0m ==================================================
[36m(ClientAppActor pid=15853)[0m END classifier norm: 13.070141792297363
[36m(ClientAppActor pid=15853)[0m Client 3 finished training
[36m(ClientAppActor pid=15853)[0m Client 3 extracting parameters...
[36m(ClientAppActor pid=15853)[0m Client 3 parameter extraction complete
[36m(ClientAppActor pid=15853)[0m Client 3 returning results
[36m(ClientAppActor pid=15853)[0m Client 1 using cuda
[36m(ClientAppActor pid=15853)[0m {'fake': 0, 'real': 1}
[36m(ClientAppActor pid=15853)[0m [DEBUG MODE] Train=2000, Val=100, Test=100
[36m(ClientAppActor pid=15853)[0m 
[36m(ClientAppActor pid=15853)[0m Client 1 Class Distribution
[36m(ClientAppActor pid=15853)[0m Train: Counter({1: 1011, 0: 989})
[36m(ClientAppActor pid=15853)[0m Val  : Counter({0: 55, 1: 45})
[36m(ClientAppActor pid=15853)[0m Test : Counter({0: 53, 1: 47})
[36m(ClientAppActor pid=15853)[0m Client 1
[36m(ClientAppActor pid=15853)[0m Train Images: 2000
[36m(ClientAppActor pid=15853)[0m Test Images : 100
[36m(ClientAppActor pid=15853)[0m Validate Images : 100
[36m(ClientAppActor pid=15853)[0m Client 1 starting fit...
[36m(ClientAppActor pid=15853)[0m Client 1 received class memories
[36m(ClientAppActor pid=15853)[0m Real memory norm=0.8943
[36m(ClientAppActor pid=15853)[0m Fake memory norm=0.8936
[36m(ClientAppActor pid=15853)[0m Client 1 starting training...
[36m(ClientAppActor pid=15853)[0m START classifier norm: 13.063904762268066
[36m(ClientAppActor pid=15853)[0m Artifact bias shape: torch.Size([32, 8, 197, 197])
[36m(ClientAppActor pid=15853)[0m 
[36m(ClientAppActor pid=15853)[0m Batch 0/63
[36m(ClientAppActor pid=15853)[0m GPU Allocated: 2.25 GB
[36m(ClientAppActor pid=15853)[0m GPU Reserved : 5.42 GB
[36m(ClientAppActor pid=15853)[0m 
[36m(ClientAppActor pid=15853)[0m ==================================================
[36m(ClientAppActor pid=15853)[0m Epoch 1 Complete
[36m(ClientAppActor pid=15853)[0m Average Loss : 0.6540
[36m(ClientAppActor pid=15853)[0m Accuracy     : 62.30%
[36m(ClientAppActor pid=15853)[0m Time         : 20.40s
[36m(ClientAppActor pid=15853)[0m Images       : 2000
[36m(ClientAppActor pid=15853)[0m Images/sec   : 98.02
[36m(ClientAppActor pid=15853)[0m GPU Allocated: 2.25 GB
[36m(ClientAppActor pid=15853)[0m GPU Reserved : 5.42 GB
[36m(ClientAppActor pid=15853)[0m ==================================================
[36m(ClientAppActor pid=15853)[0m END classifier norm: 13.068798065185547
[36m(ClientAppActor pid=15853)[0m Client 1 finished training
[36m(ClientAppActor pid=15853)[0m Client 1 extracting parameters...
[36m(ClientAppActor pid=15853)[0m Client 1 parameter extraction complete
[36m(ClientAppActor pid=15853)[0m Client 1 returning results

FAFT Round 5: results=5, failures=0

Round 5 Prototype Aggregated

Real memory norm = 0.8879
Fake memory norm = 0.8902
Saved: saved_models/global_model_round_5.pth
Round 5: model saved successfully
Broadcasting 253 tensors (251 weights + memory)
[36m(ClientAppActor pid=15853)[0m Client 3 using cuda
[36m(ClientAppActor pid=15853)[0m {'fake': 0, 'real': 1}
[36m(ClientAppActor pid=15853)[0m [DEBUG MODE] Train=2000, Val=100, Test=100
[36m(ClientAppActor pid=15853)[0m 
[36m(ClientAppActor pid=15853)[0m Client 3 Class Distribution
[36m(ClientAppActor pid=15853)[0m Train: Counter({1: 1024, 0: 976})
[36m(ClientAppActor pid=15853)[0m Val  : Counter({1: 54, 0: 46})
[36m(ClientAppActor pid=15853)[0m Test : Counter({1: 50, 0: 50})
[36m(ClientAppActor pid=15853)[0m Client 3
[36m(ClientAppActor pid=15853)[0m Train Images: 2000
[36m(ClientAppActor pid=15853)[0m Test Images : 100
[36m(ClientAppActor pid=15853)[0m Validate Images : 100
[36m(ClientAppActor pid=15853)[0m 
[36m(ClientAppActor pid=15853)[0m CLIENT 3 STARTING EVALUATION
[36m(ClientAppActor pid=15853)[0m Client 3 received class memories
[36m(ClientAppActor pid=15853)[0m Real memory norm=0.8879
[36m(ClientAppActor pid=15853)[0m Fake memory norm=0.8902
[36m(ClientAppActor pid=15853)[0m Artifact bias shape: torch.Size([32, 8, 197, 197])
[36m(ClientAppActor pid=15853)[0m Accuracy: 0.6700
[36m(ClientAppActor pid=15853)[0m 
[36m(ClientAppActor pid=15853)[0m CLIENT 3 EVALUATION COMPLETE
[36m(ClientAppActor pid=15853)[0m Client 1 using cuda
[36m(ClientAppActor pid=15853)[0m {'fake': 0, 'real': 1}
[36m(ClientAppActor pid=15853)[0m [DEBUG MODE] Train=2000, Val=100, Test=100
[36m(ClientAppActor pid=15853)[0m 
[36m(ClientAppActor pid=15853)[0m Client 1 Class Distribution
[36m(ClientAppActor pid=15853)[0m Train: Counter({1: 1011, 0: 989})
[36m(ClientAppActor pid=15853)[0m Val  : Counter({0: 55, 1: 45})
[36m(ClientAppActor pid=15853)[0m Test : Counter({0: 53, 1: 47})
[36m(ClientAppActor pid=15853)[0m Client 1
[36m(ClientAppActor pid=15853)[0m Train Images: 2000
[36m(ClientAppActor pid=15853)[0m Test Images : 100
[36m(ClientAppActor pid=15853)[0m Validate Images : 100
[36m(ClientAppActor pid=15853)[0m 
[36m(ClientAppActor pid=15853)[0m CLIENT 1 STARTING EVALUATION
[36m(ClientAppActor pid=15853)[0m Client 1 received class memories
[36m(ClientAppActor pid=15853)[0m Real memory norm=0.8879
[36m(ClientAppActor pid=15853)[0m Fake memory norm=0.8902
[36m(ClientAppActor pid=15853)[0m Artifact bias shape: torch.Size([32, 8, 197, 197])
[36m(ClientAppActor pid=15853)[0m Accuracy: 0.7400
[36m(ClientAppActor pid=15853)[0m 
Testing:   0%|          | 0/4 [00:00<?, ?it/s]
[36m(ClientAppActor pid=15853)[0m 
Testing:  25%|██▌       | 1/4 [00:00<00:00,  4.98it/s]
[36m(ClientAppActor pid=15853)[0m 
Testing:  50%|█████     | 2/4 [00:00<00:00,  4.99it/s]
[36m(ClientAppActor pid=15853)[0m 
Testing:  75%|███████▌  | 3/4 [00:00<00:00,  4.98it/s]
Testing: 100%|██████████| 4/4 [00:00<00:00,  6.31it/s]
[36m(ClientAppActor pid=15853)[0m 
Testing:   0%|          | 0/4 [00:00<?, ?it/s]
[36m(ClientAppActor pid=15853)[0m 
Testing:  25%|██▌       | 1/4 [00:00<00:00,  4.89it/s]
[36m(ClientAppActor pid=15853)[0m 
Testing:  50%|█████     | 2/4 [00:00<00:00,  4.87it/s]
[36m(ClientAppActor pid=15853)[0m 
Testing:  75%|███████▌  | 3/4 [00:00<00:00,  4.93it/s]
[36m(ClientAppActor pid=15853)[0m 
Testing: 100%|██████████| 4/4 [00:00<00:00,  6.22it/s]
[36m(ClientAppActor pid=15853)[0m 
Testing:   0%|          | 0/4 [00:00<?, ?it/s]
[36m(ClientAppActor pid=15853)[0m 
Testing:  25%|██▌       | 1/4 [00:00<00:00,  4.99it/s]
[36m(ClientAppActor pid=15853)[0m 
Testing:  50%|█████     | 2/4 [00:00<00:00,  5.00it/s]
[36m(ClientAppActor pid=15853)[0m 
Testing:  75%|███████▌  | 3/4 [00:00<00:00,  4.99it/s]
[92mINFO [0m:      aggregate_evaluate: received 5 results and 0 failures
[92mINFO [0m:      
[92mINFO [0m:      [SUMMARY]
[92mINFO [0m:      Run finished 5 round(s) in 834.32s
[92mINFO [0m:      	History (loss, distributed):
[92mINFO [0m:      		round 1: 2.780129277706146
[92mINFO [0m:      		round 2: 2.7876583695411683
[92mINFO [0m:      		round 3: 2.7729853272438048
[92mINFO [0m:      		round 4: 2.755622375011444
[92mINFO [0m:      		round 5: 2.2800524473190307
[92mINFO [0m:      	History (metrics, distributed, fit):
[92mINFO [0m:      	{'fake_memory_norm': [(1, 0.8998009619969115),
[92mINFO [0m:      	                      (2, 0.8974937209572735),
[92mINFO [0m:      	                      (3, 0.8964873838073059),
[92mINFO [0m:      	                      (4, 0.8935659877764855),
[92mINFO [0m:      	                      (5, 0.8902279934342142)],
[92mINFO [0m:      	 'real_memory_norm': [(1, 0.9021872219196434),
[92mINFO [0m:      	                      (2, 0.9005837796627623),
[92mINFO [0m:      	                      (3, 0.8985347641185918),
[92mINFO [0m:      	                      (4, 0.8943344155228431),
[92mINFO [0m:      	                      (5, 0.8878842314202624)]}
[92mINFO [0m:      	History (metrics, distributed, evaluate):
[92mINFO [0m:      	{'accuracy': [(1, 0.502), (2, 0.496), (3, 0.496), (4, 0.6), (5, 0.712)]}
[92mINFO [0m:      
[36m(ClientAppActor pid=15853)[0m 
Testing: 100%|██████████| 4/4 [00:00<00:00,  6.33it/s]
[36m(ClientAppActor pid=15853)[0m 
[36m(ClientAppActor pid=15853)[0m CLIENT 1 EVALUATION COMPLETE
[36m(ClientAppActor pid=15853)[0m Client 4 using cuda
[36m(ClientAppActor pid=15853)[0m {'fake': 0, 'real': 1}
[36m(ClientAppActor pid=15853)[0m [DEBUG MODE] Train=2000, Val=100, Test=100
[36m(ClientAppActor pid=15853)[0m 
[36m(ClientAppActor pid=15853)[0m Client 4 Class Distribution
[36m(ClientAppActor pid=15853)[0m Train: Counter({0: 1013, 1: 987})
[36m(ClientAppActor pid=15853)[0m Val  : Counter({0: 56, 1: 44})
[36m(ClientAppActor pid=15853)[0m Test : Counter({1: 53, 0: 47})
[36m(ClientAppActor pid=15853)[0m Client 4
[36m(ClientAppActor pid=15853)[0m Train Images: 2000
[36m(ClientAppActor pid=15853)[0m Test Images : 100
[36m(ClientAppActor pid=15853)[0m Validate Images : 100
[36m(ClientAppActor pid=15853)[0m 
[36m(ClientAppActor pid=15853)[0m CLIENT 4 STARTING EVALUATION
[36m(ClientAppActor pid=15853)[0m Client 4 received class memories
[36m(ClientAppActor pid=15853)[0m Real memory norm=0.8879
[36m(ClientAppActor pid=15853)[0m Fake memory norm=0.8902
[36m(ClientAppActor pid=15853)[0m Artifact bias shape: torch.Size([32, 8, 197, 197])
[36m(ClientAppActor pid=15853)[0m Accuracy: 0.6900
[36m(ClientAppActor pid=15853)[0m 
[36m(ClientAppActor pid=15853)[0m CLIENT 4 EVALUATION COMPLETE
[36m(ClientAppActor pid=15853)[0m Client 2 using cuda
[36m(ClientAppActor pid=15853)[0m {'fake': 0, 'real': 1}
[36m(ClientAppActor pid=15853)[0m [DEBUG MODE] Train=2000, Val=100, Test=100
[36m(ClientAppActor pid=15853)[0m 
[36m(ClientAppActor pid=15853)[0m Client 2 Class Distribution
[36m(ClientAppActor pid=15853)[0m Train: Counter({0: 1012, 1: 988})
[36m(ClientAppActor pid=15853)[0m Val  : Counter({0: 60, 1: 40})
[36m(ClientAppActor pid=15853)[0m Test : Counter({0: 51, 1: 49})
[36m(ClientAppActor pid=15853)[0m Client 2
[36m(ClientAppActor pid=15853)[0m Train Images: 2000
[36m(ClientAppActor pid=15853)[0m Test Images : 100
[36m(ClientAppActor pid=15853)[0m Validate Images : 100
[36m(ClientAppActor pid=15853)[0m 
[36m(ClientAppActor pid=15853)[0m CLIENT 2 STARTING EVALUATION
[36m(ClientAppActor pid=15853)[0m Client 2 received class memories
[36m(ClientAppActor pid=15853)[0m Real memory norm=0.8879
[36m(ClientAppActor pid=15853)[0m Fake memory norm=0.8902
[36m(ClientAppActor pid=15853)[0m Artifact bias shape: torch.Size([32, 8, 197, 197])
[36m(ClientAppActor pid=15853)[0m Accuracy: 0.6700
[36m(ClientAppActor pid=15853)[0m 
[36m(ClientAppActor pid=15853)[0m CLIENT 2 EVALUATION COMPLETE
[36m(ClientAppActor pid=15853)[0m Client 5 using cuda
[36m(ClientAppActor pid=15853)[0m {'fake': 0, 'real': 1}
[36m(ClientAppActor pid=15853)[0m [DEBUG MODE] Train=2000, Val=100, Test=100
[36m(ClientAppActor pid=15853)[0m 
[36m(ClientAppActor pid=15853)[0m Client 5 Class Distribution
[36m(ClientAppActor pid=15853)[0m Train: Counter({0: 1014, 1: 986})
[36m(ClientAppActor pid=15853)[0m Val  : Counter({0: 56, 1: 44})
[36m(ClientAppActor pid=15853)[0m Test : Counter({0: 51, 1: 49})
[36m(ClientAppActor pid=15853)[0m Client 5
[36m(ClientAppActor pid=15853)[0m Train Images: 2000
[36m(ClientAppActor pid=15853)[0m Test Images : 100
[36m(ClientAppActor pid=15853)[0m Validate Images : 100
[36m(ClientAppActor pid=15853)[0m 
[36m(ClientAppActor pid=15853)[0m CLIENT 5 STARTING EVALUATION
[36m(ClientAppActor pid=15853)[0m Client 5 received class memories
[36m(ClientAppActor pid=15853)[0m Real memory norm=0.8879
[36m(ClientAppActor pid=15853)[0m Fake memory norm=0.8902
[36m(ClientAppActor pid=15853)[0m Artifact bias shape: torch.Size([32, 8, 197, 197])
[36m(ClientAppActor pid=15853)[0m Accuracy: 0.7900
[36m(ClientAppActor pid=15853)[0m 
[36m(ClientAppActor pid=15853)[0m CLIENT 5 EVALUATION COMPLETE
